Date,Season,round,leg,home,visitor,FT,HT,aet,pens,hgoal,vgoal,FTagg_home,FTagg_visitor,aethgoal,aetvgoal,tothgoal,totvgoal,totagg_home,totagg_visitor,tiewinner,hcountry,vcountry
1999-07-13,1999,Q-1,1,IB Vestmannaeyja,KF Tirana,1-0,,,,1,0,3,1,,,1,0,3,1,IB Vestmannaeyja,ISL,ALB
1999-07-14,1999,Q-1,1,Sloga Jugomagnat Skopje,Kapaz,1-0,,,,1,0,2,2,,,1,0,2,2,Sloga Jugomagnat Skopje,MKD,AZE
1999-07-14,1999,Q-1,1,Zalgiris Vilnius,Araks Ararat,2-0,,,,2,0,5,0,,,2,0,5,0,Zalgiris Vilnius,LTU,ARM
1999-07-14,1999,Q-1,1,Barry Town,Valletta,0-0,,,,0,0,2,3,,,0,0,2,3,Valletta,WAL,MLT
1999-07-14,1999,Q-1,1,PFC Litex Lovech,Glentoran,3-0,,,,3,0,5,0,,,3,0,5,0,PFC Litex Lovech,BUL,NIR
1999-07-14,1999,Q-1,1,HB,Haka Valkeakoski,1-1,,,,1,1,1,7,,,1,1,1,7,Haka Valkeakoski,FRO,FIN
1999-07-14,1999,Q-1,1,Jeunesse Esch,Skonto,0-2,,,,0,2,0,10,,,0,2,0,10,Skonto,LUX,LVA
1999-07-14,1999,Q-1,1,St Patrick's Athletic,Zimbru Chisinau,0-5,,,,0,5,0,10,,,0,5,0,10,Zimbru Chisinau,IRL,MDA
1999-07-14,1999,Q-1,1,Partizan Belgrade,Flora Tallinn,6-0,,,,6,0,10,1,,,6,0,10,1,Partizan Belgrade,SRB,EST
1999-07-21,1999,Q-1,2,Kapaz,Sloga Jugomagnat Skopje,2-1,,,away goals,2,1,2,2,,,2,1,2,2,Sloga Jugomagnat Skopje,AZE,MKD
1999-07-21,1999,Q-1,2,Araks Ararat,Zalgiris Vilnius,0-3,,,,0,3,0,5,,,0,3,0,5,Zalgiris Vilnius,ARM,LTU
1999-07-21,1999,Q-1,2,Valletta,Barry Town,3-2,,,,3,2,3,2,,,3,2,3,2,Valletta,MLT,WAL
1999-07-21,1999,Q-1,2,Glentoran,PFC Litex Lovech,0-2,,,,0,2,0,5,,,0,2,0,5,PFC Litex Lovech,NIR,BUL
1999-07-21,1999,Q-1,2,Haka Valkeakoski,HB,6-0,,,,6,0,7,1,,,6,0,7,1,Haka Valkeakoski,FIN,FRO
1999-07-21,1999,Q-1,2,KF Tirana,IB Vestmannaeyja,1-2,,,,1,2,1,3,,,1,2,1,3,IB Vestmannaeyja,ALB,ISL
1999-07-21,1999,Q-1,2,Skonto,Jeunesse Esch,8-0,,,,8,0,10,0,,,8,0,10,0,Skonto,LVA,LUX
1999-07-21,1999,Q-1,2,Zimbru Chisinau,St Patrick's Athletic,5-0,,,,5,0,10,0,,,5,0,10,0,Zimbru Chisinau,MDA,IRL
1999-07-21,1999,Q-1,2,Flora Tallinn,Partizan Belgrade,1-4,,,,1,4,1,10,,,1,4,1,10,Partizan Belgrade,EST,SRB
1999-07-28,1999,Q-2,1,PFC Litex Lovech,Widzew Lodz,4-1,,,,4,1,5,5,,,4,1,5,5,Widzew Lodz,BUL,POL
1999-07-28,1999,Q-2,1,Besiktas,Hapoel Haifa,1-1,,,,1,1,1,1,,,1,1,1,1,Hapoel Haifa,TUR,ISR
1999-07-28,1999,Q-2,1,Dnepr Mogilev,AIK Solna,0-1,,,,0,1,0,3,,,0,1,0,3,AIK Solna,BLR,SWE
1999-07-28,1999,Q-2,1,Anorthosis Famagusta,SK Slovan Bratislava,2-1,,,,2,1,3,2,,,2,1,3,2,Anorthosis Famagusta,CYP,SVK
1999-07-28,1999,Q-2,1,Sloga Jugomagnat Skopje,Brondby IF,0-1,,,,0,1,0,2,,,0,1,0,2,Brondby IF,MKD,DEN
1999-07-28,1999,Q-2,1,CSKA Moskva,Molde FK,2-0,,,,2,0,2,4,,,2,0,2,4,Molde FK,RUS,NOR
1999-07-28,1999,Q-2,1,Dinamo Kiev,Zalgiris Vilnius,2-0,,,,2,0,3,0,,,2,0,3,0,Dinamo Kiev,UKR,LTU
1999-07-28,1999,Q-2,1,Dinamo Tbilisi,Zimbru Chisinau,2-1,,,,2,1,2,3,,,2,1,2,3,Zimbru Chisinau,GEO,MDA
1999-07-28,1999,Q-2,1,Haka Valkeakoski,Rangers,1-4,,,,1,4,1,7,,,1,4,1,7,Rangers,FIN,SCO
1999-07-28,1999,Q-2,1,IB Vestmannaeyja,MTK,0-2,,,,0,2,1,5,,,0,2,1,5,MTK,ISL,HUN
1999-07-28,1999,Q-2,1,NK Maribor,KRC Genk,5-1,,,,5,1,5,4,,,5,1,5,4,NK Maribor,SVN,BEL
1999-07-28,1999,Q-2,1,Rapid Bucuresti,Skonto,3-3,,,,3,3,4,5,,,3,3,4,5,Skonto,ROU,LVA
1999-07-28,1999,Q-2,1,Rapid Wien,Valletta,3-0,,,,3,0,5,0,,,3,0,5,0,Rapid Wien,AUT,MLT
1999-07-28,1999,Q-2,1,Partizan Belgrade,HNK Rijeka,3-1,,,,3,1,6,1,,,3,1,6,1,Partizan Belgrade,SRB,CRO
1999-08-04,1999,Q-2,2,Widzew Lodz,PFC Litex Lovech,4-1,,4-1,3-2,4,1,5,5,4.0,1.0,4,1,5,5,Widzew Lodz,POL,BUL
1999-08-04,1999,Q-2,2,Hapoel Haifa,Besiktas,0-0,,,away goals,0,0,1,1,,,0,0,1,1,Hapoel Haifa,ISR,TUR
1999-08-04,1999,Q-2,2,AIK Solna,Dnepr Mogilev,2-0,,,,2,0,3,0,,,2,0,3,0,AIK Solna,SWE,BLR
1999-08-04,1999,Q-2,2,SK Slovan Bratislava,Anorthosis Famagusta,1-1,,,,1,1,2,3,,,1,1,2,3,Anorthosis Famagusta,SVK,CYP
1999-08-04,1999,Q-2,2,Brondby IF,Sloga Jugomagnat Skopje,1-0,,,,1,0,2,0,,,1,0,2,0,Brondby IF,DEN,MKD
1999-08-04,1999,Q-2,2,Molde FK,CSKA Moskva,4-0,,,,4,0,4,2,,,4,0,4,2,Molde FK,NOR,RUS
1999-08-04,1999,Q-2,2,Zalgiris Vilnius,Dinamo Kiev,0-1,,,,0,1,0,3,,,0,1,0,3,Dinamo Kiev,LTU,UKR
1999-08-04,1999,Q-2,2,Zimbru Chisinau,Dinamo Tbilisi,2-0,,,,2,0,3,2,,,2,0,3,2,Zimbru Chisinau,MDA,GEO
1999-08-04,1999,Q-2,2,Rangers,Haka Valkeakoski,3-0,,,,3,0,7,1,,,3,0,7,1,Rangers,SCO,FIN
1999-08-04,1999,Q-2,2,MTK,IB Vestmannaeyja,3-1,,,,3,1,5,1,,,3,1,5,1,MTK,HUN,ISL
1999-08-04,1999,Q-2,2,KRC Genk,NK Maribor,3-0,,,,3,0,4,5,,,3,0,4,5,NK Maribor,BEL,SVN
1999-08-04,1999,Q-2,2,Skonto,Rapid Bucuresti,2-1,,,,2,1,5,4,,,2,1,5,4,Skonto,LVA,ROU
1999-08-04,1999,Q-2,2,Valletta,Rapid Wien,0-2,,,,0,2,0,5,,,0,2,0,5,Rapid Wien,MLT,AUT
1999-08-04,1999,Q-2,2,HNK Rijeka,Partizan Belgrade,0-3,,,,0,3,1,6,,,0,3,1,6,Partizan Belgrade,CRO,SRB
1999-08-10,1999,Q-3,1,Olympique Lyon,NK Maribor,0-1,,,,0,1,0,3,,,0,1,0,3,NK Maribor,FRA,SVN
1999-08-11,1999,Q-3,1,Molde FK,RCD Mallorca,0-0,,,,0,0,1,1,,,0,0,1,1,Molde FK,NOR,ESP
1999-08-11,1999,Q-3,1,Aalborg BK,Dinamo Kiev,1-2,,,,1,2,3,4,,,1,2,3,4,Dinamo Kiev,DEN,UKR
1999-08-11,1999,Q-3,1,ACF Fiorentina,Widzew Lodz,3-1,,,,3,1,5,1,,,3,1,5,1,ACF Fiorentina,ITA,POL
1999-08-11,1999,Q-3,1,AEK Athens,AIK Solna,0-0,,,,0,0,0,1,,,0,0,0,1,AIK Solna,GRE,SWE
1999-08-11,1999,Q-3,1,Hertha BSC,Anorthosis Famagusta,2-0,,,,2,0,2,0,,,2,0,2,0,Hertha BSC,GER,CYP
1999-08-11,1999,Q-3,1,Brondby IF,Boavista,1-2,,,,1,2,2,4,,,1,2,3,6,Boavista,DEN,POR
1999-08-11,1999,Q-3,1,Teplice,Borussia Dortmund,0-1,,,,0,1,0,2,,,0,1,0,2,Borussia Dortmund,CZE,GER
1999-08-11,1999,Q-3,1,Chelsea,Skonto,3-0,,,,3,0,3,0,,,3,0,3,0,Chelsea,ENG,LVA
1999-08-11,1999,Q-3,1,Dinamo Zagreb,MTK,0-0,,,,0,0,2,0,,,0,0,2,0,Dinamo Zagreb,CRO,HUN
1999-08-11,1999,Q-3,1,Rapid Wien,Galatasaray,0-3,,,,0,3,0,4,,,0,3,0,4,Galatasaray,AUT,TUR
1999-08-11,1999,Q-3,1,Hapoel Haifa,Valencia CF,0-2,,,,0,2,0,4,,,0,2,0,4,Valencia CF,ISR,ESP
1999-08-11,1999,Q-3,1,Rangers,Parma,2-0,,,,2,0,2,1,,,2,0,2,1,Rangers,SCO,ITA
1999-08-11,1999,Q-3,1,Zimbru Chisinau,PSV Eindhoven,0-0,,,,0,0,0,2,,,0,0,0,2,PSV Eindhoven,MDA,NED
1999-08-11,1999,Q-3,1,Sturm Graz,Servette Geneve,2-1,,,,2,1,4,3,,,2,1,4,3,Sturm Graz,AUT,SUI
1999-08-11,1999,Q-3,1,Spartak Moskva,Partizan Belgrade,2-0,,,,2,0,5,1,,,2,0,5,1,Spartak Moskva,RUS,SRB
1999-08-25,1999,Q-3,2,RCD Mallorca,Molde FK,1-1,,,away goals,1,1,1,1,,,1,1,1,1,Molde FK,ESP,NOR
1999-08-25,1999,Q-3,2,Dinamo Kiev,Aalborg BK,2-2,,,,2,2,4,3,,,2,2,4,3,Dinamo Kiev,UKR,DEN
1999-08-25,1999,Q-3,2,Widzew Lodz,ACF Fiorentina,0-2,,,,0,2,1,5,,,0,2,1,5,ACF Fiorentina,POL,ITA
1999-08-25,1999,Q-3,2,AIK Solna,AEK Athens,1-0,,,,1,0,1,0,,,1,0,1,0,AIK Solna,SWE,GRE
1999-08-25,1999,Q-3,2,Anorthosis Famagusta,Hertha BSC,0-0,,,,0,0,0,2,,,0,0,0,2,Hertha BSC,CYP,GER
1999-08-25,1999,Q-3,2,Boavista,Brondby IF,2-1,,4-2,,2,1,4,2,4.0,2.0,4,2,6,3,Boavista,POR,DEN
1999-08-25,1999,Q-3,2,Borussia Dortmund,Teplice,1-0,,,,1,0,2,0,,,1,0,2,0,Borussia Dortmund,GER,CZE
1999-08-25,1999,Q-3,2,Skonto,Chelsea,0-0,,,,0,0,0,3,,,0,0,0,3,Chelsea,LVA,ENG
1999-08-25,1999,Q-3,2,MTK,Dinamo Zagreb,0-2,,,,0,2,0,2,,,0,2,0,2,Dinamo Zagreb,HUN,CRO
1999-08-25,1999,Q-3,2,Galatasaray,Rapid Wien,1-0,,,,1,0,4,0,,,1,0,4,0,Galatasaray,TUR,AUT
1999-08-25,1999,Q-3,2,Valencia CF,Hapoel Haifa,2-0,,,,2,0,4,0,,,2,0,4,0,Valencia CF,ESP,ISR
1999-08-25,1999,Q-3,2,NK Maribor,Olympique Lyon,2-0,,,,2,0,3,0,,,2,0,3,0,NK Maribor,SVN,FRA
1999-08-25,1999,Q-3,2,Parma,Rangers,1-0,,,,1,0,1,2,,,1,0,1,2,Rangers,ITA,SCO
1999-08-25,1999,Q-3,2,PSV Eindhoven,Zimbru Chisinau,2-0,,,,2,0,2,0,,,2,0,2,0,PSV Eindhoven,NED,MDA
1999-08-25,1999,Q-3,2,Servette Geneve,Sturm Graz,2-2,,,,2,2,3,4,,,2,2,3,4,Sturm Graz,SUI,AUT
1999-08-25,1999,Q-3,2,Partizan Belgrade,Spartak Moskva,1-3,,,,1,3,1,5,,,1,3,1,5,Spartak Moskva,SRB,RUS
1999-09-14,1999,GroupB-prelim,groups,ACF Fiorentina,Arsenal,0-0,0-0,,,0,0,1,0,,,0,0,1,0,,ITA,ENG
1999-09-14,1999,GroupB-prelim,groups,AIK Solna,Barcelona,1-2,0-0,,,1,2,1,7,,,1,2,1,7,,SWE,ESP
1999-09-14,1999,GroupA-prelim,groups,Bayer Leverkusen,Lazio,1-1,1-1,,,1,1,2,2,,,1,1,2,2,,GER,ITA
1999-09-14,1999,GroupC-prelim,groups,Boavista,Rosenborg BK,0-3,0-2,,,0,3,0,5,,,0,3,0,5,,POR,NOR
1999-09-14,1999,GroupC-prelim,groups,Feyenoord,Borussia Dortmund,1-1,0-0,,,1,1,2,2,,,1,1,2,2,,NED,GER
1999-09-14,1999,GroupA-prelim,groups,Dinamo Kiev,NK Maribor,0-1,0-0,,,0,1,2,2,,,0,1,2,2,,UKR,SVN
1999-09-14,1999,GroupD-prelim,groups,Manchester United,Dinamo Zagreb,0-0,0-0,,,0,0,2,1,,,0,0,2,1,,ENG,CRO
1999-09-14,1999,GroupD-prelim,groups,Olympique Marseille,Sturm Graz,2-0,2-0,,,2,0,4,3,,,2,0,4,3,,FRA,AUT
1999-09-15,1999,GroupH-prelim,groups,Chelsea,AC Milan,0-0,0-0,,,0,0,1,1,,,0,0,1,1,,ENG,ITA
1999-09-15,1999,GroupF-prelim,groups,Bayern Munich,PSV Eindhoven,2-1,1-0,,,2,1,3,3,,,2,1,3,3,,GER,NED
1999-09-15,1999,GroupE-prelim,groups,Molde FK,FC Porto,0-1,0-0,,,0,1,1,4,,,0,1,1,4,,NOR,POR
1999-09-15,1999,GroupH-prelim,groups,Galatasaray,Hertha BSC,2-2,1-2,,,2,2,6,3,,,2,2,6,3,,TUR,GER
1999-09-15,1999,GroupG-prelim,groups,Sparta Praha,Girondins Bordeaux,0-0,0-0,,,0,0,0,0,,,0,0,0,0,,CZE,FRA
1999-09-15,1999,GroupE-prelim,groups,Olympiacos,Real Madrid,3-3,1-2,,,3,3,3,6,,,3,3,3,6,,GRE,ESP
1999-09-15,1999,GroupF-prelim,groups,Valencia CF,Rangers,2-0,0-0,,,2,0,4,1,,,2,0,4,1,,ESP,SCO
1999-09-15,1999,GroupG-prelim,groups,Willem II,Spartak Moskva,1-3,0-2,,,1,3,2,4,,,1,3,2,4,,NED,RUS
1999-09-21,1999,GroupH-prelim,groups,AC Milan,Galatasaray,2-1,2-0,,,2,1,4,4,,,2,1,4,4,,ITA,TUR
1999-09-21,1999,GroupF-prelim,groups,Rangers,Bayern Munich,1-1,1-0,,,1,1,1,2,,,1,1,1,2,,SCO,GER
1999-09-21,1999,GroupH-prelim,groups,Hertha BSC,Chelsea,2-1,1-0,,,2,1,2,3,,,2,1,2,3,,GER,ENG
1999-09-21,1999,GroupE-prelim,groups,FC Porto,Olympiacos,2-0,1-0,,,2,0,2,1,,,2,0,2,1,,POR,GRE
1999-09-21,1999,GroupG-prelim,groups,Girondins Bordeaux,Willem II,3-2,2-1,,,3,2,3,2,,,3,2,3,2,,FRA,NED
1999-09-21,1999,GroupE-prelim,groups,Real Madrid,Molde FK,4-1,1-0,,,4,1,5,1,,,4,1,5,1,,ESP,NOR
1999-09-21,1999,GroupF-prelim,groups,PSV Eindhoven,Valencia CF,1-1,0-1,,,1,1,1,2,,,1,1,1,2,,NED,ESP
1999-09-21,1999,GroupG-prelim,groups,Spartak Moskva,Sparta Praha,1-1,0-1,,,1,1,3,6,,,1,1,3,6,,RUS,CZE
1999-09-22,1999,GroupB-prelim,groups,Barcelona,ACF Fiorentina,4-2,2-0,,,4,2,7,5,,,4,2,7,5,,ESP,ITA
1999-09-22,1999,GroupB-prelim,groups,Arsenal,AIK Solna,3-1,1-0,,,3,1,6,3,,,3,1,6,3,,ENG,SWE
1999-09-22,1999,GroupA-prelim,groups,NK Maribor,Bayer Leverkusen,0-2,0-0,,,0,2,0,2,,,0,2,0,2,,SVN,GER
1999-09-22,1999,GroupC-prelim,groups,Borussia Dortmund,Boavista,3-1,1-1,,,3,1,3,2,,,3,1,3,2,,GER,POR
1999-09-22,1999,GroupA-prelim,groups,Lazio,Dinamo Kiev,2-1,0-0,,,2,1,3,1,,,2,1,3,1,,ITA,UKR
1999-09-22,1999,GroupD-prelim,groups,Dinamo Zagreb,Olympique Marseille,1-2,0-1,,,1,2,3,4,,,1,2,3,4,,CRO,FRA
1999-09-22,1999,GroupC-prelim,groups,Rosenborg BK,Feyenoord,2-2,2-2,,,2,2,2,3,,,2,2,2,3,,NOR,NED
1999-09-22,1999,GroupD-prelim,groups,Sturm Graz,Manchester United,0-3,0-3,,,0,3,1,5,,,0,3,1,5,,AUT,ENG
1999-09-28,1999,GroupH-prelim,groups,AC Milan,Hertha BSC,1-1,0-0,,,1,1,1,2,,,1,1,1,2,,ITA,GER
1999-09-28,1999,GroupF-prelim,groups,Bayern Munich,Valencia CF,1-1,1-0,,,1,1,2,2,,,1,1,2,2,,GER,ESP
1999-09-28,1999,GroupH-prelim,groups,Chelsea,Galatasaray,1-0,0-0,,,1,0,6,0,,,1,0,6,0,,ENG,TUR
1999-09-28,1999,GroupE-prelim,groups,Real Madrid,FC Porto,3-1,2-1,,,3,1,4,3,,,3,1,4,3,,ESP,POR
1999-09-28,1999,GroupG-prelim,groups,Girondins Bordeaux,Spartak Moskva,2-1,1-0,,,2,1,4,2,,,2,1,4,2,,FRA,RUS
1999-09-28,1999,GroupE-prelim,groups,Olympiacos,Molde FK,3-1,1-0,,,3,1,5,4,,,3,1,5,4,,GRE,NOR
1999-09-28,1999,GroupF-prelim,groups,PSV Eindhoven,Rangers,0-1,0-0,,,0,1,1,5,,,0,1,1,5,,NED,SCO
1999-09-28,1999,GroupG-prelim,groups,Sparta Praha,Willem II,4-0,3-0,,,4,0,8,3,,,4,0,8,3,,CZE,NED
1999-09-29,1999,GroupB-prelim,groups,AIK Solna,ACF Fiorentina,0-0,0-0,,,0,0,0,3,,,0,0,0,3,,SWE,ITA
1999-09-29,1999,GroupB-prelim,groups,Barcelona,Arsenal,1-1,1-0,,,1,1,5,3,,,1,1,5,3,,ESP,ENG
1999-09-29,1999,GroupA-prelim,groups,Bayer Leverkusen,Dinamo Kiev,1-1,0-0,,,1,1,3,5,,,1,1,3,5,,GER,UKR
1999-09-29,1999,GroupC-prelim,groups,Boavista,Feyenoord,1-1,0-0,,,1,1,2,2,,,1,1,2,2,,POR,NED
1999-09-29,1999,GroupC-prelim,groups,Rosenborg BK,Borussia Dortmund,2-2,1-2,,,2,2,5,2,,,2,2,5,2,,NOR,GER
1999-09-29,1999,GroupD-prelim,groups,Dinamo Zagreb,Sturm Graz,3-0,2-0,,,3,0,3,1,,,3,0,3,1,,CRO,AUT
1999-09-29,1999,GroupA-prelim,groups,Lazio,NK Maribor,4-0,0-0,,,4,0,8,0,,,4,0,8,0,,ITA,SVN
1999-09-29,1999,GroupD-prelim,groups,Manchester United,Olympique Marseille,2-1,0-1,,,2,1,2,2,,,2,1,2,2,,ENG,FRA
1999-10-19,1999,GroupB-prelim,groups,ACF Fiorentina,AIK Solna,3-0,2-0,,,3,0,3,0,,,3,0,3,0,,ITA,SWE
1999-10-19,1999,GroupB-prelim,groups,Arsenal,Barcelona,2-4,1-2,,,2,4,3,5,,,2,4,3,5,,ENG,ESP
1999-10-19,1999,GroupA-prelim,groups,Dinamo Kiev,Bayer Leverkusen,4-2,2-1,,,4,2,5,3,,,4,2,5,3,,UKR,GER
1999-10-19,1999,GroupC-prelim,groups,Feyenoord,Boavista,1-1,0-0,,,1,1,2,2,,,1,1,2,2,,NED,POR
1999-10-19,1999,GroupC-prelim,groups,Borussia Dortmund,Rosenborg BK,0-3,0-1,,,0,3,2,5,,,0,3,2,5,,GER,NOR
1999-10-19,1999,GroupD-prelim,groups,Sturm Graz,Dinamo Zagreb,1-0,1-0,,,1,0,1,3,,,1,0,1,3,,AUT,CRO
1999-10-19,1999,GroupA-prelim,groups,NK Maribor,Lazio,0-4,0-1,,,0,4,0,8,,,0,4,0,8,,SVN,ITA
1999-10-19,1999,GroupD-prelim,groups,Olympique Marseille,Manchester United,1-0,0-0,,,1,0,2,2,,,1,0,2,2,,FRA,ENG
1999-10-20,1999,GroupH-prelim,groups,Hertha BSC,AC Milan,1-0,1-0,,,1,0,2,1,,,1,0,2,1,,GER,ITA
1999-10-20,1999,GroupF-prelim,groups,Valencia CF,Bayern Munich,1-1,1-1,,,1,1,2,2,,,1,1,2,2,,ESP,GER
1999-10-20,1999,GroupH-prelim,groups,Galatasaray,Chelsea,0-5,0-1,,,0,5,0,6,,,0,5,0,6,,TUR,ENG
1999-10-20,1999,GroupE-prelim,groups,FC Porto,Real Madrid,2-1,2-0,,,2,1,3,4,,,2,1,3,4,,POR,ESP
1999-10-20,1999,GroupG-prelim,groups,Spartak Moskva,Girondins Bordeaux,1-2,0-1,,,1,2,2,4,,,1,2,2,4,,RUS,FRA
1999-10-20,1999,GroupE-prelim,groups,Molde FK,Olympiacos,3-2,0-2,,,3,2,4,5,,,3,2,4,5,,NOR,GRE
1999-10-20,1999,GroupF-prelim,groups,Rangers,PSV Eindhoven,4-1,2-1,,,4,1,5,1,,,4,1,5,1,,SCO,NED
1999-10-20,1999,GroupG-prelim,groups,Willem II,Sparta Praha,3-4,2-1,,,3,4,3,8,,,3,4,3,8,,NED,CZE
1999-10-26,1999,GroupH-prelim,groups,AC Milan,Chelsea,1-1,0-0,,,1,1,1,1,,,1,1,1,1,,ITA,ENG
1999-10-26,1999,GroupF-prelim,groups,PSV Eindhoven,Bayern Munich,2-1,1-0,,,2,1,3,3,,,2,1,3,3,,NED,GER
1999-10-26,1999,GroupE-prelim,groups,FC Porto,Molde FK,3-1,2-0,,,3,1,4,1,,,3,1,4,1,,POR,NOR
1999-10-26,1999,GroupH-prelim,groups,Hertha BSC,Galatasaray,1-4,1-0,,,1,4,3,6,,,1,4,3,6,,GER,TUR
1999-10-26,1999,GroupG-prelim,groups,Girondins Bordeaux,Sparta Praha,0-0,0-0,,,0,0,0,0,,,0,0,0,0,,FRA,CZE
1999-10-26,1999,GroupE-prelim,groups,Real Madrid,Olympiacos,3-0,1-0,,,3,0,6,3,,,3,0,6,3,,ESP,GRE
1999-10-26,1999,GroupF-prelim,groups,Rangers,Valencia CF,1-2,0-2,,,1,2,1,4,,,1,2,1,4,,SCO,ESP
1999-10-26,1999,GroupG-prelim,groups,Spartak Moskva,Willem II,1-1,1-0,,,1,1,4,2,,,1,1,4,2,,RUS,NED
1999-10-27,1999,GroupB-prelim,groups,Arsenal,ACF Fiorentina,0-1,0-0,,,0,1,0,1,,,0,1,0,1,,ENG,ITA
1999-10-27,1999,GroupB-prelim,groups,Barcelona,AIK Solna,5-0,3-0,,,5,0,7,1,,,5,0,7,1,,ESP,SWE
1999-10-27,1999,GroupA-prelim,groups,Lazio,Bayer Leverkusen,1-1,1-1,,,1,1,2,2,,,1,1,2,2,,ITA,GER
1999-10-27,1999,GroupC-prelim,groups,Rosenborg BK,Boavista,2-0,0-0,,,2,0,5,0,,,2,0,5,0,,NOR,POR
1999-10-27,1999,GroupC-prelim,groups,Borussia Dortmund,Feyenoord,1-1,1-0,,,1,1,2,2,,,1,1,2,2,,GER,NED
1999-10-27,1999,GroupA-prelim,groups,NK Maribor,Dinamo Kiev,1-2,0-1,,,1,2,2,2,,,1,2,2,2,,SVN,UKR
1999-10-27,1999,GroupD-prelim,groups,Dinamo Zagreb,Manchester United,1-2,0-1,,,1,2,1,2,,,1,2,1,2,,CRO,ENG
1999-10-27,1999,GroupD-prelim,groups,Sturm Graz,Olympique Marseille,3-2,1-0,,,3,2,3,4,,,3,2,3,4,,AUT,FRA
1999-11-02,1999,GroupB-prelim,groups,ACF Fiorentina,Barcelona,3-3,1-2,,,3,3,5,7,,,3,3,5,7,,ITA,ESP
1999-11-02,1999,GroupB-prelim,groups,AIK Solna,Arsenal,2-3,1-1,,,2,3,3,6,,,2,3,3,6,,SWE,ENG
1999-11-02,1999,GroupA-prelim,groups,Bayer Leverkusen,NK Maribor,0-0,0-0,,,0,0,2,0,,,0,0,2,0,,GER,SVN
1999-11-02,1999,GroupC-prelim,groups,Boavista,Borussia Dortmund,1-0,1-0,,,1,0,2,3,,,1,0,2,3,,POR,GER
1999-11-02,1999,GroupA-prelim,groups,Dinamo Kiev,Lazio,0-1,0-1,,,0,1,1,3,,,0,1,1,3,,UKR,ITA
1999-11-02,1999,GroupD-prelim,groups,Olympique Marseille,Dinamo Zagreb,2-2,0-1,,,2,2,4,3,,,2,2,4,3,,FRA,CRO
1999-11-02,1999,GroupC-prelim,groups,Feyenoord,Rosenborg BK,1-0,0-0,,,1,0,3,2,,,1,0,3,2,,NED,NOR
1999-11-02,1999,GroupD-prelim,groups,Manchester United,Sturm Graz,2-1,0-0,,,2,1,5,1,,,2,1,5,1,,ENG,AUT
1999-11-03,1999,GroupH-prelim,groups,Galatasaray,AC Milan,3-2,1-1,,,3,2,4,4,,,3,2,4,4,,TUR,ITA
1999-11-03,1999,GroupF-prelim,groups,Bayern Munich,Rangers,1-0,1-0,,,1,0,2,1,,,1,0,2,1,,GER,SCO
1999-11-03,1999,GroupH-prelim,groups,Chelsea,Hertha BSC,2-0,2-0,,,2,0,3,2,,,2,0,3,2,,ENG,GER
1999-11-03,1999,GroupE-prelim,groups,Olympiacos,FC Porto,1-0,0-0,,,1,0,1,2,,,1,0,1,2,,GRE,POR
1999-11-03,1999,GroupG-prelim,groups,Willem II,Girondins Bordeaux,0-0,0-0,,,0,0,2,3,,,0,0,2,3,,NED,FRA
1999-11-03,1999,GroupE-prelim,groups,Molde FK,Real Madrid,0-1,0-1,,,0,1,1,5,,,0,1,1,5,,NOR,ESP
1999-11-03,1999,GroupF-prelim,groups,Valencia CF,PSV Eindhoven,1-0,0-0,,,1,0,2,1,,,1,0,2,1,,ESP,NED
1999-11-03,1999,GroupG-prelim,groups,Sparta Praha,Spartak Moskva,5-2,2-2,,,5,2,6,3,,,5,2,6,3,,CZE,RUS
1999-11-23,1999,GroupB-inter,groups,ACF Fiorentina,Manchester United,2-0,1-0,,,2,0,3,3,,,2,0,3,3,,ITA,ENG
1999-11-23,1999,GroupA-inter,groups,Hertha BSC,Barcelona,1-1,1-1,,,1,1,2,4,,,1,1,2,4,,GER,ESP
1999-11-23,1999,GroupA-inter,groups,Sparta Praha,FC Porto,0-2,0-0,,,0,2,2,4,,,0,2,2,4,,CZE,POR
1999-11-23,1999,GroupB-inter,groups,Valencia CF,Girondins Bordeaux,3-0,0-0,,,3,0,7,1,,,3,0,7,1,,ESP,FRA
1999-11-24,1999,GroupC-inter,groups,Rosenborg BK,Bayern Munich,1-1,0-1,,,1,1,2,3,,,1,1,2,3,,NOR,GER
1999-11-24,1999,GroupD-inter,groups,Chelsea,Feyenoord,3-1,1-0,,,3,1,6,2,,,3,1,6,2,,ENG,NED
1999-11-24,1999,GroupC-inter,groups,Dinamo Kiev,Real Madrid,1-2,0-1,,,1,2,3,4,,,1,2,3,4,,UKR,ESP
1999-11-24,1999,GroupD-inter,groups,Olympique Marseille,Lazio,0-2,0-0,,,0,2,1,7,,,0,2,1,7,,FRA,ITA
1999-12-07,1999,GroupC-inter,groups,Bayern Munich,Dinamo Kiev,2-1,1-0,,,2,1,2,3,,,2,1,2,3,,GER,UKR
1999-12-07,1999,GroupD-inter,groups,Lazio,Chelsea,0-0,0-0,,,0,0,2,1,,,0,0,2,1,,ITA,ENG
1999-12-07,1999,GroupD-inter,groups,Feyenoord,Olympique Marseille,3-0,0-0,,,3,0,3,0,,,3,0,3,0,,NED,FRA
1999-12-07,1999,GroupC-inter,groups,Real Madrid,Rosenborg BK,3-1,1-0,,,3,1,4,1,,,3,1,4,1,,ESP,NOR
1999-12-08,1999,GroupB-inter,groups,Girondins Bordeaux,ACF Fiorentina,0-0,0-0,,,0,0,3,3,,,0,0,3,3,,FRA,ITA
1999-12-08,1999,GroupA-inter,groups,Barcelona,Sparta Praha,5-0,2-0,,,5,0,7,1,,,5,0,7,1,,ESP,CZE
1999-12-08,1999,GroupA-inter,groups,FC Porto,Hertha BSC,1-0,0-0,,,1,0,2,0,,,1,0,2,0,,POR,GER
1999-12-08,1999,GroupB-inter,groups,Manchester United,Valencia CF,3-0,1-0,,,3,0,3,0,,,3,0,3,0,,ENG,ESP
2000-02-29,1999,GroupC-inter,groups,Real Madrid,Bayern Munich,2-4,1-3,,,2,4,3,8,,,2,4,3,8,,ESP,GER
2000-02-29,1999,GroupD-inter,groups,Olympique Marseille,Chelsea,1-0,1-0,,,1,0,1,1,,,1,0,1,1,,FRA,ENG
2000-02-29,1999,GroupC-inter,groups,Dinamo Kiev,Rosenborg BK,2-1,2-0,,,2,1,4,2,,,2,1,4,2,,UKR,NOR
2000-02-29,1999,GroupD-inter,groups,Lazio,Feyenoord,1-2,1-0,,,1,2,1,2,,,1,2,1,2,,ITA,NED
2000-03-01,1999,GroupB-inter,groups,ACF Fiorentina,Valencia CF,1-0,1-0,,,1,0,1,2,,,1,0,1,2,,ITA,ESP
2000-03-01,1999,GroupA-inter,groups,Barcelona,FC Porto,4-2,3-1,,,4,2,6,2,,,4,2,6,2,,ESP,POR
2000-03-01,1999,GroupB-inter,groups,Manchester United,Girondins Bordeaux,2-0,1-0,,,2,0,4,1,,,2,0,4,1,,ENG,FRA
2000-03-01,1999,GroupA-inter,groups,Hertha BSC,Sparta Praha,1-1,1-0,,,1,1,1,2,,,1,1,1,2,,GER,CZE
2000-03-07,1999,GroupB-inter,groups,Valencia CF,ACF Fiorentina,2-0,1-0,,,2,0,2,1,,,2,0,2,1,,ESP,ITA
2000-03-07,1999,GroupA-inter,groups,FC Porto,Barcelona,0-2,0-1,,,0,2,2,6,,,0,2,2,6,,POR,ESP
2000-03-07,1999,GroupB-inter,groups,Girondins Bordeaux,Manchester United,1-2,1-1,,,1,2,1,4,,,1,2,1,4,,FRA,ENG
2000-03-07,1999,GroupA-inter,groups,Sparta Praha,Hertha BSC,1-0,0-0,,,1,0,2,1,,,1,0,2,1,,CZE,GER
2000-03-08,1999,GroupC-inter,groups,Bayern Munich,Real Madrid,4-1,2-0,,,4,1,8,3,,,4,1,8,3,,GER,ESP
2000-03-08,1999,GroupD-inter,groups,Chelsea,Olympique Marseille,1-0,1-0,,,1,0,1,1,,,1,0,1,1,,ENG,FRA
2000-03-08,1999,GroupC-inter,groups,Rosenborg BK,Dinamo Kiev,1-2,1-1,,,1,2,2,4,,,1,2,2,4,,NOR,UKR
2000-03-08,1999,GroupD-inter,groups,Feyenoord,Lazio,0-0,0-0,,,0,0,2,1,,,0,0,2,1,,NED,ITA
2000-03-14,1999,GroupC-inter,groups,Bayern Munich,Rosenborg BK,2-1,2-0,,,2,1,3,2,,,2,1,3,2,,GER,NOR
2000-03-14,1999,GroupD-inter,groups,Feyenoord,Chelsea,1-3,0-1,,,1,3,2,6,,,1,3,2,6,,NED,ENG
2000-03-14,1999,GroupC-inter,groups,Real Madrid,Dinamo Kiev,2-2,1-1,,,2,2,4,3,,,2,2,4,3,,ESP,UKR
2000-03-14,1999,GroupD-inter,groups,Lazio,Olympique Marseille,5-1,3-0,,,5,1,7,1,,,5,1,7,1,,ITA,FRA
2000-03-15,1999,GroupB-inter,groups,Manchester United,ACF Fiorentina,3-1,2-1,,,3,1,3,3,,,3,1,3,3,,ENG,ITA
2000-03-15,1999,GroupA-inter,groups,Barcelona,Hertha BSC,3-1,1-1,,,3,1,4,2,,,3,1,4,2,,ESP,GER
2000-03-15,1999,GroupA-inter,groups,FC Porto,Sparta Praha,2-2,1-0,,,2,2,4,2,,,2,2,4,2,,POR,CZE
2000-03-15,1999,GroupB-inter,groups,Girondins Bordeaux,Valencia CF,1-4,0-1,,,1,4,1,7,,,1,4,1,7,,FRA,ESP
2000-03-21,1999,GroupB-inter,groups,ACF Fiorentina,Girondins Bordeaux,3-3,0-1,,,3,3,3,3,,,3,3,3,3,,ITA,FRA
2000-03-21,1999,GroupA-inter,groups,Sparta Praha,Barcelona,1-2,1-0,,,1,2,1,7,,,1,2,1,7,,CZE,ESP
2000-03-21,1999,GroupA-inter,groups,Hertha BSC,FC Porto,0-1,0-0,,,0,1,0,2,,,0,1,0,2,,GER,POR
2000-03-21,1999,GroupB-inter,groups,Valencia CF,Manchester United,0-0,0-0,,,0,0,0,3,,,0,0,0,3,,ESP,ENG
2000-03-22,1999,GroupC-inter,groups,Dinamo Kiev,Bayern Munich,2-0,1-0,,,2,0,3,2,,,2,0,3,2,,UKR,GER
2000-03-22,1999,GroupD-inter,groups,Chelsea,Lazio,1-2,1-0,,,1,2,1,2,,,1,2,1,2,,ENG,ITA
2000-03-22,1999,GroupD-inter,groups,Olympique Marseille,Feyenoord,0-0,0-0,,,0,0,0,3,,,0,0,0,3,,FRA,NED
2000-03-22,1999,GroupC-inter,groups,Rosenborg BK,Real Madrid,0-1,0-1,,,0,1,1,4,,,0,1,1,4,,NOR,ESP
2000-04-04,1999,QF,1,FC Porto,Bayern Munich,1-1,0-0,,,1,1,2,3,,,1,1,2,3,Bayern Munich,POR,GER
2000-04-04,1999,QF,1,Real Madrid,Manchester United,0-0,0-0,,,0,0,3,2,,,0,0,3,2,Real Madrid,ESP,ENG
2000-04-05,1999,QF,1,Chelsea,Barcelona,3-1,3-0,,,3,1,4,4,,,3,1,4,6,Barcelona,ENG,ESP
2000-04-05,1999,QF,1,Valencia CF,Lazio,5-2,3-1,,,5,2,5,3,,,5,2,5,3,Valencia CF,ESP,ITA
2000-04-18,1999,QF,2,Barcelona,Chelsea,3-1,2-0,5-1,,3,1,4,4,5.0,1.0,5,1,6,4,Barcelona,ESP,ENG
2000-04-18,1999,QF,2,Lazio,Valencia CF,1-0,0-0,,,1,0,3,5,,,1,0,3,5,Valencia CF,ITA,ESP
2000-04-19,1999,QF,2,Bayern Munich,FC Porto,2-1,1-0,,,2,1,3,2,,,2,1,3,2,Bayern Munich,GER,POR
2000-04-19,1999,QF,2,Manchester United,Real Madrid,2-3,0-1,,,2,3,2,3,,,2,3,2,3,Real Madrid,ENG,ESP
2000-05-02,1999,SF,1,Real Madrid,Bayern Munich,2-0,2-0,,,2,0,3,2,,,2,0,3,2,Bayern Munich,ESP,GER
2000-05-02,1999,SF,1,Valencia CF,Barcelona,4-1,3-1,,,4,1,5,3,,,4,1,5,3,Valencia CF,ESP,ESP
2000-05-10,1999,SF,2,Bayern Munich,Real Madrid,2-1,1-1,,,2,1,2,3,,,2,1,2,3,Bayern Munich,GER,ESP
2000-05-10,1999,SF,2,Barcelona,Valencia CF,2-1,0-0,,,2,1,3,5,,,2,1,3,5,Valencia CF,ESP,ESP
2000-05-24,1999,final,,Real Madrid,Valencia CF,3-0,1-0,,,3,0,3,0,,,3,0,3,0,Real Madrid,ESP,ESP
2000-07-12,2000,Q-1,1,Haka Valkeakoski,Linfield,1-0,,,,1,0,2,2,,,1,0,2,2,Haka Valkeakoski,FIN,NIR
2000-07-12,2000,Q-1,1,Shirak,BATE Borisov,1-1,,,,1,1,2,3,,,1,1,2,3,BATE Borisov,ARM,BLR
2000-07-12,2000,Q-1,1,Birkirkara,KR Reykjavik,1-2,,,,1,2,2,6,,,1,2,2,6,KR Reykjavik,MLT,ISL
2000-07-12,2000,Q-1,1,KI Klaksvik,Crvena Zvezda,0-3,,,,0,3,0,5,,,0,3,0,5,Crvena Zvezda,FRO,SRB
2000-07-12,2000,Q-1,1,F91 Dudelange,Levski Sofia,0-4,,,,0,4,0,6,,,0,4,0,6,Levski Sofia,LUX,BUL
2000-07-12,2000,Q-1,1,FK Zalgiris Vilnius,NK Brotnjo,4-0,,,,4,0,4,3,,,4,0,4,3,FK Zalgiris Vilnius,LTU,BIH
2000-07-12,2000,Q-1,1,KF Tirana,Zimbru Chisinau,2-3,,,,2,3,4,6,,,2,3,4,6,Zimbru Chisinau,ALB,MDA
2000-07-12,2000,Q-1,1,The New Saints,Levadia,2-2,,,,2,2,2,6,,,2,2,2,6,Levadia,WAL,EST
2000-07-12,2000,Q-1,1,Skonto,Shamkir,2-1,,,,2,1,3,3,,,2,1,3,5,Shamkir,LVA,AZE
2000-07-12,2000,Q-1,1,Sloga Jugomagnat Skopje,Shelbourne,0-1,,,,0,1,1,2,,,0,1,1,2,Shelbourne,MKD,IRL
2000-07-19,2000,Q-1,2,Linfield,Haka Valkeakoski,2-1,,,away goals,2,1,2,2,,,2,1,2,2,Haka Valkeakoski,NIR,FIN
2000-07-19,2000,Q-1,2,BATE Borisov,Shirak,2-1,,,,2,1,3,2,,,2,1,3,2,BATE Borisov,BLR,ARM
2000-07-19,2000,Q-1,2,KR Reykjavik,Birkirkara,4-1,,,,4,1,6,2,,,4,1,6,2,KR Reykjavik,ISL,MLT
2000-07-19,2000,Q-1,2,Crvena Zvezda,KI Klaksvik,2-0,,,,2,0,5,0,,,2,0,5,0,Crvena Zvezda,SRB,FRO
2000-07-19,2000,Q-1,2,Levski Sofia,F91 Dudelange,2-0,,,,2,0,6,0,,,2,0,6,0,Levski Sofia,BUL,LUX
2000-07-19,2000,Q-1,2,NK Brotnjo,FK Zalgiris Vilnius,3-0,,,,3,0,3,4,,,3,0,3,4,FK Zalgiris Vilnius,BIH,LTU
2000-07-19,2000,Q-1,2,Zimbru Chisinau,KF Tirana,3-2,,,,3,2,6,4,,,3,2,6,4,Zimbru Chisinau,MDA,ALB
2000-07-19,2000,Q-1,2,Levadia,The New Saints,4-0,,,,4,0,6,2,,,4,0,6,2,Levadia,EST,WAL
2000-07-19,2000,Q-1,2,Shamkir,Skonto,2-1,,4-1,,2,1,3,3,4.0,1.0,4,1,5,3,Shamkir,AZE,LVA
2000-07-19,2000,Q-1,2,Shelbourne,Sloga Jugomagnat Skopje,1-1,,,,1,1,2,1,,,1,1,2,1,Shelbourne,IRL,MKD
2000-07-26,2000,Q-2,1,RSC Anderlecht,Anorthosis Famagusta,4-2,,,,4,2,4,2,,,4,2,4,2,RSC Anderlecht,BEL,CYP
2000-07-26,2000,Q-2,1,Helsingborgs IF,BATE Borisov,0-0,,,,0,0,3,0,,,0,0,3,0,Helsingborgs IF,SWE,BLR
2000-07-26,2000,Q-2,1,Besiktas,Levski Sofia,1-0,,,,1,0,2,1,,,1,0,2,1,Besiktas,TUR,BUL
2000-07-26,2000,Q-2,1,Brondby IF,KR Reykjavik,3-1,,,,3,1,4,1,,,3,1,4,1,Brondby IF,DEN,ISL
2000-07-26,2000,Q-2,1,Crvena Zvezda,Torpedo Kutaisi,4-0,,,,4,0,4,2,,,4,0,4,2,Crvena Zvezda,SRB,GEO
2000-07-26,2000,Q-2,1,Dinamo Bucuresti,Polonia Warszawa,3-4,,,,3,4,4,7,,,3,4,4,7,Polonia Warszawa,ROU,POL
2000-07-26,2000,Q-2,1,Hajduk Split,Dunaujvaros,0-2,,,,0,2,2,4,,,0,2,2,4,Dunaujvaros,CRO,HUN
2000-07-26,2000,Q-2,1,Haka Valkeakoski,FK Inter Bratislava,0-0,,,,0,0,0,0,,,0,0,0,1,FK Inter Bratislava,FIN,SVK
2000-07-26,2000,Q-2,1,Rangers,FK Zalgiris Vilnius,4-1,,,,4,1,4,1,,,4,1,4,1,Rangers,SCO,LTU
2000-07-26,2000,Q-2,1,Sturm Graz,Hapoel Tel Aviv,3-0,,,,3,0,5,1,,,3,0,5,1,Sturm Graz,AUT,ISR
2000-07-26,2000,Q-2,1,Shakhtar Donetsk,Levadia,4-1,,,,4,1,9,2,,,4,1,9,2,Shakhtar Donetsk,UKR,EST
2000-07-26,2000,Q-2,1,Zimbru Chisinau,NK Maribor,2-0,,,,2,0,2,1,,,2,0,2,1,Zimbru Chisinau,MDA,SVN
2000-07-26,2000,Q-2,1,Shelbourne,Rosenborg BK,1-3,,,,1,3,2,4,,,1,3,2,4,Rosenborg BK,IRL,NOR
2000-07-26,2000,Q-2,1,Slavia Praha,Shamkir,1-0,,,,1,0,5,1,,,1,0,5,1,Slavia Praha,CZE,AZE
2000-08-02,2000,Q-2,2,Anorthosis Famagusta,RSC Anderlecht,0-0,,,,0,0,2,4,,,0,0,2,4,RSC Anderlecht,CYP,BEL
2000-08-02,2000,Q-2,2,BATE Borisov,Helsingborgs IF,0-3,,,,0,3,0,3,,,0,3,0,3,Helsingborgs IF,BLR,SWE
2000-08-02,2000,Q-2,2,Levski Sofia,Besiktas,1-1,,,,1,1,1,2,,,1,1,1,2,Besiktas,BUL,TUR
2000-08-02,2000,Q-2,2,KR Reykjavik,Brondby IF,0-1,,,,0,1,1,4,,,0,1,1,4,Brondby IF,ISL,DEN
2000-08-02,2000,Q-2,2,Torpedo Kutaisi,Crvena Zvezda,2-0,,,,2,0,2,4,,,2,0,2,4,Crvena Zvezda,GEO,SRB
2000-08-02,2000,Q-2,2,Polonia Warszawa,Dinamo Bucuresti,3-1,,,,3,1,7,4,,,3,1,7,4,Polonia Warszawa,POL,ROU
2000-08-02,2000,Q-2,2,Dunaujvaros,Hajduk Split,2-2,,,,2,2,4,2,,,2,2,4,2,Dunaujvaros,HUN,CRO
2000-08-02,2000,Q-2,2,FK Inter Bratislava,Haka Valkeakoski,0-0,,1-0,,0,0,0,0,1.0,0.0,1,0,1,0,FK Inter Bratislava,SVK,FIN
2000-08-02,2000,Q-2,2,FK Zalgiris Vilnius,Rangers,0-0,,,,0,0,1,4,,,0,0,1,4,Rangers,LTU,SCO
2000-08-02,2000,Q-2,2,Hapoel Tel Aviv,Sturm Graz,1-2,,,,1,2,1,5,,,1,2,1,5,Sturm Graz,ISR,AUT
2000-08-02,2000,Q-2,2,Levadia,Shakhtar Donetsk,1-5,,,,1,5,2,9,,,1,5,2,9,Shakhtar Donetsk,EST,UKR
2000-08-02,2000,Q-2,2,NK Maribor,Zimbru Chisinau,1-0,,,,1,0,1,2,,,1,0,1,2,Zimbru Chisinau,SVN,MDA
2000-08-02,2000,Q-2,2,Rosenborg BK,Shelbourne,1-1,,,,1,1,4,2,,,1,1,4,2,Rosenborg BK,NOR,IRL
2000-08-02,2000,Q-2,2,Shamkir,Slavia Praha,1-4,,,,1,4,1,5,,,1,4,1,5,Slavia Praha,AZE,CZE
2000-08-08,2000,Q-3,1,Besiktas,Lokomotiv Moskva,3-0,,,,3,0,6,1,,,3,0,6,1,Besiktas,TUR,RUS
2000-08-08,2000,Q-3,1,Brondby IF,Hamburger SV,0-2,,,,0,2,0,2,,,0,2,0,2,Hamburger SV,DEN,GER
2000-08-08,2000,Q-3,1,FK Inter Bratislava,Olympique Lyon,1-2,,,,1,2,2,4,,,1,2,2,4,Olympique Lyon,SVK,FRA
2000-08-08,2000,Q-3,1,Zimbru Chisinau,Sparta Praha,0-1,,,,0,1,0,2,,,0,1,0,2,Sparta Praha,MDA,CZE
2000-08-08,2000,Q-3,1,SSW Innsbruck,Valencia CF,0-0,,,,0,0,1,4,,,0,0,1,4,Valencia CF,AUT,ESP
2000-08-09,2000,Q-3,1,Dinamo Kiev,Crvena Zvezda,0-0,,,,0,0,1,1,,,0,0,1,1,Dinamo Kiev,UKR,SRB
2000-08-09,2000,Q-3,1,AC Milan,Dinamo Zagreb,3-1,,,,3,1,6,1,,,3,1,6,1,AC Milan,ITA,CRO
2000-08-09,2000,Q-3,1,Dunaujvaros,Rosenborg BK,2-2,,,,2,2,3,4,,,2,2,3,4,Rosenborg BK,HUN,NOR
2000-08-09,2000,Q-3,1,RSC Anderlecht,FC Porto,1-0,,,,1,0,1,0,,,1,0,1,0,RSC Anderlecht,BEL,POR
2000-08-09,2000,Q-3,1,Sturm Graz,Feyenoord,2-1,,,,2,1,3,2,,,2,1,3,2,Sturm Graz,AUT,NED
2000-08-09,2000,Q-3,1,St. Gallen,Galatasaray,1-2,,,,1,2,3,4,,,1,2,3,4,Galatasaray,SUI,TUR
2000-08-09,2000,Q-3,1,HB Koge,Rangers,0-3,,,,0,3,0,6,,,0,3,0,6,Rangers,DEN,SCO
2000-08-09,2000,Q-3,1,Helsingborgs IF,Internazionale,1-0,,,,1,0,1,0,,,1,0,1,0,Helsingborgs IF,SWE,ITA
2000-08-09,2000,Q-3,1,Leeds United,TSV 1860 Munchen,2-1,,,,2,1,3,1,,,2,1,3,1,Leeds United,ENG,GER
2000-08-09,2000,Q-3,1,Polonia Warszawa,Panathinaikos,2-2,,,,2,2,3,4,,,2,2,3,4,Panathinaikos,POL,GRE
2000-08-09,2000,Q-3,1,Shakhtar Donetsk,Slavia Praha,0-1,,,,0,1,1,1,,,0,1,2,1,Shakhtar Donetsk,UKR,CZE
2000-08-22,2000,Q-3,2,Olympique Lyon,FK Inter Bratislava,2-1,,,,2,1,4,2,,,2,1,4,2,Olympique Lyon,FRA,SVK
2000-08-22,2000,Q-3,2,Sparta Praha,Zimbru Chisinau,1-0,,,,1,0,2,0,,,1,0,2,0,Sparta Praha,CZE,MDA
2000-08-22,2000,Q-3,2,Valencia CF,SSW Innsbruck,4-1,,,,4,1,4,1,,,4,1,4,1,Valencia CF,ESP,AUT
2000-08-23,2000,Q-3,2,Crvena Zvezda,Dinamo Kiev,1-1,,,away goals,1,1,1,1,,,1,1,1,1,Dinamo Kiev,SRB,UKR
2000-08-23,2000,Q-3,2,Dinamo Zagreb,AC Milan,0-3,,,,0,3,1,6,,,0,3,1,6,AC Milan,CRO,ITA
2000-08-23,2000,Q-3,2,Lokomotiv Moskva,Besiktas,1-3,,,,1,3,1,6,,,1,3,1,6,Besiktas,RUS,TUR
2000-08-23,2000,Q-3,2,Hamburger SV,Brondby IF,0-0,,,,0,0,2,0,,,0,0,2,0,Hamburger SV,GER,DEN
2000-08-23,2000,Q-3,2,Rosenborg BK,Dunaujvaros,2-1,,,,2,1,4,3,,,2,1,4,3,Rosenborg BK,NOR,HUN
2000-08-23,2000,Q-3,2,FC Porto,RSC Anderlecht,0-0,,,,0,0,0,1,,,0,0,0,1,RSC Anderlecht,POR,BEL
2000-08-23,2000,Q-3,2,Feyenoord,Sturm Graz,1-1,,,,1,1,2,3,,,1,1,2,3,Sturm Graz,NED,AUT
2000-08-23,2000,Q-3,2,Galatasaray,St. Gallen,2-2,,,,2,2,4,3,,,2,2,4,3,Galatasaray,TUR,SUI
2000-08-23,2000,Q-3,2,Rangers,HB Koge,3-0,,,,3,0,6,0,,,3,0,6,0,Rangers,SCO,DEN
2000-08-23,2000,Q-3,2,Internazionale,Helsingborgs IF,0-0,,,,0,0,0,1,,,0,0,0,1,Helsingborgs IF,ITA,SWE
2000-08-23,2000,Q-3,2,TSV 1860 Munchen,Leeds United,0-1,,,,0,1,1,3,,,0,1,1,3,Leeds United,GER,ENG
2000-08-23,2000,Q-3,2,Panathinaikos,Polonia Warszawa,2-1,,,,2,1,4,3,,,2,1,4,3,Panathinaikos,GRE,POL
2000-08-23,2000,Q-3,2,Slavia Praha,Shakhtar Donetsk,0-1,,0-2,,0,1,1,1,0.0,2.0,0,2,1,2,Shakhtar Donetsk,CZE,UKR
2000-09-12,2000,GroupB-prelim,groups,Sparta Praha,Arsenal,0-1,0-1,,,0,1,2,5,,,0,1,2,5,,CZE,ENG
2000-09-12,2000,GroupD-prelim,groups,Galatasaray,AS Monaco,3-2,2-0,,,3,2,5,6,,,3,2,5,6,,TUR,FRA
2000-09-12,2000,GroupA-prelim,groups,Spartak Moskva,Bayer Leverkusen,2-0,0-0,,,2,0,2,1,,,2,0,2,1,,RUS,GER
2000-09-12,2000,GroupB-prelim,groups,Shakhtar Donetsk,Lazio,0-3,0-1,,,0,3,1,8,,,0,3,1,8,,UKR,ITA
2000-09-12,2000,GroupC-prelim,groups,Valencia CF,Olympiacos,2-1,2-0,,,2,1,2,2,,,2,1,2,2,,ESP,GRE
2000-09-12,2000,GroupC-prelim,groups,Olympique Lyon,sc Heerenveen,3-1,2-1,,,3,1,5,1,,,3,1,5,1,,FRA,NED
2000-09-12,2000,GroupD-prelim,groups,Rangers,Sturm Graz,5-0,3-0,,,5,0,5,2,,,5,0,5,2,,SCO,AUT
2000-09-12,2000,GroupA-prelim,groups,Sporting CP,Real Madrid,2-2,2-0,,,2,2,2,6,,,2,2,2,6,,POR,ESP
2000-09-13,2000,GroupH-prelim,groups,AC Milan,Besiktas,4-1,3-1,,,4,1,6,1,,,4,1,6,1,,ITA,TUR
2000-09-13,2000,GroupH-prelim,groups,Barcelona,Leeds United,4-0,2-0,,,4,0,5,1,,,4,0,5,1,,ESP,ENG
2000-09-13,2000,GroupF-prelim,groups,Helsingborgs IF,Bayern Munich,1-3,0-1,,,1,3,1,3,,,1,3,1,3,,SWE,GER
2000-09-13,2000,GroupE-prelim,groups,Panathinaikos,Deportivo La Coruna,1-1,1-0,,,1,1,1,2,,,1,1,1,2,,GRE,ESP
2000-09-13,2000,GroupG-prelim,groups,PSV Eindhoven,Dinamo Kiev,2-1,1-1,,,2,1,3,1,,,2,1,3,1,,NED,UKR
2000-09-13,2000,GroupE-prelim,groups,Hamburger SV,Juventus,4-4,1-2,,,4,4,7,5,,,4,4,7,5,,GER,ITA
2000-09-13,2000,GroupG-prelim,groups,Manchester United,RSC Anderlecht,5-1,3-0,,,5,1,6,3,,,5,1,6,3,,ENG,BEL
2000-09-13,2000,GroupF-prelim,groups,Rosenborg BK,Paris Saint-Germain,3-1,1-1,,,3,1,5,8,,,3,1,5,8,,NOR,FRA
2000-09-19,2000,GroupH-prelim,groups,Leeds United,AC Milan,1-0,0-0,,,1,0,2,1,,,1,0,2,1,,ENG,ITA
2000-09-19,2000,GroupH-prelim,groups,Besiktas,Barcelona,3-0,1-0,,,3,0,3,5,,,3,0,3,5,,TUR,ESP
2000-09-19,2000,GroupF-prelim,groups,Bayern Munich,Rosenborg BK,3-1,0-1,,,3,1,4,2,,,3,1,4,2,,GER,NOR
2000-09-19,2000,GroupE-prelim,groups,Deportivo La Coruna,Hamburger SV,2-1,1-0,,,2,1,3,2,,,2,1,3,2,,ESP,GER
2000-09-19,2000,GroupG-prelim,groups,Dinamo Kiev,Manchester United,0-0,0-0,,,0,0,0,1,,,0,0,0,1,,UKR,ENG
2000-09-19,2000,GroupF-prelim,groups,Paris Saint-Germain,Helsingborgs IF,4-1,1-1,,,4,1,5,2,,,4,1,5,2,,FRA,SWE
2000-09-19,2000,GroupE-prelim,groups,Juventus,Panathinaikos,2-1,1-1,,,2,1,3,4,,,2,1,3,4,,ITA,GRE
2000-09-19,2000,GroupG-prelim,groups,RSC Anderlecht,PSV Eindhoven,1-0,0-0,,,1,0,4,2,,,1,0,4,2,,BEL,NED
2000-09-20,2000,GroupB-prelim,groups,Arsenal,Shakhtar Donetsk,3-2,1-2,,,3,2,3,5,,,3,2,3,5,,ENG,UKR
2000-09-20,2000,GroupD-prelim,groups,AS Monaco,Rangers,0-1,0-1,,,0,1,2,3,,,0,1,2,3,,FRA,SCO
2000-09-20,2000,GroupA-prelim,groups,Bayer Leverkusen,Sporting CP,3-2,0-1,,,3,2,3,2,,,3,2,3,2,,GER,POR
2000-09-20,2000,GroupD-prelim,groups,Sturm Graz,Galatasaray,3-0,1-0,,,3,0,5,2,,,3,0,5,2,,AUT,TUR
2000-09-20,2000,GroupB-prelim,groups,Lazio,Sparta Praha,3-0,1-0,,,3,0,4,0,,,3,0,4,0,,ITA,CZE
2000-09-20,2000,GroupC-prelim,groups,Olympiacos,Olympique Lyon,2-1,2-0,,,2,1,2,2,,,2,1,2,2,,GRE,FRA
2000-09-20,2000,GroupA-prelim,groups,Real Madrid,Spartak Moskva,1-0,0-0,,,1,0,1,1,,,1,0,1,1,,ESP,RUS
2000-09-20,2000,GroupC-prelim,groups,sc Heerenveen,Valencia CF,0-1,0-1,,,0,1,1,2,,,0,1,1,2,,NED,ESP
2000-09-26,2000,GroupH-prelim,groups,Barcelona,AC Milan,0-2,0-1,,,0,2,3,5,,,0,2,3,5,,ESP,ITA
2000-09-26,2000,GroupF-prelim,groups,Paris Saint-Germain,Bayern Munich,1-0,0-0,,,1,0,1,2,,,1,0,1,2,,FRA,GER
2000-09-26,2000,GroupH-prelim,groups,Leeds United,Besiktas,6-0,3-0,,,6,0,6,0,,,6,0,6,0,,ENG,TUR
2000-09-26,2000,GroupE-prelim,groups,Juventus,Deportivo La Coruna,0-0,0-0,,,0,0,1,1,,,0,0,1,1,,ITA,ESP
2000-09-26,2000,GroupG-prelim,groups,Dinamo Kiev,RSC Anderlecht,4-0,0-0,,,4,0,6,4,,,4,0,6,4,,UKR,BEL
2000-09-26,2000,GroupE-prelim,groups,Hamburger SV,Panathinaikos,0-1,0-1,,,0,1,0,1,,,0,1,0,1,,GER,GRE
2000-09-26,2000,GroupF-prelim,groups,Rosenborg BK,Helsingborgs IF,6-1,2-0,,,6,1,6,3,,,6,1,6,3,,NOR,SWE
2000-09-26,2000,GroupG-prelim,groups,PSV Eindhoven,Manchester United,3-1,2-1,,,3,1,4,4,,,3,1,4,4,,NED,ENG
2000-09-27,2000,GroupB-prelim,groups,Arsenal,Lazio,2-0,1-0,,,2,0,3,1,,,2,0,3,1,,ENG,ITA
2000-09-27,2000,GroupD-prelim,groups,AS Monaco,Sturm Graz,5-0,3-0,,,5,0,5,2,,,5,0,5,2,,FRA,AUT
2000-09-27,2000,GroupA-prelim,groups,Bayer Leverkusen,Real Madrid,2-3,2-1,,,2,3,5,8,,,2,3,5,8,,GER,ESP
2000-09-27,2000,GroupD-prelim,groups,Galatasaray,Rangers,3-2,0-0,,,3,2,3,2,,,3,2,3,2,,TUR,SCO
2000-09-27,2000,GroupC-prelim,groups,Olympiacos,sc Heerenveen,2-0,0-0,,,2,0,2,1,,,2,0,2,1,,GRE,NED
2000-09-27,2000,GroupC-prelim,groups,Valencia CF,Olympique Lyon,1-0,0-0,,,1,0,3,1,,,1,0,3,1,,ESP,FRA
2000-09-27,2000,GroupB-prelim,groups,Sparta Praha,Shakhtar Donetsk,3-2,0-0,,,3,2,4,4,,,3,2,4,4,,CZE,UKR
2000-09-27,2000,GroupA-prelim,groups,Spartak Moskva,Sporting CP,3-1,1-1,,,3,1,6,1,,,3,1,6,1,,RUS,POR
2000-10-17,2000,GroupB-prelim,groups,Lazio,Arsenal,1-1,1-0,,,1,1,1,3,,,1,1,1,3,,ITA,ENG
2000-10-17,2000,GroupD-prelim,groups,Sturm Graz,AS Monaco,2-0,1-0,,,2,0,2,5,,,2,0,2,5,,AUT,FRA
2000-10-17,2000,GroupA-prelim,groups,Real Madrid,Bayer Leverkusen,5-3,2-1,,,5,3,8,5,,,5,3,8,5,,ESP,GER
2000-10-17,2000,GroupD-prelim,groups,Rangers,Galatasaray,0-0,0-0,,,0,0,2,3,,,0,0,2,3,,SCO,TUR
2000-10-17,2000,GroupC-prelim,groups,sc Heerenveen,Olympiacos,1-0,0-0,,,1,0,1,2,,,1,0,1,2,,NED,GRE
2000-10-17,2000,GroupC-prelim,groups,Olympique Lyon,Valencia CF,1-2,0-1,,,1,2,1,3,,,1,2,1,3,,FRA,ESP
2000-10-17,2000,GroupB-prelim,groups,Shakhtar Donetsk,Sparta Praha,2-1,1-1,,,2,1,4,4,,,2,1,4,4,,UKR,CZE
2000-10-17,2000,GroupA-prelim,groups,Sporting CP,Spartak Moskva,0-3,0-1,,,0,3,1,6,,,0,3,1,6,,POR,RUS
2000-10-18,2000,GroupH-prelim,groups,AC Milan,Barcelona,3-3,3-2,,,3,3,5,3,,,3,3,5,3,,ITA,ESP
2000-10-18,2000,GroupF-prelim,groups,Bayern Munich,Paris Saint-Germain,2-0,1-0,,,2,0,2,1,,,2,0,2,1,,GER,FRA
2000-10-18,2000,GroupH-prelim,groups,Besiktas,Leeds United,0-0,0-0,,,0,0,0,6,,,0,0,0,6,,TUR,ENG
2000-10-18,2000,GroupE-prelim,groups,Deportivo La Coruna,Juventus,1-1,1-1,,,1,1,1,1,,,1,1,1,1,,ESP,ITA
2000-10-18,2000,GroupG-prelim,groups,RSC Anderlecht,Dinamo Kiev,4-2,4-1,,,4,2,4,6,,,4,2,4,6,,BEL,UKR
2000-10-18,2000,GroupE-prelim,groups,Panathinaikos,Hamburger SV,0-0,0-0,,,0,0,1,0,,,0,0,1,0,,GRE,GER
2000-10-18,2000,GroupF-prelim,groups,Helsingborgs IF,Rosenborg BK,2-0,1-0,,,2,0,3,6,,,2,0,3,6,,SWE,NOR
2000-10-18,2000,GroupG-prelim,groups,Manchester United,PSV Eindhoven,3-1,1-0,,,3,1,4,4,,,3,1,4,4,,ENG,NED
2000-10-24,2000,GroupH-prelim,groups,Besiktas,AC Milan,0-2,0-2,,,0,2,1,6,,,0,2,1,6,,TUR,ITA
2000-10-24,2000,GroupH-prelim,groups,Leeds United,Barcelona,1-1,1-0,,,1,1,1,5,,,1,1,1,5,,ENG,ESP
2000-10-24,2000,GroupF-prelim,groups,Bayern Munich,Helsingborgs IF,0-0,0-0,,,0,0,3,1,,,0,0,3,1,,GER,SWE
2000-10-24,2000,GroupE-prelim,groups,Deportivo La Coruna,Panathinaikos,1-0,0-0,,,1,0,2,1,,,1,0,2,1,,ESP,GRE
2000-10-24,2000,GroupG-prelim,groups,Dinamo Kiev,PSV Eindhoven,0-1,0-1,,,0,1,1,3,,,0,1,1,3,,UKR,NED
2000-10-24,2000,GroupE-prelim,groups,Juventus,Hamburger SV,1-3,0-1,,,1,3,5,7,,,1,3,5,7,,ITA,GER
2000-10-24,2000,GroupG-prelim,groups,RSC Anderlecht,Manchester United,2-1,2-1,,,2,1,3,6,,,2,1,3,6,,BEL,ENG
2000-10-24,2000,GroupF-prelim,groups,Paris Saint-Germain,Rosenborg BK,7-2,4-2,,,7,2,8,5,,,7,2,8,5,,FRA,NOR
2000-10-25,2000,GroupB-prelim,groups,Arsenal,Sparta Praha,4-2,3-1,,,4,2,5,2,,,4,2,5,2,,ENG,CZE
2000-10-25,2000,GroupD-prelim,groups,AS Monaco,Galatasaray,4-2,4-1,,,4,2,6,5,,,4,2,6,5,,FRA,TUR
2000-10-25,2000,GroupA-prelim,groups,Bayer Leverkusen,Spartak Moskva,1-0,0-0,,,1,0,1,2,,,1,0,1,2,,GER,RUS
2000-10-25,2000,GroupB-prelim,groups,Lazio,Shakhtar Donetsk,5-1,0-1,,,5,1,8,1,,,5,1,8,1,,ITA,UKR
2000-10-25,2000,GroupC-prelim,groups,Olympiacos,Valencia CF,1-0,0-0,,,1,0,2,2,,,1,0,2,2,,GRE,ESP
2000-10-25,2000,GroupC-prelim,groups,sc Heerenveen,Olympique Lyon,0-2,0-0,,,0,2,1,5,,,0,2,1,5,,NED,FRA
2000-10-25,2000,GroupD-prelim,groups,Sturm Graz,Rangers,2-0,1-0,,,2,0,2,5,,,2,0,2,5,,AUT,SCO
2000-10-25,2000,GroupA-prelim,groups,Real Madrid,Sporting CP,4-0,2-0,,,4,0,6,2,,,4,0,6,2,,ESP,POR
2000-11-07,2000,GroupB-prelim,groups,Shakhtar Donetsk,Arsenal,3-0,1-0,,,3,0,5,3,,,3,0,5,3,,UKR,ENG
2000-11-07,2000,GroupD-prelim,groups,Rangers,AS Monaco,2-2,1-1,,,2,2,3,2,,,2,2,3,2,,SCO,FRA
2000-11-07,2000,GroupA-prelim,groups,Sporting CP,Bayer Leverkusen,0-0,0-0,,,0,0,2,3,,,0,0,2,3,,POR,GER
2000-11-07,2000,GroupD-prelim,groups,Galatasaray,Sturm Graz,2-2,1-0,,,2,2,2,5,,,2,2,2,5,,TUR,AUT
2000-11-07,2000,GroupB-prelim,groups,Sparta Praha,Lazio,0-1,0-1,,,0,1,0,4,,,0,1,0,4,,CZE,ITA
2000-11-07,2000,GroupC-prelim,groups,Olympique Lyon,Olympiacos,1-0,1-0,,,1,0,2,2,,,1,0,2,2,,FRA,GRE
2000-11-07,2000,GroupA-prelim,groups,Spartak Moskva,Real Madrid,1-0,0-0,,,1,0,1,1,,,1,0,1,1,,RUS,ESP
2000-11-07,2000,GroupC-prelim,groups,Valencia CF,sc Heerenveen,1-1,1-1,,,1,1,2,1,,,1,1,2,1,,ESP,NED
2000-11-08,2000,GroupH-prelim,groups,AC Milan,Leeds United,1-1,0-1,,,1,1,1,2,,,1,1,1,2,,ITA,ENG
2000-11-08,2000,GroupH-prelim,groups,Barcelona,Besiktas,5-0,2-0,,,5,0,5,3,,,5,0,5,3,,ESP,TUR
2000-11-08,2000,GroupF-prelim,groups,Rosenborg BK,Bayern Munich,1-1,1-0,,,1,1,2,4,,,1,1,2,4,,NOR,GER
2000-11-08,2000,GroupE-prelim,groups,Hamburger SV,Deportivo La Coruna,1-1,1-0,,,1,1,2,3,,,1,1,2,3,,GER,ESP
2000-11-08,2000,GroupG-prelim,groups,Manchester United,Dinamo Kiev,1-0,1-0,,,1,0,1,0,,,1,0,1,0,,ENG,UKR
2000-11-08,2000,GroupF-prelim,groups,Helsingborgs IF,Paris Saint-Germain,1-1,0-1,,,1,1,2,5,,,1,1,2,5,,SWE,FRA
2000-11-08,2000,GroupE-prelim,groups,Panathinaikos,Juventus,3-1,1-1,,,3,1,4,3,,,3,1,4,3,,GRE,ITA
2000-11-08,2000,GroupG-prelim,groups,PSV Eindhoven,RSC Anderlecht,2-3,1-2,,,2,3,2,4,,,2,3,2,4,,NED,BEL
2000-11-21,2000,GroupB-inter,groups,AC Milan,Galatasaray,2-2,0-2,,,2,2,2,4,,,2,2,2,4,,ITA,TUR
2000-11-21,2000,GroupB-inter,groups,Paris Saint-Germain,Deportivo La Coruna,1-3,1-0,,,1,3,4,7,,,1,3,4,7,,FRA,ESP
2000-11-21,2000,GroupA-inter,groups,Manchester United,Panathinaikos,3-1,0-0,,,3,1,4,2,,,3,1,4,2,,ENG,GRE
2000-11-21,2000,GroupA-inter,groups,Valencia CF,Sturm Graz,2-0,1-0,,,2,0,7,0,,,2,0,7,0,,ESP,AUT
2000-11-22,2000,GroupC-inter,groups,Spartak Moskva,Arsenal,4-1,1-1,,,4,1,4,2,,,4,1,4,2,,RUS,ENG
2000-11-22,2000,GroupC-inter,groups,Bayern Munich,Olympique Lyon,1-0,0-0,,,1,0,1,3,,,1,0,1,3,,GER,FRA
2000-11-22,2000,GroupD-inter,groups,RSC Anderlecht,Lazio,1-0,0-0,,,1,0,2,2,,,1,0,2,2,,BEL,ITA
2000-11-22,2000,GroupD-inter,groups,Leeds United,Real Madrid,0-2,0-0,,,0,2,2,5,,,0,2,2,5,,ENG,ESP
2000-12-05,2000,GroupC-inter,groups,Arsenal,Bayern Munich,2-2,1-0,,,2,2,2,3,,,2,2,2,3,,ENG,GER
2000-12-05,2000,GroupD-inter,groups,Lazio,Leeds United,0-1,0-0,,,0,1,3,4,,,0,1,3,4,,ITA,ENG
2000-12-05,2000,GroupC-inter,groups,Olympique Lyon,Spartak Moskva,3-0,3-0,,,3,0,4,1,,,3,0,4,1,,FRA,RUS
2000-12-05,2000,GroupD-inter,groups,Real Madrid,RSC Anderlecht,4-1,3-0,,,4,1,4,3,,,4,1,4,3,,ESP,BEL
2000-12-06,2000,GroupB-inter,groups,Deportivo La Coruna,AC Milan,0-1,0-1,,,0,1,1,2,,,0,1,1,2,,ESP,ITA
2000-12-06,2000,GroupB-inter,groups,Galatasaray,Paris Saint-Germain,1-0,0-0,,,1,0,1,2,,,1,0,1,2,,TUR,FRA
2000-12-06,2000,GroupA-inter,groups,Sturm Graz,Manchester United,0-2,0-1,,,0,2,0,5,,,0,2,0,5,,AUT,ENG
2000-12-06,2000,GroupA-inter,groups,Panathinaikos,Valencia CF,0-0,0-0,,,0,0,1,2,,,0,0,1,2,,GRE,ESP
2001-02-13,2000,GroupC-inter,groups,Olympique Lyon,Arsenal,0-1,0-0,,,0,1,1,2,,,0,1,1,2,,FRA,ENG
2001-02-13,2000,GroupC-inter,groups,Bayern Munich,Spartak Moskva,1-0,0-0,,,1,0,4,0,,,1,0,4,0,,GER,RUS
2001-02-13,2000,GroupD-inter,groups,Real Madrid,Lazio,3-2,1-1,,,3,2,5,4,,,3,2,5,4,,ESP,ITA
2001-02-13,2000,GroupD-inter,groups,Leeds United,RSC Anderlecht,2-1,0-0,,,2,1,6,2,,,2,1,6,2,,ENG,BEL
2001-02-14,2000,GroupB-inter,groups,AC Milan,Paris Saint-Germain,1-1,1-1,,,1,1,2,2,,,1,1,2,2,,ITA,FRA
2001-02-14,2000,GroupB-inter,groups,Galatasaray,Deportivo La Coruna,1-0,1-0,,,1,0,1,2,,,1,0,1,2,,TUR,ESP
2001-02-14,2000,GroupA-inter,groups,Valencia CF,Manchester United,0-0,0-0,,,0,0,1,1,,,0,0,1,1,,ESP,ENG
2001-02-14,2000,GroupA-inter,groups,Sturm Graz,Panathinaikos,2-0,0-0,,,2,0,4,1,,,2,0,4,1,,AUT,GRE
2001-02-20,2000,GroupB-inter,groups,Paris Saint-Germain,AC Milan,1-1,0-0,,,1,1,2,2,,,1,1,2,2,,FRA,ITA
2001-02-20,2000,GroupB-inter,groups,Deportivo La Coruna,Galatasaray,2-0,1-0,,,2,0,2,1,,,2,0,2,1,,ESP,TUR
2001-02-20,2000,GroupA-inter,groups,Manchester United,Valencia CF,1-1,1-0,,,1,1,1,1,,,1,1,1,1,,ENG,ESP
2001-02-20,2000,GroupA-inter,groups,Panathinaikos,Sturm Graz,1-2,0-2,,,1,2,1,4,,,1,2,1,4,,GRE,AUT
2001-02-21,2000,GroupC-inter,groups,Arsenal,Olympique Lyon,1-1,1-0,,,1,1,2,1,,,1,1,2,1,,ENG,FRA
2001-02-21,2000,GroupC-inter,groups,Spartak Moskva,Bayern Munich,0-3,0-1,,,0,3,0,4,,,0,3,0,4,,RUS,GER
2001-02-21,2000,GroupD-inter,groups,Lazio,Real Madrid,2-2,1-1,,,2,2,4,5,,,2,2,4,5,,ITA,ESP
2001-02-21,2000,GroupD-inter,groups,RSC Anderlecht,Leeds United,1-4,0-3,,,1,4,2,6,,,1,4,2,6,,BEL,ENG
2001-03-06,2000,GroupC-inter,groups,Arsenal,Spartak Moskva,1-0,0-0,,,1,0,2,4,,,1,0,2,4,,ENG,RUS
2001-03-06,2000,GroupC-inter,groups,Olympique Lyon,Bayern Munich,3-0,2-0,,,3,0,3,1,,,3,0,3,1,,FRA,GER
2001-03-06,2000,GroupD-inter,groups,Lazio,RSC Anderlecht,2-1,1-0,,,2,1,2,2,,,2,1,2,2,,ITA,BEL
2001-03-06,2000,GroupD-inter,groups,Real Madrid,Leeds United,3-2,2-1,,,3,2,5,2,,,3,2,5,2,,ESP,ENG
2001-03-07,2000,GroupB-inter,groups,Galatasaray,AC Milan,2-0,1-0,,,2,0,4,2,,,2,0,4,2,,TUR,ITA
2001-03-07,2000,GroupB-inter,groups,Deportivo La Coruna,Paris Saint-Germain,4-3,0-2,,,4,3,7,4,,,4,3,7,4,,ESP,FRA
2001-03-07,2000,GroupA-inter,groups,Panathinaikos,Manchester United,1-1,1-0,,,1,1,2,4,,,1,1,2,4,,GRE,ENG
2001-03-07,2000,GroupA-inter,groups,Sturm Graz,Valencia CF,0-5,0-1,,,0,5,0,7,,,0,5,0,7,,AUT,ESP
2001-03-13,2000,GroupB-inter,groups,AC Milan,Deportivo La Coruna,1-1,0-0,,,1,1,2,1,,,1,1,2,1,,ITA,ESP
2001-03-13,2000,GroupB-inter,groups,Paris Saint-Germain,Galatasaray,2-0,2-0,,,2,0,2,1,,,2,0,2,1,,FRA,TUR
2001-03-13,2000,GroupA-inter,groups,Manchester United,Sturm Graz,3-0,2-0,,,3,0,5,0,,,3,0,5,0,,ENG,AUT
2001-03-13,2000,GroupA-inter,groups,Valencia CF,Panathinaikos,2-1,1-1,,,2,1,2,1,,,2,1,2,1,,ESP,GRE
2001-03-14,2000,GroupC-inter,groups,Bayern Munich,Arsenal,1-0,1-0,,,1,0,3,2,,,1,0,3,2,,GER,ENG
2001-03-14,2000,GroupD-inter,groups,Leeds United,Lazio,3-3,2-2,,,3,3,4,3,,,3,3,4,3,,ENG,ITA
2001-03-14,2000,GroupC-inter,groups,Spartak Moskva,Olympique Lyon,1-1,1-0,,,1,1,1,4,,,1,1,1,4,,RUS,FRA
2001-03-14,2000,GroupD-inter,groups,RSC Anderlecht,Real Madrid,2-0,0-0,,,2,0,3,4,,,2,0,3,4,,BEL,ESP
2001-04-03,2000,QF,1,Manchester United,Bayern Munich,0-1,0-0,,,0,1,1,3,,,0,1,1,3,Bayern Munich,ENG,GER
2001-04-03,2000,QF,1,Galatasaray,Real Madrid,3-2,0-2,,,3,2,3,5,,,3,2,3,5,Real Madrid,TUR,ESP
2001-04-04,2000,QF,1,Arsenal,Valencia CF,2-1,0-1,,,2,1,2,2,,,2,1,2,2,Valencia CF,ENG,ESP
2001-04-04,2000,QF,1,Leeds United,Deportivo La Coruna,3-0,1-0,,,3,0,3,2,,,3,0,3,2,Leeds United,ENG,ESP
2001-04-17,2000,QF,2,Valencia CF,Arsenal,1-0,0-0,,away goals,1,0,2,2,,,1,0,2,2,Valencia CF,ESP,ENG
2001-04-17,2000,QF,2,Deportivo La Coruna,Leeds United,2-0,1-0,,,2,0,2,3,,,2,0,2,3,Leeds United,ESP,ENG
2001-04-18,2000,QF,2,Bayern Munich,Manchester United,2-1,2-0,,,2,1,3,1,,,2,1,3,1,Bayern Munich,GER,ENG
2001-04-18,2000,QF,2,Real Madrid,Galatasaray,3-0,3-0,,,3,0,5,3,,,3,0,5,3,Real Madrid,ESP,TUR
2001-05-01,2000,SF,1,Real Madrid,Bayern Munich,0-1,0-0,,,0,1,1,3,,,0,1,1,3,Bayern Munich,ESP,GER
2001-05-02,2000,SF,1,Leeds United,Valencia CF,0-0,0-0,,,0,0,0,3,,,0,0,0,3,Valencia CF,ENG,ESP
2001-05-08,2000,SF,2,Valencia CF,Leeds United,3-0,1-0,,,3,0,3,0,,,3,0,3,0,Valencia CF,ESP,ENG
2001-05-09,2000,SF,2,Bayern Munich,Real Madrid,2-1,2-1,,,2,1,3,1,,,2,1,3,1,Bayern Munich,GER,ESP
2001-05-23,2000,final,,Bayern Munich,Valencia CF,1-1,0-1,1-1,5-4,1,1,1,1,1.0,1.0,1,1,1,1,Bayern Munich,GER,ESP
2001-07-11,2001,Q-1,1,Sloga Jugomagnat Skopje,FBK Kaunas,0-0,,,,0,0,1,1,,,0,0,1,1,Sloga Jugomagnat Skopje,MKD,LTU
2001-07-11,2001,Q-1,1,KR Reykjavik,FK Vllaznia,2-1,,,,2,1,2,2,,,2,1,2,2,FK Vllaznia,ISL,ALB
2001-07-11,2001,Q-1,1,Araks Ararat,Sheriff Tiraspol,0-1,,,,0,1,0,3,,,0,1,0,3,Sheriff Tiraspol,ARM,MDA
2001-07-11,2001,Q-1,1,Barry Town,Shamkir,2-0,,,,2,0,3,0,,,2,0,3,0,Barry Town,WAL,AZE
2001-07-11,2001,Q-1,1,Bohemians,Levadia,3-0,,,,3,0,3,0,,,3,0,3,0,Bohemians,IRL,EST
2001-07-11,2001,Q-1,1,F91 Dudelange,Skonto,1-6,,,,1,6,2,6,,,1,6,2,6,Skonto,LUX,LVA
2001-07-11,2001,Q-1,1,Valletta,Haka Valkeakoski,0-0,,,,0,0,0,5,,,0,0,0,5,Haka Valkeakoski,MLT,FIN
2001-07-11,2001,Q-1,1,Levski Sofia,Zeljeznicar Sarajevo,4-0,,,,4,0,4,0,,,4,0,4,0,Levski Sofia,BUL,BIH
2001-07-11,2001,Q-1,1,Linfield,Torpedo Kutaisi,0-0,,,,0,0,0,1,,,0,0,0,1,Torpedo Kutaisi,NIR,GEO
2001-07-11,2001,Q-1,1,Vagur,PFC Slavia Sofia,0-0,,,,0,0,0,5,,,0,0,0,5,PFC Slavia Sofia,FRO,BUL
2001-07-18,2001,Q-1,2,FBK Kaunas,Sloga Jugomagnat Skopje,1-1,,,away goals,1,1,1,1,,,1,1,1,1,Sloga Jugomagnat Skopje,LTU,MKD
2001-07-18,2001,Q-1,2,FK Vllaznia,KR Reykjavik,1-0,,,away goals,1,0,2,2,,,1,0,2,2,FK Vllaznia,ALB,ISL
2001-07-18,2001,Q-1,2,Sheriff Tiraspol,Araks Ararat,2-0,,,,2,0,3,0,,,2,0,3,0,Sheriff Tiraspol,MDA,ARM
2001-07-18,2001,Q-1,2,Shamkir,Barry Town,0-1,,,,0,1,0,3,,,0,1,0,3,Barry Town,AZE,WAL
2001-07-18,2001,Q-1,2,Levadia,Bohemians,0-0,,,,0,0,0,3,,,0,0,0,3,Bohemians,EST,IRL
2001-07-18,2001,Q-1,2,Skonto,F91 Dudelange,0-1,,,,0,1,6,2,,,0,1,6,2,Skonto,LVA,LUX
2001-07-18,2001,Q-1,2,Haka Valkeakoski,Valletta,5-0,,,,5,0,5,0,,,5,0,5,0,Haka Valkeakoski,FIN,MLT
2001-07-18,2001,Q-1,2,Zeljeznicar Sarajevo,Levski Sofia,0-0,,,,0,0,0,4,,,0,0,0,4,Levski Sofia,BIH,BUL
2001-07-18,2001,Q-1,2,Torpedo Kutaisi,Linfield,1-0,,,,1,0,1,0,,,1,0,1,0,Torpedo Kutaisi,GEO,NIR
2001-07-18,2001,Q-1,2,PFC Slavia Sofia,Vagur,5-0,,,,5,0,5,0,,,5,0,5,0,PFC Slavia Sofia,BUL,FRO
2001-07-25,2001,Q-2,1,Ferencvaros,Hajduk Split,0-0,,,,0,0,0,0,,,0,0,0,0,Hajduk Split,HUN,CRO
2001-07-25,2001,Q-2,1,Levski Sofia,Brann,0-0,,,,0,0,1,1,,,0,0,1,1,Levski Sofia,BUL,NOR
2001-07-25,2001,Q-2,1,FC Porto,Barry Town,8-0,,,,8,0,9,3,,,8,0,9,3,FC Porto,POR,WAL
2001-07-25,2001,Q-2,1,Bohemians,Halmstads BK,1-2,,,,1,2,1,4,,,1,2,1,4,Halmstads BK,IRL,SWE
2001-07-25,2001,Q-2,1,Omonia Nicosia,Crvena Zvezda,1-1,,,,1,1,2,3,,,1,1,2,3,Crvena Zvezda,CYP,SRB
2001-07-25,2001,Q-2,1,PFC Slavia Sofia,FK Inter Bratislava,0-1,,,,0,1,0,2,,,0,1,0,2,FK Inter Bratislava,BUL,SVK
2001-07-25,2001,Q-2,1,Galatasaray,FK Vllaznia,2-0,,,,2,0,6,1,,,2,0,6,1,Galatasaray,TUR,ALB
2001-07-25,2001,Q-2,1,Haka Valkeakoski,Maccabi Haifa,0-1,,,,0,1,3,1,,,0,1,3,1,Haka Valkeakoski,FIN,ISR
2001-07-25,2001,Q-2,1,Torpedo Kutaisi,Kobenhavn,1-1,,,,1,1,2,4,,,1,1,2,4,Kobenhavn,GEO,DEN
2001-07-25,2001,Q-2,1,Shakhtar Donetsk,Lugano,3-0,,,,3,0,4,2,,,3,0,4,2,Shakhtar Donetsk,UKR,SUI
2001-07-25,2001,Q-2,1,NK Maribor,Rangers,0-3,,,,0,3,1,6,,,0,3,1,6,Rangers,SVN,SCO
2001-07-25,2001,Q-2,1,RSC Anderlecht,Sheriff Tiraspol,4-0,,,,4,0,6,1,,,4,0,6,1,RSC Anderlecht,BEL,MDA
2001-07-25,2001,Q-2,1,Skonto,Wisla Krakow,1-2,,,,1,2,1,3,,,1,2,1,3,Wisla Krakow,LVA,POL
2001-07-25,2001,Q-2,1,Steaua Bucuresti,Sloga Jugomagnat Skopje,3-0,,,,3,0,5,1,,,3,0,5,1,Steaua Bucuresti,ROU,MKD
2001-08-01,2001,Q-2,2,Hajduk Split,Ferencvaros,0-0,,0-0,5-4,0,0,0,0,0.0,0.0,0,0,0,0,Hajduk Split,CRO,HUN
2001-08-01,2001,Q-2,2,Brann,Levski Sofia,1-1,,,away goals,1,1,1,1,,,1,1,1,1,Levski Sofia,NOR,BUL
2001-08-01,2001,Q-2,2,Barry Town,FC Porto,3-1,,,,3,1,3,9,,,3,1,3,9,FC Porto,WAL,POR
2001-08-01,2001,Q-2,2,Halmstads BK,Bohemians,2-0,,,,2,0,4,1,,,2,0,4,1,Halmstads BK,SWE,IRL
2001-08-01,2001,Q-2,2,Crvena Zvezda,Omonia Nicosia,2-1,,,,2,1,3,2,,,2,1,3,2,Crvena Zvezda,SRB,CYP
2001-08-01,2001,Q-2,2,FK Inter Bratislava,PFC Slavia Sofia,1-0,,,,1,0,2,0,,,1,0,2,0,FK Inter Bratislava,SVK,BUL
2001-08-01,2001,Q-2,2,FK Vllaznia,Galatasaray,1-4,,,,1,4,1,6,,,1,4,1,6,Galatasaray,ALB,TUR
2001-08-01,2001,Q-2,2,Maccabi Haifa,Haka Valkeakoski,0-3,,,,0,3,1,3,,,0,3,1,3,Haka Valkeakoski,ISR,FIN
2001-08-01,2001,Q-2,2,Kobenhavn,Torpedo Kutaisi,3-1,,,,3,1,4,2,,,3,1,4,2,Kobenhavn,DEN,GEO
2001-08-01,2001,Q-2,2,Lugano,Shakhtar Donetsk,2-1,,,,2,1,2,4,,,2,1,2,4,Shakhtar Donetsk,SUI,UKR
2001-08-01,2001,Q-2,2,Rangers,NK Maribor,3-1,,,,3,1,6,1,,,3,1,6,1,Rangers,SCO,SVN
2001-08-01,2001,Q-2,2,Sheriff Tiraspol,RSC Anderlecht,1-2,,,,1,2,1,6,,,1,2,1,6,RSC Anderlecht,MDA,BEL
2001-08-01,2001,Q-2,2,Wisla Krakow,Skonto,1-0,,,,1,0,3,1,,,1,0,3,1,Wisla Krakow,POL,LVA
2001-08-01,2001,Q-2,2,Sloga Jugomagnat Skopje,Steaua Bucuresti,1-2,,,,1,2,1,5,,,1,2,1,5,Steaua Bucuresti,MKD,ROU
2001-08-07,2001,Q-3,1,Wisla Krakow,Barcelona,3-4,,,,3,4,3,5,,,3,4,3,5,Barcelona,POL,ESP
2001-08-07,2001,Q-3,1,Shakhtar Donetsk,Borussia Dortmund,0-2,,,,0,2,1,5,,,0,2,1,5,Borussia Dortmund,UKR,GER
2001-08-07,2001,Q-3,1,Kobenhavn,Lazio,2-1,,,,2,1,3,5,,,2,1,3,5,Lazio,DEN,ITA
2001-08-07,2001,Q-3,1,Lokomotiv Moskva,SSW Innsbruck,3-1,,,,3,1,3,2,,,3,1,3,2,Lokomotiv Moskva,RUS,AUT
2001-08-08,2001,Q-3,1,AFC Ajax,Celtic,1-3,,,,1,3,2,3,,,1,3,2,3,Celtic,NED,SCO
2001-08-08,2001,Q-3,1,Crvena Zvezda,Bayer Leverkusen,0-0,,,,0,0,0,3,,,0,0,0,3,Bayer Leverkusen,SRB,GER
2001-08-08,2001,Q-3,1,Steaua Bucuresti,Dinamo Kiev,2-4,,,,2,4,3,5,,,2,4,3,5,Dinamo Kiev,ROU,UKR
2001-08-08,2001,Q-3,1,FC Porto,Grasshoppers Zurich,2-2,,,,2,2,5,4,,,2,2,5,4,FC Porto,POR,SUI
2001-08-08,2001,Q-3,1,Rangers,Fenerbahce,0-0,,,,0,0,1,2,,,0,0,1,2,Fenerbahce,SCO,TUR
2001-08-08,2001,Q-3,1,FK Inter Bratislava,Rosenborg BK,3-3,,,,3,3,3,7,,,3,3,3,7,Rosenborg BK,SVK,NOR
2001-08-08,2001,Q-3,1,Galatasaray,Levski Sofia,2-1,,,,2,1,3,2,,,2,1,3,2,Galatasaray,TUR,BUL
2001-08-08,2001,Q-3,1,Hajduk Split,RCD Mallorca,1-0,,,,1,0,1,1,,,1,0,1,2,RCD Mallorca,CRO,ESP
2001-08-08,2001,Q-3,1,Haka Valkeakoski,Liverpool,0-5,,,,0,5,1,9,,,0,5,1,9,Liverpool,FIN,ENG
2001-08-08,2001,Q-3,1,Halmstads BK,RSC Anderlecht,2-3,,,,2,3,3,4,,,2,3,3,4,RSC Anderlecht,SWE,BEL
2001-08-08,2001,Q-3,1,Parma,Lille OSC,0-2,,,,0,2,1,2,,,0,2,1,2,Lille OSC,ITA,FRA
2001-08-08,2001,Q-3,1,Slavia Praha,Panathinaikos,1-2,,,,1,2,1,3,,,1,2,1,3,Panathinaikos,CZE,GRE
2001-08-21,2001,Q-3,2,Barcelona,Wisla Krakow,1-0,,,,1,0,5,3,,,1,0,5,3,Barcelona,ESP,POL
2001-08-21,2001,Q-3,2,Borussia Dortmund,Shakhtar Donetsk,3-1,,,,3,1,5,1,,,3,1,5,1,Borussia Dortmund,GER,UKR
2001-08-21,2001,Q-3,2,Lazio,Kobenhavn,4-1,,,,4,1,5,3,,,4,1,5,3,Lazio,ITA,DEN
2001-08-21,2001,Q-3,2,SSW Innsbruck,Lokomotiv Moskva,1-0,,,,1,0,2,3,,,1,0,2,3,Lokomotiv Moskva,AUT,RUS
2001-08-22,2001,Q-3,2,Celtic,AFC Ajax,0-1,,,,0,1,3,2,,,0,1,3,2,Celtic,SCO,NED
2001-08-22,2001,Q-3,2,Bayer Leverkusen,Crvena Zvezda,3-0,,,,3,0,3,0,,,3,0,3,0,Bayer Leverkusen,GER,SRB
2001-08-22,2001,Q-3,2,Dinamo Kiev,Steaua Bucuresti,1-1,,,,1,1,5,3,,,1,1,5,3,Dinamo Kiev,UKR,ROU
2001-08-22,2001,Q-3,2,Grasshoppers Zurich,FC Porto,2-3,,,,2,3,4,5,,,2,3,4,5,FC Porto,SUI,POR
2001-08-22,2001,Q-3,2,Fenerbahce,Rangers,2-1,,,,2,1,2,1,,,2,1,2,1,Fenerbahce,TUR,SCO
2001-08-22,2001,Q-3,2,Rosenborg BK,FK Inter Bratislava,4-0,,,,4,0,7,3,,,4,0,7,3,Rosenborg BK,NOR,SVK
2001-08-22,2001,Q-3,2,Levski Sofia,Galatasaray,1-1,,,,1,1,2,3,,,1,1,2,3,Galatasaray,BUL,TUR
2001-08-22,2001,Q-3,2,RCD Mallorca,Hajduk Split,1-0,,2-0,,1,0,1,1,2.0,0.0,2,0,2,1,RCD Mallorca,ESP,CRO
2001-08-22,2001,Q-3,2,Liverpool,Haka Valkeakoski,4-1,,,,4,1,9,1,,,4,1,9,1,Liverpool,ENG,FIN
2001-08-22,2001,Q-3,2,RSC Anderlecht,Halmstads BK,1-1,,,,1,1,4,3,,,1,1,4,3,RSC Anderlecht,BEL,SWE
2001-08-22,2001,Q-3,2,Lille OSC,Parma,0-1,,,,0,1,2,1,,,0,1,2,1,Lille OSC,FRA,ITA
2001-08-22,2001,Q-3,2,Panathinaikos,Slavia Praha,1-0,,,,1,0,3,1,,,1,0,3,1,Panathinaikos,GRE,CZE
2001-09-11,2001,GroupC-prelim,groups,RCD Mallorca,Arsenal,1-0,1-0,,,1,0,2,3,,,1,0,2,3,,ESP,ENG
2001-09-11,2001,GroupA-prelim,groups,AS Roma,Real Madrid,1-2,0-0,,,1,2,2,3,,,1,2,2,3,,ITA,ESP
2001-09-11,2001,GroupB-prelim,groups,Liverpool,Boavista,1-1,1-1,,,1,1,2,2,,,1,1,2,2,,ENG,POR
2001-09-11,2001,GroupB-prelim,groups,Dinamo Kiev,Borussia Dortmund,2-2,2-0,,,2,2,2,3,,,2,2,2,3,,UKR,GER
2001-09-11,2001,GroupD-prelim,groups,Galatasaray,Lazio,1-0,0-0,,,1,0,1,1,,,1,0,1,1,,TUR,ITA
2001-09-11,2001,GroupA-prelim,groups,Lokomotiv Moskva,RSC Anderlecht,1-1,1-1,,,1,1,6,2,,,1,1,6,2,,RUS,BEL
2001-09-11,2001,GroupD-prelim,groups,Nantes,PSV Eindhoven,4-1,3-0,,,4,1,4,1,,,4,1,4,1,,FRA,NED
2001-09-11,2001,GroupC-prelim,groups,Schalke 04,Panathinaikos,0-2,0-0,,,0,2,0,4,,,0,2,0,4,,GER,GRE
2001-09-18,2001,GroupF-prelim,groups,Fenerbahce,Barcelona,0-3,0-2,,,0,3,0,4,,,0,3,0,4,,TUR,ESP
2001-09-18,2001,GroupF-prelim,groups,Olympique Lyon,Bayer Leverkusen,0-1,0-0,,,0,1,4,3,,,0,1,4,3,,FRA,GER
2001-09-18,2001,GroupH-prelim,groups,Bayern Munich,Sparta Praha,0-0,0-0,,,0,0,1,0,,,0,0,1,0,,GER,CZE
2001-09-18,2001,GroupE-prelim,groups,Juventus,Celtic,3-2,1-0,,,3,2,6,6,,,3,2,6,6,,ITA,SCO
2001-09-18,2001,GroupG-prelim,groups,Deportivo La Coruna,Olympiacos,2-2,1-0,,,2,2,3,3,,,2,2,3,3,,ESP,GRE
2001-09-18,2001,GroupE-prelim,groups,Rosenborg BK,FC Porto,1-2,0-1,,,1,2,1,3,,,1,2,1,3,,NOR,POR
2001-09-18,2001,GroupH-prelim,groups,Spartak Moskva,Feyenoord,2-2,0-1,,,2,2,3,4,,,2,2,3,4,,RUS,NED
2001-09-18,2001,GroupG-prelim,groups,Manchester United,Lille OSC,1-0,0-0,,,1,0,2,1,,,1,0,2,1,,ENG,FRA
2001-09-19,2001,GroupC-prelim,groups,Arsenal,Schalke 04,3-2,2-1,,,3,2,4,5,,,3,2,4,5,,ENG,GER
2001-09-19,2001,GroupA-prelim,groups,RSC Anderlecht,AS Roma,0-0,0-0,,,0,0,1,1,,,0,0,1,1,,BEL,ITA
2001-09-19,2001,GroupB-prelim,groups,Boavista,Dinamo Kiev,3-1,3-1,,,3,1,3,2,,,3,1,3,2,,POR,UKR
2001-09-19,2001,GroupB-prelim,groups,Borussia Dortmund,Liverpool,0-0,0-0,,,0,0,0,2,,,0,0,0,2,,GER,ENG
2001-09-19,2001,GroupD-prelim,groups,PSV Eindhoven,Galatasaray,3-1,1-0,,,3,1,3,3,,,3,1,3,3,,NED,TUR
2001-09-19,2001,GroupD-prelim,groups,Lazio,Nantes,1-3,1-1,,,1,3,1,4,,,1,3,1,4,,ITA,FRA
2001-09-19,2001,GroupA-prelim,groups,Real Madrid,Lokomotiv Moskva,4-0,1-0,,,4,0,4,2,,,4,0,4,2,,ESP,RUS
2001-09-19,2001,GroupC-prelim,groups,Panathinaikos,RCD Mallorca,2-0,2-0,,,2,0,2,1,,,2,0,2,1,,GRE,ESP
2001-09-25,2001,GroupG-prelim,groups,Deportivo La Coruna,Manchester United,2-1,0-1,,,2,1,5,3,,,2,1,5,3,,ESP,ENG
2001-09-25,2001,GroupF-prelim,groups,Bayer Leverkusen,Barcelona,2-1,0-1,,,2,1,3,3,,,2,1,3,3,,GER,ESP
2001-09-25,2001,GroupH-prelim,groups,Spartak Moskva,Bayern Munich,1-3,0-2,,,1,3,2,8,,,1,3,2,8,,RUS,GER
2001-09-25,2001,GroupE-prelim,groups,Celtic,FC Porto,1-0,1-0,,,1,0,1,3,,,1,0,1,3,,SCO,POR
2001-09-25,2001,GroupF-prelim,groups,Fenerbahce,Olympique Lyon,0-1,0-0,,,0,1,1,4,,,0,1,1,4,,TUR,FRA
2001-09-25,2001,GroupH-prelim,groups,Sparta Praha,Feyenoord,4-0,2-0,,,4,0,6,0,,,4,0,6,0,,CZE,NED
2001-09-25,2001,GroupE-prelim,groups,Rosenborg BK,Juventus,1-1,0-0,,,1,1,1,2,,,1,1,1,2,,NOR,ITA
2001-09-25,2001,GroupG-prelim,groups,Lille OSC,Olympiacos,3-1,2-0,,,3,1,4,3,,,3,1,4,3,,FRA,GRE
2001-09-26,2001,GroupC-prelim,groups,Panathinaikos,Arsenal,1-0,1-0,,,1,0,2,2,,,1,0,2,2,,GRE,ENG
2001-09-26,2001,GroupA-prelim,groups,AS Roma,Lokomotiv Moskva,2-1,0-0,,,2,1,3,1,,,2,1,3,1,,ITA,RUS
2001-09-26,2001,GroupB-prelim,groups,Boavista,Borussia Dortmund,2-1,2-0,,,2,1,3,3,,,2,1,3,3,,POR,GER
2001-09-26,2001,GroupB-prelim,groups,Liverpool,Dinamo Kiev,1-0,1-0,,,1,0,3,1,,,1,0,3,1,,ENG,UKR
2001-09-26,2001,GroupD-prelim,groups,Nantes,Galatasaray,0-1,0-0,,,0,1,0,1,,,0,1,0,1,,FRA,TUR
2001-09-26,2001,GroupD-prelim,groups,PSV Eindhoven,Lazio,1-0,1-0,,,1,0,2,2,,,1,0,2,2,,NED,ITA
2001-09-26,2001,GroupC-prelim,groups,Schalke 04,RCD Mallorca,0-1,0-0,,,0,1,4,1,,,0,1,4,1,,GER,ESP
2001-09-26,2001,GroupA-prelim,groups,Real Madrid,RSC Anderlecht,4-1,0-1,,,4,1,6,1,,,4,1,6,1,,ESP,BEL
2001-10-10,2001,GroupF-prelim,groups,Barcelona,Olympique Lyon,2-0,0-0,,,2,0,5,2,,,2,0,5,2,,ESP,FRA
2001-10-10,2001,GroupF-prelim,groups,Bayer Leverkusen,Fenerbahce,2-1,1-1,,,2,1,4,2,,,2,1,4,2,,GER,TUR
2001-10-10,2001,GroupH-prelim,groups,Feyenoord,Bayern Munich,2-2,2-1,,,2,2,3,5,,,2,2,3,5,,NED,GER
2001-10-10,2001,GroupE-prelim,groups,Celtic,Rosenborg BK,1-0,1-0,,,1,0,1,2,,,1,0,1,2,,SCO,NOR
2001-10-10,2001,GroupG-prelim,groups,Lille OSC,Deportivo La Coruna,1-1,0-0,,,1,1,2,2,,,1,1,2,2,,FRA,ESP
2001-10-10,2001,GroupE-prelim,groups,FC Porto,Juventus,0-0,0-0,,,0,0,1,3,,,0,0,1,3,,POR,ITA
2001-10-10,2001,GroupG-prelim,groups,Olympiacos,Manchester United,0-2,0-0,,,0,2,0,5,,,0,2,0,5,,GRE,ENG
2001-10-10,2001,GroupH-prelim,groups,Sparta Praha,Spartak Moskva,2-0,0-0,,,2,0,4,2,,,2,0,4,2,,CZE,RUS
2001-10-16,2001,GroupC-prelim,groups,Arsenal,Panathinaikos,2-1,1-0,,,2,1,2,2,,,2,1,2,2,,ENG,GRE
2001-10-16,2001,GroupA-prelim,groups,Lokomotiv Moskva,AS Roma,0-1,0-0,,,0,1,1,3,,,0,1,1,3,,RUS,ITA
2001-10-16,2001,GroupB-prelim,groups,Borussia Dortmund,Boavista,2-1,0-1,,,2,1,3,3,,,2,1,3,3,,GER,POR
2001-10-16,2001,GroupB-prelim,groups,Dinamo Kiev,Liverpool,1-2,0-1,,,1,2,1,3,,,1,2,1,3,,UKR,ENG
2001-10-16,2001,GroupD-prelim,groups,Galatasaray,Nantes,0-0,0-0,,,0,0,1,0,,,0,0,1,0,,TUR,FRA
2001-10-16,2001,GroupD-prelim,groups,Lazio,PSV Eindhoven,2-1,1-0,,,2,1,2,2,,,2,1,2,2,,ITA,NED
2001-10-16,2001,GroupC-prelim,groups,RCD Mallorca,Schalke 04,0-4,0-2,,,0,4,1,4,,,0,4,1,4,,ESP,GER
2001-10-16,2001,GroupA-prelim,groups,RSC Anderlecht,Real Madrid,0-2,0-2,,,0,2,1,6,,,0,2,1,6,,BEL,ESP
2001-10-17,2001,GroupG-prelim,groups,Manchester United,Deportivo La Coruna,2-3,2-2,,,2,3,3,5,,,2,3,3,5,,ENG,ESP
2001-10-17,2001,GroupF-prelim,groups,Barcelona,Bayer Leverkusen,2-1,2-1,,,2,1,3,3,,,2,1,3,3,,ESP,GER
2001-10-17,2001,GroupH-prelim,groups,Bayern Munich,Spartak Moskva,5-1,3-0,,,5,1,8,2,,,5,1,8,2,,GER,RUS
2001-10-17,2001,GroupE-prelim,groups,FC Porto,Celtic,3-0,2-0,,,3,0,3,1,,,3,0,3,1,,POR,SCO
2001-10-17,2001,GroupF-prelim,groups,Olympique Lyon,Fenerbahce,3-1,1-1,,,3,1,4,1,,,3,1,4,1,,FRA,TUR
2001-10-17,2001,GroupH-prelim,groups,Feyenoord,Sparta Praha,0-2,0-1,,,0,2,0,6,,,0,2,0,6,,NED,CZE
2001-10-17,2001,GroupE-prelim,groups,Juventus,Rosenborg BK,1-0,1-0,,,1,0,2,1,,,1,0,2,1,,ITA,NOR
2001-10-17,2001,GroupG-prelim,groups,Olympiacos,Lille OSC,2-1,0-1,,,2,1,3,4,,,2,1,3,4,,GRE,FRA
2001-10-23,2001,GroupF-prelim,groups,Olympique Lyon,Barcelona,2-3,0-2,,,2,3,2,5,,,2,3,2,5,,FRA,ESP
2001-10-23,2001,GroupF-prelim,groups,Fenerbahce,Bayer Leverkusen,1-2,1-2,,,1,2,2,4,,,1,2,2,4,,TUR,GER
2001-10-23,2001,GroupH-prelim,groups,Bayern Munich,Feyenoord,3-1,2-1,,,3,1,5,3,,,3,1,5,3,,GER,NED
2001-10-23,2001,GroupE-prelim,groups,Rosenborg BK,Celtic,2-0,2-0,,,2,0,2,1,,,2,0,2,1,,NOR,SCO
2001-10-23,2001,GroupG-prelim,groups,Deportivo La Coruna,Lille OSC,1-1,1-1,,,1,1,2,2,,,1,1,2,2,,ESP,FRA
2001-10-23,2001,GroupE-prelim,groups,Juventus,FC Porto,3-1,1-1,,,3,1,3,1,,,3,1,3,1,,ITA,POR
2001-10-23,2001,GroupG-prelim,groups,Manchester United,Olympiacos,3-0,0-0,,,3,0,5,0,,,3,0,5,0,,ENG,GRE
2001-10-23,2001,GroupH-prelim,groups,Spartak Moskva,Sparta Praha,2-2,2-1,,,2,2,2,4,,,2,2,2,4,,RUS,CZE
2001-10-24,2001,GroupC-prelim,groups,Arsenal,RCD Mallorca,3-1,0-0,,,3,1,3,2,,,3,1,3,2,,ENG,ESP
2001-10-24,2001,GroupA-prelim,groups,Real Madrid,AS Roma,1-1,0-1,,,1,1,3,2,,,1,1,3,2,,ESP,ITA
2001-10-24,2001,GroupB-prelim,groups,Boavista,Liverpool,1-1,0-1,,,1,1,2,2,,,1,1,2,2,,POR,ENG
2001-10-24,2001,GroupB-prelim,groups,Borussia Dortmund,Dinamo Kiev,1-0,1-0,,,1,0,3,2,,,1,0,3,2,,GER,UKR
2001-10-24,2001,GroupD-prelim,groups,Lazio,Galatasaray,1-0,0-0,,,1,0,1,1,,,1,0,1,1,,ITA,TUR
2001-10-24,2001,GroupA-prelim,groups,RSC Anderlecht,Lokomotiv Moskva,1-5,1-2,,,1,5,2,6,,,1,5,2,6,,BEL,RUS
2001-10-24,2001,GroupD-prelim,groups,PSV Eindhoven,Nantes,0-0,0-0,,,0,0,1,4,,,0,0,1,4,,NED,FRA
2001-10-24,2001,GroupC-prelim,groups,Panathinaikos,Schalke 04,2-0,1-0,,,2,0,4,0,,,2,0,4,0,,GRE,GER
2001-10-30,2001,GroupC-prelim,groups,Schalke 04,Arsenal,3-1,1-0,,,3,1,5,4,,,3,1,5,4,,GER,ENG
2001-10-30,2001,GroupA-prelim,groups,AS Roma,RSC Anderlecht,1-1,0-1,,,1,1,1,1,,,1,1,1,1,,ITA,BEL
2001-10-30,2001,GroupB-prelim,groups,Dinamo Kiev,Boavista,1-0,0-0,,,1,0,2,3,,,1,0,2,3,,UKR,POR
2001-10-30,2001,GroupB-prelim,groups,Liverpool,Borussia Dortmund,2-0,1-0,,,2,0,2,0,,,2,0,2,0,,ENG,GER
2001-10-30,2001,GroupD-prelim,groups,Galatasaray,PSV Eindhoven,2-0,1-0,,,2,0,3,3,,,2,0,3,3,,TUR,NED
2001-10-30,2001,GroupD-prelim,groups,Nantes,Lazio,1-0,0-0,,,1,0,4,1,,,1,0,4,1,,FRA,ITA
2001-10-30,2001,GroupA-prelim,groups,Lokomotiv Moskva,Real Madrid,2-0,1-0,,,2,0,2,4,,,2,0,2,4,,RUS,ESP
2001-10-30,2001,GroupC-prelim,groups,RCD Mallorca,Panathinaikos,1-0,0-0,,,1,0,1,2,,,1,0,1,2,,ESP,GRE
2001-10-31,2001,GroupF-prelim,groups,Barcelona,Fenerbahce,1-0,0-0,,,1,0,4,0,,,1,0,4,0,,ESP,TUR
2001-10-31,2001,GroupF-prelim,groups,Bayer Leverkusen,Olympique Lyon,2-4,1-2,,,2,4,3,4,,,2,4,3,4,,GER,FRA
2001-10-31,2001,GroupH-prelim,groups,Sparta Praha,Bayern Munich,0-1,0-1,,,0,1,0,1,,,0,1,0,1,,CZE,GER
2001-10-31,2001,GroupE-prelim,groups,Celtic,Juventus,4-3,2-1,,,4,3,6,6,,,4,3,6,6,,SCO,ITA
2001-10-31,2001,GroupG-prelim,groups,Olympiacos,Deportivo La Coruna,1-1,0-0,,,1,1,3,3,,,1,1,3,3,,GRE,ESP
2001-10-31,2001,GroupE-prelim,groups,FC Porto,Rosenborg BK,1-0,1-0,,,1,0,3,1,,,1,0,3,1,,POR,NOR
2001-10-31,2001,GroupH-prelim,groups,Feyenoord,Spartak Moskva,2-1,2-1,,,2,1,4,3,,,2,1,4,3,,NED,RUS
2001-10-31,2001,GroupG-prelim,groups,Lille OSC,Manchester United,1-1,0-1,,,1,1,1,2,,,1,1,1,2,,FRA,ENG
2001-11-20,2001,GroupB-inter,groups,Galatasaray,AS Roma,1-1,1-0,,,1,1,2,2,,,1,1,2,2,,TUR,ITA
2001-11-20,2001,GroupB-inter,groups,Liverpool,Barcelona,1-3,1-1,,,1,3,1,3,,,1,3,1,3,,ENG,ESP
2001-11-20,2001,GroupA-inter,groups,Bayern Munich,Manchester United,1-1,0-0,,,1,1,1,1,,,1,1,1,1,,GER,ENG
2001-11-20,2001,GroupA-inter,groups,Boavista,Nantes,1-0,1-0,,,1,0,2,1,,,1,0,2,1,,POR,FRA
2001-11-21,2001,GroupD-inter,groups,Deportivo La Coruna,Arsenal,2-0,2-0,,,2,0,4,0,,,2,0,4,0,,ESP,ENG
2001-11-21,2001,GroupC-inter,groups,Panathinaikos,FC Porto,0-0,0-0,,,0,0,1,2,,,0,0,1,2,,GRE,POR
2001-11-21,2001,GroupC-inter,groups,Sparta Praha,Real Madrid,2-3,1-2,,,2,3,2,6,,,2,3,2,6,,CZE,ESP
2001-11-29,2001,GroupD-inter,groups,Juventus,Bayer Leverkusen,4-0,3-0,,,4,0,5,3,,,4,0,5,3,,ITA,GER
2001-12-04,2001,GroupD-inter,groups,Arsenal,Juventus,3-1,2-0,,,3,1,3,2,,,3,1,3,2,,ENG,ITA
2001-12-04,2001,GroupD-inter,groups,Bayer Leverkusen,Deportivo La Coruna,3-0,0-0,,,3,0,6,1,,,3,0,6,1,,GER,ESP
2001-12-04,2001,GroupC-inter,groups,FC Porto,Sparta Praha,0-1,0-0,,,0,1,0,3,,,0,1,0,3,,POR,CZE
2001-12-04,2001,GroupC-inter,groups,Real Madrid,Panathinaikos,3-0,1-0,,,3,0,5,2,,,3,0,5,2,,ESP,GRE
2001-12-05,2001,GroupB-inter,groups,AS Roma,Liverpool,0-0,0-0,,,0,0,0,2,,,0,0,0,2,,ITA,ENG
2001-12-05,2001,GroupB-inter,groups,Barcelona,Galatasaray,2-2,0-2,,,2,2,3,2,,,2,2,3,2,,ESP,TUR
2001-12-05,2001,GroupA-inter,groups,Nantes,Bayern Munich,0-1,0-0,,,0,1,1,3,,,0,1,1,3,,FRA,GER
2001-12-05,2001,GroupA-inter,groups,Manchester United,Boavista,3-0,1-0,,,3,0,6,0,,,3,0,6,0,,ENG,POR
2002-02-19,2001,GroupD-inter,groups,Bayer Leverkusen,Arsenal,1-1,0-0,,,1,1,2,5,,,1,1,2,5,,GER,ENG
2002-02-19,2001,GroupD-inter,groups,Juventus,Deportivo La Coruna,0-0,0-0,,,0,0,0,2,,,0,0,0,2,,ITA,ESP
2002-02-19,2001,GroupC-inter,groups,Real Madrid,FC Porto,1-0,0-0,,,1,0,3,1,,,1,0,3,1,,ESP,POR
2002-02-19,2001,GroupC-inter,groups,Sparta Praha,Panathinaikos,0-2,0-1,,,0,2,1,4,,,0,2,1,4,,CZE,GRE
2002-02-20,2001,GroupB-inter,groups,Barcelona,AS Roma,1-1,0-0,,,1,1,1,4,,,1,1,1,4,,ESP,ITA
2002-02-20,2001,GroupA-inter,groups,Boavista,Bayern Munich,0-0,0-0,,,0,0,0,1,,,0,0,0,1,,POR,GER
2002-02-20,2001,GroupB-inter,groups,Liverpool,Galatasaray,0-0,0-0,,,0,0,1,1,,,0,0,1,1,,ENG,TUR
2002-02-20,2001,GroupA-inter,groups,Nantes,Manchester United,1-1,1-0,,,1,1,2,6,,,1,1,2,6,,FRA,ENG
2002-02-26,2001,GroupB-inter,groups,AS Roma,Barcelona,3-0,0-0,,,3,0,4,1,,,3,0,4,1,,ITA,ESP
2002-02-26,2001,GroupA-inter,groups,Bayern Munich,Boavista,1-0,0-0,,,1,0,1,0,,,1,0,1,0,,GER,POR
2002-02-26,2001,GroupB-inter,groups,Galatasaray,Liverpool,1-1,0-0,,,1,1,1,1,,,1,1,1,1,,TUR,ENG
2002-02-26,2001,GroupA-inter,groups,Manchester United,Nantes,5-1,3-1,,,5,1,6,2,,,5,1,6,2,,ENG,FRA
2002-02-27,2001,GroupD-inter,groups,Arsenal,Bayer Leverkusen,4-1,2-0,,,4,1,5,2,,,4,1,5,2,,ENG,GER
2002-02-27,2001,GroupD-inter,groups,Deportivo La Coruna,Juventus,2-0,1-0,,,2,0,2,0,,,2,0,2,0,,ESP,ITA
2002-02-27,2001,GroupC-inter,groups,FC Porto,Real Madrid,1-2,1-2,,,1,2,1,3,,,1,2,1,3,,POR,ESP
2002-02-27,2001,GroupC-inter,groups,Panathinaikos,Sparta Praha,2-1,1-0,,,2,1,4,1,,,2,1,4,1,,GRE,CZE
2002-03-12,2001,GroupD-inter,groups,Arsenal,Deportivo La Coruna,0-2,0-2,,,0,2,0,4,,,0,2,0,4,,ENG,ESP
2002-03-12,2001,GroupD-inter,groups,Bayer Leverkusen,Juventus,3-1,1-0,,,3,1,3,5,,,3,1,3,5,,GER,ITA
2002-03-12,2001,GroupC-inter,groups,FC Porto,Panathinaikos,2-1,1-0,,,2,1,2,1,,,2,1,2,1,,POR,GRE
2002-03-12,2001,GroupC-inter,groups,Real Madrid,Sparta Praha,3-0,0-0,,,3,0,6,2,,,3,0,6,2,,ESP,CZE
2002-03-13,2001,GroupB-inter,groups,AS Roma,Galatasaray,1-1,0-1,,,1,1,2,2,,,1,1,2,2,,ITA,TUR
2002-03-13,2001,GroupB-inter,groups,Barcelona,Liverpool,0-0,0-0,,,0,0,3,1,,,0,0,3,1,,ESP,ENG
2002-03-13,2001,GroupA-inter,groups,Manchester United,Bayern Munich,0-0,0-0,,,0,0,1,1,,,0,0,1,1,,ENG,GER
2002-03-13,2001,GroupA-inter,groups,Nantes,Boavista,1-1,1-0,,,1,1,1,2,,,1,1,1,2,,FRA,POR
2002-03-19,2001,GroupB-inter,groups,Liverpool,AS Roma,2-0,1-0,,,2,0,2,0,,,2,0,2,0,,ENG,ITA
2002-03-19,2001,GroupB-inter,groups,Galatasaray,Barcelona,0-1,0-0,,,0,1,2,3,,,0,1,2,3,,TUR,ESP
2002-03-19,2001,GroupA-inter,groups,Bayern Munich,Nantes,2-1,0-0,,,2,1,3,1,,,2,1,3,1,,GER,FRA
2002-03-19,2001,GroupA-inter,groups,Boavista,Manchester United,0-3,0-2,,,0,3,0,6,,,0,3,0,6,,POR,ENG
2002-03-20,2001,GroupD-inter,groups,Juventus,Arsenal,1-0,0-0,,,1,0,2,3,,,1,0,2,3,,ITA,ENG
2002-03-20,2001,GroupD-inter,groups,Deportivo La Coruna,Bayer Leverkusen,1-3,0-1,,,1,3,1,6,,,1,3,1,6,,ESP,GER
2002-03-20,2001,GroupC-inter,groups,Sparta Praha,FC Porto,2-0,0-0,,,2,0,3,0,,,2,0,3,0,,CZE,POR
2002-03-20,2001,GroupC-inter,groups,Panathinaikos,Real Madrid,2-2,1-1,,,2,2,2,5,,,2,2,2,5,,GRE,ESP
2002-04-02,2001,QF,1,Deportivo La Coruna,Manchester United,0-2,0-2,,,0,2,2,5,,,0,2,2,5,Manchester United,ESP,ENG
2002-04-02,2001,QF,1,Bayern Munich,Real Madrid,2-1,0-1,,,2,1,2,3,,,2,1,2,3,Real Madrid,GER,ESP
2002-04-03,2001,QF,1,Panathinaikos,Barcelona,1-0,0-0,,,1,0,2,3,,,1,0,2,3,Barcelona,GRE,ESP
2002-04-03,2001,QF,1,Liverpool,Bayer Leverkusen,1-0,1-0,,,1,0,3,4,,,1,0,3,4,Bayer Leverkusen,ENG,GER
2002-04-09,2001,QF,2,Barcelona,Panathinaikos,3-1,1-1,,,3,1,3,2,,,3,1,3,2,Barcelona,ESP,GRE
2002-04-09,2001,QF,2,Bayer Leverkusen,Liverpool,4-2,1-1,,,4,2,4,3,,,4,2,4,3,Bayer Leverkusen,GER,ENG
2002-04-10,2001,QF,2,Manchester United,Deportivo La Coruna,3-2,1-1,,,3,2,5,2,,,3,2,5,2,Manchester United,ENG,ESP
2002-04-10,2001,QF,2,Real Madrid,Bayern Munich,2-0,0-0,,,2,0,3,2,,,2,0,3,2,Real Madrid,ESP,GER
2002-04-23,2001,SF,1,Barcelona,Real Madrid,0-2,0-0,,,0,2,1,3,,,0,2,1,3,Real Madrid,ESP,ESP
2002-04-24,2001,SF,1,Manchester United,Bayer Leverkusen,2-2,1-0,,,2,2,3,3,,,2,2,3,3,Bayer Leverkusen,ENG,GER
2002-04-30,2001,SF,2,Bayer Leverkusen,Manchester United,1-1,1-1,,away goals,1,1,3,3,,,1,1,3,3,Bayer Leverkusen,GER,ENG
2002-05-01,2001,SF,2,Real Madrid,Barcelona,1-1,1-0,,,1,1,3,1,,,1,1,3,1,Real Madrid,ESP,ESP
2002-05-15,2001,final,,Real Madrid,Bayer Leverkusen,2-1,2-1,,,2,1,2,1,,,2,1,2,1,Real Madrid,ESP,GER
2002-07-17,2002,Q-1,1,Sheriff Tiraspol,Astana-64,2-1,,,,2,1,4,4,,,2,1,4,4,Sheriff Tiraspol,MDA,KAZ
2002-07-17,2002,Q-1,1,Flora Tallinn,APOEL Nikosia,0-0,,,,0,0,0,1,,,0,0,0,1,APOEL Nikosia,EST,CYP
2002-07-17,2002,Q-1,1,Torpedo Kutaisi,B36 Torshavn,5-2,,,,5,2,6,2,,,5,2,6,2,Torpedo Kutaisi,GEO,FRO
2002-07-17,2002,Q-1,1,Skonto,Barry Town,5-0,,,,5,0,6,0,,,5,0,6,0,Skonto,LVA,WAL
2002-07-17,2002,Q-1,1,Portadown,Belshina Bobruisk,0-0,,,,0,0,2,3,,,0,0,2,3,Belshina Bobruisk,NIR,BLR
2002-07-17,2002,Q-1,1,FBK Kaunas,Dinamo Tirana,2-3,,,,2,3,2,3,,,2,3,2,3,Dinamo Tirana,LTU,ALB
2002-07-17,2002,Q-1,1,F91 Dudelange,Vardar Skopje,1-1,,,,1,1,1,4,,,1,1,1,4,Vardar Skopje,LUX,MKD
2002-07-17,2002,Q-1,1,Hibernians,Shelbourne,2-2,,,,2,2,3,2,,,2,2,3,2,Hibernians,MLT,IRL
2002-07-17,2002,Q-1,1,Zeljeznicar Sarajevo,IA Akranes,3-0,,,,3,0,4,0,,,3,0,4,0,Zeljeznicar Sarajevo,BIH,ISL
2002-07-17,2002,Q-1,1,Tampere United,Pyunik,0-4,,,,0,4,0,6,,,0,4,0,6,Pyunik,FIN,ARM
2002-07-24,2002,Q-1,2,Astana-64,Sheriff Tiraspol,3-2,,,away goals,3,2,4,4,,,3,2,4,4,Sheriff Tiraspol,KAZ,MDA
2002-07-24,2002,Q-1,2,APOEL Nikosia,Flora Tallinn,1-0,,,,1,0,1,0,,,1,0,1,0,APOEL Nikosia,CYP,EST
2002-07-24,2002,Q-1,2,B36 Torshavn,Torpedo Kutaisi,0-1,,,,0,1,2,6,,,0,1,2,6,Torpedo Kutaisi,FRO,GEO
2002-07-24,2002,Q-1,2,Barry Town,Skonto,0-1,,,,0,1,0,6,,,0,1,0,6,Skonto,WAL,LVA
2002-07-24,2002,Q-1,2,Belshina Bobruisk,Portadown,3-2,,,,3,2,3,2,,,3,2,3,2,Belshina Bobruisk,BLR,NIR
2002-07-24,2002,Q-1,2,Dinamo Tirana,FBK Kaunas,0-0,,,,0,0,3,2,,,0,0,3,2,Dinamo Tirana,ALB,LTU
2002-07-24,2002,Q-1,2,Vardar Skopje,F91 Dudelange,3-0,,,,3,0,4,1,,,3,0,4,1,Vardar Skopje,MKD,LUX
2002-07-24,2002,Q-1,2,Shelbourne,Hibernians,0-1,,,,0,1,2,3,,,0,1,2,3,Hibernians,IRL,MLT
2002-07-24,2002,Q-1,2,IA Akranes,Zeljeznicar Sarajevo,0-1,,,,0,1,0,4,,,0,1,0,4,Zeljeznicar Sarajevo,ISL,BIH
2002-07-24,2002,Q-1,2,Pyunik,Tampere United,2-0,,,,2,0,6,0,,,2,0,6,0,Pyunik,ARM,FIN
2002-07-31,2002,Q-2,1,Zalaegerszegi TE,NK Zagreb,1-0,,,,1,0,2,2,,,1,0,2,2,Zalaegerszegi TE,HUN,CRO
2002-07-31,2002,Q-2,1,NK Maribor,APOEL Nikosia,2-1,,,,2,1,4,5,,,2,1,4,5,APOEL Nikosia,SVN,CYP
2002-07-31,2002,Q-2,1,MSK Zilina,Basel,1-1,,,,1,1,1,4,,,1,1,1,4,Basel,SVK,SUI
2002-07-31,2002,Q-2,1,Maccabi Haifa,Belshina Bobruisk,4-0,,,,4,0,5,0,,,4,0,5,0,Maccabi Haifa,ISR,BLR
2002-07-31,2002,Q-2,1,Boavista,Hibernians,4-0,,,,4,0,7,3,,,4,0,7,3,Boavista,POR,MLT
2002-07-31,2002,Q-2,1,Brondby IF,Dinamo Tirana,1-0,,,,1,0,5,0,,,1,0,5,0,Brondby IF,DEN,ALB
2002-07-31,2002,Q-2,1,Club Brugge,Dinamo Bucuresti,3-1,,,,3,1,4,1,,,3,1,4,1,Club Brugge,BEL,ROU
2002-07-31,2002,Q-2,1,Dinamo Kiev,Pyunik,4-0,,,,4,0,6,2,,,4,0,6,2,Dinamo Kiev,UKR,ARM
2002-07-31,2002,Q-2,1,Sheriff Tiraspol,Grazer AK,1-4,,,,1,4,1,6,,,1,4,1,6,Grazer AK,MDA,AUT
2002-07-31,2002,Q-2,1,Vardar Skopje,Legia Warsaw,1-3,,,,1,3,2,4,,,1,3,2,4,Legia Warsaw,MKD,POL
2002-07-31,2002,Q-2,1,Skonto,Levski Sofia,0-0,,,,0,0,0,2,,,0,0,0,2,Levski Sofia,LVA,BUL
2002-07-31,2002,Q-2,1,Lillestrom,Zeljeznicar Sarajevo,0-1,,,,0,1,0,2,,,0,1,0,2,Zeljeznicar Sarajevo,NOR,BIH
2002-07-31,2002,Q-2,1,Sparta Praha,Torpedo Kutaisi,3-0,,,,3,0,5,1,,,3,0,5,1,Sparta Praha,CZE,GEO
2002-07-31,2002,Q-2,1,Hammarby,Partizan Belgrade,1-1,,,,1,1,1,5,,,1,1,1,5,Partizan Belgrade,SWE,SRB
2002-08-07,2002,Q-2,2,NK Zagreb,Zalaegerszegi TE,2-1,,,away goals,2,1,2,2,,,2,1,2,2,Zalaegerszegi TE,CRO,HUN
2002-08-07,2002,Q-2,2,APOEL Nikosia,NK Maribor,4-2,,,,4,2,5,4,,,4,2,5,4,APOEL Nikosia,CYP,SVN
2002-08-07,2002,Q-2,2,Basel,MSK Zilina,3-0,,,,3,0,4,1,,,3,0,4,1,Basel,SUI,SVK
2002-08-07,2002,Q-2,2,Belshina Bobruisk,Maccabi Haifa,0-1,,,,0,1,0,5,,,0,1,0,5,Maccabi Haifa,BLR,ISR
2002-08-07,2002,Q-2,2,Hibernians,Boavista,3-3,,,,3,3,3,7,,,3,3,3,7,Boavista,MLT,POR
2002-08-07,2002,Q-2,2,Dinamo Tirana,Brondby IF,0-4,,,,0,4,0,5,,,0,4,0,5,Brondby IF,ALB,DEN
2002-08-07,2002,Q-2,2,Dinamo Bucuresti,Club Brugge,0-1,,,,0,1,1,4,,,0,1,1,4,Club Brugge,ROU,BEL
2002-08-07,2002,Q-2,2,Pyunik,Dinamo Kiev,2-2,,,,2,2,2,6,,,2,2,2,6,Dinamo Kiev,ARM,UKR
2002-08-07,2002,Q-2,2,Grazer AK,Sheriff Tiraspol,2-0,,,,2,0,6,1,,,2,0,6,1,Grazer AK,AUT,MDA
2002-08-07,2002,Q-2,2,Legia Warsaw,Vardar Skopje,1-1,,,,1,1,4,2,,,1,1,4,2,Legia Warsaw,POL,MKD
2002-08-07,2002,Q-2,2,Levski Sofia,Skonto,2-0,,,,2,0,2,0,,,2,0,2,0,Levski Sofia,BUL,LVA
2002-08-07,2002,Q-2,2,Zeljeznicar Sarajevo,Lillestrom,1-0,,,,1,0,2,0,,,1,0,2,0,Zeljeznicar Sarajevo,BIH,NOR
2002-08-07,2002,Q-2,2,Torpedo Kutaisi,Sparta Praha,1-2,,,,1,2,1,5,,,1,2,1,5,Sparta Praha,GEO,CZE
2002-08-07,2002,Q-2,2,Partizan Belgrade,Hammarby,4-0,,,,4,0,5,1,,,4,0,5,1,Partizan Belgrade,SRB,SWE
2002-08-13,2002,Q-3,1,Shakhtar Donetsk,Club Brugge,1-1,,,,1,1,2,2,,,1,1,2,2,Club Brugge,UKR,BEL
2002-08-13,2002,Q-3,1,AC Milan,Slovan Liberec,1-0,,,,1,0,2,2,,,1,0,2,2,AC Milan,ITA,CZE
2002-08-13,2002,Q-3,1,Celtic,Basel,3-1,,,,3,1,3,3,,,3,1,3,3,Basel,SCO,SUI
2002-08-13,2002,Q-3,1,KRC Genk,Sparta Praha,2-0,,,,2,0,4,4,,,2,0,4,4,KRC Genk,BEL,CZE
2002-08-13,2002,Q-3,1,APOEL Nikosia,AEK Athens,2-3,,,,2,3,2,4,,,2,3,2,4,AEK Athens,CYP,GRE
2002-08-13,2002,Q-3,1,Boavista,AJ Auxerre,0-1,,,,0,1,0,1,,,0,1,0,1,AJ Auxerre,POR,FRA
2002-08-13,2002,Q-3,1,Barcelona,Legia Warsaw,3-0,,,,3,0,4,0,,,3,0,4,0,Barcelona,ESP,POL
2002-08-13,2002,Q-3,1,Rosenborg BK,Brondby IF,1-0,,,,1,0,4,2,,,1,0,4,2,Rosenborg BK,NOR,DEN
2002-08-13,2002,Q-3,1,Feyenoord,Fenerbahce,1-0,,,,1,0,3,0,,,1,0,3,0,Feyenoord,NED,TUR
2002-08-13,2002,Q-3,1,Grazer AK,Lokomotiv Moskva,0-2,,,,0,2,3,5,,,0,2,3,5,Lokomotiv Moskva,AUT,RUS
2002-08-13,2002,Q-3,1,Sporting CP,Internazionale,0-0,,,,0,0,0,2,,,0,0,0,2,Internazionale,POR,ITA
2002-08-13,2002,Q-3,1,Maccabi Haifa,Sturm Graz,2-0,,,,2,0,5,3,,,2,0,5,3,Maccabi Haifa,ISR,AUT
2002-08-13,2002,Q-3,1,Zalaegerszegi TE,Manchester United,1-0,,,,1,0,1,5,,,1,0,1,5,Manchester United,HUN,ENG
2002-08-13,2002,Q-3,1,Zeljeznicar Sarajevo,Newcastle United,0-1,,,,0,1,0,5,,,0,1,0,5,Newcastle United,BIH,ENG
2002-08-13,2002,Q-3,1,Partizan Belgrade,Bayern Munich,0-3,,,,0,3,1,6,,,0,3,1,6,Bayern Munich,SRB,GER
2002-08-14,2002,Q-3,1,Levski Sofia,Dinamo Kiev,0-1,,,,0,1,0,2,,,0,1,0,2,Dinamo Kiev,BUL,UKR
2002-08-27,2002,Q-3,2,Club Brugge,Shakhtar Donetsk,1-1,,1-1,4-1,1,1,2,2,1.0,1.0,1,1,2,2,Club Brugge,BEL,UKR
2002-08-27,2002,Q-3,2,Slovan Liberec,AC Milan,2-1,,,away goals,2,1,2,2,,,2,1,2,2,AC Milan,CZE,ITA
2002-08-27,2002,Q-3,2,Basel,Celtic,2-0,,,away goals,2,0,3,3,,,2,0,3,3,Basel,SUI,SCO
2002-08-27,2002,Q-3,2,Sparta Praha,KRC Genk,4-2,,,away goals,4,2,4,4,,,4,2,4,4,KRC Genk,CZE,BEL
2002-08-27,2002,Q-3,2,AEK Athens,APOEL Nikosia,1-0,,,,1,0,4,2,,,1,0,4,2,AEK Athens,GRE,CYP
2002-08-27,2002,Q-3,2,AJ Auxerre,Boavista,0-0,,,,0,0,1,0,,,0,0,1,0,AJ Auxerre,FRA,POR
2002-08-27,2002,Q-3,2,Legia Warsaw,Barcelona,0-1,,,,0,1,0,4,,,0,1,0,4,Barcelona,POL,ESP
2002-08-27,2002,Q-3,2,Brondby IF,Rosenborg BK,2-3,,,,2,3,2,4,,,2,3,2,4,Rosenborg BK,DEN,NOR
2002-08-27,2002,Q-3,2,Dinamo Kiev,Levski Sofia,1-0,,,,1,0,2,0,,,1,0,2,0,Dinamo Kiev,UKR,BUL
2002-08-27,2002,Q-3,2,Fenerbahce,Feyenoord,0-2,,,,0,2,0,3,,,0,2,0,3,Feyenoord,TUR,NED
2002-08-27,2002,Q-3,2,Lokomotiv Moskva,Grazer AK,3-3,,,,3,3,5,3,,,3,3,5,3,Lokomotiv Moskva,RUS,AUT
2002-08-27,2002,Q-3,2,Internazionale,Sporting CP,2-0,,,,2,0,2,0,,,2,0,2,0,Internazionale,ITA,POR
2002-08-27,2002,Q-3,2,Sturm Graz,Maccabi Haifa,3-3,,,,3,3,3,5,,,3,3,3,5,Maccabi Haifa,AUT,ISR
2002-08-27,2002,Q-3,2,Manchester United,Zalaegerszegi TE,5-0,,,,5,0,5,1,,,5,0,5,1,Manchester United,ENG,HUN
2002-08-27,2002,Q-3,2,Newcastle United,Zeljeznicar Sarajevo,4-0,,,,4,0,5,0,,,4,0,5,0,Newcastle United,ENG,BIH
2002-08-27,2002,Q-3,2,Bayern Munich,Partizan Belgrade,3-1,,,,3,1,6,1,,,3,1,6,1,Bayern Munich,GER,SRB
2002-09-17,2002,GroupC-prelim,groups,KRC Genk,AEK Athens,0-0,0-0,,,0,0,1,1,,,0,0,1,1,,BEL,GRE
2002-09-17,2002,GroupD-prelim,groups,AFC Ajax,Olympique Lyon,2-1,2-0,,,2,1,4,1,,,2,1,4,1,,NED,FRA
2002-09-17,2002,GroupA-prelim,groups,AJ Auxerre,PSV Eindhoven,0-0,0-0,,,0,0,0,3,,,0,0,0,3,,FRA,NED
2002-09-17,2002,GroupA-prelim,groups,Arsenal,Borussia Dortmund,2-0,0-0,,,2,0,3,2,,,2,0,3,2,,ENG,GER
2002-09-17,2002,GroupC-prelim,groups,AS Roma,Real Madrid,0-3,0-1,,,0,3,1,3,,,0,3,1,3,,ITA,ESP
2002-09-17,2002,GroupB-prelim,groups,Basel,Spartak Moskva,2-0,0-0,,,2,0,4,0,,,2,0,4,0,,SUI,RUS
2002-09-17,2002,GroupD-prelim,groups,Rosenborg BK,Internazionale,2-2,0-1,,,2,2,2,5,,,2,2,2,5,,NOR,ITA
2002-09-17,2002,GroupB-prelim,groups,Valencia CF,Liverpool,2-0,2-0,,,2,0,3,0,,,2,0,3,0,,ESP,ENG
2002-09-18,2002,GroupG-prelim,groups,AC Milan,RC Lens,2-1,0-0,,,2,1,3,3,,,2,1,3,3,,ITA,FRA
2002-09-18,2002,GroupH-prelim,groups,Barcelona,Club Brugge,3-2,3-1,,,3,2,4,2,,,3,2,4,2,,ESP,BEL
2002-09-18,2002,GroupF-prelim,groups,Olympiacos,Bayer Leverkusen,6-2,3-1,,,6,2,6,4,,,6,2,6,4,,GRE,GER
2002-09-18,2002,GroupG-prelim,groups,Bayern Munich,Deportivo La Coruna,2-3,0-2,,,2,3,3,5,,,2,3,3,5,,GER,ESP
2002-09-18,2002,GroupE-prelim,groups,Dinamo Kiev,Newcastle United,2-0,1-0,,,2,0,3,2,,,2,0,3,2,,UKR,ENG
2002-09-18,2002,GroupE-prelim,groups,Feyenoord,Juventus,1-1,0-1,,,1,1,1,3,,,1,1,1,3,,NED,ITA
2002-09-18,2002,GroupH-prelim,groups,Lokomotiv Moskva,Galatasaray,0-2,0-0,,,0,2,2,3,,,0,2,2,3,,RUS,TUR
2002-09-18,2002,GroupF-prelim,groups,Manchester United,Maccabi Haifa,5-2,2-1,,,5,2,5,5,,,5,2,5,5,,ENG,ISR
2002-09-24,2002,GroupG-prelim,groups,Deportivo La Coruna,AC Milan,0-4,0-2,,,0,4,2,5,,,0,4,2,5,,ESP,ITA
2002-09-24,2002,GroupH-prelim,groups,Galatasaray,Barcelona,0-2,0-1,,,0,2,1,5,,,0,2,1,5,,TUR,ESP
2002-09-24,2002,GroupF-prelim,groups,Bayer Leverkusen,Manchester United,1-2,0-2,,,1,2,1,4,,,1,2,1,4,,GER,ENG
2002-09-24,2002,GroupG-prelim,groups,RC Lens,Bayern Munich,1-1,0-1,,,1,1,4,4,,,1,1,4,4,,FRA,GER
2002-09-24,2002,GroupH-prelim,groups,Club Brugge,Lokomotiv Moskva,0-0,0-0,,,0,0,0,2,,,0,0,0,2,,BEL,RUS
2002-09-24,2002,GroupE-prelim,groups,Juventus,Dinamo Kiev,5-0,2-0,,,5,0,7,1,,,5,0,7,1,,ITA,UKR
2002-09-24,2002,GroupE-prelim,groups,Newcastle United,Feyenoord,0-1,0-1,,,0,1,3,3,,,0,1,3,3,,ENG,NED
2002-09-24,2002,GroupF-prelim,groups,Maccabi Haifa,Olympiacos,3-0,1-0,,,3,0,6,3,,,3,0,6,3,,ISR,GRE
2002-09-25,2002,GroupC-prelim,groups,AEK Athens,AS Roma,0-0,0-0,,,0,0,1,1,,,0,0,1,1,,GRE,ITA
2002-09-25,2002,GroupD-prelim,groups,Internazionale,AFC Ajax,1-0,0-0,,,1,0,3,1,,,1,0,3,1,,ITA,NED
2002-09-25,2002,GroupA-prelim,groups,Borussia Dortmund,AJ Auxerre,2-1,1-0,,,2,1,2,2,,,2,1,2,2,,GER,FRA
2002-09-25,2002,GroupA-prelim,groups,PSV Eindhoven,Arsenal,0-4,0-1,,,0,4,0,4,,,0,4,0,4,,NED,ENG
2002-09-25,2002,GroupB-prelim,groups,Liverpool,Basel,1-1,1-1,,,1,1,4,4,,,1,1,4,4,,ENG,SUI
2002-09-25,2002,GroupC-prelim,groups,Real Madrid,KRC Genk,6-0,2-0,,,6,0,7,1,,,6,0,7,1,,ESP,BEL
2002-09-25,2002,GroupD-prelim,groups,Olympique Lyon,Rosenborg BK,5-0,4-0,,,5,0,6,1,,,5,0,6,1,,FRA,NOR
2002-09-25,2002,GroupB-prelim,groups,Spartak Moskva,Valencia CF,0-3,0-1,,,0,3,0,6,,,0,3,0,6,,RUS,ESP
2002-10-01,2002,GroupG-prelim,groups,Bayern Munich,AC Milan,1-2,0-0,,,1,2,2,4,,,1,2,2,4,,GER,ITA
2002-10-01,2002,GroupH-prelim,groups,Lokomotiv Moskva,Barcelona,1-3,0-2,,,1,3,1,4,,,1,3,1,4,,RUS,ESP
2002-10-01,2002,GroupF-prelim,groups,Maccabi Haifa,Bayer Leverkusen,0-2,0-1,,,0,2,1,4,,,0,2,1,4,,ISR,GER
2002-10-01,2002,GroupH-prelim,groups,Galatasaray,Club Brugge,0-0,0-0,,,0,0,1,3,,,0,0,1,3,,TUR,BEL
2002-10-01,2002,GroupG-prelim,groups,Deportivo La Coruna,RC Lens,3-1,0-1,,,3,1,4,4,,,3,1,4,4,,ESP,FRA
2002-10-01,2002,GroupE-prelim,groups,Feyenoord,Dinamo Kiev,0-0,0-0,,,0,0,0,2,,,0,0,0,2,,NED,UKR
2002-10-01,2002,GroupE-prelim,groups,Juventus,Newcastle United,2-0,0-0,,,2,0,2,1,,,2,0,2,1,,ITA,ENG
2002-10-01,2002,GroupF-prelim,groups,Manchester United,Olympiacos,4-0,2-0,,,4,0,7,2,,,4,0,7,2,,ENG,GRE
2002-10-02,2002,GroupC-prelim,groups,AEK Athens,Real Madrid,3-3,3-2,,,3,3,5,5,,,3,3,5,5,,GRE,ESP
2002-10-02,2002,GroupD-prelim,groups,Rosenborg BK,AFC Ajax,0-0,0-0,,,0,0,1,1,,,0,0,1,1,,NOR,NED
2002-10-02,2002,GroupA-prelim,groups,AJ Auxerre,Arsenal,0-1,0-0,,,0,1,2,2,,,0,1,2,2,,FRA,ENG
2002-10-02,2002,GroupC-prelim,groups,KRC Genk,AS Roma,0-1,0-0,,,0,1,0,1,,,0,1,0,1,,BEL,ITA
2002-10-02,2002,GroupB-prelim,groups,Valencia CF,Basel,6-2,4-0,,,6,2,8,4,,,6,2,8,4,,ESP,SUI
2002-10-02,2002,GroupA-prelim,groups,PSV Eindhoven,Borussia Dortmund,1-3,0-1,,,1,3,2,4,,,1,3,2,4,,NED,GER
2002-10-02,2002,GroupD-prelim,groups,Internazionale,Olympique Lyon,1-2,0-1,,,1,2,4,5,,,1,2,4,5,,ITA,FRA
2002-10-02,2002,GroupB-prelim,groups,Liverpool,Spartak Moskva,5-0,3-0,,,5,0,8,1,,,5,0,8,1,,ENG,RUS
2002-10-22,2002,GroupC-prelim,groups,Real Madrid,AEK Athens,2-2,2-0,,,2,2,5,5,,,2,2,5,5,,ESP,GRE
2002-10-22,2002,GroupD-prelim,groups,AFC Ajax,Rosenborg BK,1-1,1-0,,,1,1,1,1,,,1,1,1,1,,NED,NOR
2002-10-22,2002,GroupA-prelim,groups,Arsenal,AJ Auxerre,1-2,0-2,,,1,2,2,2,,,1,2,2,2,,ENG,FRA
2002-10-22,2002,GroupC-prelim,groups,AS Roma,KRC Genk,0-0,0-0,,,0,0,1,0,,,0,0,1,0,,ITA,BEL
2002-10-22,2002,GroupB-prelim,groups,Basel,Valencia CF,2-2,1-1,,,2,2,4,8,,,2,2,4,8,,SUI,ESP
2002-10-22,2002,GroupA-prelim,groups,Borussia Dortmund,PSV Eindhoven,1-1,1-0,,,1,1,4,2,,,1,1,4,2,,GER,NED
2002-10-22,2002,GroupD-prelim,groups,Olympique Lyon,Internazionale,3-3,2-1,,,3,3,5,4,,,3,3,5,4,,FRA,ITA
2002-10-22,2002,GroupB-prelim,groups,Spartak Moskva,Liverpool,1-3,1-1,,,1,3,1,8,,,1,3,1,8,,RUS,ENG
2002-10-23,2002,GroupG-prelim,groups,AC Milan,Bayern Munich,2-1,1-1,,,2,1,4,2,,,2,1,4,2,,ITA,GER
2002-10-23,2002,GroupH-prelim,groups,Barcelona,Lokomotiv Moskva,1-0,0-0,,,1,0,4,1,,,1,0,4,1,,ESP,RUS
2002-10-23,2002,GroupF-prelim,groups,Bayer Leverkusen,Maccabi Haifa,2-1,1-0,,,2,1,4,1,,,2,1,4,1,,GER,ISR
2002-10-23,2002,GroupH-prelim,groups,Club Brugge,Galatasaray,3-1,1-0,,,3,1,3,1,,,3,1,3,1,,BEL,TUR
2002-10-23,2002,GroupG-prelim,groups,RC Lens,Deportivo La Coruna,3-1,0-1,,,3,1,4,4,,,3,1,4,4,,FRA,ESP
2002-10-23,2002,GroupE-prelim,groups,Dinamo Kiev,Feyenoord,2-0,1-0,,,2,0,2,0,,,2,0,2,0,,UKR,NED
2002-10-23,2002,GroupE-prelim,groups,Newcastle United,Juventus,1-0,0-0,,,1,0,1,2,,,1,0,1,2,,ENG,ITA
2002-10-23,2002,GroupF-prelim,groups,Olympiacos,Manchester United,2-3,0-1,,,2,3,2,7,,,2,3,2,7,,GRE,ENG
2002-10-29,2002,GroupG-prelim,groups,RC Lens,AC Milan,2-1,1-1,,,2,1,3,3,,,2,1,3,3,,FRA,ITA
2002-10-29,2002,GroupH-prelim,groups,Club Brugge,Barcelona,0-1,0-0,,,0,1,2,4,,,0,1,2,4,,BEL,ESP
2002-10-29,2002,GroupF-prelim,groups,Bayer Leverkusen,Olympiacos,2-0,1-0,,,2,0,4,6,,,2,0,4,6,,GER,GRE
2002-10-29,2002,GroupG-prelim,groups,Deportivo La Coruna,Bayern Munich,2-1,0-0,,,2,1,5,3,,,2,1,5,3,,ESP,GER
2002-10-29,2002,GroupE-prelim,groups,Newcastle United,Dinamo Kiev,2-1,0-0,,,2,1,2,3,,,2,1,2,3,,ENG,UKR
2002-10-29,2002,GroupE-prelim,groups,Juventus,Feyenoord,2-0,1-0,,,2,0,3,1,,,2,0,3,1,,ITA,NED
2002-10-29,2002,GroupH-prelim,groups,Galatasaray,Lokomotiv Moskva,1-2,0-0,,,1,2,3,2,,,1,2,3,2,,TUR,RUS
2002-10-29,2002,GroupF-prelim,groups,Maccabi Haifa,Manchester United,3-0,1-0,,,3,0,5,5,,,3,0,5,5,,ISR,ENG
2002-10-30,2002,GroupC-prelim,groups,AEK Athens,KRC Genk,1-1,1-1,,,1,1,1,1,,,1,1,1,1,,GRE,BEL
2002-10-30,2002,GroupD-prelim,groups,Olympique Lyon,AFC Ajax,0-2,0-1,,,0,2,1,4,,,0,2,1,4,,FRA,NED
2002-10-30,2002,GroupA-prelim,groups,PSV Eindhoven,AJ Auxerre,3-0,1-0,,,3,0,3,0,,,3,0,3,0,,NED,FRA
2002-10-30,2002,GroupA-prelim,groups,Borussia Dortmund,Arsenal,2-1,1-1,,,2,1,2,3,,,2,1,2,3,,GER,ENG
2002-10-30,2002,GroupC-prelim,groups,Real Madrid,AS Roma,0-1,0-1,,,0,1,3,1,,,0,1,3,1,,ESP,ITA
2002-10-30,2002,GroupD-prelim,groups,Internazionale,Rosenborg BK,3-0,1-0,,,3,0,5,2,,,3,0,5,2,,ITA,NOR
2002-10-30,2002,GroupB-prelim,groups,Liverpool,Valencia CF,0-1,0-1,,,0,1,0,3,,,0,1,0,3,,ENG,ESP
2002-11-05,2002,GroupB-prelim,groups,Spartak Moskva,Basel,0-2,0-1,,,0,2,0,4,,,0,2,0,4,,RUS,SUI
2002-11-12,2002,GroupC-prelim,groups,AS Roma,AEK Athens,1-1,1-0,,,1,1,1,1,,,1,1,1,1,,ITA,GRE
2002-11-12,2002,GroupD-prelim,groups,AFC Ajax,Internazionale,1-2,0-0,,,1,2,1,3,,,1,2,1,3,,NED,ITA
2002-11-12,2002,GroupA-prelim,groups,AJ Auxerre,Borussia Dortmund,1-0,0-0,,,1,0,2,2,,,1,0,2,2,,FRA,GER
2002-11-12,2002,GroupA-prelim,groups,Arsenal,PSV Eindhoven,0-0,0-0,,,0,0,4,0,,,0,0,4,0,,ENG,NED
2002-11-12,2002,GroupB-prelim,groups,Basel,Liverpool,3-3,3-0,,,3,3,4,4,,,3,3,4,4,,SUI,ENG
2002-11-12,2002,GroupC-prelim,groups,KRC Genk,Real Madrid,1-1,0-1,,,1,1,1,7,,,1,1,1,7,,BEL,ESP
2002-11-12,2002,GroupD-prelim,groups,Rosenborg BK,Olympique Lyon,1-1,0-0,,,1,1,1,6,,,1,1,1,6,,NOR,FRA
2002-11-12,2002,GroupB-prelim,groups,Valencia CF,Spartak Moskva,3-0,1-0,,,3,0,6,0,,,3,0,6,0,,ESP,RUS
2002-11-13,2002,GroupG-prelim,groups,AC Milan,Deportivo La Coruna,1-2,1-0,,,1,2,5,2,,,1,2,5,2,,ITA,ESP
2002-11-13,2002,GroupH-prelim,groups,Barcelona,Galatasaray,3-1,2-1,,,3,1,5,1,,,3,1,5,1,,ESP,TUR
2002-11-13,2002,GroupF-prelim,groups,Manchester United,Bayer Leverkusen,2-0,1-0,,,2,0,4,1,,,2,0,4,1,,ENG,GER
2002-11-13,2002,GroupG-prelim,groups,Bayern Munich,RC Lens,3-3,2-1,,,3,3,4,4,,,3,3,4,4,,GER,FRA
2002-11-13,2002,GroupH-prelim,groups,Lokomotiv Moskva,Club Brugge,2-0,1-0,,,2,0,2,0,,,2,0,2,0,,RUS,BEL
2002-11-13,2002,GroupE-prelim,groups,Dinamo Kiev,Juventus,1-2,0-0,,,1,2,1,7,,,1,2,1,7,,UKR,ITA
2002-11-13,2002,GroupE-prelim,groups,Feyenoord,Newcastle United,2-3,0-1,,,2,3,3,3,,,2,3,3,3,,NED,ENG
2002-11-13,2002,GroupF-prelim,groups,Olympiacos,Maccabi Haifa,3-3,1-3,,,3,3,3,6,,,3,3,3,6,,GRE,ISR
2002-11-26,2002,GroupC-inter,groups,AC Milan,Real Madrid,1-0,1-0,,,1,0,2,3,,,1,0,2,3,,ITA,ESP
2002-11-26,2002,GroupD-inter,groups,Basel,Manchester United,1-3,1-0,,,1,3,2,4,,,1,3,2,4,,SUI,ENG
2002-11-26,2002,GroupC-inter,groups,Lokomotiv Moskva,Borussia Dortmund,1-2,1-2,,,1,2,1,5,,,1,2,1,5,,RUS,GER
2002-11-26,2002,GroupD-inter,groups,Deportivo La Coruna,Juventus,2-2,2-1,,,2,2,4,5,,,2,2,4,5,,ESP,ITA
2002-11-27,2002,GroupB-inter,groups,Valencia CF,AFC Ajax,1-1,0-0,,,1,1,2,2,,,1,1,2,2,,ESP,NED
2002-11-27,2002,GroupB-inter,groups,AS Roma,Arsenal,1-3,1-1,,,1,3,2,4,,,1,3,2,4,,ITA,ENG
2002-11-27,2002,GroupA-inter,groups,Bayer Leverkusen,Barcelona,1-2,1-0,,,1,2,1,4,,,1,2,1,4,,GER,ESP
2002-11-27,2002,GroupA-inter,groups,Newcastle United,Internazionale,1-4,0-3,,,1,4,3,6,,,1,4,3,6,,ENG,ITA
2002-12-10,2002,GroupB-inter,groups,AFC Ajax,AS Roma,2-1,1-0,,,2,1,3,2,,,2,1,3,2,,NED,ITA
2002-12-10,2002,GroupB-inter,groups,Arsenal,Valencia CF,0-0,0-0,,,0,0,1,2,,,0,0,1,2,,ENG,ESP
2002-12-10,2002,GroupA-inter,groups,Internazionale,Bayer Leverkusen,3-2,2-0,,,3,2,5,2,,,3,2,5,2,,ITA,GER
2002-12-11,2002,GroupC-inter,groups,Borussia Dortmund,AC Milan,0-1,0-0,,,0,1,1,1,,,0,1,1,1,,GER,ITA
2002-12-11,2002,GroupA-inter,groups,Barcelona,Newcastle United,3-1,2-1,,,3,1,5,1,,,3,1,5,1,,ESP,ENG
2002-12-11,2002,GroupD-inter,groups,Juventus,Basel,4-0,3-0,,,4,0,5,2,,,4,0,5,2,,ITA,SUI
2002-12-11,2002,GroupD-inter,groups,Manchester United,Deportivo La Coruna,2-0,1-0,,,2,0,2,2,,,2,0,2,2,,ENG,ESP
2002-12-11,2002,GroupC-inter,groups,Real Madrid,Lokomotiv Moskva,2-2,1-0,,,2,2,3,2,,,2,2,3,2,,ESP,RUS
2003-02-18,2002,GroupB-inter,groups,Arsenal,AFC Ajax,1-1,1-1,,,1,1,1,1,,,1,1,1,1,,ENG,NED
2003-02-18,2002,GroupB-inter,groups,AS Roma,Valencia CF,0-1,0-0,,,0,1,3,1,,,0,1,3,1,,ITA,ESP
2003-02-18,2002,GroupA-inter,groups,Barcelona,Internazionale,3-0,2-0,,,3,0,3,0,,,3,0,3,0,,ESP,ITA
2003-02-18,2002,GroupA-inter,groups,Bayer Leverkusen,Newcastle United,1-3,1-3,,,1,3,2,6,,,1,3,2,6,,GER,ENG
2003-02-19,2002,GroupC-inter,groups,AC Milan,Lokomotiv Moskva,1-0,0-0,,,1,0,2,0,,,1,0,2,0,,ITA,RUS
2003-02-19,2002,GroupD-inter,groups,Basel,Deportivo La Coruna,1-0,1-0,,,1,0,1,1,,,1,0,1,1,,SUI,ESP
2003-02-19,2002,GroupC-inter,groups,Real Madrid,Borussia Dortmund,2-1,1-1,,,2,1,3,2,,,2,1,3,2,,ESP,GER
2003-02-19,2002,GroupD-inter,groups,Manchester United,Juventus,2-1,1-0,,,2,1,5,1,,,2,1,5,1,,ENG,ITA
2003-02-25,2002,GroupC-inter,groups,Lokomotiv Moskva,AC Milan,0-1,0-1,,,0,1,0,2,,,0,1,0,2,,RUS,ITA
2003-02-25,2002,GroupD-inter,groups,Deportivo La Coruna,Basel,1-0,1-0,,,1,0,1,1,,,1,0,1,1,,ESP,SUI
2003-02-25,2002,GroupC-inter,groups,Borussia Dortmund,Real Madrid,1-1,1-0,,,1,1,2,3,,,1,1,2,3,,GER,ESP
2003-02-25,2002,GroupD-inter,groups,Juventus,Manchester United,0-3,0-2,,,0,3,1,5,,,0,3,1,5,,ITA,ENG
2003-02-26,2002,GroupB-inter,groups,AFC Ajax,Arsenal,0-0,0-0,,,0,0,1,1,,,0,0,1,1,,NED,ENG
2003-02-26,2002,GroupB-inter,groups,Valencia CF,AS Roma,0-3,0-3,,,0,3,1,3,,,0,3,1,3,,ESP,ITA
2003-02-26,2002,GroupA-inter,groups,Internazionale,Barcelona,0-0,0-0,,,0,0,0,3,,,0,0,0,3,,ITA,ESP
2003-02-26,2002,GroupA-inter,groups,Newcastle United,Bayer Leverkusen,3-1,3-0,,,3,1,6,2,,,3,1,6,2,,ENG,GER
2003-03-11,2002,GroupB-inter,groups,AFC Ajax,Valencia CF,1-1,0-1,,,1,1,2,2,,,1,1,2,2,,NED,ESP
2003-03-11,2002,GroupB-inter,groups,Arsenal,AS Roma,1-1,1-1,,,1,1,4,2,,,1,1,4,2,,ENG,ITA
2003-03-11,2002,GroupA-inter,groups,Barcelona,Bayer Leverkusen,2-0,1-0,,,2,0,4,1,,,2,0,4,1,,ESP,GER
2003-03-11,2002,GroupA-inter,groups,Internazionale,Newcastle United,2-2,0-1,,,2,2,6,3,,,2,2,6,3,,ITA,ENG
2003-03-12,2002,GroupC-inter,groups,Real Madrid,AC Milan,3-1,1-0,,,3,1,3,2,,,3,1,3,2,,ESP,ITA
2003-03-12,2002,GroupD-inter,groups,Manchester United,Basel,1-1,0-1,,,1,1,4,2,,,1,1,4,2,,ENG,SUI
2003-03-12,2002,GroupC-inter,groups,Borussia Dortmund,Lokomotiv Moskva,3-0,1-0,,,3,0,5,1,,,3,0,5,1,,GER,RUS
2003-03-12,2002,GroupD-inter,groups,Juventus,Deportivo La Coruna,3-2,1-1,,,3,2,5,4,,,3,2,5,4,,ITA,ESP
2003-03-18,2002,GroupC-inter,groups,AC Milan,Borussia Dortmund,0-1,0-0,,,0,1,1,1,,,0,1,1,1,,ITA,GER
2003-03-18,2002,GroupD-inter,groups,Basel,Juventus,2-1,1-1,,,2,1,2,5,,,2,1,2,5,,SUI,ITA
2003-03-18,2002,GroupD-inter,groups,Deportivo La Coruna,Manchester United,2-0,1-0,,,2,0,2,2,,,2,0,2,2,,ESP,ENG
2003-03-18,2002,GroupC-inter,groups,Lokomotiv Moskva,Real Madrid,0-1,0-1,,,0,1,2,3,,,0,1,2,3,,RUS,ESP
2003-03-19,2002,GroupB-inter,groups,AS Roma,AFC Ajax,1-1,1-1,,,1,1,2,3,,,1,1,2,3,,ITA,NED
2003-03-19,2002,GroupB-inter,groups,Valencia CF,Arsenal,2-1,1-0,,,2,1,2,1,,,2,1,2,1,,ESP,ENG
2003-03-19,2002,GroupA-inter,groups,Newcastle United,Barcelona,0-2,0-0,,,0,2,1,5,,,0,2,1,5,,ENG,ESP
2003-03-19,2002,GroupA-inter,groups,Bayer Leverkusen,Internazionale,0-2,0-1,,,0,2,2,5,,,0,2,2,5,,GER,ITA
2003-04-08,2002,QF,1,AFC Ajax,AC Milan,0-0,0-0,,,0,0,2,3,,,0,0,2,3,AC Milan,NED,ITA
2003-04-08,2002,QF,1,Real Madrid,Manchester United,3-1,2-0,,,3,1,6,5,,,3,1,6,5,Real Madrid,ESP,ENG
2003-04-09,2002,QF,1,Internazionale,Valencia CF,1-0,1-0,,,1,0,2,2,,,1,0,2,2,Internazionale,ITA,ESP
2003-04-09,2002,QF,1,Juventus,Barcelona,1-1,1-0,,,1,1,2,2,,,1,1,3,2,Juventus,ITA,ESP
2003-04-22,2002,QF,2,Valencia CF,Internazionale,2-1,1-1,,away goals,2,1,2,2,,,2,1,2,2,Internazionale,ESP,ITA
2003-04-22,2002,QF,2,Barcelona,Juventus,1-1,0-0,1-2,,1,1,2,2,1.0,2.0,1,2,2,3,Juventus,ESP,ITA
2003-04-23,2002,QF,2,AC Milan,AFC Ajax,3-2,1-0,,,3,2,3,2,,,3,2,3,2,AC Milan,ITA,NED
2003-04-23,2002,QF,2,Manchester United,Real Madrid,4-3,1-1,,,4,3,5,6,,,4,3,5,6,Real Madrid,ENG,ESP
2003-05-06,2002,SF,1,Real Madrid,Juventus,2-1,1-1,,,2,1,3,4,,,2,1,3,4,Juventus,ESP,ITA
2003-05-07,2002,SF,1,AC Milan,Internazionale,0-0,0-0,,,0,0,1,1,,,0,0,1,1,AC Milan,ITA,ITA
2003-05-13,2002,SF,2,Internazionale,AC Milan,1-1,0-1,,away goals,1,1,1,1,,,1,1,1,1,AC Milan,ITA,ITA
2003-05-14,2002,SF,2,Juventus,Real Madrid,3-1,2-0,,,3,1,4,3,,,3,1,4,3,Juventus,ITA,ESP
2003-05-28,2002,final,,AC Milan,Juventus,0-0,0-0,0-0,3-2,0,0,0,0,0.0,0.0,0,0,0,0,AC Milan,ITA,ITA
2003-07-16,2003,Q-1,1,Dinamo Tbilisi,KF Tirana,3-0,,,,3,0,3,3,,,3,0,3,3,KF Tirana,GEO,ALB
2003-07-16,2003,Q-1,1,Sliema Wanderers,Skonto,2-0,,,,2,0,3,3,,,2,0,3,3,Sliema Wanderers,MLT,LVA
2003-07-16,2003,Q-1,1,Vardar Skopje,Barry Town,3-0,,,,3,0,4,2,,,3,0,4,2,Vardar Skopje,MKD,WAL
2003-07-16,2003,Q-1,1,BATE Borisov,Bohemians,1-0,,,,1,0,1,3,,,1,0,1,3,Bohemians,BLR,IRL
2003-07-16,2003,Q-1,1,HB,FBK Kaunas,0-1,,,,0,1,1,5,,,0,1,1,5,FBK Kaunas,FRO,LTU
2003-07-16,2003,Q-1,1,Grevenmacher,FK Leotar,0-0,,,,0,0,0,2,,,0,0,0,2,FK Leotar,LUX,BIH
2003-07-16,2003,Q-1,1,Sheriff Tiraspol,Flora Tallinn,1-0,,,,1,0,2,1,,,1,0,2,1,Sheriff Tiraspol,MDA,EST
2003-07-16,2003,Q-1,1,Glentoran,HJK Helsinki,0-0,,,,0,0,0,1,,,0,0,0,1,HJK Helsinki,NIR,FIN
2003-07-16,2003,Q-1,1,Omonia Nicosia,Irtysh Pavlodar,0-0,,,,0,0,2,1,,,0,0,2,1,Omonia Nicosia,CYP,KAZ
2003-07-16,2003,Q-1,1,Pyunik,KR Reykjavik,1-0,,,,1,0,2,1,,,1,0,2,1,Pyunik,ARM,ISL
2003-07-23,2003,Q-1,2,KF Tirana,Dinamo Tbilisi,3-0,,3-0,4-2,3,0,3,3,3.0,0.0,3,0,3,3,KF Tirana,ALB,GEO
2003-07-23,2003,Q-1,2,Skonto,Sliema Wanderers,3-1,,,away goals,3,1,3,3,,,3,1,3,3,Sliema Wanderers,LVA,MLT
2003-07-23,2003,Q-1,2,Barry Town,Vardar Skopje,2-1,,,,2,1,2,4,,,2,1,2,4,Vardar Skopje,WAL,MKD
2003-07-23,2003,Q-1,2,Bohemians,BATE Borisov,3-0,,,,3,0,3,1,,,3,0,3,1,Bohemians,IRL,BLR
2003-07-23,2003,Q-1,2,FBK Kaunas,HB,4-1,,,,4,1,5,1,,,4,1,5,1,FBK Kaunas,LTU,FRO
2003-07-23,2003,Q-1,2,FK Leotar,Grevenmacher,2-0,,,,2,0,2,0,,,2,0,2,0,FK Leotar,BIH,LUX
2003-07-23,2003,Q-1,2,Flora Tallinn,Sheriff Tiraspol,1-1,,,,1,1,1,2,,,1,1,1,2,Sheriff Tiraspol,EST,MDA
2003-07-23,2003,Q-1,2,HJK Helsinki,Glentoran,1-0,,,,1,0,1,0,,,1,0,1,0,HJK Helsinki,FIN,NIR
2003-07-23,2003,Q-1,2,Irtysh Pavlodar,Omonia Nicosia,1-2,,,,1,2,1,2,,,1,2,1,2,Omonia Nicosia,KAZ,CYP
2003-07-23,2003,Q-1,2,KR Reykjavik,Pyunik,1-1,,,,1,1,1,2,,,1,1,1,2,Pyunik,ISL,ARM
2003-07-30,2003,Q-2,1,Bohemians,Rosenborg BK,0-1,,,,0,1,0,5,,,0,1,0,5,Rosenborg BK,IRL,NOR
2003-07-30,2003,Q-2,1,FBK Kaunas,Celtic,0-4,,,,0,4,0,5,,,0,4,0,5,Celtic,LTU,SCO
2003-07-30,2003,Q-2,1,CSKA Moskva,Vardar Skopje,1-2,,,,1,2,2,3,,,1,2,2,3,Vardar Skopje,RUS,MKD
2003-07-30,2003,Q-2,1,Pyunik,CSKA Sofia,0-2,,,,0,2,0,3,,,0,2,0,3,CSKA Sofia,ARM,BUL
2003-07-30,2003,Q-2,1,NK Maribor,Dinamo Zagreb,1-1,,,,1,1,2,3,,,1,1,2,3,Dinamo Zagreb,SVN,CRO
2003-07-30,2003,Q-2,1,FK Leotar,Slavia Praha,1-2,,,,1,2,1,4,,,1,2,1,4,Slavia Praha,BIH,CZE
2003-07-30,2003,Q-2,1,KF Tirana,Grazer AK,1-5,,,,1,5,2,7,,,1,5,2,7,Grazer AK,ALB,AUT
2003-07-30,2003,Q-2,1,MTK,HJK Helsinki,3-1,,,,3,1,3,2,,,3,1,3,2,MTK,HUN,FIN
2003-07-30,2003,Q-2,1,Kobenhavn,Sliema Wanderers,4-1,,,,4,1,10,1,,,4,1,10,1,Kobenhavn,DEN,MLT
2003-07-30,2003,Q-2,1,MSK Zilina,Maccabi Tel Aviv,1-0,,,,1,0,2,1,,,1,0,2,1,MSK Zilina,SVK,ISR
2003-07-30,2003,Q-2,1,Wisla Krakow,Omonia Nicosia,5-2,,,,5,2,7,4,,,5,2,7,4,Wisla Krakow,POL,CYP
2003-07-30,2003,Q-2,1,Rapid Bucuresti,RSC Anderlecht,0-0,,,,0,0,2,3,,,0,0,2,3,RSC Anderlecht,ROU,BEL
2003-07-30,2003,Q-2,1,Sheriff Tiraspol,Shakhtar Donetsk,0-0,,,,0,0,0,2,,,0,0,0,2,Shakhtar Donetsk,MDA,UKR
2003-07-30,2003,Q-2,1,Partizan Belgrade,Djurgardens IF,1-1,,,,1,1,3,3,,,1,1,3,3,Partizan Belgrade,SRB,SWE
2003-08-06,2003,Q-2,2,Rosenborg BK,Bohemians,4-0,,,,4,0,5,0,,,4,0,5,0,Rosenborg BK,NOR,IRL
2003-08-06,2003,Q-2,2,Celtic,FBK Kaunas,1-0,,,,1,0,5,0,,,1,0,5,0,Celtic,SCO,LTU
2003-08-06,2003,Q-2,2,Vardar Skopje,CSKA Moskva,1-1,,,,1,1,3,2,,,1,1,3,2,Vardar Skopje,MKD,RUS
2003-08-06,2003,Q-2,2,CSKA Sofia,Pyunik,1-0,,,,1,0,3,0,,,1,0,3,0,CSKA Sofia,BUL,ARM
2003-08-06,2003,Q-2,2,Dinamo Zagreb,NK Maribor,2-1,,,,2,1,3,2,,,2,1,3,2,Dinamo Zagreb,CRO,SVN
2003-08-06,2003,Q-2,2,Slavia Praha,FK Leotar,2-0,,,,2,0,4,1,,,2,0,4,1,Slavia Praha,CZE,BIH
2003-08-06,2003,Q-2,2,Grazer AK,KF Tirana,2-1,,,,2,1,7,2,,,2,1,7,2,Grazer AK,AUT,ALB
2003-08-06,2003,Q-2,2,HJK Helsinki,MTK,1-0,,,,1,0,2,3,,,1,0,2,3,MTK,FIN,HUN
2003-08-06,2003,Q-2,2,Sliema Wanderers,Kobenhavn,0-6,,,,0,6,1,10,,,0,6,1,10,Kobenhavn,MLT,DEN
2003-08-06,2003,Q-2,2,Maccabi Tel Aviv,MSK Zilina,1-1,,,,1,1,1,2,,,1,1,1,2,MSK Zilina,ISR,SVK
2003-08-06,2003,Q-2,2,Omonia Nicosia,Wisla Krakow,2-2,,,,2,2,4,7,,,2,2,4,7,Wisla Krakow,CYP,POL
2003-08-06,2003,Q-2,2,RSC Anderlecht,Rapid Bucuresti,3-2,,,,3,2,3,2,,,3,2,3,2,RSC Anderlecht,BEL,ROU
2003-08-06,2003,Q-2,2,Shakhtar Donetsk,Sheriff Tiraspol,2-0,,,,2,0,2,0,,,2,0,2,0,Shakhtar Donetsk,UKR,MDA
2003-08-06,2003,Q-2,2,Djurgardens IF,Partizan Belgrade,2-2,,,away goals,2,2,3,3,,,2,2,3,3,Partizan Belgrade,SWE,SRB
2003-08-12,2003,Q-3,1,Grazer AK,AFC Ajax,1-1,,,,1,1,2,2,,,1,1,2,3,AFC Ajax,AUT,NED
2003-08-12,2003,Q-3,1,Celta Vigo,Slavia Praha,3-0,,,,3,0,3,2,,,3,0,3,2,Celta Vigo,ESP,CZE
2003-08-12,2003,Q-3,1,MTK,Celtic,0-4,,,,0,4,0,5,,,0,4,0,5,Celtic,HUN,SCO
2003-08-12,2003,Q-3,1,MSK Zilina,Chelsea,0-2,,,,0,2,0,5,,,0,2,0,5,Chelsea,SVK,ENG
2003-08-12,2003,Q-3,1,Dinamo Kiev,Dinamo Zagreb,3-1,,,,3,1,5,1,,,3,1,5,1,Dinamo Kiev,UKR,CRO
2003-08-12,2003,Q-3,1,Vardar Skopje,Sparta Praha,2-3,,,,2,3,4,5,,,2,3,4,5,Sparta Praha,MKD,CZE
2003-08-13,2003,Q-3,1,Club Brugge,Borussia Dortmund,2-1,,,,2,1,3,3,,,2,1,3,3,Club Brugge,BEL,GER
2003-08-13,2003,Q-3,1,Grasshoppers Zurich,AEK Athens,1-0,,,,1,0,2,3,,,1,0,2,3,AEK Athens,SUI,GRE
2003-08-13,2003,Q-3,1,Austria Wien,Olympique Marseille,0-1,,,,0,1,0,1,,,0,1,0,1,Olympique Marseille,AUT,FRA
2003-08-13,2003,Q-3,1,Galatasaray,CSKA Sofia,3-0,,,,3,0,6,0,,,3,0,6,0,Galatasaray,TUR,BUL
2003-08-13,2003,Q-3,1,Rosenborg BK,Deportivo La Coruna,0-0,,,,0,0,0,1,,,0,0,0,1,Deportivo La Coruna,NOR,ESP
2003-08-13,2003,Q-3,1,Rangers,Kobenhavn,1-1,,,,1,1,3,2,,,1,1,3,2,Rangers,SCO,DEN
2003-08-13,2003,Q-3,1,Lazio,SL Benfica,3-1,,,,3,1,4,1,,,3,1,4,1,Lazio,ITA,POR
2003-08-13,2003,Q-3,1,Shakhtar Donetsk,Lokomotiv Moskva,1-0,,,,1,0,2,3,,,1,0,2,3,Lokomotiv Moskva,UKR,RUS
2003-08-13,2003,Q-3,1,RSC Anderlecht,Wisla Krakow,3-1,,,,3,1,4,1,,,3,1,4,1,RSC Anderlecht,BEL,POL
2003-08-13,2003,Q-3,1,Partizan Belgrade,Newcastle United,0-1,,,,0,1,1,1,,,0,1,1,1,Partizan Belgrade,SRB,ENG
2003-08-19,2003,Q-3,2,Borussia Dortmund,Club Brugge,2-1,,2-1,2-4,2,1,3,3,2.0,1.0,2,1,3,3,Club Brugge,GER,BEL
2003-08-19,2003,Q-3,2,AEK Athens,Grasshoppers Zurich,3-1,,,,3,1,3,2,,,3,1,3,2,AEK Athens,GRE,SUI
2003-08-19,2003,Q-3,2,Olympique Marseille,Austria Wien,0-0,,,,0,0,1,0,,,0,0,1,0,Olympique Marseille,FRA,AUT
2003-08-19,2003,Q-3,2,Deportivo La Coruna,Rosenborg BK,1-0,,,,1,0,1,0,,,1,0,1,0,Deportivo La Coruna,ESP,NOR
2003-08-19,2003,Q-3,2,Kobenhavn,Rangers,1-2,,,,1,2,2,3,,,1,2,2,3,Rangers,DEN,SCO
2003-08-19,2003,Q-3,2,SL Benfica,Lazio,0-1,,,,0,1,1,4,,,0,1,1,4,Lazio,POR,ITA
2003-08-19,2003,Q-3,2,Wisla Krakow,RSC Anderlecht,0-1,,,,0,1,1,4,,,0,1,1,4,RSC Anderlecht,POL,BEL
2003-08-19,2003,Q-3,2,Newcastle United,Partizan Belgrade,0-1,,0-1,3-4,0,1,1,1,0.0,1.0,0,1,1,1,Partizan Belgrade,ENG,SRB
2003-08-20,2003,Q-3,2,AFC Ajax,Grazer AK,1-1,,2-1,,1,1,2,2,2.0,1.0,2,1,3,2,AFC Ajax,NED,AUT
2003-08-20,2003,Q-3,2,Slavia Praha,Celta Vigo,2-0,,,,2,0,2,3,,,2,0,2,3,Celta Vigo,CZE,ESP
2003-08-20,2003,Q-3,2,Celtic,MTK,1-0,,,,1,0,5,0,,,1,0,5,0,Celtic,SCO,HUN
2003-08-20,2003,Q-3,2,Chelsea,MSK Zilina,3-0,,,,3,0,5,0,,,3,0,5,0,Chelsea,ENG,SVK
2003-08-20,2003,Q-3,2,CSKA Sofia,Galatasaray,0-3,,,,0,3,0,6,,,0,3,0,6,Galatasaray,BUL,TUR
2003-08-20,2003,Q-3,2,Dinamo Zagreb,Dinamo Kiev,0-2,,,,0,2,1,5,,,0,2,1,5,Dinamo Kiev,CRO,UKR
2003-08-20,2003,Q-3,2,Lokomotiv Moskva,Shakhtar Donetsk,3-1,,,,3,1,3,2,,,3,1,3,2,Lokomotiv Moskva,RUS,UKR
2003-08-20,2003,Q-3,2,Sparta Praha,Vardar Skopje,2-2,,,,2,2,5,4,,,2,2,5,4,Sparta Praha,CZE,MKD
2003-09-16,2003,GroupH,groups,AC Milan,AFC Ajax,1-0,0-0,,,1,0,2,0,,,1,0,2,0,,ITA,NED
2003-09-16,2003,GroupG,groups,Besiktas,Lazio,0-2,0-1,,,0,2,1,3,,,0,2,1,3,,TUR,ITA
2003-09-16,2003,GroupH,groups,Club Brugge,Celta Vigo,1-1,0-0,,,1,1,2,2,,,1,1,2,2,,BEL,ESP
2003-09-16,2003,GroupG,groups,Sparta Praha,Chelsea,0-1,0-0,,,0,1,0,1,,,0,1,0,1,,CZE,ENG
2003-09-16,2003,GroupE,groups,Manchester United,Panathinaikos,5-0,4-0,,,5,0,6,0,,,5,0,6,0,,ENG,GRE
2003-09-16,2003,GroupF,groups,Real Madrid,Olympique Marseille,4-2,2-1,,,4,2,6,3,,,4,2,6,3,,ESP,FRA
2003-09-16,2003,GroupE,groups,Rangers,VfB Stuttgart,2-1,0-1,,,2,1,2,2,,,2,1,2,2,,SCO,GER
2003-09-16,2003,GroupF,groups,Partizan Belgrade,FC Porto,1-1,0-1,,,1,1,2,3,,,1,1,2,3,,SRB,POR
2003-09-17,2003,GroupC,groups,AEK Athens,Deportivo La Coruna,1-1,0-1,,,1,1,1,4,,,1,1,1,4,,GRE,ESP
2003-09-17,2003,GroupB,groups,Arsenal,Internazionale,0-3,0-3,,,0,3,5,4,,,0,3,5,4,,ENG,ITA
2003-09-17,2003,GroupC,groups,PSV Eindhoven,AS Monaco,1-2,0-1,,,1,2,2,3,,,1,2,2,3,,NED,FRA
2003-09-17,2003,GroupA,groups,Bayern Munich,Celtic,2-1,0-0,,,2,1,2,1,,,2,1,2,1,,GER,SCO
2003-09-17,2003,GroupB,groups,Dinamo Kiev,Lokomotiv Moskva,2-0,0-0,,,2,0,4,3,,,2,0,4,3,,UKR,RUS
2003-09-17,2003,GroupD,groups,Juventus,Galatasaray,2-1,1-1,,,2,1,2,3,,,2,1,2,3,,ITA,TUR
2003-09-17,2003,GroupD,groups,Real Sociedad,Olympiacos,1-0,0-0,,,1,0,3,2,,,1,0,3,2,,ESP,GRE
2003-09-17,2003,GroupA,groups,Olympique Lyon,RSC Anderlecht,1-0,1-0,,,1,0,1,1,,,1,0,1,1,,FRA,BEL
2003-09-30,2003,GroupC,groups,AS Monaco,AEK Athens,4-0,2-0,,,4,0,4,0,,,4,0,4,0,,FRA,GRE
2003-09-30,2003,GroupB,groups,Lokomotiv Moskva,Arsenal,0-0,0-0,,,0,0,0,2,,,0,0,0,2,,RUS,ENG
2003-09-30,2003,GroupA,groups,RSC Anderlecht,Bayern Munich,1-1,0-0,,,1,1,1,2,,,1,1,1,2,,BEL,GER
2003-09-30,2003,GroupA,groups,Celtic,Olympique Lyon,2-0,0-0,,,2,0,4,3,,,2,0,4,3,,SCO,FRA
2003-09-30,2003,GroupC,groups,Deportivo La Coruna,PSV Eindhoven,2-0,1-0,,,2,0,4,3,,,2,0,4,3,,ESP,NED
2003-09-30,2003,GroupB,groups,Internazionale,Dinamo Kiev,2-1,1-1,,,2,1,3,2,,,2,1,3,2,,ITA,UKR
2003-09-30,2003,GroupD,groups,Galatasaray,Real Sociedad,1-2,0-1,,,1,2,2,3,,,1,2,2,3,,TUR,ESP
2003-09-30,2003,GroupD,groups,Olympiacos,Juventus,1-2,1-1,,,1,2,1,9,,,1,2,1,9,,GRE,ITA
2003-10-01,2003,GroupH,groups,Celta Vigo,AC Milan,0-0,0-0,,,0,0,2,1,,,0,0,2,1,,ESP,ITA
2003-10-01,2003,GroupH,groups,AFC Ajax,Club Brugge,2-0,1-0,,,2,0,3,2,,,2,0,3,2,,NED,BEL
2003-10-01,2003,GroupG,groups,Chelsea,Besiktas,0-2,0-2,,,0,2,2,2,,,0,2,2,2,,ENG,TUR
2003-10-01,2003,GroupF,groups,FC Porto,Real Madrid,1-3,1-2,,,1,3,2,4,,,1,3,2,4,,POR,ESP
2003-10-01,2003,GroupG,groups,Lazio,Sparta Praha,2-2,0-2,,,2,2,2,3,,,2,2,2,3,,ITA,CZE
2003-10-01,2003,GroupE,groups,VfB Stuttgart,Manchester United,2-1,0-0,,,2,1,2,3,,,2,1,2,3,,GER,ENG
2003-10-01,2003,GroupE,groups,Panathinaikos,Rangers,1-1,0-1,,,1,1,4,2,,,1,1,4,2,,GRE,SCO
2003-10-01,2003,GroupF,groups,Olympique Marseille,Partizan Belgrade,3-0,0-0,,,3,0,4,1,,,3,0,4,1,,FRA,SRB
2003-10-21,2003,GroupC,groups,AEK Athens,PSV Eindhoven,0-1,0-1,,,0,1,0,3,,,0,1,0,3,,GRE,NED
2003-10-21,2003,GroupB,groups,Dinamo Kiev,Arsenal,2-1,1-0,,,2,1,2,2,,,2,1,2,2,,UKR,ENG
2003-10-21,2003,GroupC,groups,Deportivo La Coruna,AS Monaco,1-0,0-0,,,1,0,4,8,,,1,0,4,8,,ESP,FRA
2003-10-21,2003,GroupA,groups,Olympique Lyon,Bayern Munich,1-1,0-1,,,1,1,3,2,,,1,1,3,2,,FRA,GER
2003-10-21,2003,GroupA,groups,RSC Anderlecht,Celtic,1-0,0-0,,,1,0,2,3,,,1,0,2,3,,BEL,SCO
2003-10-21,2003,GroupD,groups,Galatasaray,Olympiacos,1-0,1-0,,,1,0,1,3,,,1,0,1,3,,TUR,GRE
2003-10-21,2003,GroupB,groups,Lokomotiv Moskva,Internazionale,3-0,1-0,,,3,0,4,1,,,3,0,4,1,,RUS,ITA
2003-10-21,2003,GroupD,groups,Juventus,Real Sociedad,4-2,3-0,,,4,2,4,2,,,4,2,4,2,,ITA,ESP
2003-10-22,2003,GroupH,groups,AC Milan,Club Brugge,0-1,0-1,,,0,1,1,1,,,0,1,1,1,,ITA,BEL
2003-10-22,2003,GroupH,groups,AFC Ajax,Celta Vigo,1-0,0-0,,,1,0,3,3,,,1,0,3,3,,NED,ESP
2003-10-22,2003,GroupG,groups,Sparta Praha,Besiktas,2-1,0-0,,,2,1,2,2,,,2,1,2,2,,CZE,TUR
2003-10-22,2003,GroupG,groups,Chelsea,Lazio,2-1,0-1,,,2,1,6,1,,,2,1,6,1,,ENG,ITA
2003-10-22,2003,GroupF,groups,Olympique Marseille,FC Porto,2-3,1-2,,,2,3,2,4,,,2,3,2,4,,FRA,POR
2003-10-22,2003,GroupE,groups,Rangers,Manchester United,0-1,0-1,,,0,1,0,4,,,0,1,0,4,,SCO,ENG
2003-10-22,2003,GroupE,groups,VfB Stuttgart,Panathinaikos,2-0,2-0,,,2,0,5,1,,,2,0,5,1,,GER,GRE
2003-10-22,2003,GroupF,groups,Real Madrid,Partizan Belgrade,1-0,1-0,,,1,0,1,0,,,1,0,1,0,,ESP,SRB
2003-11-04,2003,GroupH,groups,Club Brugge,AC Milan,0-1,0-0,,,0,1,1,1,,,0,1,1,1,,BEL,ITA
2003-11-04,2003,GroupH,groups,Celta Vigo,AFC Ajax,3-2,2-0,,,3,2,3,3,,,3,2,3,3,,ESP,NED
2003-11-04,2003,GroupG,groups,Besiktas,Sparta Praha,1-0,0-0,,,1,0,2,2,,,1,0,2,2,,TUR,CZE
2003-11-04,2003,GroupG,groups,Lazio,Chelsea,0-4,0-1,,,0,4,1,6,,,0,4,1,6,,ITA,ENG
2003-11-04,2003,GroupF,groups,FC Porto,Olympique Marseille,1-0,1-0,,,1,0,4,2,,,1,0,4,2,,POR,FRA
2003-11-04,2003,GroupE,groups,Manchester United,Rangers,3-0,2-0,,,3,0,4,0,,,3,0,4,0,,ENG,SCO
2003-11-04,2003,GroupE,groups,Panathinaikos,VfB Stuttgart,1-3,0-0,,,1,3,1,5,,,1,3,1,5,,GRE,GER
2003-11-04,2003,GroupF,groups,Partizan Belgrade,Real Madrid,0-0,0-0,,,0,0,0,1,,,0,0,0,1,,SRB,ESP
2003-11-05,2003,GroupC,groups,PSV Eindhoven,AEK Athens,2-0,0-0,,,2,0,3,0,,,2,0,3,0,,NED,GRE
2003-11-05,2003,GroupB,groups,Arsenal,Dinamo Kiev,1-0,0-0,,,1,0,2,2,,,1,0,2,2,,ENG,UKR
2003-11-05,2003,GroupC,groups,AS Monaco,Deportivo La Coruna,8-3,5-2,,,8,3,8,4,,,8,3,8,4,,FRA,ESP
2003-11-05,2003,GroupA,groups,Bayern Munich,Olympique Lyon,1-2,1-1,,,1,2,2,3,,,1,2,2,3,,GER,FRA
2003-11-05,2003,GroupA,groups,Celtic,RSC Anderlecht,3-1,3-0,,,3,1,3,2,,,3,1,3,2,,SCO,BEL
2003-11-05,2003,GroupD,groups,Olympiacos,Galatasaray,3-0,2-0,,,3,0,3,1,,,3,0,3,1,,GRE,TUR
2003-11-05,2003,GroupB,groups,Internazionale,Lokomotiv Moskva,1-1,1-0,,,1,1,1,4,,,1,1,1,4,,ITA,RUS
2003-11-05,2003,GroupD,groups,Real Sociedad,Juventus,0-0,0-0,,,0,0,2,4,,,0,0,2,4,,ESP,ITA
2003-11-25,2003,GroupC,groups,Deportivo La Coruna,AEK Athens,3-0,1-0,,,3,0,4,1,,,3,0,4,1,,ESP,GRE
2003-11-25,2003,GroupB,groups,Internazionale,Arsenal,1-5,1-1,,,1,5,4,5,,,1,5,4,5,,ITA,ENG
2003-11-25,2003,GroupC,groups,AS Monaco,PSV Eindhoven,1-1,1-0,,,1,1,3,2,,,1,1,3,2,,FRA,NED
2003-11-25,2003,GroupA,groups,Celtic,Bayern Munich,0-0,0-0,,,0,0,1,2,,,0,0,1,2,,SCO,GER
2003-11-25,2003,GroupB,groups,Lokomotiv Moskva,Dinamo Kiev,3-2,2-1,,,3,2,3,4,,,3,2,3,4,,RUS,UKR
2003-11-25,2003,GroupD,groups,Olympiacos,Real Sociedad,2-2,0-1,,,2,2,2,3,,,2,2,2,3,,GRE,ESP
2003-11-25,2003,GroupA,groups,RSC Anderlecht,Olympique Lyon,1-0,0-0,,,1,0,1,1,,,1,0,1,1,,BEL,FRA
2003-11-26,2003,GroupH,groups,AFC Ajax,AC Milan,0-1,0-0,,,0,1,0,2,,,0,1,0,2,,NED,ITA
2003-11-26,2003,GroupG,groups,Lazio,Besiktas,1-1,0-1,,,1,1,3,1,,,1,1,3,1,,ITA,TUR
2003-11-26,2003,GroupH,groups,Celta Vigo,Club Brugge,1-1,0-0,,,1,1,2,2,,,1,1,2,2,,ESP,BEL
2003-11-26,2003,GroupG,groups,Chelsea,Sparta Praha,0-0,0-0,,,0,0,1,0,,,0,0,1,0,,ENG,CZE
2003-11-26,2003,GroupE,groups,Panathinaikos,Manchester United,0-1,0-0,,,0,1,0,6,,,0,1,0,6,,GRE,ENG
2003-11-26,2003,GroupF,groups,Olympique Marseille,Real Madrid,1-2,0-1,,,1,2,3,6,,,1,2,3,6,,FRA,ESP
2003-11-26,2003,GroupE,groups,VfB Stuttgart,Rangers,1-0,1-0,,,1,0,2,2,,,1,0,2,2,,GER,SCO
2003-11-26,2003,GroupF,groups,FC Porto,Partizan Belgrade,2-1,1-0,,,2,1,3,2,,,2,1,3,2,,POR,SRB
2003-12-02,2003,GroupD,groups,Galatasaray,Juventus,2-0,0-0,,,2,0,3,2,,,2,0,3,2,,TUR,ITA
2003-12-09,2003,GroupH,groups,AC Milan,Celta Vigo,1-2,1-1,,,1,2,1,2,,,1,2,1,2,,ITA,ESP
2003-12-09,2003,GroupH,groups,Club Brugge,AFC Ajax,2-1,1-1,,,2,1,2,3,,,2,1,2,3,,BEL,NED
2003-12-09,2003,GroupG,groups,Besiktas,Chelsea,0-2,0-0,,,0,2,2,2,,,0,2,2,2,,TUR,ENG
2003-12-09,2003,GroupF,groups,Real Madrid,FC Porto,1-1,1-1,,,1,1,4,2,,,1,1,4,2,,ESP,POR
2003-12-09,2003,GroupG,groups,Sparta Praha,Lazio,1-0,0-0,,,1,0,3,2,,,1,0,3,2,,CZE,ITA
2003-12-09,2003,GroupE,groups,Manchester United,VfB Stuttgart,2-0,1-0,,,2,0,3,2,,,2,0,3,2,,ENG,GER
2003-12-09,2003,GroupE,groups,Rangers,Panathinaikos,1-3,1-1,,,1,3,2,4,,,1,3,2,4,,SCO,GRE
2003-12-09,2003,GroupF,groups,Partizan Belgrade,Olympique Marseille,1-1,0-0,,,1,1,1,4,,,1,1,1,4,,SRB,FRA
2003-12-10,2003,GroupC,groups,AEK Athens,AS Monaco,0-0,0-0,,,0,0,0,4,,,0,0,0,4,,GRE,FRA
2003-12-10,2003,GroupB,groups,Arsenal,Lokomotiv Moskva,2-0,1-0,,,2,0,2,0,,,2,0,2,0,,ENG,RUS
2003-12-10,2003,GroupA,groups,Bayern Munich,RSC Anderlecht,1-0,1-0,,,1,0,2,1,,,1,0,2,1,,GER,BEL
2003-12-10,2003,GroupA,groups,Olympique Lyon,Celtic,3-2,1-1,,,3,2,3,4,,,3,2,3,4,,FRA,SCO
2003-12-10,2003,GroupC,groups,PSV Eindhoven,Deportivo La Coruna,3-2,1-0,,,3,2,3,4,,,3,2,3,4,,NED,ESP
2003-12-10,2003,GroupB,groups,Dinamo Kiev,Internazionale,1-1,0-0,,,1,1,2,3,,,1,1,2,3,,UKR,ITA
2003-12-10,2003,GroupD,groups,Real Sociedad,Galatasaray,1-1,0-1,,,1,1,3,2,,,1,1,3,2,,ESP,TUR
2003-12-10,2003,GroupD,groups,Juventus,Olympiacos,7-0,4-0,,,7,0,9,1,,,7,0,9,1,,ITA,GRE
2004-02-24,2003,R16,1,Lokomotiv Moskva,AS Monaco,2-1,1-0,,,2,1,2,2,,,2,1,2,2,AS Monaco,RUS,FRA
2004-02-24,2003,R16,1,Sparta Praha,AC Milan,0-0,0-0,,,0,0,1,4,,,0,0,1,4,AC Milan,CZE,ITA
2004-02-24,2003,R16,1,Celta Vigo,Arsenal,2-3,1-1,,,2,3,2,5,,,2,3,2,5,Arsenal,ESP,ENG
2004-02-24,2003,R16,1,Bayern Munich,Real Madrid,1-1,0-0,,,1,1,1,2,,,1,1,1,2,Real Madrid,GER,ESP
2004-02-25,2003,R16,1,VfB Stuttgart,Chelsea,0-1,0-1,,,0,1,0,1,,,0,1,0,1,Chelsea,GER,ENG
2004-02-25,2003,R16,1,Deportivo La Coruna,Juventus,1-0,1-0,,,1,0,2,0,,,1,0,2,0,Deportivo La Coruna,ESP,ITA
2004-02-25,2003,R16,1,FC Porto,Manchester United,2-1,1-1,,,2,1,3,2,,,2,1,3,2,FC Porto,POR,ENG
2004-02-25,2003,R16,1,Real Sociedad,Olympique Lyon,0-1,0-1,,,0,1,0,2,,,0,1,0,2,Olympique Lyon,ESP,FRA
2004-03-09,2003,R16,2,Chelsea,VfB Stuttgart,0-0,0-0,,,0,0,1,0,,,0,0,1,0,Chelsea,ENG,GER
2004-03-09,2003,R16,2,Juventus,Deportivo La Coruna,0-1,0-1,,,0,1,0,2,,,0,1,0,2,Deportivo La Coruna,ITA,ESP
2004-03-09,2003,R16,2,Manchester United,FC Porto,1-1,1-0,,,1,1,2,3,,,1,1,2,3,FC Porto,ENG,POR
2004-03-09,2003,R16,2,Olympique Lyon,Real Sociedad,1-0,0-0,,,1,0,2,0,,,1,0,2,0,Olympique Lyon,FRA,ESP
2004-03-10,2003,R16,2,AS Monaco,Lokomotiv Moskva,1-0,0-0,,away goals,1,0,2,2,,,1,0,2,2,AS Monaco,FRA,RUS
2004-03-10,2003,R16,2,AC Milan,Sparta Praha,4-1,1-0,,,4,1,4,1,,,4,1,4,1,AC Milan,ITA,CZE
2004-03-10,2003,R16,2,Arsenal,Celta Vigo,2-0,2-0,,,2,0,5,2,,,2,0,5,2,Arsenal,ENG,ESP
2004-03-10,2003,R16,2,Real Madrid,Bayern Munich,1-0,1-0,,,1,0,2,1,,,1,0,2,1,Real Madrid,ESP,GER
2004-03-23,2003,QF,1,AC Milan,Deportivo La Coruna,4-1,1-1,,,4,1,4,5,,,4,1,4,5,Deportivo La Coruna,ITA,ESP
2004-03-23,2003,QF,1,FC Porto,Olympique Lyon,2-0,1-0,,,2,0,4,2,,,2,0,4,2,FC Porto,POR,FRA
2004-03-24,2003,QF,1,Real Madrid,AS Monaco,4-2,0-1,,,4,2,5,5,,,4,2,5,5,AS Monaco,ESP,FRA
2004-03-24,2003,QF,1,Chelsea,Arsenal,1-1,0-0,,,1,1,3,2,,,1,1,3,2,Chelsea,ENG,ENG
2004-04-06,2003,QF,2,AS Monaco,Real Madrid,3-1,1-1,,away goals,3,1,5,5,,,3,1,5,5,AS Monaco,FRA,ESP
2004-04-06,2003,QF,2,Arsenal,Chelsea,1-2,1-0,,,1,2,2,3,,,1,2,2,3,Chelsea,ENG,ENG
2004-04-07,2003,QF,2,Deportivo La Coruna,AC Milan,4-0,3-0,,,4,0,5,4,,,4,0,5,4,Deportivo La Coruna,ESP,ITA
2004-04-07,2003,QF,2,Olympique Lyon,FC Porto,2-2,1-1,,,2,2,2,4,,,2,2,2,4,FC Porto,FRA,POR
2004-04-20,2003,SF,1,AS Monaco,Chelsea,3-1,1-1,,,3,1,5,3,,,3,1,5,3,AS Monaco,FRA,ENG
2004-04-21,2003,SF,1,FC Porto,Deportivo La Coruna,0-0,0-0,,,0,0,1,0,,,0,0,1,0,FC Porto,POR,ESP
2004-05-04,2003,SF,2,Deportivo La Coruna,FC Porto,0-1,0-0,,,0,1,0,1,,,0,1,0,1,FC Porto,ESP,POR
2004-05-05,2003,SF,2,Chelsea,AS Monaco,2-2,2-1,,,2,2,3,5,,,2,2,3,5,AS Monaco,ENG,FRA
2004-05-26,2003,final,,FC Porto,AS Monaco,3-0,1-0,,,3,0,3,0,,,3,0,3,0,FC Porto,POR,FRA
2004-07-13,2004,Q-1,1,NK Siroki Brijeg,Neftchi PFC Baku,2-1,,,,2,1,2,2,,,2,1,2,2,Neftchi PFC Baku,BIH,AZE
2004-07-13,2004,Q-1,1,Sliema Wanderers,FBK Kaunas,0-2,,,,0,2,1,6,,,0,2,1,6,FBK Kaunas,MLT,LTU
2004-07-13,2004,Q-1,1,FK Pobeda,Pyunik,1-3,,,,1,3,2,4,,,1,3,2,4,Pyunik,MKD,ARM
2004-07-14,2004,Q-1,1,KR Reykjavik,Shelbourne,2-2,,,,2,2,2,2,,,2,2,2,2,Shelbourne,ISL,IRL
2004-07-14,2004,Q-1,1,Flora Tallinn,HNK Gorica,2-4,,,,2,4,3,7,,,2,4,3,7,HNK Gorica,EST,CRO
2004-07-14,2004,Q-1,1,Gomel,KF Tirana,0-2,,,,0,2,1,2,,,0,2,1,2,KF Tirana,BLR,ALB
2004-07-14,2004,Q-1,1,WIT Georgia,HB,5-0,,,,5,0,7,3,,,5,0,7,3,WIT Georgia,GEO,FRO
2004-07-14,2004,Q-1,1,Linfield,HJK Helsinki,0-1,,,,0,1,0,2,,,0,1,0,2,HJK Helsinki,NIR,FIN
2004-07-14,2004,Q-1,1,Sheriff Tiraspol,Jeunesse Esch,2-0,,,,2,0,2,1,,,2,0,2,1,Sheriff Tiraspol,MDA,LUX
2004-07-14,2004,Q-1,1,Skonto,Rhyl,4-0,,,,4,0,7,1,,,4,0,7,1,Skonto,LVA,WAL
2004-07-21,2004,Q-1,2,Shelbourne,KR Reykjavik,0-0,,,away goals,0,0,2,2,,,0,0,2,2,Shelbourne,IRL,ISL
2004-07-21,2004,Q-1,2,Neftchi PFC Baku,NK Siroki Brijeg,1-0,,,away goals,1,0,2,2,,,1,0,2,2,Neftchi PFC Baku,AZE,BIH
2004-07-21,2004,Q-1,2,FBK Kaunas,Sliema Wanderers,4-1,,,,4,1,6,1,,,4,1,6,1,FBK Kaunas,LTU,MLT
2004-07-21,2004,Q-1,2,Pyunik,FK Pobeda,1-1,,,,1,1,4,2,,,1,1,4,2,Pyunik,ARM,MKD
2004-07-21,2004,Q-1,2,HNK Gorica,Flora Tallinn,3-1,,,,3,1,7,3,,,3,1,7,3,HNK Gorica,CRO,EST
2004-07-21,2004,Q-1,2,KF Tirana,Gomel,0-1,,,,0,1,2,1,,,0,1,2,1,KF Tirana,ALB,BLR
2004-07-21,2004,Q-1,2,HB,WIT Georgia,3-2,,,,3,2,3,7,,,3,2,3,7,WIT Georgia,FRO,GEO
2004-07-21,2004,Q-1,2,HJK Helsinki,Linfield,1-0,,,,1,0,2,0,,,1,0,2,0,HJK Helsinki,FIN,NIR
2004-07-21,2004,Q-1,2,Jeunesse Esch,Sheriff Tiraspol,1-0,,,,1,0,1,2,,,1,0,1,2,Sheriff Tiraspol,LUX,MDA
2004-07-21,2004,Q-1,2,Rhyl,Skonto,1-3,,,,1,3,1,7,,,1,3,1,7,Skonto,WAL,LVA
2004-07-27,2004,Q-2,1,KF Tirana,Ferencvaros,2-3,,,,2,3,3,3,,,2,3,3,3,Ferencvaros,ALB,HUN
2004-07-27,2004,Q-2,1,Neftchi PFC Baku,CSKA Moskva,0-0,,,,0,0,0,2,,,0,0,0,2,CSKA Moskva,AZE,RUS
2004-07-27,2004,Q-2,1,HJK Helsinki,Maccabi Tel Aviv,0-0,,,,0,0,0,1,,,0,0,0,1,Maccabi Tel Aviv,FIN,ISR
2004-07-27,2004,Q-2,1,HNK Gorica,Kobenhavn,1-2,,,,1,2,6,2,,,1,2,6,2,HNK Gorica,CRO,DEN
2004-07-27,2004,Q-2,1,Pyunik,Shakhtar Donetsk,1-3,,,,1,3,1,4,,,1,3,1,4,Shakhtar Donetsk,ARM,UKR
2004-07-27,2004,Q-2,1,WIT Georgia,Wisla Krakow,2-8,,,,2,8,2,11,,,2,8,2,11,Wisla Krakow,GEO,POL
2004-07-28,2004,Q-2,1,APOEL Nikosia,Sparta Praha,2-2,,,,2,2,3,4,,,2,2,3,4,Sparta Praha,CYP,CZE
2004-07-28,2004,Q-2,1,BSC Young Boys,Crvena Zvezda,2-2,,,,2,2,2,5,,,2,2,2,5,Crvena Zvezda,SUI,SRB
2004-07-28,2004,Q-2,1,Club Brugge,PFC Lokomotiv Plovdiv,2-0,,,,2,0,6,0,,,2,0,6,0,Club Brugge,BEL,BUL
2004-07-28,2004,Q-2,1,MSK Zilina,Dinamo Bucuresti,0-1,,,,0,1,0,2,,,0,1,0,2,Dinamo Bucuresti,SVK,ROU
2004-07-28,2004,Q-2,1,Djurgardens IF,FBK Kaunas,0-0,,,,0,0,2,0,,,0,0,2,0,Djurgardens IF,SWE,LTU
2004-07-28,2004,Q-2,1,Hajduk Split,Shelbourne,3-2,,,,3,2,3,4,,,3,2,3,4,Shelbourne,CRO,IRL
2004-07-28,2004,Q-2,1,Rosenborg BK,Sheriff Tiraspol,2-1,,,,2,1,4,1,,,2,1,4,1,Rosenborg BK,NOR,MDA
2004-07-28,2004,Q-2,1,Skonto,Trabzonspor,1-1,,,,1,1,1,4,,,1,1,1,4,Trabzonspor,LVA,TUR
2004-08-04,2004,Q-2,2,Ferencvaros,KF Tirana,0-1,,,away goals,0,1,3,3,,,0,1,3,3,Ferencvaros,HUN,ALB
2004-08-04,2004,Q-2,2,Sparta Praha,APOEL Nikosia,2-1,,,,2,1,4,3,,,2,1,4,3,Sparta Praha,CZE,CYP
2004-08-04,2004,Q-2,2,Crvena Zvezda,BSC Young Boys,3-0,,,,3,0,5,2,,,3,0,5,2,Crvena Zvezda,SRB,SUI
2004-08-04,2004,Q-2,2,PFC Lokomotiv Plovdiv,Club Brugge,0-4,,,,0,4,0,6,,,0,4,0,6,Club Brugge,BUL,BEL
2004-08-04,2004,Q-2,2,CSKA Moskva,Neftchi PFC Baku,2-0,,,,2,0,2,0,,,2,0,2,0,CSKA Moskva,RUS,AZE
2004-08-04,2004,Q-2,2,Dinamo Bucuresti,MSK Zilina,1-0,,,,1,0,2,0,,,1,0,2,0,Dinamo Bucuresti,ROU,SVK
2004-08-04,2004,Q-2,2,FBK Kaunas,Djurgardens IF,0-2,,,,0,2,0,2,,,0,2,0,2,Djurgardens IF,LTU,SWE
2004-08-04,2004,Q-2,2,Shelbourne,Hajduk Split,2-0,,,,2,0,4,3,,,2,0,4,3,Shelbourne,IRL,CRO
2004-08-04,2004,Q-2,2,Maccabi Tel Aviv,HJK Helsinki,1-0,,,,1,0,1,0,,,1,0,1,0,Maccabi Tel Aviv,ISR,FIN
2004-08-04,2004,Q-2,2,Kobenhavn,HNK Gorica,0-5,,,,0,5,2,6,,,0,5,2,6,HNK Gorica,DEN,CRO
2004-08-04,2004,Q-2,2,Shakhtar Donetsk,Pyunik,1-0,,,,1,0,4,1,,,1,0,4,1,Shakhtar Donetsk,UKR,ARM
2004-08-04,2004,Q-2,2,Sheriff Tiraspol,Rosenborg BK,0-2,,,,0,2,1,4,,,0,2,1,4,Rosenborg BK,MDA,NOR
2004-08-04,2004,Q-2,2,Trabzonspor,Skonto,3-0,,,,3,0,4,1,,,3,0,4,1,Trabzonspor,TUR,LVA
2004-08-04,2004,Q-2,2,Wisla Krakow,WIT Georgia,3-0,,,,3,0,11,2,,,3,0,11,2,Wisla Krakow,POL,GEO
2004-08-10,2004,Q-3,1,CSKA Moskva,Rangers,2-1,,,,2,1,3,2,,,2,1,3,2,CSKA Moskva,RUS,SCO
2004-08-10,2004,Q-3,1,Dinamo Kiev,Trabzonspor,1-2,,,,1,2,3,2,,,1,2,3,2,Dinamo Kiev,UKR,TUR
2004-08-10,2004,Q-3,1,Juventus,Djurgardens IF,2-2,,,,2,2,6,3,,,2,2,6,3,Juventus,ITA,SWE
2004-08-10,2004,Q-3,1,Grazer AK,Liverpool,0-2,,,,0,2,1,2,,,0,2,1,2,Liverpool,AUT,ENG
2004-08-10,2004,Q-3,1,PAOK,Maccabi Tel Aviv,0-3,,,,0,3,0,4,,,0,3,0,4,Maccabi Tel Aviv,GRE,ISR
2004-08-10,2004,Q-3,1,SL Benfica,RSC Anderlecht,1-0,,,,1,0,1,3,,,1,0,1,3,RSC Anderlecht,POR,BEL
2004-08-11,2004,Q-3,1,HNK Gorica,AS Monaco,0-3,,,,0,3,0,9,,,0,3,0,9,AS Monaco,CRO,FRA
2004-08-11,2004,Q-3,1,Bayer Leverkusen,Banik Ostrava,5-0,,,,5,0,6,2,,,5,0,6,2,Bayer Leverkusen,GER,CZE
2004-08-11,2004,Q-3,1,Basel,Internazionale,1-1,,,,1,1,2,5,,,1,1,2,5,Internazionale,SUI,ITA
2004-08-11,2004,Q-3,1,Shakhtar Donetsk,Club Brugge,4-1,,,,4,1,6,3,,,4,1,6,3,Shakhtar Donetsk,UKR,BEL
2004-08-11,2004,Q-3,1,Crvena Zvezda,PSV Eindhoven,3-2,,,,3,2,3,7,,,3,2,3,7,PSV Eindhoven,SRB,NED
2004-08-11,2004,Q-3,1,Shelbourne,Deportivo La Coruna,0-0,,,,0,0,0,3,,,0,0,0,3,Deportivo La Coruna,IRL,ESP
2004-08-11,2004,Q-3,1,Dinamo Bucuresti,Manchester United,1-2,,,,1,2,1,5,,,1,2,1,5,Manchester United,ROU,ENG
2004-08-11,2004,Q-3,1,Ferencvaros,Sparta Praha,1-0,,,,1,0,1,1,,,1,0,1,2,Sparta Praha,HUN,CZE
2004-08-11,2004,Q-3,1,Rosenborg BK,Maccabi Haifa,2-1,,,,2,1,3,3,,,2,1,5,3,Rosenborg BK,NOR,ISR
2004-08-11,2004,Q-3,1,Wisla Krakow,Real Madrid,0-2,,,,0,2,1,5,,,0,2,1,5,Real Madrid,POL,ESP
2004-08-24,2004,Q-3,2,AS Monaco,HNK Gorica,6-0,,,,6,0,9,0,,,6,0,9,0,AS Monaco,FRA,CRO
2004-08-24,2004,Q-3,2,Internazionale,Basel,4-1,,,,4,1,5,2,,,4,1,5,2,Internazionale,ITA,SUI
2004-08-24,2004,Q-3,2,Rangers,CSKA Moskva,1-1,,,,1,1,2,3,,,1,1,2,3,CSKA Moskva,SCO,RUS
2004-08-24,2004,Q-3,2,Deportivo La Coruna,Shelbourne,3-0,,,,3,0,3,0,,,3,0,3,0,Deportivo La Coruna,ESP,IRL
2004-08-24,2004,Q-3,2,Trabzonspor,Dinamo Kiev,0-2,,,,0,2,2,3,,,0,2,2,3,Dinamo Kiev,TUR,UKR
2004-08-24,2004,Q-3,2,Liverpool,Grazer AK,0-1,,,,0,1,2,1,,,0,1,2,1,Liverpool,ENG,AUT
2004-08-24,2004,Q-3,2,Maccabi Haifa,Rosenborg BK,2-1,,2-3,,2,1,3,3,2.0,3.0,2,3,3,5,Rosenborg BK,ISR,NOR
2004-08-24,2004,Q-3,2,RSC Anderlecht,SL Benfica,3-0,,,,3,0,3,1,,,3,0,3,1,RSC Anderlecht,BEL,POR
2004-08-25,2004,Q-3,2,Banik Ostrava,Bayer Leverkusen,2-1,,,,2,1,2,6,,,2,1,2,6,Bayer Leverkusen,CZE,GER
2004-08-25,2004,Q-3,2,Club Brugge,Shakhtar Donetsk,2-2,,,,2,2,3,6,,,2,2,3,6,Shakhtar Donetsk,BEL,UKR
2004-08-25,2004,Q-3,2,PSV Eindhoven,Crvena Zvezda,5-0,,,,5,0,7,3,,,5,0,7,3,PSV Eindhoven,NED,SRB
2004-08-25,2004,Q-3,2,Manchester United,Dinamo Bucuresti,3-0,,,,3,0,5,1,,,3,0,5,1,Manchester United,ENG,ROU
2004-08-25,2004,Q-3,2,Djurgardens IF,Juventus,1-4,,,,1,4,3,6,,,1,4,3,6,Juventus,SWE,ITA
2004-08-25,2004,Q-3,2,Sparta Praha,Ferencvaros,1-0,,2-0,,1,0,1,1,2.0,0.0,2,0,2,1,Sparta Praha,CZE,HUN
2004-08-25,2004,Q-3,2,Maccabi Tel Aviv,PAOK,1-0,,,,1,0,4,0,,,1,0,4,0,Maccabi Tel Aviv,ISR,GRE
2004-08-25,2004,Q-3,2,Real Madrid,Wisla Krakow,3-1,,,,3,1,5,1,,,3,1,5,1,Real Madrid,ESP,POL
2004-09-14,2004,GroupF,groups,Shakhtar Donetsk,AC Milan,0-1,0-0,,,0,1,0,5,,,0,1,0,5,,UKR,ITA
2004-09-14,2004,GroupE,groups,Arsenal,PSV Eindhoven,1-0,1-0,,,1,0,2,1,,,1,0,2,1,,ENG,NED
2004-09-14,2004,GroupF,groups,Celtic,Barcelona,1-3,0-1,,,1,3,2,4,,,1,3,2,4,,SCO,ESP
2004-09-14,2004,GroupH,groups,Paris Saint-Germain,Chelsea,0-3,0-2,,,0,3,0,3,,,0,3,0,3,,FRA,ENG
2004-09-14,2004,GroupH,groups,FC Porto,CSKA Moskva,0-0,0-0,,,0,0,1,0,,,0,0,1,0,,POR,RUS
2004-09-14,2004,GroupG,groups,Internazionale,Werder Bremen,2-0,1-0,,,2,0,3,1,,,2,0,3,1,,ITA,GER
2004-09-14,2004,GroupE,groups,Panathinaikos,Rosenborg BK,2-1,1-0,,,2,1,4,3,,,2,1,4,3,,GRE,NOR
2004-09-14,2004,GroupG,groups,Valencia CF,RSC Anderlecht,2-0,2-0,,,2,0,4,1,,,2,0,4,1,,ESP,BEL
2004-09-15,2004,GroupC,groups,AFC Ajax,Juventus,0-1,0-1,,,0,1,0,2,,,0,1,0,2,,NED,ITA
2004-09-15,2004,GroupA,groups,Liverpool,AS Monaco,2-0,1-0,,,2,0,2,1,,,2,0,2,1,,ENG,FRA
2004-09-15,2004,GroupB,groups,AS Roma,Dinamo Kiev,0-3,0-1,,,0,3,0,5,,,0,3,0,5,,ITA,UKR
2004-09-15,2004,GroupB,groups,Bayer Leverkusen,Real Madrid,3-0,1-0,,,3,0,4,1,,,3,0,4,1,,GER,ESP
2004-09-15,2004,GroupC,groups,Maccabi Tel Aviv,Bayern Munich,0-1,0-0,,,0,1,1,6,,,0,1,1,6,,ISR,GER
2004-09-15,2004,GroupA,groups,Deportivo La Coruna,Olympiacos,0-0,0-0,,,0,0,0,1,,,0,0,0,1,,ESP,GRE
2004-09-15,2004,GroupD,groups,Fenerbahce,Sparta Praha,1-0,1-0,,,1,0,2,0,,,1,0,2,0,,TUR,CZE
2004-09-15,2004,GroupD,groups,Olympique Lyon,Manchester United,2-2,2-0,,,2,2,3,4,,,2,2,3,4,,FRA,ENG
2004-09-28,2004,GroupC,groups,Bayern Munich,AFC Ajax,4-0,2-0,,,4,0,6,2,,,4,0,6,2,,GER,NED
2004-09-28,2004,GroupA,groups,AS Monaco,Deportivo La Coruna,2-0,2-0,,,2,0,7,0,,,2,0,7,0,,FRA,ESP
2004-09-28,2004,GroupB,groups,Real Madrid,AS Roma,4-2,1-2,,,4,2,7,2,,,4,2,7,2,,ESP,ITA
2004-09-28,2004,GroupB,groups,Dinamo Kiev,Bayer Leverkusen,4-2,1-0,,,4,2,4,5,,,4,2,4,5,,UKR,GER
2004-09-28,2004,GroupD,groups,Manchester United,Fenerbahce,6-2,3-0,,,6,2,6,5,,,6,2,6,5,,ENG,TUR
2004-09-28,2004,GroupC,groups,Juventus,Maccabi Tel Aviv,1-0,1-0,,,1,0,2,1,,,1,0,2,1,,ITA,ISR
2004-09-28,2004,GroupA,groups,Olympiacos,Liverpool,1-0,1-0,,,1,0,2,3,,,1,0,2,3,,GRE,ENG
2004-09-28,2004,GroupD,groups,Sparta Praha,Olympique Lyon,1-2,1-1,,,1,2,1,7,,,1,2,1,7,,CZE,FRA
2004-09-29,2004,GroupF,groups,AC Milan,Celtic,3-1,1-0,,,3,1,3,1,,,3,1,3,1,,ITA,SCO
2004-09-29,2004,GroupE,groups,Rosenborg BK,Arsenal,1-1,0-1,,,1,1,2,6,,,1,1,2,6,,NOR,ENG
2004-09-29,2004,GroupF,groups,Barcelona,Shakhtar Donetsk,3-0,1-0,,,3,0,3,2,,,3,0,3,2,,ESP,UKR
2004-09-29,2004,GroupH,groups,Chelsea,FC Porto,3-1,1-0,,,3,1,4,3,,,3,1,4,3,,ENG,POR
2004-09-29,2004,GroupH,groups,CSKA Moskva,Paris Saint-Germain,2-0,0-0,,,2,0,5,1,,,2,0,5,1,,RUS,FRA
2004-09-29,2004,GroupG,groups,RSC Anderlecht,Internazionale,1-3,0-1,,,1,3,1,6,,,1,3,1,6,,BEL,ITA
2004-09-29,2004,GroupE,groups,PSV Eindhoven,Panathinaikos,1-0,0-0,,,1,0,2,4,,,1,0,2,4,,NED,GRE
2004-09-29,2004,GroupG,groups,Werder Bremen,Valencia CF,2-1,0-1,,,2,1,4,1,,,2,1,4,1,,GER,ESP
2004-10-19,2004,GroupC,groups,AFC Ajax,Maccabi Tel Aviv,3-0,3-0,,,3,0,4,2,,,3,0,4,2,,NED,ISR
2004-10-19,2004,GroupA,groups,AS Monaco,Olympiacos,2-1,2-0,,,2,1,2,2,,,2,1,2,2,,FRA,GRE
2004-10-19,2004,GroupB,groups,Bayer Leverkusen,AS Roma,3-1,0-1,,,3,1,4,2,,,3,1,4,2,,GER,ITA
2004-10-19,2004,GroupC,groups,Juventus,Bayern Munich,1-0,0-0,,,1,0,2,0,,,1,0,2,0,,ITA,GER
2004-10-19,2004,GroupA,groups,Liverpool,Deportivo La Coruna,0-0,0-0,,,0,0,1,0,,,0,0,1,0,,ENG,ESP
2004-10-19,2004,GroupB,groups,Real Madrid,Dinamo Kiev,1-0,1-0,,,1,0,3,2,,,1,0,3,2,,ESP,UKR
2004-10-19,2004,GroupD,groups,Fenerbahce,Olympique Lyon,1-3,0-0,,,1,3,3,7,,,1,3,3,7,,TUR,FRA
2004-10-19,2004,GroupD,groups,Sparta Praha,Manchester United,0-0,0-0,,,0,0,1,4,,,0,0,1,4,,CZE,ENG
2004-10-20,2004,GroupF,groups,AC Milan,Barcelona,1-0,1-0,,,1,0,2,2,,,1,0,2,2,,ITA,ESP
2004-10-20,2004,GroupE,groups,Panathinaikos,Arsenal,2-2,0-1,,,2,2,3,3,,,2,2,3,3,,GRE,ENG
2004-10-20,2004,GroupF,groups,Shakhtar Donetsk,Celtic,3-0,0-0,,,3,0,3,1,,,3,0,3,1,,UKR,SCO
2004-10-20,2004,GroupH,groups,Chelsea,CSKA Moskva,2-0,2-0,,,2,0,3,0,,,2,0,3,0,,ENG,RUS
2004-10-20,2004,GroupH,groups,Paris Saint-Germain,FC Porto,2-0,2-0,,,2,0,2,0,,,2,0,2,0,,FRA,POR
2004-10-20,2004,GroupG,groups,Valencia CF,Internazionale,1-5,0-0,,,1,5,1,5,,,1,5,1,5,,ESP,ITA
2004-10-20,2004,GroupE,groups,Rosenborg BK,PSV Eindhoven,1-2,1-1,,,1,2,1,3,,,1,2,1,3,,NOR,NED
2004-10-20,2004,GroupG,groups,RSC Anderlecht,Werder Bremen,1-2,1-1,,,1,2,2,7,,,1,2,2,7,,BEL,GER
2004-11-02,2004,GroupF,groups,Barcelona,AC Milan,2-1,1-1,,,2,1,2,2,,,2,1,2,2,,ESP,ITA
2004-11-02,2004,GroupE,groups,Arsenal,Panathinaikos,1-1,1-0,,,1,1,3,3,,,1,1,3,3,,ENG,GRE
2004-11-02,2004,GroupF,groups,Celtic,Shakhtar Donetsk,1-0,1-0,,,1,0,1,3,,,1,0,1,3,,SCO,UKR
2004-11-02,2004,GroupH,groups,CSKA Moskva,Chelsea,0-1,0-1,,,0,1,0,3,,,0,1,0,3,,RUS,ENG
2004-11-02,2004,GroupH,groups,FC Porto,Paris Saint-Germain,0-0,0-0,,,0,0,0,2,,,0,0,0,2,,POR,FRA
2004-11-02,2004,GroupG,groups,Internazionale,Valencia CF,0-0,0-0,,,0,0,5,1,,,0,0,5,1,,ITA,ESP
2004-11-02,2004,GroupE,groups,PSV Eindhoven,Rosenborg BK,1-0,1-0,,,1,0,3,1,,,1,0,3,1,,NED,NOR
2004-11-02,2004,GroupG,groups,Werder Bremen,RSC Anderlecht,5-1,3-1,,,5,1,7,2,,,5,1,7,2,,GER,BEL
2004-11-03,2004,GroupC,groups,Maccabi Tel Aviv,AFC Ajax,2-1,0-0,,,2,1,2,4,,,2,1,2,4,,ISR,NED
2004-11-03,2004,GroupA,groups,Olympiacos,AS Monaco,1-0,0-0,,,1,0,2,2,,,1,0,2,2,,GRE,FRA
2004-11-03,2004,GroupB,groups,AS Roma,Bayer Leverkusen,1-1,0-0,,,1,1,2,4,,,1,1,2,4,,ITA,GER
2004-11-03,2004,GroupC,groups,Bayern Munich,Juventus,0-1,0-0,,,0,1,0,2,,,0,1,0,2,,GER,ITA
2004-11-03,2004,GroupA,groups,Deportivo La Coruna,Liverpool,0-1,0-1,,,0,1,0,1,,,0,1,0,1,,ESP,ENG
2004-11-03,2004,GroupB,groups,Dinamo Kiev,Real Madrid,2-2,2-2,,,2,2,2,3,,,2,2,2,3,,UKR,ESP
2004-11-03,2004,GroupD,groups,Olympique Lyon,Fenerbahce,4-2,1-1,,,4,2,7,3,,,4,2,7,3,,FRA,TUR
2004-11-03,2004,GroupD,groups,Manchester United,Sparta Praha,4-1,2-0,,,4,1,4,1,,,4,1,4,1,,ENG,CZE
2004-11-23,2004,GroupC,groups,Juventus,AFC Ajax,1-0,1-0,,,1,0,2,0,,,1,0,2,0,,ITA,NED
2004-11-23,2004,GroupA,groups,AS Monaco,Liverpool,1-0,0-0,,,1,0,1,2,,,1,0,1,2,,FRA,ENG
2004-11-23,2004,GroupB,groups,Dinamo Kiev,AS Roma,2-0,0-0,,,2,0,5,0,,,2,0,5,0,,UKR,ITA
2004-11-23,2004,GroupB,groups,Real Madrid,Bayer Leverkusen,1-1,0-1,,,1,1,1,4,,,1,1,1,4,,ESP,GER
2004-11-23,2004,GroupC,groups,Bayern Munich,Maccabi Tel Aviv,5-1,3-0,,,5,1,6,1,,,5,1,6,1,,GER,ISR
2004-11-23,2004,GroupA,groups,Olympiacos,Deportivo La Coruna,1-0,0-0,,,1,0,1,0,,,1,0,1,0,,GRE,ESP
2004-11-23,2004,GroupD,groups,Sparta Praha,Fenerbahce,0-1,0-1,,,0,1,0,2,,,0,1,0,2,,CZE,TUR
2004-11-23,2004,GroupD,groups,Manchester United,Olympique Lyon,2-1,1-1,,,2,1,4,3,,,2,1,4,3,,ENG,FRA
2004-11-24,2004,GroupF,groups,AC Milan,Shakhtar Donetsk,4-0,0-0,,,4,0,5,0,,,4,0,5,0,,ITA,UKR
2004-11-24,2004,GroupE,groups,PSV Eindhoven,Arsenal,1-1,1-1,,,1,1,1,2,,,1,1,1,2,,NED,ENG
2004-11-24,2004,GroupF,groups,Barcelona,Celtic,1-1,1-1,,,1,1,4,2,,,1,1,4,2,,ESP,SCO
2004-11-24,2004,GroupH,groups,Chelsea,Paris Saint-Germain,0-0,0-0,,,0,0,3,0,,,0,0,3,0,,ENG,FRA
2004-11-24,2004,GroupH,groups,CSKA Moskva,FC Porto,0-1,0-1,,,0,1,0,1,,,0,1,0,1,,RUS,POR
2004-11-24,2004,GroupG,groups,Werder Bremen,Internazionale,1-1,0-0,,,1,1,1,3,,,1,1,1,3,,GER,ITA
2004-11-24,2004,GroupE,groups,Rosenborg BK,Panathinaikos,2-2,0-1,,,2,2,3,4,,,2,2,3,4,,NOR,GRE
2004-11-24,2004,GroupG,groups,RSC Anderlecht,Valencia CF,1-2,1-1,,,1,2,1,4,,,1,2,1,4,,BEL,ESP
2004-12-07,2004,GroupF,groups,Celtic,AC Milan,0-0,0-0,,,0,0,1,3,,,0,0,1,3,,SCO,ITA
2004-12-07,2004,GroupE,groups,Arsenal,Rosenborg BK,5-1,4-1,,,5,1,6,2,,,5,1,6,2,,ENG,NOR
2004-12-07,2004,GroupF,groups,Shakhtar Donetsk,Barcelona,2-0,2-0,,,2,0,2,3,,,2,0,2,3,,UKR,ESP
2004-12-07,2004,GroupH,groups,FC Porto,Chelsea,2-1,0-1,,,2,1,3,4,,,2,1,3,4,,POR,ENG
2004-12-07,2004,GroupH,groups,Paris Saint-Germain,CSKA Moskva,1-3,1-1,,,1,3,1,5,,,1,3,1,5,,FRA,RUS
2004-12-07,2004,GroupG,groups,Internazionale,RSC Anderlecht,3-0,1-0,,,3,0,6,1,,,3,0,6,1,,ITA,BEL
2004-12-07,2004,GroupE,groups,Panathinaikos,PSV Eindhoven,4-1,2-1,,,4,1,4,2,,,4,1,4,2,,GRE,NED
2004-12-07,2004,GroupG,groups,Valencia CF,Werder Bremen,0-2,0-0,,,0,2,1,4,,,0,2,1,4,,ESP,GER
2004-12-08,2004,GroupC,groups,AFC Ajax,Bayern Munich,2-2,1-1,,,2,2,2,6,,,2,2,2,6,,NED,GER
2004-12-08,2004,GroupA,groups,Deportivo La Coruna,AS Monaco,0-5,0-3,,,0,5,0,7,,,0,5,0,7,,ESP,FRA
2004-12-08,2004,GroupB,groups,AS Roma,Real Madrid,0-3,0-1,,,0,3,2,7,,,0,3,2,7,,ITA,ESP
2004-12-08,2004,GroupB,groups,Bayer Leverkusen,Dinamo Kiev,3-0,0-0,,,3,0,5,4,,,3,0,5,4,,GER,UKR
2004-12-08,2004,GroupD,groups,Fenerbahce,Manchester United,3-0,0-0,,,3,0,5,6,,,3,0,5,6,,TUR,ENG
2004-12-08,2004,GroupC,groups,Maccabi Tel Aviv,Juventus,1-1,1-0,,,1,1,1,2,,,1,1,1,2,,ISR,ITA
2004-12-08,2004,GroupA,groups,Liverpool,Olympiacos,3-1,0-1,,,3,1,3,2,,,3,1,3,2,,ENG,GRE
2004-12-08,2004,GroupD,groups,Olympique Lyon,Sparta Praha,5-0,2-0,,,5,0,7,1,,,5,0,7,1,,FRA,CZE
2005-02-22,2004,R16,1,Bayern Munich,Arsenal,3-1,1-0,,,3,1,3,2,,,3,1,3,2,Bayern Munich,GER,ENG
2005-02-22,2004,R16,1,PSV Eindhoven,AS Monaco,1-0,1-0,,,1,0,3,0,,,1,0,3,0,PSV Eindhoven,NED,FRA
2005-02-22,2004,R16,1,Liverpool,Bayer Leverkusen,3-1,2-0,,,3,1,6,2,,,3,1,6,2,Liverpool,ENG,GER
2005-02-22,2004,R16,1,Real Madrid,Juventus,1-0,1-0,,,1,0,1,1,,,1,0,1,2,Juventus,ESP,ITA
2005-02-23,2004,R16,1,Manchester United,AC Milan,0-1,0-0,,,0,1,0,2,,,0,1,0,2,AC Milan,ENG,ITA
2005-02-23,2004,R16,1,Barcelona,Chelsea,2-1,0-1,,,2,1,4,5,,,2,1,4,5,Chelsea,ESP,ENG
2005-02-23,2004,R16,1,FC Porto,Internazionale,1-1,0-1,,,1,1,2,4,,,1,1,2,4,Internazionale,POR,ITA
2005-02-23,2004,R16,1,Werder Bremen,Olympique Lyon,0-3,0-1,,,0,3,2,10,,,0,3,2,10,Olympique Lyon,GER,FRA
2005-03-08,2004,R16,2,AC Milan,Manchester United,1-0,0-0,,,1,0,2,0,,,1,0,2,0,AC Milan,ITA,ENG
2005-03-08,2004,R16,2,Chelsea,Barcelona,4-2,3-2,,,4,2,5,4,,,4,2,5,4,Chelsea,ENG,ESP
2005-03-08,2004,R16,2,Olympique Lyon,Werder Bremen,7-2,3-1,,,7,2,10,2,,,7,2,10,2,Olympique Lyon,FRA,GER
2005-03-09,2004,R16,2,Arsenal,Bayern Munich,1-0,0-0,,,1,0,2,3,,,1,0,2,3,Bayern Munich,ENG,GER
2005-03-09,2004,R16,2,AS Monaco,PSV Eindhoven,0-2,0-1,,,0,2,0,3,,,0,2,0,3,PSV Eindhoven,FRA,NED
2005-03-09,2004,R16,2,Bayer Leverkusen,Liverpool,1-3,0-2,,,1,3,2,6,,,1,3,2,6,Liverpool,GER,ENG
2005-03-09,2004,R16,2,Juventus,Real Madrid,1-0,0-0,2-0,,1,0,1,1,2.0,0.0,2,0,2,1,Juventus,ITA,ESP
2005-03-15,2004,R16,2,Internazionale,FC Porto,3-1,1-0,,,3,1,4,2,,,3,1,4,2,Internazionale,ITA,POR
2005-04-05,2004,QF,1,Olympique Lyon,PSV Eindhoven,1-1,1-0,,,1,1,2,2,,,1,1,2,2,PSV Eindhoven,FRA,NED
2005-04-05,2004,QF,1,Liverpool,Juventus,2-1,2-0,,,2,1,2,1,,,2,1,2,1,Liverpool,ENG,ITA
2005-04-06,2004,QF,1,AC Milan,Internazionale,2-0,1-0,,,2,0,5,0,,,2,0,5,0,AC Milan,ITA,ITA
2005-04-06,2004,QF,1,Chelsea,Bayern Munich,4-2,1-0,,,4,2,6,5,,,4,2,6,5,Chelsea,ENG,GER
2005-04-12,2004,QF,2,Internazionale,AC Milan,0-3,0-1,,,0,3,0,5,,,0,3,0,5,AC Milan,ITA,ITA
2005-04-12,2004,QF,2,Bayern Munich,Chelsea,3-2,0-1,,,3,2,5,6,,,3,2,5,6,Chelsea,GER,ENG
2005-04-13,2004,QF,2,PSV Eindhoven,Olympique Lyon,1-1,0-1,1-1,4-2 ,1,1,2,2,1.0,1.0,1,1,2,2,PSV Eindhoven,NED,FRA
2005-04-13,2004,QF,2,Juventus,Liverpool,0-0,0-0,,,0,0,1,2,,,0,0,1,2,Liverpool,ITA,ENG
2005-04-26,2004,SF,1,AC Milan,PSV Eindhoven,2-0,1-0,,,2,0,3,3,,,2,0,3,3,AC Milan,ITA,NED
2005-04-27,2004,SF,1,Chelsea,Liverpool,0-0,0-0,,,0,0,0,1,,,0,0,0,1,Liverpool,ENG,ENG
2005-05-03,2004,SF,2,Liverpool,Chelsea,1-0,1-0,,,1,0,1,0,,,1,0,1,0,Liverpool,ENG,ENG
2005-05-04,2004,SF,2,PSV Eindhoven,AC Milan,3-1,1-0,,away goals,3,1,3,3,,,3,1,3,3,AC Milan,NED,ITA
2005-05-25,2004,final,,Liverpool,AC Milan,3-3,0-3,3-3,3-2,3,3,3,3,3.0,3.0,3,3,3,3,Liverpool,ENG,ITA
2005-07-12,2005,Q-1,1,Dinamo Minsk,Anorthosis Famagusta,1-1,,,,1,1,1,2,,,1,1,1,2,Anorthosis Famagusta,BLR,CYP
2005-07-12,2005,Q-1,1,Levadia,Dinamo Tbilisi,1-0,,,,1,0,1,2,,,1,0,1,2,Dinamo Tbilisi,EST,GEO
2005-07-12,2005,Q-1,1,Neftchi PFC Baku,FH,2-0,,,,2,0,4,1,,,2,0,4,1,Neftchi PFC Baku,AZE,ISL
2005-07-12,2005,Q-1,1,Kairat,Petrzalka Akademia,2-0,,,,2,0,2,2,,,2,0,3,4,Petrzalka Akademia,KAZ,SVK
2005-07-12,2005,Q-1,1,Rabotnicki,Skonto,6-0,,,,6,0,6,1,,,6,0,6,1,Rabotnicki,MKD,LVA
2005-07-12,2005,Q-1,1,Sliema Wanderers,Sheriff Tiraspol,1-4,,,,1,4,1,6,,,1,4,1,6,Sheriff Tiraspol,MLT,MDA
2005-07-13,2005,Q-1,1,F91 Dudelange,HSK Zrinjski Mostar,0-1,,,,0,1,1,1,,,0,1,4,1,F91 Dudelange,LUX,BIH
2005-07-13,2005,Q-1,1,HB,FBK Kaunas,2-4,,,,2,4,2,8,,,2,4,2,8,FBK Kaunas,FRO,LTU
2005-07-13,2005,Q-1,1,Glentoran,Shelbourne,1-2,,,,1,2,2,6,,,1,2,2,6,Shelbourne,NIR,IRL
2005-07-13,2005,Q-1,1,Haka Valkeakoski,Pyunik,1-0,,,,1,0,3,2,,,1,0,3,2,Haka Valkeakoski,FIN,ARM
2005-07-13,2005,Q-1,1,HNK Gorica,KF Tirana,2-0,,,,2,0,2,3,,,2,0,2,3,KF Tirana,CRO,ALB
2005-07-13,2005,Q-1,1,Liverpool,The New Saints,3-0,,,,3,0,6,0,,,3,0,6,0,Liverpool,ENG,WAL
2005-07-19,2005,Q-1,2,Dinamo Tbilisi,Levadia,2-0,,,,2,0,2,1,,,2,0,2,1,Dinamo Tbilisi,GEO,EST
2005-07-19,2005,Q-1,2,FBK Kaunas,HB,4-0,,,,4,0,8,2,,,4,0,8,2,FBK Kaunas,LTU,FRO
2005-07-19,2005,Q-1,2,The New Saints,Liverpool,0-3,,,,0,3,0,6,,,0,3,0,6,Liverpool,WAL,ENG
2005-07-20,2005,Q-1,2,Anorthosis Famagusta,Dinamo Minsk,1-0,,,,1,0,2,1,,,1,0,2,1,Anorthosis Famagusta,CYP,BLR
2005-07-20,2005,Q-1,2,HSK Zrinjski Mostar,F91 Dudelange,0-1,,0-4,,0,1,1,1,0.0,4.0,0,4,1,4,F91 Dudelange,BIH,LUX
2005-07-20,2005,Q-1,2,FH,Neftchi PFC Baku,1-2,,,,1,2,1,4,,,1,2,1,4,Neftchi PFC Baku,ISL,AZE
2005-07-20,2005,Q-1,2,Shelbourne,Glentoran,4-1,,,,4,1,6,2,,,4,1,6,2,Shelbourne,IRL,NIR
2005-07-20,2005,Q-1,2,Pyunik,Haka Valkeakoski,2-2,,,,2,2,2,3,,,2,2,2,3,Haka Valkeakoski,ARM,FIN
2005-07-20,2005,Q-1,2,KF Tirana,HNK Gorica,3-0,,,,3,0,3,2,,,3,0,3,2,KF Tirana,ALB,CRO
2005-07-20,2005,Q-1,2,Petrzalka Akademia,Kairat,2-0,,4-1,,2,0,2,2,4.0,1.0,4,1,4,3,Petrzalka Akademia,SVK,KAZ
2005-07-20,2005,Q-1,2,Skonto,Rabotnicki,1-0,,,,1,0,1,6,,,1,0,1,6,Rabotnicki,LVA,MKD
2005-07-20,2005,Q-1,2,Sheriff Tiraspol,Sliema Wanderers,2-0,,,,2,0,6,1,,,2,0,6,1,Sheriff Tiraspol,MDA,MLT
2005-07-26,2005,Q-2,1,Anorthosis Famagusta,Trabzonspor,3-1,,,,3,1,3,2,,,3,1,3,2,Anorthosis Famagusta,CYP,TUR
2005-07-26,2005,Q-2,1,Dinamo Tbilisi,Brondby IF,0-2,,,,0,2,1,5,,,0,2,1,5,Brondby IF,GEO,DEN
2005-07-26,2005,Q-2,1,Dinamo Kiev,Thun,2-2,,,,2,2,2,3,,,2,2,2,3,Thun,UKR,SUI
2005-07-26,2005,Q-2,1,FBK Kaunas,Liverpool,1-3,,,,1,3,1,5,,,1,3,1,5,Liverpool,LTU,ENG
2005-07-26,2005,Q-2,1,Valerenga IF,Haka Valkeakoski,1-0,,,,1,0,5,1,,,1,0,5,1,Valerenga IF,NOR,FIN
2005-07-26,2005,Q-2,1,RSC Anderlecht,Neftchi PFC Baku,5-0,,,,5,0,5,1,,,5,0,5,1,RSC Anderlecht,BEL,AZE
2005-07-27,2005,Q-2,1,Petrzalka Akademia,Celtic,5-0,,,,5,0,5,4,,,5,0,5,4,Petrzalka Akademia,SVK,SCO
2005-07-27,2005,Q-2,1,KF Tirana,CSKA Sofia,0-2,,,,0,2,0,4,,,0,2,0,4,CSKA Sofia,ALB,BUL
2005-07-27,2005,Q-2,1,Debreceni VSC,Hajduk Split,3-0,,,,3,0,8,0,,,3,0,8,0,Debreceni VSC,HUN,CRO
2005-07-27,2005,Q-2,1,F91 Dudelange,Rapid Wien,1-6,,,,1,6,3,9,,,1,6,3,9,Rapid Wien,LUX,AUT
2005-07-27,2005,Q-2,1,Rabotnicki,Lokomotiv Moskva,1-1,,,,1,1,1,3,,,1,1,1,3,Lokomotiv Moskva,MKD,RUS
2005-07-27,2005,Q-2,1,Malmo FF,Maccabi Haifa,3-2,,,,3,2,5,4,,,3,2,5,4,Malmo FF,SWE,ISR
2005-07-27,2005,Q-2,1,Shelbourne,Steaua Bucuresti,0-0,,,,0,0,1,4,,,0,0,1,4,Steaua Bucuresti,IRL,ROU
2005-07-27,2005,Q-2,1,Partizan Belgrade,Sheriff Tiraspol,1-0,,,,1,0,2,0,,,1,0,2,0,Partizan Belgrade,SRB,MDA
2005-08-02,2005,Q-2,2,Celtic,Petrzalka Akademia,4-0,,,,4,0,4,5,,,4,0,4,5,Petrzalka Akademia,SCO,SVK
2005-08-02,2005,Q-2,2,Liverpool,FBK Kaunas,2-0,,,,2,0,5,1,,,2,0,5,1,Liverpool,ENG,LTU
2005-08-03,2005,Q-2,2,Trabzonspor,Anorthosis Famagusta,1-0,,,,1,0,2,3,,,1,0,2,3,Anorthosis Famagusta,TUR,CYP
2005-08-03,2005,Q-2,2,Brondby IF,Dinamo Tbilisi,3-1,,,,3,1,5,1,,,3,1,5,1,Brondby IF,DEN,GEO
2005-08-03,2005,Q-2,2,CSKA Sofia,KF Tirana,2-0,,,,2,0,4,0,,,2,0,4,0,CSKA Sofia,BUL,ALB
2005-08-03,2005,Q-2,2,Hajduk Split,Debreceni VSC,0-5,,,,0,5,0,8,,,0,5,0,8,Debreceni VSC,CRO,HUN
2005-08-03,2005,Q-2,2,Thun,Dinamo Kiev,1-0,,,,1,0,3,2,,,1,0,3,2,Thun,SUI,UKR
2005-08-03,2005,Q-2,2,Rapid Wien,F91 Dudelange,3-2,,,,3,2,9,3,,,3,2,9,3,Rapid Wien,AUT,LUX
2005-08-03,2005,Q-2,2,Haka Valkeakoski,Valerenga IF,1-4,,,,1,4,1,5,,,1,4,1,5,Valerenga IF,FIN,NOR
2005-08-03,2005,Q-2,2,Lokomotiv Moskva,Rabotnicki,2-0,,,,2,0,3,1,,,2,0,3,1,Lokomotiv Moskva,RUS,MKD
2005-08-03,2005,Q-2,2,Maccabi Haifa,Malmo FF,2-2,,,,2,2,4,5,,,2,2,4,5,Malmo FF,ISR,SWE
2005-08-03,2005,Q-2,2,Neftchi PFC Baku,RSC Anderlecht,1-0,,,,1,0,1,5,,,1,0,1,5,RSC Anderlecht,AZE,BEL
2005-08-03,2005,Q-2,2,Steaua Bucuresti,Shelbourne,4-1,,,,4,1,4,1,,,4,1,4,1,Steaua Bucuresti,ROU,IRL
2005-08-03,2005,Q-2,2,Sheriff Tiraspol,Partizan Belgrade,0-1,,,,0,1,0,2,,,0,1,0,2,Partizan Belgrade,MDA,SRB
2005-08-09,2005,Q-3,1,Valerenga IF,Club Brugge,1-0,,,,1,0,1,1,,,1,0,1,1,Club Brugge,NOR,BEL
2005-08-09,2005,Q-3,1,Anorthosis Famagusta,Rangers,1-2,,,,1,2,1,4,,,1,2,1,4,Rangers,CYP,SCO
2005-08-09,2005,Q-3,1,Real Betis,AS Monaco,1-0,,,,1,0,3,2,,,1,0,3,2,Real Betis,ESP,FRA
2005-08-09,2005,Q-3,1,Manchester United,Debreceni VSC,3-0,,,,3,0,6,0,,,3,0,6,0,Manchester United,ENG,HUN
2005-08-09,2005,Q-3,1,Everton,Villarreal,1-2,,,,1,2,2,4,,,1,2,2,4,Villarreal,ENG,ESP
2005-08-09,2005,Q-3,1,Wisla Krakow,Panathinaikos,3-1,,,,3,1,4,5,,,3,1,4,5,Panathinaikos,POL,GRE
2005-08-10,2005,Q-3,1,Brondby IF,AFC Ajax,2-2,,,,2,2,3,5,,,2,2,3,5,AFC Ajax,DEN,NED
2005-08-10,2005,Q-3,1,Basel,Werder Bremen,2-1,,,,2,1,2,4,,,2,1,2,4,Werder Bremen,SUI,GER
2005-08-10,2005,Q-3,1,CSKA Sofia,Liverpool,1-3,,,,1,3,2,3,,,1,3,2,3,Liverpool,BUL,ENG
2005-08-10,2005,Q-3,1,Shakhtar Donetsk,Internazionale,0-2,,,,0,2,1,3,,,0,2,1,3,Internazionale,UKR,ITA
2005-08-10,2005,Q-3,1,Rapid Wien,Lokomotiv Moskva,1-1,,,,1,1,2,1,,,1,1,2,1,Rapid Wien,AUT,RUS
2005-08-10,2005,Q-3,1,Malmo FF,Thun,0-1,,,,0,1,0,4,,,0,1,0,4,Thun,SWE,SUI
2005-08-10,2005,Q-3,1,Steaua Bucuresti,Rosenborg BK,1-1,,,,1,1,3,4,,,1,1,3,4,Rosenborg BK,ROU,NOR
2005-08-10,2005,Q-3,1,RSC Anderlecht,Slavia Praha,2-1,,,,2,1,4,1,,,2,1,4,1,RSC Anderlecht,BEL,CZE
2005-08-10,2005,Q-3,1,Sporting CP,Udinese,0-1,,,,0,1,2,4,,,0,1,2,4,Udinese,POR,ITA
2005-08-10,2005,Q-3,1,Petrzalka Akademia,Partizan Belgrade,0-0,,,,0,0,0,0,,,0,0,0,0,Petrzalka Akademia,SVK,SRB
2005-08-23,2005,Q-3,2,AS Monaco,Real Betis,2-2,,,,2,2,2,3,,,2,2,2,3,Real Betis,FRA,ESP
2005-08-23,2005,Q-3,2,Liverpool,CSKA Sofia,0-1,,,,0,1,3,2,,,0,1,3,2,Liverpool,ENG,BUL
2005-08-23,2005,Q-3,2,Lokomotiv Moskva,Rapid Wien,0-1,,,,0,1,1,2,,,0,1,1,2,Rapid Wien,RUS,AUT
2005-08-23,2005,Q-3,2,Thun,Malmo FF,3-0,,,,3,0,4,0,,,3,0,4,0,Thun,SUI,SWE
2005-08-23,2005,Q-3,2,Panathinaikos,Wisla Krakow,4-1,,4-1,,4,1,5,4,4.0,1.0,4,1,5,4,Panathinaikos,GRE,POL
2005-08-23,2005,Q-3,2,Rosenborg BK,Steaua Bucuresti,3-2,,,,3,2,4,3,,,3,2,4,3,Rosenborg BK,NOR,ROU
2005-08-23,2005,Q-3,2,Udinese,Sporting CP,3-2,,,,3,2,4,2,,,3,2,4,2,Udinese,ITA,POR
2005-08-23,2005,Q-3,2,Partizan Belgrade,Petrzalka Akademia,0-0,,0-0,3-4,0,0,0,0,0.0,0.0,0,0,0,0,Petrzalka Akademia,SRB,SVK
2005-08-24,2005,Q-3,2,Club Brugge,Valerenga IF,1-0,,1-0,4-3,1,0,1,1,1.0,0.0,1,0,1,1,Club Brugge,BEL,NOR
2005-08-24,2005,Q-3,2,AFC Ajax,Brondby IF,3-1,,,,3,1,5,3,,,3,1,5,3,AFC Ajax,NED,DEN
2005-08-24,2005,Q-3,2,Rangers,Anorthosis Famagusta,2-0,,,,2,0,4,1,,,2,0,4,1,Rangers,SCO,CYP
2005-08-24,2005,Q-3,2,Werder Bremen,Basel,3-0,,,,3,0,4,2,,,3,0,4,2,Werder Bremen,GER,SUI
2005-08-24,2005,Q-3,2,Debreceni VSC,Manchester United,0-3,,,,0,3,0,6,,,0,3,0,6,Manchester United,HUN,ENG
2005-08-24,2005,Q-3,2,Villarreal,Everton,2-1,,,,2,1,4,2,,,2,1,4,2,Villarreal,ESP,ENG
2005-08-24,2005,Q-3,2,Internazionale,Shakhtar Donetsk,1-1,,,,1,1,3,1,,,1,1,3,1,Internazionale,ITA,UKR
2005-08-24,2005,Q-3,2,Slavia Praha,RSC Anderlecht,0-2,,,,0,2,1,4,,,0,2,1,4,RSC Anderlecht,CZE,BEL
2005-09-13,2005,GroupE,groups,AC Milan,Fenerbahce,3-1,1-0,,,3,1,7,1,,,3,1,7,1,,ITA,TUR
2005-09-13,2005,GroupG,groups,Chelsea,RSC Anderlecht,1-0,1-0,,,1,0,3,0,,,1,0,3,0,,ENG,BEL
2005-09-13,2005,GroupH,groups,Rangers,FC Porto,3-2,1-0,,,3,2,4,3,,,3,2,4,3,,SCO,POR
2005-09-13,2005,GroupH,groups,Petrzalka Akademia,Internazionale,0-1,0-1,,,0,1,0,5,,,0,1,0,5,,SVK,ITA
2005-09-13,2005,GroupG,groups,Real Betis,Liverpool,1-2,0-2,,,1,2,1,2,,,1,2,1,2,,ESP,ENG
2005-09-13,2005,GroupF,groups,Olympiacos,Rosenborg BK,1-3,1-1,,,1,3,2,4,,,1,3,2,4,,GRE,NOR
2005-09-13,2005,GroupF,groups,Olympique Lyon,Real Madrid,3-0,3-0,,,3,0,4,1,,,3,0,4,1,,FRA,ESP
2005-09-13,2005,GroupE,groups,PSV Eindhoven,Schalke 04,1-0,1-0,,,1,0,1,3,,,1,0,1,3,,NED,GER
2005-09-14,2005,GroupB,groups,Sparta Praha,AFC Ajax,1-1,0-0,,,1,1,2,3,,,1,1,2,3,,CZE,NED
2005-09-14,2005,GroupB,groups,Arsenal,Thun,2-1,0-0,,,2,1,3,1,,,2,1,3,1,,ENG,SUI
2005-09-14,2005,GroupC,groups,Werder Bremen,Barcelona,0-2,0-1,,,0,2,1,5,,,0,2,1,5,,GER,ESP
2005-09-14,2005,GroupA,groups,Rapid Wien,Bayern Munich,0-1,0-0,,,0,1,0,5,,,0,1,0,5,,AUT,GER
2005-09-14,2005,GroupA,groups,Club Brugge,Juventus,1-2,0-0,,,1,2,1,3,,,1,2,1,3,,BEL,ITA
2005-09-14,2005,GroupD,groups,SL Benfica,Lille OSC,1-0,0-0,,,1,0,1,0,,,1,0,1,0,,POR,FRA
2005-09-14,2005,GroupD,groups,Villarreal,Manchester United,0-0,0-0,,,0,0,0,0,,,0,0,0,0,,ESP,ENG
2005-09-14,2005,GroupC,groups,Udinese,Panathinaikos,3-0,1-0,,,3,0,5,1,,,3,0,5,1,,ITA,GRE
2005-09-27,2005,GroupB,groups,AFC Ajax,Arsenal,1-2,0-1,,,1,2,1,2,,,1,2,1,2,,NED,ENG
2005-09-27,2005,GroupC,groups,Barcelona,Udinese,4-1,3-1,,,4,1,6,1,,,4,1,6,1,,ESP,ITA
2005-09-27,2005,GroupA,groups,Bayern Munich,Club Brugge,1-0,1-0,,,1,0,2,1,,,1,0,2,1,,GER,BEL
2005-09-27,2005,GroupA,groups,Juventus,Rapid Wien,3-0,1-0,,,3,0,6,1,,,3,0,6,1,,ITA,AUT
2005-09-27,2005,GroupD,groups,Lille OSC,Villarreal,0-0,0-0,,,0,0,0,1,,,0,0,0,1,,FRA,ESP
2005-09-27,2005,GroupD,groups,Manchester United,SL Benfica,2-1,1-0,,,2,1,3,3,,,2,1,3,3,,ENG,POR
2005-09-27,2005,GroupC,groups,Panathinaikos,Werder Bremen,2-1,2-1,,,2,1,3,6,,,2,1,3,6,,GRE,GER
2005-09-27,2005,GroupB,groups,Thun,Sparta Praha,1-0,0-0,,,1,0,1,0,,,1,0,1,0,,SUI,CZE
2005-09-28,2005,GroupE,groups,Schalke 04,AC Milan,2-2,1-1,,,2,2,4,5,,,2,2,4,5,,GER,ITA
2005-09-28,2005,GroupG,groups,Liverpool,Chelsea,0-0,0-0,,,0,0,0,0,,,0,0,0,0,,ENG,ENG
2005-09-28,2005,GroupH,groups,FC Porto,Petrzalka Akademia,2-3,2-1,,,2,3,2,3,,,2,3,2,3,,POR,SVK
2005-09-28,2005,GroupE,groups,Fenerbahce,PSV Eindhoven,3-0,1-0,,,3,0,3,2,,,3,0,3,2,,TUR,NED
2005-09-28,2005,GroupH,groups,Internazionale,Rangers,1-0,0-0,,,1,0,2,1,,,1,0,2,1,,ITA,SCO
2005-09-28,2005,GroupF,groups,Real Madrid,Olympiacos,2-1,1-0,,,2,1,3,3,,,2,1,3,3,,ESP,GRE
2005-09-28,2005,GroupF,groups,Rosenborg BK,Olympique Lyon,0-1,0-1,,,0,1,1,3,,,0,1,1,3,,NOR,FRA
2005-09-28,2005,GroupG,groups,RSC Anderlecht,Real Betis,0-1,0-0,,,0,1,1,1,,,0,1,1,1,,BEL,ESP
2005-10-18,2005,GroupB,groups,AFC Ajax,Thun,2-0,1-0,,,2,0,6,2,,,2,0,6,2,,NED,SUI
2005-10-18,2005,GroupB,groups,Sparta Praha,Arsenal,0-2,0-1,,,0,2,0,5,,,0,2,0,5,,CZE,ENG
2005-10-18,2005,GroupC,groups,Panathinaikos,Barcelona,0-0,0-0,,,0,0,0,5,,,0,0,0,5,,GRE,ESP
2005-10-18,2005,GroupA,groups,Bayern Munich,Juventus,2-1,2-0,,,2,1,3,3,,,2,1,3,3,,GER,ITA
2005-10-18,2005,GroupA,groups,Rapid Wien,Club Brugge,0-1,0-0,,,0,1,2,4,,,0,1,2,4,,AUT,BEL
2005-10-18,2005,GroupD,groups,Manchester United,Lille OSC,0-0,0-0,,,0,0,0,1,,,0,0,0,1,,ENG,FRA
2005-10-18,2005,GroupD,groups,Villarreal,SL Benfica,1-1,0-0,,,1,1,2,1,,,1,1,2,1,,ESP,POR
2005-10-18,2005,GroupC,groups,Udinese,Werder Bremen,1-1,0-0,,,1,1,4,5,,,1,1,4,5,,ITA,GER
2005-10-19,2005,GroupE,groups,AC Milan,PSV Eindhoven,0-0,0-0,,,0,0,0,1,,,0,0,0,1,,ITA,NED
2005-10-19,2005,GroupG,groups,Chelsea,Real Betis,4-0,2-0,,,4,0,4,1,,,4,0,4,1,,ENG,ESP
2005-10-19,2005,GroupH,groups,FC Porto,Internazionale,2-0,2-0,,,2,0,3,2,,,2,0,3,2,,POR,ITA
2005-10-19,2005,GroupE,groups,Fenerbahce,Schalke 04,3-3,1-0,,,3,3,3,5,,,3,3,3,5,,TUR,GER
2005-10-19,2005,GroupG,groups,RSC Anderlecht,Liverpool,0-1,0-1,,,0,1,0,4,,,0,1,0,4,,BEL,ENG
2005-10-19,2005,GroupF,groups,Olympique Lyon,Olympiacos,2-1,1-0,,,2,1,6,2,,,2,1,6,2,,FRA,GRE
2005-10-19,2005,GroupH,groups,Rangers,Petrzalka Akademia,0-0,0-0,,,0,0,2,2,,,0,0,2,2,,SCO,SVK
2005-10-19,2005,GroupF,groups,Real Madrid,Rosenborg BK,4-1,0-1,,,4,1,6,1,,,4,1,6,1,,ESP,NOR
2005-11-01,2005,GroupE,groups,PSV Eindhoven,AC Milan,1-0,1-0,,,1,0,1,0,,,1,0,1,0,,NED,ITA
2005-11-01,2005,GroupG,groups,Real Betis,Chelsea,1-0,1-0,,,1,0,1,4,,,1,0,1,4,,ESP,ENG
2005-11-01,2005,GroupH,groups,Internazionale,FC Porto,2-1,0-1,,,2,1,2,3,,,2,1,2,3,,ITA,POR
2005-11-01,2005,GroupE,groups,Schalke 04,Fenerbahce,2-0,1-0,,,2,0,5,3,,,2,0,5,3,,GER,TUR
2005-11-01,2005,GroupG,groups,Liverpool,RSC Anderlecht,3-0,1-0,,,3,0,4,0,,,3,0,4,0,,ENG,BEL
2005-11-01,2005,GroupF,groups,Olympiacos,Olympique Lyon,1-4,1-2,,,1,4,2,6,,,1,4,2,6,,GRE,FRA
2005-11-01,2005,GroupH,groups,Petrzalka Akademia,Rangers,2-2,1-2,,,2,2,2,2,,,2,2,2,2,,SVK,SCO
2005-11-01,2005,GroupF,groups,Rosenborg BK,Real Madrid,0-2,0-2,,,0,2,1,6,,,0,2,1,6,,NOR,ESP
2005-11-02,2005,GroupB,groups,Thun,AFC Ajax,2-4,0-1,,,2,4,2,6,,,2,4,2,6,,SUI,NED
2005-11-02,2005,GroupB,groups,Arsenal,Sparta Praha,3-0,1-0,,,3,0,5,0,,,3,0,5,0,,ENG,CZE
2005-11-02,2005,GroupC,groups,Barcelona,Panathinaikos,5-0,4-0,,,5,0,5,0,,,5,0,5,0,,ESP,GRE
2005-11-02,2005,GroupA,groups,Juventus,Bayern Munich,2-1,0-0,,,2,1,3,3,,,2,1,3,3,,ITA,GER
2005-11-02,2005,GroupA,groups,Club Brugge,Rapid Wien,3-2,2-1,,,3,2,4,2,,,3,2,4,2,,BEL,AUT
2005-11-02,2005,GroupD,groups,Lille OSC,Manchester United,1-0,1-0,,,1,0,1,0,,,1,0,1,0,,FRA,ENG
2005-11-02,2005,GroupD,groups,SL Benfica,Villarreal,0-1,0-0,,,0,1,1,2,,,0,1,1,2,,POR,ESP
2005-11-02,2005,GroupC,groups,Werder Bremen,Udinese,4-3,2-0,,,4,3,5,4,,,4,3,5,4,,GER,ITA
2005-11-22,2005,GroupB,groups,AFC Ajax,Sparta Praha,2-1,0-0,,,2,1,3,2,,,2,1,3,2,,NED,CZE
2005-11-22,2005,GroupB,groups,Thun,Arsenal,0-1,0-0,,,0,1,1,3,,,0,1,1,3,,SUI,ENG
2005-11-22,2005,GroupC,groups,Barcelona,Werder Bremen,3-1,2-1,,,3,1,5,1,,,3,1,5,1,,ESP,GER
2005-11-22,2005,GroupA,groups,Bayern Munich,Rapid Wien,4-0,1-0,,,4,0,5,0,,,4,0,5,0,,GER,AUT
2005-11-22,2005,GroupA,groups,Juventus,Club Brugge,1-0,0-0,,,1,0,3,1,,,1,0,3,1,,ITA,BEL
2005-11-22,2005,GroupD,groups,Lille OSC,SL Benfica,0-0,0-0,,,0,0,0,1,,,0,0,0,1,,FRA,POR
2005-11-22,2005,GroupD,groups,Manchester United,Villarreal,0-0,0-0,,,0,0,0,0,,,0,0,0,0,,ENG,ESP
2005-11-22,2005,GroupC,groups,Panathinaikos,Udinese,1-2,1-0,,,1,2,1,5,,,1,2,1,5,,GRE,ITA
2005-11-23,2005,GroupE,groups,Fenerbahce,AC Milan,0-4,0-1,,,0,4,1,7,,,0,4,1,7,,TUR,ITA
2005-11-23,2005,GroupG,groups,RSC Anderlecht,Chelsea,0-2,0-2,,,0,2,0,3,,,0,2,0,3,,BEL,ENG
2005-11-23,2005,GroupH,groups,FC Porto,Rangers,1-1,0-0,,,1,1,3,4,,,1,1,3,4,,POR,SCO
2005-11-23,2005,GroupH,groups,Internazionale,Petrzalka Akademia,4-0,2-0,,,4,0,5,0,,,4,0,5,0,,ITA,SVK
2005-11-23,2005,GroupG,groups,Liverpool,Real Betis,0-0,0-0,,,0,0,2,1,,,0,0,2,1,,ENG,ESP
2005-11-23,2005,GroupF,groups,Rosenborg BK,Olympiacos,1-1,0-1,,,1,1,4,2,,,1,1,4,2,,NOR,GRE
2005-11-23,2005,GroupF,groups,Real Madrid,Olympique Lyon,1-1,1-0,,,1,1,1,4,,,1,1,1,4,,ESP,FRA
2005-11-23,2005,GroupE,groups,Schalke 04,PSV Eindhoven,3-0,1-0,,,3,0,3,1,,,3,0,3,1,,GER,NED
2005-12-06,2005,GroupE,groups,AC Milan,Schalke 04,3-2,1-1,,,3,2,5,4,,,3,2,5,4,,ITA,GER
2005-12-06,2005,GroupG,groups,Chelsea,Liverpool,0-0,0-0,,,0,0,0,0,,,0,0,0,0,,ENG,ENG
2005-12-06,2005,GroupH,groups,Petrzalka Akademia,FC Porto,0-0,0-0,,,0,0,3,2,,,0,0,3,2,,SVK,POR
2005-12-06,2005,GroupE,groups,PSV Eindhoven,Fenerbahce,2-0,1-0,,,2,0,2,3,,,2,0,2,3,,NED,TUR
2005-12-06,2005,GroupH,groups,Rangers,Internazionale,1-1,1-1,,,1,1,1,2,,,1,1,1,2,,SCO,ITA
2005-12-06,2005,GroupF,groups,Olympiacos,Real Madrid,2-1,0-1,,,2,1,3,3,,,2,1,3,3,,GRE,ESP
2005-12-06,2005,GroupF,groups,Olympique Lyon,Rosenborg BK,2-1,1-0,,,2,1,3,1,,,2,1,3,1,,FRA,NOR
2005-12-06,2005,GroupG,groups,Real Betis,RSC Anderlecht,0-1,0-1,,,0,1,1,1,,,0,1,1,1,,ESP,BEL
2005-12-07,2005,GroupB,groups,Arsenal,AFC Ajax,0-0,0-0,,,0,0,2,1,,,0,0,2,1,,ENG,NED
2005-12-07,2005,GroupC,groups,Udinese,Barcelona,0-2,0-0,,,0,2,1,6,,,0,2,1,6,,ITA,ESP
2005-12-07,2005,GroupA,groups,Club Brugge,Bayern Munich,1-1,1-1,,,1,1,1,2,,,1,1,1,2,,BEL,GER
2005-12-07,2005,GroupA,groups,Rapid Wien,Juventus,1-3,0-3,,,1,3,1,6,,,1,3,1,6,,AUT,ITA
2005-12-07,2005,GroupD,groups,Villarreal,Lille OSC,1-0,0-0,,,1,0,1,0,,,1,0,1,0,,ESP,FRA
2005-12-07,2005,GroupD,groups,SL Benfica,Manchester United,2-1,2-1,,,2,1,3,3,,,2,1,3,3,,POR,ENG
2005-12-07,2005,GroupC,groups,Werder Bremen,Panathinaikos,5-1,3-0,,,5,1,6,3,,,5,1,6,3,,GER,GRE
2005-12-07,2005,GroupB,groups,Sparta Praha,Thun,0-0,0-0,,,0,0,0,1,,,0,0,0,1,,CZE,SUI
2006-02-21,2005,R16,1,Bayern Munich,AC Milan,1-1,1-0,,,1,1,2,5,,,1,1,2,5,AC Milan,GER,ITA
2006-02-21,2005,R16,1,Real Madrid,Arsenal,0-1,0-0,,,0,1,0,1,,,0,1,0,1,Arsenal,ESP,ENG
2006-02-21,2005,R16,1,SL Benfica,Liverpool,1-0,0-0,,,1,0,3,0,,,1,0,3,0,SL Benfica,POR,ENG
2006-02-21,2005,R16,1,PSV Eindhoven,Olympique Lyon,0-1,0-0,,,0,1,0,5,,,0,1,0,5,Olympique Lyon,NED,FRA
2006-02-22,2005,R16,1,Werder Bremen,Juventus,3-2,1-0,,,3,2,4,4,,,3,2,4,4,Juventus,GER,ITA
2006-02-22,2005,R16,1,Rangers,Villarreal,2-2,1-2,,,2,2,3,3,,,2,2,3,3,Villarreal,SCO,ESP
2006-02-22,2005,R16,1,AFC Ajax,Internazionale,2-2,2-0,,,2,2,2,3,,,2,2,2,3,Internazionale,NED,ITA
2006-02-22,2005,R16,1,Chelsea,Barcelona,1-2,0-0,,,1,2,2,3,,,1,2,2,3,Barcelona,ENG,ESP
2006-03-07,2005,R16,2,Juventus,Werder Bremen,2-1,0-1,,away goals,2,1,4,4,,,2,1,4,4,Juventus,ITA,GER
2006-03-07,2005,R16,2,Villarreal,Rangers,1-1,0-1,,away goals,1,1,3,3,,,1,1,3,3,Villarreal,ESP,SCO
2006-03-07,2005,R16,2,Barcelona,Chelsea,1-1,0-0,,,1,1,3,2,,,1,1,3,2,Barcelona,ESP,ENG
2006-03-08,2005,R16,2,AC Milan,Bayern Munich,4-1,2-1,,,4,1,5,2,,,4,1,5,2,AC Milan,ITA,GER
2006-03-08,2005,R16,2,Arsenal,Real Madrid,0-0,0-0,,,0,0,1,0,,,0,0,1,0,Arsenal,ENG,ESP
2006-03-08,2005,R16,2,Liverpool,SL Benfica,0-2,0-1,,,0,2,0,3,,,0,2,0,3,SL Benfica,ENG,POR
2006-03-08,2005,R16,2,Olympique Lyon,PSV Eindhoven,4-0,2-0,,,4,0,5,0,,,4,0,5,0,Olympique Lyon,FRA,NED
2006-03-14,2005,R16,2,Internazionale,AFC Ajax,1-0,0-0,,,1,0,3,2,,,1,0,3,2,Internazionale,ITA,NED
2006-03-28,2005,QF,1,Arsenal,Juventus,2-0,1-0,,,2,0,2,0,,,2,0,2,0,Arsenal,ENG,ITA
2006-03-28,2005,QF,1,SL Benfica,Barcelona,0-0,0-0,,,0,0,0,2,,,0,0,0,2,Barcelona,POR,ESP
2006-03-29,2005,QF,1,Internazionale,Villarreal,2-1,1-1,,,2,1,2,2,,,2,1,2,2,Villarreal,ITA,ESP
2006-03-29,2005,QF,1,Olympique Lyon,AC Milan,0-0,0-0,,,0,0,1,3,,,0,0,1,3,AC Milan,FRA,ITA
2006-04-04,2005,QF,2,Villarreal,Internazionale,1-0,0-0,,away goals,1,0,2,2,,,1,0,2,2,Villarreal,ESP,ITA
2006-04-04,2005,QF,2,AC Milan,Olympique Lyon,3-1,1-1,,,3,1,3,1,,,3,1,3,1,AC Milan,ITA,FRA
2006-04-05,2005,QF,2,Juventus,Arsenal,0-0,0-0,,,0,0,0,2,,,0,0,0,2,Arsenal,ITA,ENG
2006-04-05,2005,QF,2,Barcelona,SL Benfica,2-0,1-0,,,2,0,2,0,,,2,0,2,0,Barcelona,ESP,POR
2006-04-18,2005,SF,1,AC Milan,Barcelona,0-1,0-0,,,0,1,0,1,,,0,1,0,1,Barcelona,ITA,ESP
2006-04-19,2005,SF,1,Arsenal,Villarreal,1-0,1-0,,,1,0,1,0,,,1,0,1,0,Arsenal,ENG,ESP
2006-04-25,2005,SF,2,Villarreal,Arsenal,0-0,0-0,,,0,0,0,1,,,0,0,0,1,Arsenal,ESP,ENG
2006-04-26,2005,SF,2,Barcelona,AC Milan,0-0,0-0,,,0,0,1,0,,,0,0,1,0,Barcelona,ESP,ITA
2006-05-17,2005,final,,Barcelona,Arsenal,2-1,0-1,,,2,1,2,1,,,2,1,2,1,Barcelona,ESP,ENG
2006-07-11,2006,Q-1,1,Birkirkara,B36 Torshavn,0-3,,,,0,3,2,5,,,0,3,2,5,B36 Torshavn,MLT,FRO
2006-07-11,2006,Q-1,1,Sioni Bolnisi,Baku,2-0,,,,2,0,2,1,,,2,0,2,1,Sioni Bolnisi,GEO,AZE
2006-07-11,2006,Q-1,1,F91 Dudelange,Rabotnicki,0-1,,,,0,1,0,1,,,0,1,0,1,Rabotnicki,LUX,MKD
2006-07-11,2006,Q-1,1,TVMK,FH,2-3,,,,2,3,3,4,,,2,3,3,4,FH,EST,ISL
2006-07-11,2006,Q-1,1,KS Elbasani,FK Ekranas,1-0,,,,1,0,1,3,,,1,0,1,3,FK Ekranas,ALB,LTU
2006-07-11,2006,Q-1,1,Linfield,HNK Gorica,1-3,,,,1,3,3,5,,,1,3,3,5,HNK Gorica,NIR,CRO
2006-07-11,2006,Q-1,1,Pyunik,Sheriff Tiraspol,0-0,,,,0,0,0,2,,,0,0,0,2,Sheriff Tiraspol,ARM,MDA
2006-07-12,2006,Q-1,1,Liepajas Metalurgs,Aktobe,1-0,,,,1,0,2,1,,,1,0,2,1,Liepajas Metalurgs,LVA,KAZ
2006-07-12,2006,Q-1,1,Cork City,Apollon Limassol,1-0,,,,1,0,2,1,,,1,0,2,1,Cork City,IRL,CYP
2006-07-12,2006,Q-1,1,MYPA,The New Saints,1-0,,,,1,0,2,0,,,1,0,2,0,MYPA,FIN,WAL
2006-07-12,2006,Q-1,1,Shakhtyor Soligorsk,NK Siroki Brijeg,0-1,,,,0,1,0,2,,,0,1,0,2,NK Siroki Brijeg,BLR,BIH
2006-07-18,2006,Q-1,2,Baku,Sioni Bolnisi,1-0,,,,1,0,1,2,,,1,0,1,2,Sioni Bolnisi,AZE,GEO
2006-07-18,2006,Q-1,2,Rabotnicki,F91 Dudelange,0-0,,,,0,0,1,0,,,0,0,1,0,Rabotnicki,MKD,LUX
2006-07-18,2006,Q-1,2,FK Ekranas,KS Elbasani,3-0,,,,3,0,3,1,,,3,0,3,1,FK Ekranas,LTU,ALB
2006-07-18,2006,Q-1,2,Sheriff Tiraspol,Pyunik,2-0,,,,2,0,2,0,,,2,0,2,0,Sheriff Tiraspol,MDA,ARM
2006-07-19,2006,Q-1,2,Aktobe,Liepajas Metalurgs,1-1,,,,1,1,1,2,,,1,1,1,2,Liepajas Metalurgs,KAZ,LVA
2006-07-19,2006,Q-1,2,Apollon Limassol,Cork City,1-1,,,,1,1,1,2,,,1,1,1,2,Cork City,CYP,IRL
2006-07-19,2006,Q-1,2,B36 Torshavn,Birkirkara,2-2,,,,2,2,5,2,,,2,2,5,2,B36 Torshavn,FRO,MLT
2006-07-19,2006,Q-1,2,FH,TVMK,1-1,,,,1,1,4,3,,,1,1,4,3,FH,ISL,EST
2006-07-19,2006,Q-1,2,HNK Gorica,Linfield,2-2,,,,2,2,5,3,,,2,2,5,3,HNK Gorica,CRO,NIR
2006-07-19,2006,Q-1,2,The New Saints,MYPA,0-1,,,,0,1,0,2,,,0,1,0,2,MYPA,WAL,FIN
2006-07-19,2006,Q-1,2,NK Siroki Brijeg,Shakhtyor Soligorsk,1-0,,,,1,0,2,0,,,1,0,2,0,NK Siroki Brijeg,BIH,BLR
2006-07-25,2006,Q-2,1,FK Ekranas,Dinamo Zagreb,1-4,,,,1,4,3,9,,,1,4,3,9,Dinamo Zagreb,LTU,CRO
2006-07-26,2006,Q-2,1,Sheriff Tiraspol,Spartak Moskva,1-1,,,,1,1,1,1,,,1,1,1,1,Spartak Moskva,MDA,RUS
2006-07-26,2006,Q-2,1,Fenerbahce,B36 Torshavn,4-0,,,,4,0,9,0,,,4,0,9,0,Fenerbahce,TUR,FRO
2006-07-26,2006,Q-2,1,Cork City,Crvena Zvezda,0-1,,,,0,1,0,4,,,0,1,0,4,Crvena Zvezda,IRL,SRB
2006-07-26,2006,Q-2,1,Debreceni VSC,Rabotnicki,1-1,,,,1,1,2,5,,,1,1,2,5,Rabotnicki,HUN,MKD
2006-07-26,2006,Q-2,1,Liepajas Metalurgs,Dinamo Kiev,1-4,,,,1,4,1,8,,,1,4,1,8,Dinamo Kiev,LVA,UKR
2006-07-26,2006,Q-2,1,Djurgardens IF,MFK Ruzomberok,1-0,,,,1,0,2,3,,,1,0,2,3,MFK Ruzomberok,SWE,SVK
2006-07-26,2006,Q-2,1,FC Zurich,Salzburg,2-1,,,,2,1,2,3,,,2,1,2,3,Salzburg,SUI,AUT
2006-07-26,2006,Q-2,1,FH,Legia Warsaw,0-1,,,,0,1,0,3,,,0,1,0,3,Legia Warsaw,ISL,POL
2006-07-26,2006,Q-2,1,Heart of Midlothian,NK Siroki Brijeg,3-0,,,,3,0,3,0,,,3,0,3,0,Heart of Midlothian,SCO,BIH
2006-07-26,2006,Q-2,1,HNK Gorica,Steaua Bucuresti,0-2,,,,0,2,0,5,,,0,2,0,5,Steaua Bucuresti,CRO,ROU
2006-07-26,2006,Q-2,1,Kobenhavn,MYPA,2-0,,,,2,0,4,2,,,2,0,4,2,Kobenhavn,DEN,FIN
2006-07-26,2006,Q-2,1,Levski Sofia,Sioni Bolnisi,2-0,,,,2,0,4,0,,,2,0,4,0,Levski Sofia,BUL,GEO
2006-07-26,2006,Q-2,1,Mlada Boleslav,Valerenga IF,3-1,,,,3,1,5,3,,,3,1,5,3,Mlada Boleslav,CZE,NOR
2006-08-01,2006,Q-2,2,B36 Torshavn,Fenerbahce,0-5,,,,0,5,0,9,,,0,5,0,9,Fenerbahce,FRO,TUR
2006-08-02,2006,Q-2,2,Spartak Moskva,Sheriff Tiraspol,0-0,,,away goals,0,0,1,1,,,0,0,1,1,Spartak Moskva,RUS,MDA
2006-08-02,2006,Q-2,2,Crvena Zvezda,Cork City,3-0,,,,3,0,4,0,,,3,0,4,0,Crvena Zvezda,SRB,IRL
2006-08-02,2006,Q-2,2,Rabotnicki,Debreceni VSC,4-1,,,,4,1,5,2,,,4,1,5,2,Rabotnicki,MKD,HUN
2006-08-02,2006,Q-2,2,Dinamo Kiev,Liepajas Metalurgs,4-0,,,,4,0,8,1,,,4,0,8,1,Dinamo Kiev,UKR,LVA
2006-08-02,2006,Q-2,2,Dinamo Zagreb,FK Ekranas,5-2,,,,5,2,9,3,,,5,2,9,3,Dinamo Zagreb,CRO,LTU
2006-08-02,2006,Q-2,2,MFK Ruzomberok,Djurgardens IF,3-1,,,,3,1,3,2,,,3,1,3,2,MFK Ruzomberok,SVK,SWE
2006-08-02,2006,Q-2,2,Salzburg,FC Zurich,2-0,,,,2,0,3,2,,,2,0,3,2,Salzburg,AUT,SUI
2006-08-02,2006,Q-2,2,Legia Warsaw,FH,2-0,,,,2,0,3,0,,,2,0,3,0,Legia Warsaw,POL,ISL
2006-08-02,2006,Q-2,2,NK Siroki Brijeg,Heart of Midlothian,0-0,,,,0,0,0,3,,,0,0,0,3,Heart of Midlothian,BIH,SCO
2006-08-02,2006,Q-2,2,Steaua Bucuresti,HNK Gorica,3-0,,,,3,0,5,0,,,3,0,5,0,Steaua Bucuresti,ROU,CRO
2006-08-02,2006,Q-2,2,MYPA,Kobenhavn,2-2,,,,2,2,2,4,,,2,2,2,4,Kobenhavn,FIN,DEN
2006-08-02,2006,Q-2,2,Sioni Bolnisi,Levski Sofia,0-2,,,,0,2,0,4,,,0,2,0,4,Levski Sofia,GEO,BUL
2006-08-02,2006,Q-2,2,Valerenga IF,Mlada Boleslav,2-2,,,,2,2,3,5,,,2,2,3,5,Mlada Boleslav,NOR,CZE
2006-08-08,2006,Q-3,1,Dinamo Zagreb,Arsenal,0-3,,,,0,3,1,5,,,0,3,1,5,Arsenal,CRO,ENG
2006-08-08,2006,Q-3,1,Austria Wien,SL Benfica,1-1,,,,1,1,1,4,,,1,1,1,4,SL Benfica,AUT,POR
2006-08-09,2006,Q-3,1,Hamburger SV,Osasuna,0-0,,,,0,0,1,1,,,0,0,1,1,Hamburger SV,GER,ESP
2006-08-09,2006,Q-3,1,Levski Sofia,AC Chievo Verona,2-0,,,,2,0,4,2,,,2,0,4,2,Levski Sofia,BUL,ITA
2006-08-09,2006,Q-3,1,AC Milan,Crvena Zvezda,1-0,,,,1,0,3,1,,,1,0,3,1,AC Milan,ITA,SRB
2006-08-09,2006,Q-3,1,Heart of Midlothian,AEK Athens,1-2,,,,1,2,1,5,,,1,2,1,5,AEK Athens,SCO,GRE
2006-08-09,2006,Q-3,1,Kobenhavn,AFC Ajax,1-2,,,,1,2,3,2,,,1,2,3,2,Kobenhavn,DEN,NED
2006-08-09,2006,Q-3,1,CSKA Moskva,MFK Ruzomberok,3-0,,,,3,0,5,0,,,3,0,5,0,CSKA Moskva,RUS,SVK
2006-08-09,2006,Q-3,1,Dinamo Kiev,Fenerbahce,3-1,,,,3,1,5,3,,,3,1,5,3,Dinamo Kiev,UKR,TUR
2006-08-09,2006,Q-3,1,Galatasaray,Mlada Boleslav,5-2,,,,5,2,6,3,,,5,2,6,3,Galatasaray,TUR,CZE
2006-08-09,2006,Q-3,1,Shakhtar Donetsk,Legia Warsaw,1-0,,,,1,0,4,2,,,1,0,4,2,Shakhtar Donetsk,UKR,POL
2006-08-09,2006,Q-3,1,Lille OSC,Rabotnicki,3-0,,,,3,0,4,0,,,3,0,4,0,Lille OSC,FRA,MKD
2006-08-09,2006,Q-3,1,Liverpool,Maccabi Haifa,2-1,,,,2,1,3,2,,,2,1,3,2,Liverpool,ENG,ISR
2006-08-09,2006,Q-3,1,Salzburg,Valencia CF,1-0,,,,1,0,1,3,,,1,0,1,3,Valencia CF,AUT,ESP
2006-08-09,2006,Q-3,1,Slovan Liberec,Spartak Moskva,0-0,,,,0,0,1,2,,,0,0,1,2,Spartak Moskva,CZE,RUS
2006-08-09,2006,Q-3,1,Standard Liege,Steaua Bucuresti,2-2,,,,2,2,3,4,,,2,2,3,4,Steaua Bucuresti,BEL,ROU
2006-08-22,2006,Q-3,2,Osasuna,Hamburger SV,1-1,,,away goals,1,1,1,1,,,1,1,1,1,Hamburger SV,ESP,GER
2006-08-22,2006,Q-3,2,Crvena Zvezda,AC Milan,1-2,,,,1,2,1,3,,,1,2,1,3,AC Milan,SRB,ITA
2006-08-22,2006,Q-3,2,SL Benfica,Austria Wien,3-0,,,,3,0,4,1,,,3,0,4,1,SL Benfica,POR,AUT
2006-08-22,2006,Q-3,2,Maccabi Haifa,Liverpool,1-1,,,,1,1,2,3,,,1,1,2,3,Liverpool,ISR,ENG
2006-08-22,2006,Q-3,2,Valencia CF,Salzburg,3-0,,,,3,0,3,1,,,3,0,3,1,Valencia CF,ESP,AUT
2006-08-23,2006,Q-3,2,AC Chievo Verona,Levski Sofia,2-2,,,,2,2,2,4,,,2,2,2,4,Levski Sofia,ITA,BUL
2006-08-23,2006,Q-3,2,AEK Athens,Heart of Midlothian,3-0,,,,3,0,5,1,,,3,0,5,1,AEK Athens,GRE,SCO
2006-08-23,2006,Q-3,2,AFC Ajax,Kobenhavn,0-2,,,,0,2,2,3,,,0,2,2,3,Kobenhavn,NED,DEN
2006-08-23,2006,Q-3,2,Arsenal,Dinamo Zagreb,2-1,,,,2,1,5,1,,,2,1,5,1,Arsenal,ENG,CRO
2006-08-23,2006,Q-3,2,MFK Ruzomberok,CSKA Moskva,0-2,,,,0,2,0,5,,,0,2,0,5,CSKA Moskva,SVK,RUS
2006-08-23,2006,Q-3,2,Fenerbahce,Dinamo Kiev,2-2,,,,2,2,3,5,,,2,2,3,5,Dinamo Kiev,TUR,UKR
2006-08-23,2006,Q-3,2,Mlada Boleslav,Galatasaray,1-1,,,,1,1,3,6,,,1,1,3,6,Galatasaray,CZE,TUR
2006-08-23,2006,Q-3,2,Legia Warsaw,Shakhtar Donetsk,2-3,,,,2,3,2,4,,,2,3,2,4,Shakhtar Donetsk,POL,UKR
2006-08-23,2006,Q-3,2,Rabotnicki,Lille OSC,0-1,,,,0,1,0,4,,,0,1,0,4,Lille OSC,MKD,FRA
2006-08-23,2006,Q-3,2,Spartak Moskva,Slovan Liberec,2-1,,,,2,1,2,1,,,2,1,2,1,Spartak Moskva,RUS,CZE
2006-08-23,2006,Q-3,2,Steaua Bucuresti,Standard Liege,2-1,,,,2,1,4,3,,,2,1,4,3,Steaua Bucuresti,ROU,BEL
2006-09-12,2006,GroupC,groups,PSV Eindhoven,Liverpool,0-0,0-0,,,0,0,0,2,,,0,0,0,2,,NED,ENG
2006-09-12,2006,GroupD,groups,AS Roma,Shakhtar Donetsk,4-0,0-0,,,4,0,4,1,,,4,0,4,1,,ITA,UKR
2006-09-12,2006,GroupA,groups,Barcelona,Levski Sofia,5-0,2-0,,,5,0,7,0,,,5,0,7,0,,ESP,BUL
2006-09-12,2006,GroupB,groups,Bayern Munich,Spartak Moskva,4-0,0-0,,,4,0,6,2,,,4,0,6,2,,GER,RUS
2006-09-12,2006,GroupA,groups,Chelsea,Werder Bremen,2-0,1-0,,,2,0,2,1,,,2,0,2,1,,ENG,GER
2006-09-12,2006,GroupC,groups,Galatasaray,Girondins Bordeaux,0-0,0-0,,,0,0,1,3,,,0,0,1,3,,TUR,FRA
2006-09-12,2006,GroupB,groups,Sporting CP,Internazionale,1-0,0-0,,,1,0,1,1,,,1,0,1,1,,POR,ITA
2006-09-12,2006,GroupD,groups,Olympiacos,Valencia CF,2-4,1-2,,,2,4,2,6,,,2,4,2,6,,GRE,ESP
2006-09-13,2006,GroupH,groups,AC Milan,AEK Athens,3-0,2-0,,,3,0,3,1,,,3,0,3,1,,ITA,GRE
2006-09-13,2006,GroupG,groups,Hamburger SV,Arsenal,1-2,0-1,,,1,2,2,5,,,1,2,2,5,,GER,ENG
2006-09-13,2006,GroupF,groups,Manchester United,Celtic,3-2,2-2,,,3,2,3,3,,,3,2,3,3,,ENG,SCO
2006-09-13,2006,GroupG,groups,FC Porto,CSKA Moskva,0-0,0-0,,,0,0,2,0,,,0,0,2,0,,POR,RUS
2006-09-13,2006,GroupE,groups,Dinamo Kiev,Steaua Bucuresti,1-4,1-3,,,1,4,2,5,,,1,4,2,5,,UKR,ROU
2006-09-13,2006,GroupF,groups,Kobenhavn,SL Benfica,0-0,0-0,,,0,0,1,3,,,0,0,1,3,,DEN,POR
2006-09-13,2006,GroupH,groups,RSC Anderlecht,Lille OSC,1-1,1-0,,,1,1,3,3,,,1,1,3,3,,BEL,FRA
2006-09-13,2006,GroupE,groups,Olympique Lyon,Real Madrid,2-0,2-0,,,2,0,4,2,,,2,0,4,2,,FRA,ESP
2006-09-26,2006,GroupH,groups,Lille OSC,AC Milan,0-0,0-0,,,0,0,2,0,,,0,0,2,0,,FRA,ITA
2006-09-26,2006,GroupH,groups,AEK Athens,RSC Anderlecht,1-1,1-1,,,1,1,3,3,,,1,1,3,3,,GRE,BEL
2006-09-26,2006,GroupG,groups,Arsenal,FC Porto,2-0,1-0,,,2,0,2,0,,,2,0,2,0,,ENG,POR
2006-09-26,2006,GroupF,groups,Celtic,Kobenhavn,1-0,1-0,,,1,0,2,3,,,1,0,2,3,,SCO,DEN
2006-09-26,2006,GroupG,groups,CSKA Moskva,Hamburger SV,1-0,0-0,,,1,0,3,3,,,1,0,3,3,,RUS,GER
2006-09-26,2006,GroupE,groups,Real Madrid,Dinamo Kiev,5-1,3-0,,,5,1,7,3,,,5,1,7,3,,ESP,UKR
2006-09-26,2006,GroupF,groups,SL Benfica,Manchester United,0-1,0-0,,,0,1,1,4,,,0,1,1,4,,POR,ENG
2006-09-26,2006,GroupE,groups,Steaua Bucuresti,Olympique Lyon,0-3,0-1,,,0,3,1,4,,,0,3,1,4,,ROU,FRA
2006-09-27,2006,GroupD,groups,Valencia CF,AS Roma,2-1,2-1,,,2,1,2,2,,,2,1,2,2,,ESP,ITA
2006-09-27,2006,GroupA,groups,Werder Bremen,Barcelona,1-1,0-0,,,1,1,1,3,,,1,1,1,3,,GER,ESP
2006-09-27,2006,GroupB,groups,Internazionale,Bayern Munich,0-2,0-0,,,0,2,1,3,,,0,2,1,3,,ITA,GER
2006-09-27,2006,GroupA,groups,Levski Sofia,Chelsea,1-3,0-1,,,1,3,1,5,,,1,3,1,5,,BUL,ENG
2006-09-27,2006,GroupC,groups,Liverpool,Galatasaray,3-2,2-0,,,3,2,5,5,,,3,2,5,5,,ENG,TUR
2006-09-27,2006,GroupC,groups,Girondins Bordeaux,PSV Eindhoven,0-1,0-0,,,0,1,3,2,,,0,1,3,2,,FRA,NED
2006-09-27,2006,GroupD,groups,Shakhtar Donetsk,Olympiacos,2-2,1-1,,,2,2,3,3,,,2,2,3,3,,UKR,GRE
2006-09-27,2006,GroupB,groups,Spartak Moskva,Sporting CP,1-1,1-0,,,1,1,4,2,,,1,1,4,2,,RUS,POR
2006-10-17,2006,GroupH,groups,RSC Anderlecht,AC Milan,0-1,0-0,,,0,1,1,5,,,0,1,1,5,,BEL,ITA
2006-10-17,2006,GroupH,groups,Lille OSC,AEK Athens,3-1,0-0,,,3,1,3,2,,,3,1,3,2,,FRA,GRE
2006-10-17,2006,GroupG,groups,CSKA Moskva,Arsenal,1-0,1-0,,,1,0,1,0,,,1,0,1,0,,RUS,ENG
2006-10-17,2006,GroupF,groups,Celtic,SL Benfica,3-0,0-0,,,3,0,3,3,,,3,0,3,3,,SCO,POR
2006-10-17,2006,GroupE,groups,Dinamo Kiev,Olympique Lyon,0-3,0-2,,,0,3,0,4,,,0,3,0,4,,UKR,FRA
2006-10-17,2006,GroupG,groups,FC Porto,Hamburger SV,4-1,2-0,,,4,1,7,2,,,4,1,7,2,,POR,GER
2006-10-17,2006,GroupF,groups,Manchester United,Kobenhavn,3-0,1-0,,,3,0,3,1,,,3,0,3,1,,ENG,DEN
2006-10-17,2006,GroupE,groups,Steaua Bucuresti,Real Madrid,1-4,0-2,,,1,4,1,5,,,1,4,1,5,,ROU,ESP
2006-10-18,2006,GroupD,groups,Olympiacos,AS Roma,0-1,0-0,,,0,1,1,2,,,0,1,1,2,,GRE,ITA
2006-10-18,2006,GroupA,groups,Chelsea,Barcelona,1-0,0-0,,,1,0,3,2,,,1,0,3,2,,ENG,ESP
2006-10-18,2006,GroupB,groups,Sporting CP,Bayern Munich,0-1,0-1,,,0,1,0,1,,,0,1,0,1,,POR,GER
2006-10-18,2006,GroupC,groups,Galatasaray,PSV Eindhoven,1-2,1-0,,,1,2,1,4,,,1,2,1,4,,TUR,NED
2006-10-18,2006,GroupC,groups,Girondins Bordeaux,Liverpool,0-1,0-0,,,0,1,0,4,,,0,1,0,4,,FRA,ENG
2006-10-18,2006,GroupB,groups,Internazionale,Spartak Moskva,2-1,2-0,,,2,1,3,1,,,2,1,3,1,,ITA,RUS
2006-10-18,2006,GroupA,groups,Werder Bremen,Levski Sofia,2-0,1-0,,,2,0,5,0,,,2,0,5,0,,GER,BUL
2006-10-18,2006,GroupD,groups,Valencia CF,Shakhtar Donetsk,2-0,2-0,,,2,0,4,2,,,2,0,4,2,,ESP,UKR
2006-10-31,2006,GroupD,groups,AS Roma,Olympiacos,1-1,0-1,,,1,1,2,1,,,1,1,2,1,,ITA,GRE
2006-10-31,2006,GroupA,groups,Barcelona,Chelsea,2-2,1-0,,,2,2,2,3,,,2,2,2,3,,ESP,ENG
2006-10-31,2006,GroupB,groups,Bayern Munich,Sporting CP,0-0,0-0,,,0,0,1,0,,,0,0,1,0,,GER,POR
2006-10-31,2006,GroupC,groups,PSV Eindhoven,Galatasaray,2-0,0-0,,,2,0,4,1,,,2,0,4,1,,NED,TUR
2006-10-31,2006,GroupC,groups,Liverpool,Girondins Bordeaux,3-0,1-0,,,3,0,4,0,,,3,0,4,0,,ENG,FRA
2006-10-31,2006,GroupB,groups,Spartak Moskva,Internazionale,0-1,0-1,,,0,1,1,3,,,0,1,1,3,,RUS,ITA
2006-10-31,2006,GroupA,groups,Levski Sofia,Werder Bremen,0-3,0-3,,,0,3,0,5,,,0,3,0,5,,BUL,GER
2006-10-31,2006,GroupD,groups,Shakhtar Donetsk,Valencia CF,2-2,2-1,,,2,2,2,4,,,2,2,2,4,,UKR,ESP
2006-11-01,2006,GroupH,groups,AC Milan,RSC Anderlecht,4-1,2-0,,,4,1,5,1,,,4,1,5,1,,ITA,BEL
2006-11-01,2006,GroupH,groups,AEK Athens,Lille OSC,1-0,0-0,,,1,0,2,3,,,1,0,2,3,,GRE,FRA
2006-11-01,2006,GroupG,groups,Arsenal,CSKA Moskva,0-0,0-0,,,0,0,0,1,,,0,0,0,1,,ENG,RUS
2006-11-01,2006,GroupF,groups,SL Benfica,Celtic,3-0,2-0,,,3,0,3,3,,,3,0,3,3,,POR,SCO
2006-11-01,2006,GroupE,groups,Olympique Lyon,Dinamo Kiev,1-0,1-0,,,1,0,4,0,,,1,0,4,0,,FRA,UKR
2006-11-01,2006,GroupG,groups,Hamburger SV,FC Porto,1-3,0-1,,,1,3,2,7,,,1,3,2,7,,GER,POR
2006-11-01,2006,GroupF,groups,Kobenhavn,Manchester United,1-0,0-0,,,1,0,1,3,,,1,0,1,3,,DEN,ENG
2006-11-01,2006,GroupE,groups,Real Madrid,Steaua Bucuresti,1-0,0-0,,,1,0,5,1,,,1,0,5,1,,ESP,ROU
2006-11-21,2006,GroupH,groups,AEK Athens,AC Milan,1-0,1-0,,,1,0,1,3,,,1,0,1,3,,GRE,ITA
2006-11-21,2006,GroupG,groups,Arsenal,Hamburger SV,3-1,0-1,,,3,1,5,2,,,3,1,5,2,,ENG,GER
2006-11-21,2006,GroupF,groups,Celtic,Manchester United,1-0,0-0,,,1,0,3,3,,,1,0,3,3,,SCO,ENG
2006-11-21,2006,GroupG,groups,CSKA Moskva,FC Porto,0-2,0-1,,,0,2,0,2,,,0,2,0,2,,RUS,POR
2006-11-21,2006,GroupE,groups,Steaua Bucuresti,Dinamo Kiev,1-1,0-1,,,1,1,5,2,,,1,1,5,2,,ROU,UKR
2006-11-21,2006,GroupF,groups,SL Benfica,Kobenhavn,3-1,3-0,,,3,1,3,1,,,3,1,3,1,,POR,DEN
2006-11-21,2006,GroupH,groups,Lille OSC,RSC Anderlecht,2-2,1-1,,,2,2,3,3,,,2,2,3,3,,FRA,BEL
2006-11-21,2006,GroupE,groups,Real Madrid,Olympique Lyon,2-2,1-2,,,2,2,2,4,,,2,2,2,4,,ESP,FRA
2006-11-22,2006,GroupC,groups,Liverpool,PSV Eindhoven,2-0,0-0,,,2,0,2,0,,,2,0,2,0,,ENG,NED
2006-11-22,2006,GroupD,groups,Shakhtar Donetsk,AS Roma,1-0,0-0,,,1,0,1,4,,,1,0,1,4,,UKR,ITA
2006-11-22,2006,GroupA,groups,Levski Sofia,Barcelona,0-2,0-1,,,0,2,0,7,,,0,2,0,7,,BUL,ESP
2006-11-22,2006,GroupB,groups,Spartak Moskva,Bayern Munich,2-2,1-2,,,2,2,2,6,,,2,2,2,6,,RUS,GER
2006-11-22,2006,GroupA,groups,Werder Bremen,Chelsea,1-0,1-0,,,1,0,1,2,,,1,0,1,2,,GER,ENG
2006-11-22,2006,GroupC,groups,Girondins Bordeaux,Galatasaray,3-1,1-0,,,3,1,3,1,,,3,1,3,1,,FRA,TUR
2006-11-22,2006,GroupB,groups,Internazionale,Sporting CP,1-0,1-0,,,1,0,1,1,,,1,0,1,1,,ITA,POR
2006-11-22,2006,GroupD,groups,Valencia CF,Olympiacos,2-0,1-0,,,2,0,6,2,,,2,0,6,2,,ESP,GRE
2006-12-05,2006,GroupD,groups,AS Roma,Valencia CF,1-0,1-0,,,1,0,2,2,,,1,0,2,2,,ITA,ESP
2006-12-05,2006,GroupA,groups,Barcelona,Werder Bremen,2-0,2-0,,,2,0,3,1,,,2,0,3,1,,ESP,GER
2006-12-05,2006,GroupB,groups,Bayern Munich,Internazionale,1-1,0-0,,,1,1,3,1,,,1,1,3,1,,GER,ITA
2006-12-05,2006,GroupA,groups,Chelsea,Levski Sofia,2-0,1-0,,,2,0,5,1,,,2,0,5,1,,ENG,BUL
2006-12-05,2006,GroupC,groups,Galatasaray,Liverpool,3-2,2-1,,,3,2,5,5,,,3,2,5,5,,TUR,ENG
2006-12-05,2006,GroupC,groups,PSV Eindhoven,Girondins Bordeaux,1-3,0-3,,,1,3,2,3,,,1,3,2,3,,NED,FRA
2006-12-05,2006,GroupD,groups,Olympiacos,Shakhtar Donetsk,1-1,0-1,,,1,1,3,3,,,1,1,3,3,,GRE,UKR
2006-12-05,2006,GroupB,groups,Sporting CP,Spartak Moskva,1-3,1-2,,,1,3,2,4,,,1,3,2,4,,POR,RUS
2006-12-06,2006,GroupH,groups,AC Milan,Lille OSC,0-2,0-1,,,0,2,0,2,,,0,2,0,2,,ITA,FRA
2006-12-06,2006,GroupH,groups,RSC Anderlecht,AEK Athens,2-2,1-0,,,2,2,3,3,,,2,2,3,3,,BEL,GRE
2006-12-06,2006,GroupG,groups,FC Porto,Arsenal,0-0,0-0,,,0,0,0,2,,,0,0,0,2,,POR,ENG
2006-12-06,2006,GroupF,groups,Kobenhavn,Celtic,3-1,2-0,,,3,1,3,2,,,3,1,3,2,,DEN,SCO
2006-12-06,2006,GroupG,groups,Hamburger SV,CSKA Moskva,3-2,1-1,,,3,2,3,3,,,3,2,3,3,,GER,RUS
2006-12-06,2006,GroupE,groups,Dinamo Kiev,Real Madrid,2-2,2-0,,,2,2,3,7,,,2,2,3,7,,UKR,ESP
2006-12-06,2006,GroupF,groups,Manchester United,SL Benfica,3-1,1-1,,,3,1,4,1,,,3,1,4,1,,ENG,POR
2006-12-06,2006,GroupE,groups,Olympique Lyon,Steaua Bucuresti,1-1,1-1,,,1,1,4,1,,,1,1,4,1,,FRA,ROU
2007-02-20,2006,R16,1,Real Madrid,Bayern Munich,3-2,3-1,,,3,2,4,4,,,3,2,4,4,Bayern Munich,ESP,GER
2007-02-20,2006,R16,1,Celtic,AC Milan,0-0,0-0,,,0,0,0,0,,,0,0,0,1,AC Milan,SCO,ITA
2007-02-20,2006,R16,1,PSV Eindhoven,Arsenal,1-0,0-0,,,1,0,2,1,,,1,0,2,1,PSV Eindhoven,NED,ENG
2007-02-20,2006,R16,1,Lille OSC,Manchester United,0-1,0-0,,,0,1,0,2,,,0,1,0,2,Manchester United,FRA,ENG
2007-02-21,2006,R16,1,Barcelona,Liverpool,1-2,1-1,,,1,2,2,2,,,1,2,2,2,Liverpool,ESP,ENG
2007-02-21,2006,R16,1,Internazionale,Valencia CF,2-2,1-0,,,2,2,2,2,,,2,2,2,2,Valencia CF,ITA,ESP
2007-02-21,2006,R16,1,AS Roma,Olympique Lyon,0-0,0-0,,,0,0,2,0,,,0,0,2,0,AS Roma,ITA,FRA
2007-02-21,2006,R16,1,FC Porto,Chelsea,1-1,1-1,,,1,1,2,3,,,1,1,2,3,Chelsea,POR,ENG
2007-03-06,2006,R16,2,Liverpool,Barcelona,0-1,0-0,,away goals,0,1,2,2,,,0,1,2,2,Liverpool,ENG,ESP
2007-03-06,2006,R16,2,Valencia CF,Internazionale,0-0,0-0,,away goals,0,0,2,2,,,0,0,2,2,Valencia CF,ESP,ITA
2007-03-06,2006,R16,2,Olympique Lyon,AS Roma,0-2,0-2,,,0,2,0,2,,,0,2,0,2,AS Roma,FRA,ITA
2007-03-06,2006,R16,2,Chelsea,FC Porto,2-1,0-1,,,2,1,3,2,,,2,1,3,2,Chelsea,ENG,POR
2007-03-07,2006,R16,2,Bayern Munich,Real Madrid,2-1,1-0,,away goals,2,1,4,4,,,2,1,4,4,Bayern Munich,GER,ESP
2007-03-07,2006,R16,2,AC Milan,Celtic,0-0,0-0,1-0,,0,0,0,0,1.0,0.0,1,0,1,0,AC Milan,ITA,SCO
2007-03-07,2006,R16,2,Arsenal,PSV Eindhoven,1-1,0-0,,,1,1,1,2,,,1,1,1,2,PSV Eindhoven,ENG,NED
2007-03-07,2006,R16,2,Manchester United,Lille OSC,1-0,0-0,,,1,0,2,0,,,1,0,2,0,Manchester United,ENG,FRA
2007-04-03,2006,QF,1,PSV Eindhoven,Liverpool,0-3,0-1,,,0,3,0,4,,,0,3,0,4,Liverpool,NED,ENG
2007-04-03,2006,QF,1,AC Milan,Bayern Munich,2-2,1-0,,,2,2,4,2,,,2,2,4,2,AC Milan,ITA,GER
2007-04-04,2006,QF,1,AS Roma,Manchester United,2-1,1-0,,,2,1,3,8,,,2,1,3,8,Manchester United,ITA,ENG
2007-04-04,2006,QF,1,Chelsea,Valencia CF,1-1,0-1,,,1,1,3,2,,,1,1,3,2,Chelsea,ENG,ESP
2007-04-10,2006,QF,2,Manchester United,AS Roma,7-1,4-0,,,7,1,8,3,,,7,1,8,3,Manchester United,ENG,ITA
2007-04-10,2006,QF,2,Valencia CF,Chelsea,1-2,1-0,,,1,2,2,3,,,1,2,2,3,Chelsea,ESP,ENG
2007-04-11,2006,QF,2,Liverpool,PSV Eindhoven,1-0,0-0,,,1,0,4,0,,,1,0,4,0,Liverpool,ENG,NED
2007-04-11,2006,QF,2,Bayern Munich,AC Milan,0-2,0-2,,,0,2,2,4,,,0,2,2,4,AC Milan,GER,ITA
2007-04-24,2006,SF,1,Manchester United,AC Milan,3-2,1-2,,,3,2,3,5,,,3,2,3,5,AC Milan,ENG,ITA
2007-04-25,2006,SF,1,Chelsea,Liverpool,1-0,1-0,,,1,0,1,1,,,1,0,1,1,Liverpool,ENG,ENG
2007-05-01,2006,SF,2,Liverpool,Chelsea,1-0,1-0,1-0,4-1 ,1,0,1,1,1.0,0.0,1,0,1,1,Liverpool,ENG,ENG
2007-05-02,2006,SF,2,AC Milan,Manchester United,3-0,2-0,,,3,0,5,3,,,3,0,5,3,AC Milan,ITA,ENG
2007-05-23,2006,final,,AC Milan,Liverpool,2-1,1-0,,,2,1,2,1,,,2,1,2,1,AC Milan,ITA,ENG
2007-07-17,2007,Q-1,1,The New Saints,Ventspils,3-2,,,,3,2,4,4,,,3,2,4,4,Ventspils,WAL,LVA
2007-07-17,2007,Q-1,1,APOEL Nikosia,BATE Borisov,2-0,,,,2,0,2,2,,,2,0,2,3,BATE Borisov,CYP,BLR
2007-07-17,2007,Q-1,1,Metalurgi Rustavi,Astana-64,0-0,,,,0,0,0,3,,,0,0,0,3,Astana-64,GEO,KAZ
2007-07-17,2007,Q-1,1,Khazar Lankaran,Dinamo Zagreb,1-1,,,,1,1,2,2,,,1,1,2,4,Dinamo Zagreb,AZE,CRO
2007-07-17,2007,Q-1,1,Linfield,Elfsborg,0-0,,,,0,0,0,1,,,0,0,0,1,Elfsborg,NIR,SWE
2007-07-17,2007,Q-1,1,FK Zeta,FBK Kaunas,3-1,,,,3,1,5,4,,,3,1,5,4,FK Zeta,MNE,LTU
2007-07-17,2007,Q-1,1,Murata,Tampere United,1-2,,,,1,2,1,4,,,1,2,1,4,Tampere United,SMR,FIN
2007-07-18,2007,Q-1,1,Derry City,Pyunik,0-0,,,,0,0,0,2,,,0,0,0,2,Pyunik,NIR,ARM
2007-07-18,2007,Q-1,1,F91 Dudelange,MSK Zilina,1-2,,,,1,2,5,7,,,1,2,5,7,MSK Zilina,LUX,SVK
2007-07-18,2007,Q-1,1,FH,HB,4-1,,,,4,1,4,1,,,4,1,4,1,FH,ISL,FRO
2007-07-18,2007,Q-1,1,FK Pobeda,Levadia,0-1,,,,0,1,0,1,,,0,1,0,1,Levadia,MKD,EST
2007-07-18,2007,Q-1,1,Marsaxlokk,FK Sarajevo,0-6,,,,0,6,1,9,,,0,6,1,9,FK Sarajevo,MLT,BIH
2007-07-18,2007,Q-1,1,NK Domzale,KF Tirana,1-0,,,,1,0,3,1,,,1,0,3,1,NK Domzale,SVN,ALB
2007-07-18,2007,Q-1,1,Sheriff Tiraspol,Ranger's,2-0,,,,2,0,5,0,,,2,0,5,0,Sheriff Tiraspol,MDA,AND
2007-07-24,2007,Q-1,2,BATE Borisov,APOEL Nikosia,2-0,,3-0,,2,0,2,2,3.0,0.0,3,0,3,2,BATE Borisov,BLR,CYP
2007-07-24,2007,Q-1,2,Astana-64,Metalurgi Rustavi,3-0,,,,3,0,3,0,,,3,0,3,0,Astana-64,KAZ,GEO
2007-07-24,2007,Q-1,2,Dinamo Zagreb,Khazar Lankaran,1-1,,3-1,,1,1,2,2,3.0,1.0,3,1,4,2,Dinamo Zagreb,CRO,AZE
2007-07-24,2007,Q-1,2,FBK Kaunas,FK Zeta,3-2,,,,3,2,4,5,,,3,2,4,5,FK Zeta,LTU,MNE
2007-07-24,2007,Q-1,2,FK Sarajevo,Marsaxlokk,3-1,,,,3,1,9,1,,,3,1,9,1,FK Sarajevo,BIH,MLT
2007-07-24,2007,Q-1,2,Ranger's,Sheriff Tiraspol,0-3,,,,0,3,0,5,,,0,3,0,5,Sheriff Tiraspol,AND,MDA
2007-07-25,2007,Q-1,2,Ventspils,The New Saints,2-1,,,away goals,2,1,4,4,,,2,1,4,4,Ventspils,LVA,WAL
2007-07-25,2007,Q-1,2,Pyunik,Derry City,2-0,,,,2,0,2,0,,,2,0,2,0,Pyunik,ARM,NIR
2007-07-25,2007,Q-1,2,Elfsborg,Linfield,1-0,,,,1,0,1,0,,,1,0,1,0,Elfsborg,SWE,NIR
2007-07-25,2007,Q-1,2,MSK Zilina,F91 Dudelange,5-4,,,,5,4,7,5,,,5,4,7,5,MSK Zilina,SVK,LUX
2007-07-25,2007,Q-1,2,HB,FH,0-0,,,,0,0,1,4,,,0,0,1,4,FH,FRO,ISL
2007-07-25,2007,Q-1,2,Levadia,FK Pobeda,0-0,,,,0,0,1,0,,,0,0,1,0,Levadia,EST,MKD
2007-07-25,2007,Q-1,2,KF Tirana,NK Domzale,1-2,,,,1,2,1,3,,,1,2,1,3,NK Domzale,ALB,SVN
2007-07-25,2007,Q-1,2,Tampere United,Murata,2-0,,,,2,0,4,1,,,2,0,4,1,Tampere United,FIN,SMR
2007-07-31,2007,Q-2,1,KRC Genk,FK Sarajevo,1-2,,,,1,2,2,2,,,1,2,2,2,FK Sarajevo,BEL,BIH
2007-07-31,2007,Q-2,1,Kobenhavn,Beitar Jerusalem,1-0,,,,1,0,2,1,,,1,0,2,1,Kobenhavn,DEN,ISR
2007-07-31,2007,Q-2,1,Debreceni VSC,Elfsborg,0-1,,,,0,1,0,1,,,0,1,0,1,Elfsborg,HUN,SWE
2007-07-31,2007,Q-2,1,Rangers,FK Zeta,2-0,,,,2,0,3,0,,,2,0,3,0,Rangers,SCO,MNE
2007-07-31,2007,Q-2,1,Tampere United,Levski Sofia,1-0,,,,1,0,2,0,,,1,0,2,0,Tampere United,FIN,BUL
2007-07-31,2007,Q-2,1,Pyunik,Shakhtar Donetsk,0-2,,,,0,2,1,4,,,0,2,1,4,Shakhtar Donetsk,ARM,UKR
2007-07-31,2007,Q-2,1,Zaglebie Lubin,Steaua Bucuresti,0-1,,,,0,1,1,3,,,0,1,1,3,Steaua Bucuresti,POL,ROU
2007-08-01,2007,Q-2,1,MSK Zilina,Slavia Praha,0-0,,,,0,0,0,0,,,0,0,0,0,Slavia Praha,SVK,CZE
2007-08-01,2007,Q-2,1,Crvena Zvezda,Levadia,1-0,,,,1,0,2,2,,,1,0,2,2,Crvena Zvezda,SRB,EST
2007-08-01,2007,Q-2,1,Astana-64,Rosenborg BK,1-3,,,,1,3,2,10,,,1,3,2,10,Rosenborg BK,KAZ,NOR
2007-08-01,2007,Q-2,1,FH,BATE Borisov,1-3,,,,1,3,2,4,,,1,3,2,4,BATE Borisov,ISL,BLR
2007-08-01,2007,Q-2,1,Besiktas,Sheriff Tiraspol,1-0,,,,1,0,4,0,,,1,0,4,0,Besiktas,TUR,MDA
2007-08-01,2007,Q-2,1,NK Domzale,Dinamo Zagreb,1-2,,,,1,2,2,5,,,1,2,2,5,Dinamo Zagreb,SVN,CRO
2007-08-01,2007,Q-2,1,Ventspils,Salzburg,0-3,,,,0,3,0,7,,,0,3,0,7,Salzburg,LVA,AUT
2007-08-07,2007,Q-2,2,Beitar Jerusalem,Kobenhavn,1-1,,,,1,1,1,2,,,1,1,1,2,Kobenhavn,ISR,DEN
2007-08-07,2007,Q-2,2,Dinamo Zagreb,NK Domzale,3-1,,,,3,1,5,2,,,3,1,5,2,Dinamo Zagreb,CRO,SVN
2007-08-07,2007,Q-2,2,FK Zeta,Rangers,0-1,,,,0,1,0,3,,,0,1,0,3,Rangers,MNE,SCO
2007-08-07,2007,Q-2,2,Levski Sofia,Tampere United,0-1,,,,0,1,0,2,,,0,1,0,2,Tampere United,BUL,FIN
2007-08-08,2007,Q-2,2,Slavia Praha,MSK Zilina,0-0,,0-0,4-3,0,0,0,0,0.0,0.0,0,0,0,0,Slavia Praha,CZE,SVK
2007-08-08,2007,Q-2,2,Levadia,Crvena Zvezda,2-1,,,away goals,2,1,2,2,,,2,1,2,2,Crvena Zvezda,EST,SRB
2007-08-08,2007,Q-2,2,FK Sarajevo,KRC Genk,0-1,,,away goals,0,1,2,2,,,0,1,2,2,FK Sarajevo,BIH,BEL
2007-08-08,2007,Q-2,2,Rosenborg BK,Astana-64,7-1,,,,7,1,10,2,,,7,1,10,2,Rosenborg BK,NOR,KAZ
2007-08-08,2007,Q-2,2,BATE Borisov,FH,1-1,,,,1,1,4,2,,,1,1,4,2,BATE Borisov,BLR,ISL
2007-08-08,2007,Q-2,2,Sheriff Tiraspol,Besiktas,0-3,,,,0,3,0,4,,,0,3,0,4,Besiktas,MDA,TUR
2007-08-08,2007,Q-2,2,Elfsborg,Debreceni VSC,0-0,,,,0,0,1,0,,,0,0,1,0,Elfsborg,SWE,HUN
2007-08-08,2007,Q-2,2,Shakhtar Donetsk,Pyunik,2-1,,,,2,1,4,1,,,2,1,4,1,Shakhtar Donetsk,UKR,ARM
2007-08-08,2007,Q-2,2,Salzburg,Ventspils,4-0,,,,4,0,7,0,,,4,0,7,0,Salzburg,AUT,LVA
2007-08-08,2007,Q-2,2,Steaua Bucuresti,Zaglebie Lubin,2-1,,,,2,1,3,1,,,2,1,3,1,Steaua Bucuresti,ROU,POL
2007-08-14,2007,Q-3,1,Rangers,Crvena Zvezda,1-0,,,,1,0,1,0,,,1,0,1,0,Rangers,SCO,SRB
2007-08-14,2007,Q-3,1,Lazio,Dinamo Bucuresti,1-1,,,,1,1,4,2,,,1,1,4,2,Lazio,ITA,ROU
2007-08-14,2007,Q-3,1,Valencia CF,Elfsborg,3-0,,,,3,0,5,1,,,3,0,5,1,Valencia CF,ESP,SWE
2007-08-14,2007,Q-3,1,SL Benfica,Kobenhavn,2-1,,,,2,1,3,1,,,2,1,3,1,SL Benfica,POR,DEN
2007-08-15,2007,Q-3,1,Spartak Moskva,Celtic,1-1,,,,1,1,2,2,,,1,1,2,2,Celtic,RUS,SCO
2007-08-15,2007,Q-3,1,Sevilla,AEK Athens,2-0,,,,2,0,6,1,,,2,0,6,1,Sevilla,ESP,GRE
2007-08-15,2007,Q-3,1,AFC Ajax,Slavia Praha,0-1,,,,0,1,1,3,,,0,1,1,3,Slavia Praha,NED,CZE
2007-08-15,2007,Q-3,1,Sparta Praha,Arsenal,0-2,,,,0,2,0,5,,,0,2,0,5,Arsenal,CZE,ENG
2007-08-15,2007,Q-3,1,BATE Borisov,Steaua Bucuresti,2-2,,,,2,2,2,4,,,2,2,2,4,Steaua Bucuresti,BLR,ROU
2007-08-15,2007,Q-3,1,FC Zurich,Besiktas,1-1,,,,1,1,1,3,,,1,1,1,3,Besiktas,SUI,TUR
2007-08-15,2007,Q-3,1,FK Sarajevo,Dinamo Kiev,0-1,,,,0,1,0,4,,,0,1,0,4,Dinamo Kiev,BIH,UKR
2007-08-15,2007,Q-3,1,Werder Bremen,Dinamo Zagreb,2-1,,,,2,1,5,3,,,2,1,5,3,Werder Bremen,GER,CRO
2007-08-15,2007,Q-3,1,Fenerbahce,RSC Anderlecht,1-0,,,,1,0,3,0,,,1,0,3,0,Fenerbahce,TUR,BEL
2007-08-15,2007,Q-3,1,Toulouse,Liverpool,0-1,,,,0,1,0,5,,,0,1,0,5,Liverpool,FRA,ENG
2007-08-15,2007,Q-3,1,Tampere United,Rosenborg BK,0-3,,,,0,3,0,5,,,0,3,0,5,Rosenborg BK,FIN,NOR
2007-08-15,2007,Q-3,1,Salzburg,Shakhtar Donetsk,1-0,,,,1,0,2,3,,,1,0,2,3,Shakhtar Donetsk,AUT,UKR
2007-08-28,2007,Q-3,2,Crvena Zvezda,Rangers,0-0,,,,0,0,0,1,,,0,0,0,1,Rangers,SRB,SCO
2007-08-28,2007,Q-3,2,Dinamo Bucuresti,Lazio,1-3,,,,1,3,2,4,,,1,3,2,4,Lazio,ROU,ITA
2007-08-28,2007,Q-3,2,Liverpool,Toulouse,4-0,,,,4,0,5,0,,,4,0,5,0,Liverpool,ENG,FRA
2007-08-29,2007,Q-3,2,Celtic,Spartak Moskva,1-1,,1-1,4-3,1,1,2,2,1.0,1.0,1,1,2,2,Celtic,SCO,RUS
2007-08-29,2007,Q-3,2,Slavia Praha,AFC Ajax,2-1,,,,2,1,3,1,,,2,1,3,1,Slavia Praha,CZE,NED
2007-08-29,2007,Q-3,2,Arsenal,Sparta Praha,3-0,,,,3,0,5,0,,,3,0,5,0,Arsenal,ENG,CZE
2007-08-29,2007,Q-3,2,Steaua Bucuresti,BATE Borisov,2-0,,,,2,0,4,2,,,2,0,4,2,Steaua Bucuresti,ROU,BLR
2007-08-29,2007,Q-3,2,Besiktas,FC Zurich,2-0,,,,2,0,3,1,,,2,0,3,1,Besiktas,TUR,SUI
2007-08-29,2007,Q-3,2,Dinamo Kiev,FK Sarajevo,3-0,,,,3,0,4,0,,,3,0,4,0,Dinamo Kiev,UKR,BIH
2007-08-29,2007,Q-3,2,Dinamo Zagreb,Werder Bremen,2-3,,,,2,3,3,5,,,2,3,3,5,Werder Bremen,CRO,GER
2007-08-29,2007,Q-3,2,Elfsborg,Valencia CF,1-2,,,,1,2,1,5,,,1,2,1,5,Valencia CF,SWE,ESP
2007-08-29,2007,Q-3,2,RSC Anderlecht,Fenerbahce,0-2,,,,0,2,0,3,,,0,2,0,3,Fenerbahce,BEL,TUR
2007-08-29,2007,Q-3,2,Kobenhavn,SL Benfica,0-1,,,,0,1,1,3,,,0,1,1,3,SL Benfica,DEN,POR
2007-08-29,2007,Q-3,2,Rosenborg BK,Tampere United,2-0,,,,2,0,5,0,,,2,0,5,0,Rosenborg BK,NOR,FIN
2007-08-29,2007,Q-3,2,Shakhtar Donetsk,Salzburg,3-1,,,,3,1,3,2,,,3,1,3,2,Shakhtar Donetsk,UKR,AUT
2007-09-03,2007,Q-3,2,AEK Athens,Sevilla,1-4,,,,1,4,1,6,,,1,4,1,6,Sevilla,GRE,ESP
2007-09-18,2007,GroupD,groups,AC Milan,SL Benfica,2-1,2-0,,,2,1,3,2,,,2,1,3,2,,ITA,POR
2007-09-18,2007,GroupA,groups,Olympique Marseille,Besiktas,2-0,0-0,,,2,0,3,2,,,2,0,3,2,,FRA,TUR
2007-09-18,2007,GroupD,groups,Shakhtar Donetsk,Celtic,2-0,2-0,,,2,0,3,2,,,2,0,3,2,,UKR,SCO
2007-09-18,2007,GroupB,groups,Chelsea,Rosenborg BK,1-1,0-1,,,1,1,5,1,,,1,1,5,1,,ENG,NOR
2007-09-18,2007,GroupA,groups,FC Porto,Liverpool,1-1,1-1,,,1,1,2,5,,,1,1,2,5,,POR,ENG
2007-09-18,2007,GroupC,groups,Olympiacos,Lazio,1-1,0-0,,,1,1,3,2,,,1,1,3,2,,GRE,ITA
2007-09-18,2007,GroupC,groups,Real Madrid,Werder Bremen,2-1,1-1,,,2,1,4,4,,,2,1,4,4,,ESP,GER
2007-09-18,2007,GroupB,groups,Schalke 04,Valencia CF,0-1,0-0,,,0,1,0,1,,,0,1,0,1,,GER,ESP
2007-09-19,2007,GroupH,groups,Arsenal,Sevilla,3-0,1-0,,,3,0,4,3,,,3,0,4,3,,ENG,ESP
2007-09-19,2007,GroupF,groups,AS Roma,Dinamo Kiev,2-0,1-0,,,2,0,6,1,,,2,0,6,1,,ITA,UKR
2007-09-19,2007,GroupE,groups,Barcelona,Olympique Lyon,3-0,1-0,,,3,0,5,2,,,3,0,5,2,,ESP,FRA
2007-09-19,2007,GroupG,groups,PSV Eindhoven,CSKA Moskva,2-1,0-0,,,2,1,3,1,,,2,1,3,1,,NED,RUS
2007-09-19,2007,GroupG,groups,Fenerbahce,Internazionale,1-0,1-0,,,1,0,1,3,,,1,0,1,3,,TUR,ITA
2007-09-19,2007,GroupF,groups,Sporting CP,Manchester United,0-1,0-0,,,0,1,1,3,,,0,1,1,3,,POR,ENG
2007-09-19,2007,GroupE,groups,Rangers,VfB Stuttgart,2-1,0-0,,,2,1,4,4,,,2,1,4,4,,SCO,GER
2007-09-19,2007,GroupH,groups,Slavia Praha,Steaua Bucuresti,2-1,1-1,,,2,1,3,2,,,2,1,3,2,,CZE,ROU
2007-10-02,2007,GroupF,groups,Manchester United,AS Roma,1-0,0-0,,,1,0,2,1,,,1,0,2,1,,ENG,ITA
2007-10-02,2007,GroupH,groups,Steaua Bucuresti,Arsenal,0-1,0-0,,,0,1,1,3,,,0,1,1,3,,ROU,ENG
2007-10-02,2007,GroupE,groups,VfB Stuttgart,Barcelona,0-2,0-0,,,0,2,1,5,,,0,2,1,5,,GER,ESP
2007-10-02,2007,GroupG,groups,CSKA Moskva,Fenerbahce,2-2,0-1,,,2,2,3,5,,,2,2,3,5,,RUS,TUR
2007-10-02,2007,GroupF,groups,Dinamo Kiev,Sporting CP,1-2,1-2,,,1,2,1,5,,,1,2,1,5,,UKR,POR
2007-10-02,2007,GroupG,groups,Internazionale,PSV Eindhoven,2-0,2-0,,,2,0,3,0,,,2,0,3,0,,ITA,NED
2007-10-02,2007,GroupE,groups,Olympique Lyon,Rangers,0-3,0-1,,,0,3,3,3,,,0,3,3,3,,FRA,SCO
2007-10-02,2007,GroupH,groups,Sevilla,Slavia Praha,4-2,2-1,,,4,2,7,2,,,4,2,7,2,,ESP,CZE
2007-10-03,2007,GroupD,groups,Celtic,AC Milan,2-1,0-0,,,2,1,2,2,,,2,1,2,2,,SCO,ITA
2007-10-03,2007,GroupA,groups,Besiktas,FC Porto,0-1,0-0,,,0,1,0,3,,,0,1,0,3,,TUR,POR
2007-10-03,2007,GroupB,groups,Valencia CF,Chelsea,1-2,1-1,,,1,2,1,2,,,1,2,1,2,,ESP,ENG
2007-10-03,2007,GroupC,groups,Lazio,Real Madrid,2-2,1-1,,,2,2,3,5,,,2,2,3,5,,ITA,ESP
2007-10-03,2007,GroupA,groups,Liverpool,Olympique Marseille,0-1,0-0,,,0,1,4,1,,,0,1,4,1,,ENG,FRA
2007-10-03,2007,GroupC,groups,Werder Bremen,Olympiacos,1-3,1-0,,,1,3,1,6,,,1,3,1,6,,GER,GRE
2007-10-03,2007,GroupB,groups,Rosenborg BK,Schalke 04,0-2,0-0,,,0,2,1,5,,,0,2,1,5,,NOR,GER
2007-10-03,2007,GroupD,groups,SL Benfica,Shakhtar Donetsk,0-1,0-1,,,0,1,2,2,,,0,1,2,2,,POR,UKR
2007-10-23,2007,GroupH,groups,Arsenal,Slavia Praha,7-0,3-0,,,7,0,7,0,,,7,0,7,0,,ENG,CZE
2007-10-23,2007,GroupF,groups,AS Roma,Sporting CP,2-1,1-1,,,2,1,4,3,,,2,1,4,3,,ITA,POR
2007-10-23,2007,GroupE,groups,Rangers,Barcelona,0-0,0-0,,,0,0,0,2,,,0,0,0,2,,SCO,ESP
2007-10-23,2007,GroupG,groups,CSKA Moskva,Internazionale,1-2,1-0,,,1,2,3,6,,,1,2,3,6,,RUS,ITA
2007-10-23,2007,GroupF,groups,Dinamo Kiev,Manchester United,2-4,1-3,,,2,4,2,8,,,2,4,2,8,,UKR,ENG
2007-10-23,2007,GroupG,groups,PSV Eindhoven,Fenerbahce,0-0,0-0,,,0,0,0,2,,,0,0,0,2,,NED,TUR
2007-10-23,2007,GroupE,groups,VfB Stuttgart,Olympique Lyon,0-2,0-0,,,0,2,2,6,,,0,2,2,6,,GER,FRA
2007-10-23,2007,GroupH,groups,Sevilla,Steaua Bucuresti,2-1,2-0,,,2,1,4,1,,,2,1,4,1,,ESP,ROU
2007-10-24,2007,GroupD,groups,AC Milan,Shakhtar Donetsk,4-1,2-0,,,4,1,7,1,,,4,1,7,1,,ITA,UKR
2007-10-24,2007,GroupA,groups,Besiktas,Liverpool,2-1,1-0,,,2,1,2,9,,,2,1,2,9,,TUR,ENG
2007-10-24,2007,GroupD,groups,SL Benfica,Celtic,1-0,0-0,,,1,0,1,1,,,1,0,1,1,,POR,SCO
2007-10-24,2007,GroupB,groups,Chelsea,Schalke 04,2-0,1-0,,,2,0,2,0,,,2,0,2,0,,ENG,GER
2007-10-24,2007,GroupA,groups,Olympique Marseille,FC Porto,1-1,0-0,,,1,1,2,3,,,1,1,2,3,,FRA,POR
2007-10-24,2007,GroupC,groups,Werder Bremen,Lazio,2-1,1-0,,,2,1,3,3,,,2,1,3,3,,GER,ITA
2007-10-24,2007,GroupC,groups,Real Madrid,Olympiacos,4-2,1-1,,,4,2,4,2,,,4,2,4,2,,ESP,GRE
2007-10-24,2007,GroupB,groups,Rosenborg BK,Valencia CF,2-0,0-0,,,2,0,4,0,,,2,0,4,0,,NOR,ESP
2007-11-06,2007,GroupD,groups,Shakhtar Donetsk,AC Milan,0-3,0-0,,,0,3,1,7,,,0,3,1,7,,UKR,ITA
2007-11-06,2007,GroupA,groups,Liverpool,Besiktas,8-0,2-0,,,8,0,9,2,,,8,0,9,2,,ENG,TUR
2007-11-06,2007,GroupD,groups,Celtic,SL Benfica,1-0,1-0,,,1,0,1,1,,,1,0,1,1,,SCO,POR
2007-11-06,2007,GroupB,groups,Schalke 04,Chelsea,0-0,0-0,,,0,0,0,2,,,0,0,0,2,,GER,ENG
2007-11-06,2007,GroupA,groups,FC Porto,Olympique Marseille,2-1,1-0,,,2,1,3,2,,,2,1,3,2,,POR,FRA
2007-11-06,2007,GroupC,groups,Lazio,Werder Bremen,2-1,0-0,,,2,1,3,3,,,2,1,3,3,,ITA,GER
2007-11-06,2007,GroupC,groups,Olympiacos,Real Madrid,0-0,0-0,,,0,0,2,4,,,0,0,2,4,,GRE,ESP
2007-11-06,2007,GroupB,groups,Valencia CF,Rosenborg BK,0-2,0-1,,,0,2,0,4,,,0,2,0,4,,ESP,NOR
2007-11-07,2007,GroupH,groups,Slavia Praha,Arsenal,0-0,0-0,,,0,0,0,7,,,0,0,0,7,,CZE,ENG
2007-11-07,2007,GroupF,groups,Sporting CP,AS Roma,2-2,1-1,,,2,2,3,4,,,2,2,3,4,,POR,ITA
2007-11-07,2007,GroupE,groups,Barcelona,Rangers,2-0,2-0,,,2,0,2,0,,,2,0,2,0,,ESP,SCO
2007-11-07,2007,GroupG,groups,Internazionale,CSKA Moskva,4-2,2-2,,,4,2,6,3,,,4,2,6,3,,ITA,RUS
2007-11-07,2007,GroupF,groups,Manchester United,Dinamo Kiev,4-0,2-0,,,4,0,8,2,,,4,0,8,2,,ENG,UKR
2007-11-07,2007,GroupG,groups,Fenerbahce,PSV Eindhoven,2-0,2-0,,,2,0,2,0,,,2,0,2,0,,TUR,NED
2007-11-07,2007,GroupE,groups,Olympique Lyon,VfB Stuttgart,4-2,3-1,,,4,2,6,2,,,4,2,6,2,,FRA,GER
2007-11-07,2007,GroupH,groups,Steaua Bucuresti,Sevilla,0-2,0-1,,,0,2,1,4,,,0,2,1,4,,ROU,ESP
2007-11-27,2007,GroupH,groups,Sevilla,Arsenal,3-1,2-1,,,3,1,3,4,,,3,1,3,4,,ESP,ENG
2007-11-27,2007,GroupF,groups,Dinamo Kiev,AS Roma,1-4,0-3,,,1,4,1,6,,,1,4,1,6,,UKR,ITA
2007-11-27,2007,GroupE,groups,Olympique Lyon,Barcelona,2-2,1-1,,,2,2,2,5,,,2,2,2,5,,FRA,ESP
2007-11-27,2007,GroupG,groups,CSKA Moskva,PSV Eindhoven,0-1,0-1,,,0,1,1,3,,,0,1,1,3,,RUS,NED
2007-11-27,2007,GroupG,groups,Internazionale,Fenerbahce,3-0,0-0,,,3,0,3,1,,,3,0,3,1,,ITA,TUR
2007-11-27,2007,GroupF,groups,Manchester United,Sporting CP,2-1,0-1,,,2,1,3,1,,,2,1,3,1,,ENG,POR
2007-11-27,2007,GroupE,groups,VfB Stuttgart,Rangers,3-2,1-1,,,3,2,4,4,,,3,2,4,4,,GER,SCO
2007-11-27,2007,GroupH,groups,Steaua Bucuresti,Slavia Praha,1-1,1-0,,,1,1,2,3,,,1,1,2,3,,ROU,CZE
2007-11-28,2007,GroupD,groups,SL Benfica,AC Milan,1-1,1-1,,,1,1,2,3,,,1,1,2,3,,POR,ITA
2007-11-28,2007,GroupA,groups,Besiktas,Olympique Marseille,2-1,1-0,,,2,1,2,3,,,2,1,2,3,,TUR,FRA
2007-11-28,2007,GroupD,groups,Celtic,Shakhtar Donetsk,2-1,1-1,,,2,1,2,3,,,2,1,2,3,,SCO,UKR
2007-11-28,2007,GroupB,groups,Rosenborg BK,Chelsea,0-4,0-3,,,0,4,1,5,,,0,4,1,5,,NOR,ENG
2007-11-28,2007,GroupA,groups,Liverpool,FC Porto,4-1,1-1,,,4,1,5,2,,,4,1,5,2,,ENG,POR
2007-11-28,2007,GroupC,groups,Lazio,Olympiacos,1-2,1-1,,,1,2,2,3,,,1,2,2,3,,ITA,GRE
2007-11-28,2007,GroupC,groups,Werder Bremen,Real Madrid,3-2,2-1,,,3,2,4,4,,,3,2,4,4,,GER,ESP
2007-11-28,2007,GroupB,groups,Valencia CF,Schalke 04,0-0,0-0,,,0,0,1,0,,,0,0,1,0,,ESP,GER
2007-12-04,2007,GroupD,groups,AC Milan,Celtic,1-0,0-0,,,1,0,2,2,,,1,0,2,2,,ITA,SCO
2007-12-04,2007,GroupD,groups,Shakhtar Donetsk,SL Benfica,1-2,1-2,,,1,2,2,2,,,1,2,2,2,,UKR,POR
2007-12-11,2007,GroupA,groups,FC Porto,Besiktas,2-0,1-0,,,2,0,3,0,,,2,0,3,0,,POR,TUR
2007-12-11,2007,GroupB,groups,Chelsea,Valencia CF,0-0,0-0,,,0,0,2,1,,,0,0,2,1,,ENG,ESP
2007-12-11,2007,GroupC,groups,Real Madrid,Lazio,3-1,3-0,,,3,1,5,3,,,3,1,5,3,,ESP,ITA
2007-12-11,2007,GroupA,groups,Olympique Marseille,Liverpool,0-4,0-2,,,0,4,1,4,,,0,4,1,4,,FRA,ENG
2007-12-11,2007,GroupC,groups,Olympiacos,Werder Bremen,3-0,1-0,,,3,0,6,1,,,3,0,6,1,,GRE,GER
2007-12-11,2007,GroupB,groups,Schalke 04,Rosenborg BK,3-1,3-1,,,3,1,5,1,,,3,1,5,1,,GER,NOR
2007-12-12,2007,GroupF,groups,AS Roma,Manchester United,1-1,0-1,,,1,1,1,2,,,1,1,1,2,,ITA,ENG
2007-12-12,2007,GroupH,groups,Arsenal,Steaua Bucuresti,2-1,2-0,,,2,1,3,1,,,2,1,3,1,,ENG,ROU
2007-12-12,2007,GroupE,groups,Barcelona,VfB Stuttgart,3-1,1-1,,,3,1,5,1,,,3,1,5,1,,ESP,GER
2007-12-12,2007,GroupG,groups,Fenerbahce,CSKA Moskva,3-1,2-1,,,3,1,5,3,,,3,1,5,3,,TUR,RUS
2007-12-12,2007,GroupF,groups,Sporting CP,Dinamo Kiev,3-0,1-0,,,3,0,5,1,,,3,0,5,1,,POR,UKR
2007-12-12,2007,GroupG,groups,PSV Eindhoven,Internazionale,0-1,0-0,,,0,1,0,3,,,0,1,0,3,,NED,ITA
2007-12-12,2007,GroupE,groups,Rangers,Olympique Lyon,0-3,0-1,,,0,3,3,3,,,0,3,3,3,,SCO,FRA
2007-12-12,2007,GroupH,groups,Slavia Praha,Sevilla,0-3,0-0,,,0,3,2,7,,,0,3,2,7,,CZE,ESP
2008-02-19,2007,R16,1,Schalke 04,FC Porto,1-0,1-0,,,1,0,1,1,,,1,0,1,1,Schalke 04,GER,POR
2008-02-19,2007,R16,1,AS Roma,Real Madrid,2-1,1-1,,,2,1,4,2,,,2,1,4,2,AS Roma,ITA,ESP
2008-02-19,2007,R16,1,Olympiacos,Chelsea,0-0,0-0,,,0,0,0,3,,,0,0,0,3,Chelsea,GRE,ENG
2008-02-19,2007,R16,1,Liverpool,Internazionale,2-0,0-0,,,2,0,3,0,,,2,0,3,0,Liverpool,ENG,ITA
2008-02-20,2007,R16,1,Fenerbahce,Sevilla,3-2,1-1,,,3,2,5,5,,,3,2,5,5,Fenerbahce,TUR,ESP
2008-02-20,2007,R16,1,Arsenal,AC Milan,0-0,0-0,,,0,0,2,0,,,0,0,2,0,Arsenal,ENG,ITA
2008-02-20,2007,R16,1,Celtic,Barcelona,2-3,2-1,,,2,3,2,4,,,2,3,2,4,Barcelona,SCO,ESP
2008-02-20,2007,R16,1,Olympique Lyon,Manchester United,1-1,0-0,,,1,1,1,2,,,1,1,1,2,Manchester United,FRA,ENG
2008-03-04,2007,R16,2,Sevilla,Fenerbahce,3-2,3-1,3-2,2-3 ,3,2,5,5,3.0,2.0,3,2,5,5,Fenerbahce,ESP,TUR
2008-03-04,2007,R16,2,AC Milan,Arsenal,0-2,0-0,,,0,2,0,2,,,0,2,0,2,Arsenal,ITA,ENG
2008-03-04,2007,R16,2,Barcelona,Celtic,1-0,1-0,,,1,0,4,2,,,1,0,4,2,Barcelona,ESP,SCO
2008-03-04,2007,R16,2,Manchester United,Olympique Lyon,1-0,1-0,,,1,0,2,1,,,1,0,2,1,Manchester United,ENG,FRA
2008-03-05,2007,R16,2,FC Porto,Schalke 04,1-0,0-0,1-0,1-4 ,1,0,1,1,1.0,0.0,1,0,1,1,Schalke 04,POR,GER
2008-03-05,2007,R16,2,Real Madrid,AS Roma,1-2,0-0,,,1,2,2,4,,,1,2,2,4,AS Roma,ESP,ITA
2008-03-05,2007,R16,2,Chelsea,Olympiacos,3-0,2-0,,,3,0,3,0,,,3,0,3,0,Chelsea,ENG,GRE
2008-03-11,2007,R16,2,Internazionale,Liverpool,0-1,0-0,,,0,1,0,3,,,0,1,0,3,Liverpool,ITA,ENG
2008-04-01,2007,QF,1,AS Roma,Manchester United,0-2,0-1,,,0,2,0,3,,,0,2,0,3,Manchester United,ITA,ENG
2008-04-01,2007,QF,1,Schalke 04,Barcelona,0-1,0-1,,,0,1,0,2,,,0,1,0,2,Barcelona,GER,ESP
2008-04-02,2007,QF,1,Arsenal,Liverpool,1-1,1-1,,,1,1,3,5,,,1,1,3,5,Liverpool,ENG,ENG
2008-04-02,2007,QF,1,Fenerbahce,Chelsea,2-1,0-1,,,2,1,2,3,,,2,1,2,3,Chelsea,TUR,ENG
2008-04-08,2007,QF,2,Liverpool,Arsenal,4-2,1-1,,,4,2,5,3,,,4,2,5,3,Liverpool,ENG,ENG
2008-04-08,2007,QF,2,Chelsea,Fenerbahce,2-0,1-0,,,2,0,3,2,,,2,0,3,2,Chelsea,ENG,TUR
2008-04-09,2007,QF,2,Manchester United,AS Roma,1-0,0-0,,,1,0,3,0,,,1,0,3,0,Manchester United,ENG,ITA
2008-04-09,2007,QF,2,Barcelona,Schalke 04,1-0,1-0,,,1,0,2,0,,,1,0,2,0,Barcelona,ESP,GER
2008-04-22,2007,SF,1,Liverpool,Chelsea,1-1,1-0,,,1,1,2,2,,,1,1,3,4,Chelsea,ENG,ENG
2008-04-23,2007,SF,1,Barcelona,Manchester United,0-0,0-0,,,0,0,0,1,,,0,0,0,1,Manchester United,ESP,ENG
2008-04-29,2007,SF,2,Manchester United,Barcelona,1-0,1-0,,,1,0,1,0,,,1,0,1,0,Manchester United,ENG,ESP
2008-04-30,2007,SF,2,Chelsea,Liverpool,1-1,1-0,3-2,,1,1,2,2,3.0,2.0,3,2,4,3,Chelsea,ENG,ENG
2008-05-21,2007,final,,Manchester United,Chelsea,1-1,1-1,1-1,6-5,1,1,1,1,1.0,1.0,1,1,1,1,Manchester United,ENG,ENG
2008-07-15,2008,Q-1,1,Inter Baku PIK,Rabotnicki,0-0,,,,0,0,1,1,,,0,0,1,1,Inter Baku PIK,AZE,MKD
2008-07-15,2008,Q-1,1,Anorthosis Famagusta,Pyunik,1-0,,,,1,0,3,0,,,1,0,3,0,Anorthosis Famagusta,CYP,ARM
2008-07-15,2008,Q-1,1,BATE Borisov,Valur Reykjavik,2-0,,,,2,0,3,0,,,2,0,3,0,BATE Borisov,BLR,ISL
2008-07-15,2008,Q-1,1,Tampere United,Buducnost,2-1,,,,2,1,3,2,,,2,1,3,2,Tampere United,FIN,MNE
2008-07-15,2008,Q-1,1,Dinamo Tirana,FK Modrica,0-2,,,,0,2,1,4,,,0,2,1,4,FK Modrica,ALB,BIH
2008-07-15,2008,Q-1,1,F91 Dudelange,NK Domzale,0-1,,,,0,1,0,3,,,0,1,0,3,NK Domzale,LUX,SVN
2008-07-15,2008,Q-1,1,FC Santa Coloma,FBK Kaunas,1-4,,,,1,4,2,7,,,1,4,2,7,FBK Kaunas,AND,LTU
2008-07-15,2008,Q-1,1,Murata,IFK Goteborg,0-5,,,,0,5,0,9,,,0,5,0,9,IFK Goteborg,SMR,SWE
2008-07-15,2008,Q-1,1,Llanelli,Ventspils,1-0,,,,1,0,1,4,,,1,0,1,4,Ventspils,WAL,LVA
2008-07-15,2008,Q-1,1,Valletta,Petrzalka Akademia,0-2,,,,0,2,0,3,,,0,2,0,3,Petrzalka Akademia,MLT,SVK
2008-07-16,2008,Q-1,1,Aktobe,Sheriff Tiraspol,1-0,,,,1,0,1,4,,,1,0,1,4,Sheriff Tiraspol,KAZ,MDA
2008-07-16,2008,Q-1,1,Dinamo Tbilisi,NSI,3-0,,,,3,0,3,1,,,3,0,3,1,Dinamo Tbilisi,GEO,FRO
2008-07-16,2008,Q-1,1,Linfield,Dinamo Zagreb,0-2,,,,0,2,1,3,,,0,2,1,3,Dinamo Zagreb,NIR,CRO
2008-07-16,2008,Q-1,1,Drogheda United,Levadia,2-1,,,,2,1,3,1,,,2,1,3,1,Drogheda United,IRL,EST
2008-07-22,2008,Q-1,2,Rabotnicki,Inter Baku PIK,1-1,,,away goals,1,1,1,1,,,1,1,1,1,Inter Baku PIK,MKD,AZE
2008-07-22,2008,Q-1,2,Sheriff Tiraspol,Aktobe,4-0,,,,4,0,4,1,,,4,0,4,1,Sheriff Tiraspol,MDA,KAZ
2008-07-22,2008,Q-1,2,NSI,Dinamo Tbilisi,1-0,,,,1,0,1,3,,,1,0,1,3,Dinamo Tbilisi,FRO,GEO
2008-07-22,2008,Q-1,2,FBK Kaunas,FC Santa Coloma,3-1,,,,3,1,7,2,,,3,1,7,2,FBK Kaunas,LTU,AND
2008-07-22,2008,Q-1,2,Ventspils,Llanelli,4-0,,,,4,0,4,1,,,4,0,4,1,Ventspils,LVA,WAL
2008-07-23,2008,Q-1,2,Pyunik,Anorthosis Famagusta,0-2,,,,0,2,0,3,,,0,2,0,3,Anorthosis Famagusta,ARM,CYP
2008-07-23,2008,Q-1,2,Valur Reykjavik,BATE Borisov,0-1,,,,0,1,0,3,,,0,1,0,3,BATE Borisov,ISL,BLR
2008-07-23,2008,Q-1,2,Buducnost,Tampere United,1-1,,,,1,1,2,3,,,1,1,2,3,Tampere United,MNE,FIN
2008-07-23,2008,Q-1,2,FK Modrica,Dinamo Tirana,2-1,,,,2,1,4,1,,,2,1,4,1,FK Modrica,BIH,ALB
2008-07-23,2008,Q-1,2,Dinamo Zagreb,Linfield,1-1,,,,1,1,3,1,,,1,1,3,1,Dinamo Zagreb,CRO,NIR
2008-07-23,2008,Q-1,2,Levadia,Drogheda United,0-1,,,,0,1,1,3,,,0,1,1,3,Drogheda United,EST,IRL
2008-07-23,2008,Q-1,2,NK Domzale,F91 Dudelange,2-0,,,,2,0,3,0,,,2,0,3,0,NK Domzale,SVN,LUX
2008-07-23,2008,Q-1,2,IFK Goteborg,Murata,4-0,,,,4,0,9,0,,,4,0,9,0,IFK Goteborg,SWE,SMR
2008-07-23,2008,Q-1,2,Petrzalka Akademia,Valletta,1-0,,,,1,0,3,0,,,1,0,3,0,Petrzalka Akademia,SVK,MLT
2008-07-29,2008,Q-2,1,Brann,Ventspils,1-0,,,,1,0,2,2,,,1,0,2,2,Brann,NOR,LVA
2008-07-29,2008,Q-2,1,Drogheda United,Dinamo Kiev,1-2,,,,1,2,3,4,,,1,2,3,4,Dinamo Kiev,IRL,UKR
2008-07-29,2008,Q-2,1,Inter Baku PIK,Partizan Belgrade,1-1,,,,1,1,1,3,,,1,1,1,3,Partizan Belgrade,AZE,SRB
2008-07-30,2008,Q-2,1,Aalborg BK,FK Modrica,5-0,,,,5,0,7,1,,,5,0,7,1,Aalborg BK,DEN,BIH
2008-07-30,2008,Q-2,1,Anorthosis Famagusta,Rapid Wien,3-0,,,,3,0,4,3,,,3,0,4,3,Anorthosis Famagusta,CYP,AUT
2008-07-30,2008,Q-2,1,IFK Goteborg,Basel,1-1,,,,1,1,3,5,,,1,1,3,5,Basel,SWE,SUI
2008-07-30,2008,Q-2,1,RSC Anderlecht,BATE Borisov,1-2,,,,1,2,3,4,,,1,2,3,4,BATE Borisov,BEL,BLR
2008-07-30,2008,Q-2,1,Beitar Jerusalem,Wisla Krakow,2-1,,,,2,1,2,6,,,2,1,2,6,Wisla Krakow,ISR,POL
2008-07-30,2008,Q-2,1,Panathinaikos,Dinamo Tbilisi,3-0,,,,3,0,3,0,,,3,0,3,0,Panathinaikos,GRE,GEO
2008-07-30,2008,Q-2,1,NK Domzale,Dinamo Zagreb,0-3,,,,0,3,2,6,,,0,3,2,6,Dinamo Zagreb,SVN,CRO
2008-07-30,2008,Q-2,1,Rangers,FBK Kaunas,0-0,,,,0,0,1,2,,,0,0,1,2,FBK Kaunas,SCO,LTU
2008-07-30,2008,Q-2,1,Fenerbahce,MTK,2-0,,,,2,0,7,0,,,2,0,7,0,Fenerbahce,TUR,HUN
2008-07-30,2008,Q-2,1,Tampere United,Petrzalka Akademia,1-3,,,,1,3,3,7,,,1,3,3,7,Petrzalka Akademia,FIN,SVK
2008-07-30,2008,Q-2,1,Sheriff Tiraspol,Sparta Praha,0-1,,,,0,1,0,3,,,0,1,0,3,Sparta Praha,MDA,CZE
2008-08-05,2008,Q-2,2,Ventspils,Brann,2-1,,,away goals,2,1,2,2,,,2,1,2,2,Brann,LVA,NOR
2008-08-05,2008,Q-2,2,FBK Kaunas,Rangers,2-1,,,,2,1,2,1,,,2,1,2,1,FBK Kaunas,LTU,SCO
2008-08-06,2008,Q-2,2,FK Modrica,Aalborg BK,1-2,,,,1,2,1,7,,,1,2,1,7,Aalborg BK,BIH,DEN
2008-08-06,2008,Q-2,2,Rapid Wien,Anorthosis Famagusta,3-1,,,,3,1,3,4,,,3,1,3,4,Anorthosis Famagusta,AUT,CYP
2008-08-06,2008,Q-2,2,Basel,IFK Goteborg,4-2,,,,4,2,5,3,,,4,2,5,3,Basel,SUI,SWE
2008-08-06,2008,Q-2,2,BATE Borisov,RSC Anderlecht,2-2,,,,2,2,4,3,,,2,2,4,3,BATE Borisov,BLR,BEL
2008-08-06,2008,Q-2,2,Wisla Krakow,Beitar Jerusalem,5-0,,,,5,0,6,2,,,5,0,6,2,Wisla Krakow,POL,ISR
2008-08-06,2008,Q-2,2,Dinamo Kiev,Drogheda United,2-2,,,,2,2,4,3,,,2,2,4,3,Dinamo Kiev,UKR,IRL
2008-08-06,2008,Q-2,2,Dinamo Tbilisi,Panathinaikos,0-0,,,,0,0,0,3,,,0,0,0,3,Panathinaikos,GEO,GRE
2008-08-06,2008,Q-2,2,Dinamo Zagreb,NK Domzale,3-2,,,,3,2,6,2,,,3,2,6,2,Dinamo Zagreb,CRO,SVN
2008-08-06,2008,Q-2,2,MTK,Fenerbahce,0-5,,,,0,5,0,7,,,0,5,0,7,Fenerbahce,HUN,TUR
2008-08-06,2008,Q-2,2,Petrzalka Akademia,Tampere United,4-2,,,,4,2,7,3,,,4,2,7,3,Petrzalka Akademia,SVK,FIN
2008-08-06,2008,Q-2,2,Sparta Praha,Sheriff Tiraspol,2-0,,,,2,0,3,0,,,2,0,3,0,Sparta Praha,CZE,MDA
2008-08-06,2008,Q-2,2,Partizan Belgrade,Inter Baku PIK,2-0,,,,2,0,3,1,,,2,0,3,1,Partizan Belgrade,SRB,AZE
2008-08-12,2008,Q-3,1,ACF Fiorentina,Slavia Praha,2-0,,,,2,0,2,0,,,2,0,2,0,ACF Fiorentina,ITA,CZE
2008-08-13,2008,Q-3,1,Aalborg BK,FBK Kaunas,2-0,,,,2,0,4,0,,,2,0,4,0,Aalborg BK,DEN,LTU
2008-08-13,2008,Q-3,1,Anorthosis Famagusta,Olympiacos,3-0,,,,3,0,3,1,,,3,0,3,1,Anorthosis Famagusta,CYP,GRE
2008-08-13,2008,Q-3,1,Twente,Arsenal,0-2,,,,0,2,0,6,,,0,2,0,6,Arsenal,NED,ENG
2008-08-13,2008,Q-3,1,Schalke 04,Atletico Madrid,1-0,,,,1,0,1,4,,,1,0,1,4,Atletico Madrid,GER,ESP
2008-08-13,2008,Q-3,1,Barcelona,Wisla Krakow,4-0,,,,4,0,4,1,,,4,0,4,1,Barcelona,ESP,POL
2008-08-13,2008,Q-3,1,Vitoria Guimaraes,Basel,0-0,,,,0,0,1,2,,,0,0,1,2,Basel,POR,SUI
2008-08-13,2008,Q-3,1,Levski Sofia,BATE Borisov,0-1,,,,0,1,1,2,,,0,1,1,2,BATE Borisov,BUL,BLR
2008-08-13,2008,Q-3,1,Brann,Olympique Marseille,0-1,,,,0,1,1,3,,,0,1,1,3,Olympique Marseille,NOR,FRA
2008-08-13,2008,Q-3,1,Spartak Moskva,Dinamo Kiev,1-4,,,,1,4,2,8,,,1,4,2,8,Dinamo Kiev,RUS,UKR
2008-08-13,2008,Q-3,1,Shakhtar Donetsk,Dinamo Zagreb,2-0,,,,2,0,5,1,,,2,0,5,1,Shakhtar Donetsk,UKR,CRO
2008-08-13,2008,Q-3,1,Galatasaray,Steaua Bucuresti,2-2,,,,2,2,2,3,,,2,2,2,3,Steaua Bucuresti,TUR,ROU
2008-08-13,2008,Q-3,1,Juventus,Petrzalka Akademia,4-0,,,,4,0,5,1,,,4,0,5,1,Juventus,ITA,SVK
2008-08-13,2008,Q-3,1,Standard Liege,Liverpool,0-0,,,,0,0,0,0,,,0,0,0,1,Liverpool,BEL,ENG
2008-08-13,2008,Q-3,1,Sparta Praha,Panathinaikos,1-2,,,,1,2,1,3,,,1,2,1,3,Panathinaikos,CZE,GRE
2008-08-13,2008,Q-3,1,Partizan Belgrade,Fenerbahce,2-2,,,,2,2,3,4,,,2,2,3,4,Fenerbahce,SRB,TUR
2008-08-26,2008,Q-3,2,Wisla Krakow,Barcelona,1-0,,,,1,0,1,4,,,1,0,1,4,Barcelona,POL,ESP
2008-08-26,2008,Q-3,2,Petrzalka Akademia,Juventus,1-1,,,,1,1,1,5,,,1,1,1,5,Juventus,SVK,ITA
2008-08-26,2008,Q-3,2,Panathinaikos,Sparta Praha,1-0,,,,1,0,3,1,,,1,0,3,1,Panathinaikos,GRE,CZE
2008-08-27,2008,Q-3,2,FBK Kaunas,Aalborg BK,0-2,,,,0,2,0,4,,,0,2,0,4,Aalborg BK,LTU,DEN
2008-08-27,2008,Q-3,2,Slavia Praha,ACF Fiorentina,0-0,,,,0,0,0,2,,,0,0,0,2,ACF Fiorentina,CZE,ITA
2008-08-27,2008,Q-3,2,Olympiacos,Anorthosis Famagusta,1-0,,,,1,0,1,3,,,1,0,1,3,Anorthosis Famagusta,GRE,CYP
2008-08-27,2008,Q-3,2,Arsenal,Twente,4-0,,,,4,0,6,0,,,4,0,6,0,Arsenal,ENG,NED
2008-08-27,2008,Q-3,2,Atletico Madrid,Schalke 04,4-0,,,,4,0,4,1,,,4,0,4,1,Atletico Madrid,ESP,GER
2008-08-27,2008,Q-3,2,Basel,Vitoria Guimaraes,2-1,,,,2,1,2,1,,,2,1,2,1,Basel,SUI,POR
2008-08-27,2008,Q-3,2,BATE Borisov,Levski Sofia,1-1,,,,1,1,2,1,,,1,1,2,1,BATE Borisov,BLR,BUL
2008-08-27,2008,Q-3,2,Olympique Marseille,Brann,2-1,,,,2,1,3,1,,,2,1,3,1,Olympique Marseille,FRA,NOR
2008-08-27,2008,Q-3,2,Dinamo Kiev,Spartak Moskva,4-1,,,,4,1,8,2,,,4,1,8,2,Dinamo Kiev,UKR,RUS
2008-08-27,2008,Q-3,2,Dinamo Zagreb,Shakhtar Donetsk,1-3,,,,1,3,1,5,,,1,3,1,5,Shakhtar Donetsk,CRO,UKR
2008-08-27,2008,Q-3,2,Steaua Bucuresti,Galatasaray,1-0,,,,1,0,3,2,,,1,0,3,2,Steaua Bucuresti,ROU,TUR
2008-08-27,2008,Q-3,2,Liverpool,Standard Liege,0-0,,1-0,,0,0,0,0,1.0,0.0,1,0,1,0,Liverpool,ENG,BEL
2008-08-27,2008,Q-3,2,Fenerbahce,Partizan Belgrade,2-1,,,,2,1,4,3,,,2,1,4,3,Fenerbahce,TUR,SRB
2008-09-16,2008,GroupB,groups,Werder Bremen,Anorthosis Famagusta,0-0,0-0,,,0,0,2,2,,,0,0,2,2,,GER,CYP
2008-09-16,2008,GroupA,groups,AS Roma,CFR Cluj,1-2,1-1,,,1,2,4,3,,,1,2,4,3,,ITA,ROU
2008-09-16,2008,GroupD,groups,PSV Eindhoven,Atletico Madrid,0-3,0-2,,,0,3,1,5,,,0,3,1,5,,NED,ESP
2008-09-16,2008,GroupC,groups,Barcelona,Sporting CP,3-1,1-0,,,3,1,8,3,,,3,1,8,3,,ESP,POR
2008-09-16,2008,GroupC,groups,Basel,Shakhtar Donetsk,1-2,0-2,,,1,2,1,7,,,1,2,1,7,,SUI,UKR
2008-09-16,2008,GroupA,groups,Chelsea,Girondins Bordeaux,4-0,2-0,,,4,0,5,1,,,4,0,5,1,,ENG,FRA
2008-09-16,2008,GroupB,groups,Panathinaikos,Internazionale,0-2,0-1,,,0,2,1,2,,,0,2,1,2,,GRE,ITA
2008-09-16,2008,GroupD,groups,Olympique Marseille,Liverpool,1-2,1-2,,,1,2,1,3,,,1,2,1,3,,FRA,ENG
2008-09-17,2008,GroupE,groups,Celtic,Aalborg BK,0-0,0-0,,,0,0,1,2,,,0,0,1,2,,SCO,DEN
2008-09-17,2008,GroupF,groups,Olympique Lyon,ACF Fiorentina,2-2,0-2,,,2,2,4,3,,,2,2,4,3,,FRA,ITA
2008-09-17,2008,GroupG,groups,Dinamo Kiev,Arsenal,1-1,0-0,,,1,1,1,2,,,1,1,1,2,,UKR,ENG
2008-09-17,2008,GroupH,groups,Real Madrid,BATE Borisov,2-0,1-0,,,2,0,3,0,,,2,0,3,0,,ESP,BLR
2008-09-17,2008,GroupF,groups,Steaua Bucuresti,Bayern Munich,0-1,0-1,,,0,1,0,4,,,0,1,0,4,,ROU,GER
2008-09-17,2008,GroupG,groups,FC Porto,Fenerbahce,3-1,2-1,,,3,1,5,2,,,3,1,5,2,,POR,TUR
2008-09-17,2008,GroupH,groups,Juventus,Zenit St. Petersburg,1-0,0-0,,,1,0,1,0,,,1,0,1,0,,ITA,RUS
2008-09-17,2008,GroupE,groups,Manchester United,Villarreal,0-0,0-0,,,0,0,0,0,,,0,0,0,0,,ENG,ESP
2008-09-30,2008,GroupE,groups,Aalborg BK,Manchester United,0-3,0-1,,,0,3,2,5,,,0,3,2,5,,DEN,ENG
2008-09-30,2008,GroupF,groups,ACF Fiorentina,Steaua Bucuresti,0-0,0-0,,,0,0,1,0,,,0,0,1,0,,ITA,ROU
2008-09-30,2008,GroupG,groups,Arsenal,FC Porto,4-0,2-0,,,4,0,4,2,,,4,0,4,2,,ENG,POR
2008-09-30,2008,GroupH,groups,BATE Borisov,Juventus,2-2,2-2,,,2,2,2,2,,,2,2,2,2,,BLR,ITA
2008-09-30,2008,GroupF,groups,Bayern Munich,Olympique Lyon,1-1,0-1,,,1,1,4,3,,,1,1,4,3,,GER,FRA
2008-09-30,2008,GroupE,groups,Villarreal,Celtic,1-0,0-0,,,1,0,1,2,,,1,0,1,2,,ESP,SCO
2008-09-30,2008,GroupG,groups,Fenerbahce,Dinamo Kiev,0-0,0-0,,,0,0,0,1,,,0,0,0,1,,TUR,UKR
2008-09-30,2008,GroupH,groups,Zenit St. Petersburg,Real Madrid,1-2,1-2,,,1,2,1,5,,,1,2,1,5,,RUS,ESP
2008-10-01,2008,GroupB,groups,Anorthosis Famagusta,Panathinaikos,3-1,2-1,,,3,1,3,2,,,3,1,3,2,,CYP,GRE
2008-10-01,2008,GroupA,groups,Girondins Bordeaux,AS Roma,1-3,1-0,,,1,3,1,5,,,1,3,1,5,,FRA,ITA
2008-10-01,2008,GroupD,groups,Atletico Madrid,Olympique Marseille,2-1,2-1,,,2,1,2,1,,,2,1,2,1,,ESP,FRA
2008-10-01,2008,GroupC,groups,Shakhtar Donetsk,Barcelona,1-2,1-0,,,1,2,4,4,,,1,2,4,4,,UKR,ESP
2008-10-01,2008,GroupC,groups,Sporting CP,Basel,2-0,0-0,,,2,0,3,0,,,2,0,3,0,,POR,SUI
2008-10-01,2008,GroupA,groups,CFR Cluj,Chelsea,0-0,0-0,,,0,0,1,2,,,0,0,1,2,,ROU,ENG
2008-10-01,2008,GroupB,groups,Internazionale,Werder Bremen,1-1,1-0,,,1,1,2,3,,,1,1,2,3,,ITA,GER
2008-10-01,2008,GroupD,groups,Liverpool,PSV Eindhoven,3-1,2-0,,,3,1,6,2,,,3,1,6,2,,ENG,NED
2008-10-21,2008,GroupE,groups,Villarreal,Aalborg BK,6-3,2-2,,,6,3,8,5,,,6,3,8,5,,ESP,DEN
2008-10-21,2008,GroupF,groups,Bayern Munich,ACF Fiorentina,3-0,2-0,,,3,0,4,1,,,3,0,4,1,,GER,ITA
2008-10-21,2008,GroupG,groups,Fenerbahce,Arsenal,2-5,1-3,,,2,5,2,5,,,2,5,2,5,,TUR,ENG
2008-10-21,2008,GroupH,groups,Zenit St. Petersburg,BATE Borisov,1-1,0-0,,,1,1,3,1,,,1,1,3,1,,RUS,BLR
2008-10-21,2008,GroupE,groups,Manchester United,Celtic,3-0,1-0,,,3,0,4,1,,,3,0,4,1,,ENG,SCO
2008-10-21,2008,GroupG,groups,FC Porto,Dinamo Kiev,0-1,0-1,,,0,1,2,2,,,0,1,2,2,,POR,UKR
2008-10-21,2008,GroupH,groups,Juventus,Real Madrid,2-1,1-0,,,2,1,4,1,,,2,1,4,1,,ITA,ESP
2008-10-21,2008,GroupF,groups,Steaua Bucuresti,Olympique Lyon,3-5,3-2,,,3,5,3,7,,,3,5,3,7,,ROU,FRA
2008-10-22,2008,GroupB,groups,Internazionale,Anorthosis Famagusta,1-0,1-0,,,1,0,4,3,,,1,0,4,3,,ITA,CYP
2008-10-22,2008,GroupA,groups,Chelsea,AS Roma,1-0,0-0,,,1,0,2,3,,,1,0,2,3,,ENG,ITA
2008-10-22,2008,GroupD,groups,Atletico Madrid,Liverpool,1-1,0-1,,,1,1,2,2,,,1,1,2,2,,ESP,ENG
2008-10-22,2008,GroupC,groups,Basel,Barcelona,0-5,0-3,,,0,5,1,6,,,0,5,1,6,,SUI,ESP
2008-10-22,2008,GroupA,groups,Girondins Bordeaux,CFR Cluj,1-0,0-0,,,1,0,3,1,,,1,0,3,1,,FRA,ROU
2008-10-22,2008,GroupD,groups,PSV Eindhoven,Olympique Marseille,2-0,0-0,,,2,0,2,3,,,2,0,2,3,,NED,FRA
2008-10-22,2008,GroupB,groups,Panathinaikos,Werder Bremen,2-2,1-1,,,2,2,5,2,,,2,2,5,2,,GRE,GER
2008-10-22,2008,GroupC,groups,Shakhtar Donetsk,Sporting CP,0-1,0-0,,,0,1,0,2,,,0,1,0,2,,UKR,POR
2008-11-04,2008,GroupB,groups,Anorthosis Famagusta,Internazionale,3-3,2-2,,,3,3,3,4,,,3,3,3,4,,CYP,ITA
2008-11-04,2008,GroupA,groups,AS Roma,Chelsea,3-1,1-0,,,3,1,3,2,,,3,1,3,2,,ITA,ENG
2008-11-04,2008,GroupD,groups,Liverpool,Atletico Madrid,1-1,0-1,,,1,1,2,2,,,1,1,2,2,,ENG,ESP
2008-11-04,2008,GroupC,groups,Barcelona,Basel,1-1,0-0,,,1,1,6,1,,,1,1,6,1,,ESP,SUI
2008-11-04,2008,GroupA,groups,CFR Cluj,Girondins Bordeaux,1-2,1-2,,,1,2,1,3,,,1,2,1,3,,ROU,FRA
2008-11-04,2008,GroupD,groups,Olympique Marseille,PSV Eindhoven,3-0,1-0,,,3,0,3,2,,,3,0,3,2,,FRA,NED
2008-11-04,2008,GroupB,groups,Werder Bremen,Panathinaikos,0-3,0-0,,,0,3,2,5,,,0,3,2,5,,GER,GRE
2008-11-04,2008,GroupC,groups,Sporting CP,Shakhtar Donetsk,1-0,0-0,,,1,0,2,0,,,1,0,2,0,,POR,UKR
2008-11-05,2008,GroupE,groups,Aalborg BK,Villarreal,2-2,0-1,,,2,2,5,8,,,2,2,5,8,,DEN,ESP
2008-11-05,2008,GroupF,groups,ACF Fiorentina,Bayern Munich,1-1,1-0,,,1,1,1,4,,,1,1,1,4,,ITA,GER
2008-11-05,2008,GroupG,groups,Arsenal,Fenerbahce,0-0,0-0,,,0,0,5,2,,,0,0,5,2,,ENG,TUR
2008-11-05,2008,GroupH,groups,BATE Borisov,Zenit St. Petersburg,0-2,0-1,,,0,2,1,3,,,0,2,1,3,,BLR,RUS
2008-11-05,2008,GroupE,groups,Celtic,Manchester United,1-1,1-0,,,1,1,1,4,,,1,1,1,4,,SCO,ENG
2008-11-05,2008,GroupG,groups,Dinamo Kiev,FC Porto,1-2,1-0,,,1,2,2,2,,,1,2,2,2,,UKR,POR
2008-11-05,2008,GroupH,groups,Real Madrid,Juventus,0-2,0-1,,,0,2,1,4,,,0,2,1,4,,ESP,ITA
2008-11-05,2008,GroupF,groups,Olympique Lyon,Steaua Bucuresti,2-0,1-0,,,2,0,7,3,,,2,0,7,3,,FRA,ROU
2008-11-25,2008,GroupE,groups,Aalborg BK,Celtic,2-1,0-0,,,2,1,2,1,,,2,1,2,1,,DEN,SCO
2008-11-25,2008,GroupF,groups,ACF Fiorentina,Olympique Lyon,1-2,1-2,,,1,2,3,4,,,1,2,3,4,,ITA,FRA
2008-11-25,2008,GroupG,groups,Arsenal,Dinamo Kiev,1-0,0-0,,,1,0,2,1,,,1,0,2,1,,ENG,UKR
2008-11-25,2008,GroupH,groups,BATE Borisov,Real Madrid,0-1,0-1,,,0,1,0,3,,,0,1,0,3,,BLR,ESP
2008-11-25,2008,GroupF,groups,Bayern Munich,Steaua Bucuresti,3-0,0-0,,,3,0,4,0,,,3,0,4,0,,GER,ROU
2008-11-25,2008,GroupG,groups,Fenerbahce,FC Porto,1-2,0-2,,,1,2,2,5,,,1,2,2,5,,TUR,POR
2008-11-25,2008,GroupH,groups,Zenit St. Petersburg,Juventus,0-0,0-0,,,0,0,0,1,,,0,0,0,1,,RUS,ITA
2008-11-25,2008,GroupE,groups,Villarreal,Manchester United,0-0,0-0,,,0,0,0,0,,,0,0,0,0,,ESP,ENG
2008-11-26,2008,GroupB,groups,Anorthosis Famagusta,Werder Bremen,2-2,0-0,,,2,2,2,2,,,2,2,2,2,,CYP,GER
2008-11-26,2008,GroupA,groups,CFR Cluj,AS Roma,1-3,1-2,,,1,3,3,4,,,1,3,3,4,,ROU,ITA
2008-11-26,2008,GroupD,groups,Atletico Madrid,PSV Eindhoven,2-1,2-0,,,2,1,5,1,,,2,1,5,1,,ESP,NED
2008-11-26,2008,GroupC,groups,Sporting CP,Barcelona,2-5,0-2,,,2,5,3,8,,,2,5,3,8,,POR,ESP
2008-11-26,2008,GroupC,groups,Shakhtar Donetsk,Basel,5-0,1-0,,,5,0,7,1,,,5,0,7,1,,UKR,SUI
2008-11-26,2008,GroupA,groups,Girondins Bordeaux,Chelsea,1-1,0-0,,,1,1,1,5,,,1,1,1,5,,FRA,ENG
2008-11-26,2008,GroupB,groups,Internazionale,Panathinaikos,0-1,0-0,,,0,1,2,1,,,0,1,2,1,,ITA,GRE
2008-11-26,2008,GroupD,groups,Liverpool,Olympique Marseille,1-0,1-0,,,1,0,3,1,,,1,0,3,1,,ENG,FRA
2008-12-09,2008,GroupB,groups,Panathinaikos,Anorthosis Famagusta,1-0,0-0,,,1,0,2,3,,,1,0,2,3,,GRE,CYP
2008-12-09,2008,GroupA,groups,AS Roma,Girondins Bordeaux,2-0,0-0,,,2,0,5,1,,,2,0,5,1,,ITA,FRA
2008-12-09,2008,GroupD,groups,Olympique Marseille,Atletico Madrid,0-0,0-0,,,0,0,1,2,,,0,0,1,2,,FRA,ESP
2008-12-09,2008,GroupC,groups,Barcelona,Shakhtar Donetsk,2-3,0-1,,,2,3,4,4,,,2,3,4,4,,ESP,UKR
2008-12-09,2008,GroupC,groups,Basel,Sporting CP,0-1,0-1,,,0,1,0,3,,,0,1,0,3,,SUI,POR
2008-12-09,2008,GroupA,groups,Chelsea,CFR Cluj,2-1,1-0,,,2,1,2,1,,,2,1,2,1,,ENG,ROU
2008-12-09,2008,GroupB,groups,Werder Bremen,Internazionale,2-1,0-0,,,2,1,3,2,,,2,1,3,2,,GER,ITA
2008-12-09,2008,GroupD,groups,PSV Eindhoven,Liverpool,1-3,1-1,,,1,3,2,6,,,1,3,2,6,,NED,ENG
2008-12-10,2008,GroupE,groups,Manchester United,Aalborg BK,2-2,1-2,,,2,2,5,2,,,2,2,5,2,,ENG,DEN
2008-12-10,2008,GroupF,groups,Steaua Bucuresti,ACF Fiorentina,0-1,0-0,,,0,1,0,1,,,0,1,0,1,,ROU,ITA
2008-12-10,2008,GroupG,groups,FC Porto,Arsenal,2-0,1-0,,,2,0,2,4,,,2,0,2,4,,POR,ENG
2008-12-10,2008,GroupH,groups,Juventus,BATE Borisov,0-0,0-0,,,0,0,2,2,,,0,0,2,2,,ITA,BLR
2008-12-10,2008,GroupF,groups,Olympique Lyon,Bayern Munich,2-3,0-3,,,2,3,3,4,,,2,3,3,4,,FRA,GER
2008-12-10,2008,GroupE,groups,Celtic,Villarreal,2-0,2-0,,,2,0,2,1,,,2,0,2,1,,SCO,ESP
2008-12-10,2008,GroupG,groups,Dinamo Kiev,Fenerbahce,1-0,1-0,,,1,0,1,0,,,1,0,1,0,,UKR,TUR
2008-12-10,2008,GroupH,groups,Real Madrid,Zenit St. Petersburg,3-0,1-0,,,3,0,5,1,,,3,0,5,1,,ESP,RUS
2009-02-24,2008,R16,1,Arsenal,AS Roma,1-0,1-0,,,1,0,1,1,,,1,0,1,1,Arsenal,ENG,ITA
2009-02-24,2008,R16,1,Atletico Madrid,FC Porto,2-2,2-1,,,2,2,2,2,,,2,2,2,2,FC Porto,ESP,POR
2009-02-24,2008,R16,1,Olympique Lyon,Barcelona,1-1,1-0,,,1,1,3,6,,,1,1,3,6,Barcelona,FRA,ESP
2009-02-24,2008,R16,1,Internazionale,Manchester United,0-0,0-0,,,0,0,0,2,,,0,0,0,2,Manchester United,ITA,ENG
2009-02-25,2008,R16,1,Sporting CP,Bayern Munich,0-5,0-1,,,0,5,1,12,,,0,5,1,12,Bayern Munich,POR,GER
2009-02-25,2008,R16,1,Chelsea,Juventus,1-0,1-0,,,1,0,3,2,,,1,0,3,2,Chelsea,ENG,ITA
2009-02-25,2008,R16,1,Real Madrid,Liverpool,0-1,0-0,,,0,1,0,5,,,0,1,0,5,Liverpool,ESP,ENG
2009-02-25,2008,R16,1,Villarreal,Panathinaikos,1-1,0-0,,,1,1,3,2,,,1,1,3,2,Villarreal,ESP,GRE
2009-03-10,2008,R16,2,Bayern Munich,Sporting CP,7-1,4-1,,,7,1,12,1,,,7,1,12,1,Bayern Munich,GER,POR
2009-03-10,2008,R16,2,Juventus,Chelsea,2-2,1-1,,,2,2,2,3,,,2,2,2,3,Chelsea,ITA,ENG
2009-03-10,2008,R16,2,Liverpool,Real Madrid,4-0,2-0,,,4,0,5,0,,,4,0,5,0,Liverpool,ENG,ESP
2009-03-10,2008,R16,2,Panathinaikos,Villarreal,1-2,0-0,,,1,2,2,3,,,1,2,2,3,Villarreal,GRE,ESP
2009-03-11,2008,R16,2,AS Roma,Arsenal,1-0,1-0,1-0,6-7 ,1,0,1,1,1.0,0.0,1,0,1,1,Arsenal,ITA,ENG
2009-03-11,2008,R16,2,FC Porto,Atletico Madrid,0-0,0-0,,away goals,0,0,2,2,,,0,0,2,2,FC Porto,POR,ESP
2009-03-11,2008,R16,2,Barcelona,Olympique Lyon,5-2,4-1,,,5,2,6,3,,,5,2,6,3,Barcelona,ESP,FRA
2009-03-11,2008,R16,2,Manchester United,Internazionale,2-0,1-0,,,2,0,2,0,,,2,0,2,0,Manchester United,ENG,ITA
2009-04-07,2008,QF,1,Villarreal,Arsenal,1-1,1-0,,,1,1,1,4,,,1,1,1,4,Arsenal,ESP,ENG
2009-04-07,2008,QF,1,Manchester United,FC Porto,2-2,1-1,,,2,2,3,2,,,2,2,3,2,Manchester United,ENG,POR
2009-04-08,2008,QF,1,Barcelona,Bayern Munich,4-0,4-0,,,4,0,5,1,,,4,0,5,1,Barcelona,ESP,GER
2009-04-08,2008,QF,1,Liverpool,Chelsea,1-3,1-1,,,1,3,5,7,,,1,3,5,7,Chelsea,ENG,ENG
2009-04-14,2008,QF,2,Bayern Munich,Barcelona,1-1,0-0,,,1,1,1,5,,,1,1,1,5,Barcelona,GER,ESP
2009-04-14,2008,QF,2,Chelsea,Liverpool,4-4,0-2,,,4,4,7,5,,,4,4,7,5,Chelsea,ENG,ENG
2009-04-15,2008,QF,2,Arsenal,Villarreal,3-0,1-0,,,3,0,4,1,,,3,0,4,1,Arsenal,ENG,ESP
2009-04-15,2008,QF,2,FC Porto,Manchester United,0-1,0-1,,,0,1,2,3,,,0,1,2,3,Manchester United,POR,ENG
2009-04-20,2009,SF,1,Internazionale,Barcelona,3-1,,,,3,1,3,2,,,3,1,3,2,Internazionale,ITA,ESP
2009-04-28,2008,SF,1,Barcelona,Chelsea,0-0,,,,0,0,1,1,,,0,0,1,1,Barcelona,ESP,ENG
2009-04-29,2008,SF,1,Manchester United,Arsenal,1-0,,,,1,0,4,1,,,1,0,4,1,Manchester United,ENG,ENG
2009-05-05,2008,SF,2,Arsenal,Manchester United,1-3,,,,1,3,1,4,,,1,3,1,4,Manchester United,ENG,ENG
2009-05-06,2008,SF,2,Chelsea,Barcelona,1-1,,,away goals,1,1,1,1,,,1,1,1,1,Barcelona,ENG,ESP
2009-05-27,2008,final,,Barcelona,Manchester United,2-0,1-0,,,2,0,2,0,,,2,0,2,0,Barcelona,ESP,ENG
2009-06-30,2009,Q-1,1,Hibernians,FK Mogren,0-2,,,,0,2,0,6,,,0,2,0,6,FK Mogren,MLT,MNE
2009-07-01,2009,Q-1,1,Tre Fiori,UE Sant Julia,1-1,,,,1,1,2,2,,,1,1,2,2,UE Sant Julia,SMR,AND
2009-07-07,2009,Q-1,2,UE Sant Julia,Tre Fiori,1-1,,1-1,5-4,1,1,2,2,1.0,1.0,1,1,2,2,UE Sant Julia,AND,SMR
2009-07-08,2009,Q-1,2,FK Mogren,Hibernians,4-0,,,,4,0,6,0,,,4,0,6,0,FK Mogren,MNE,MLT
2009-07-14,2009,Q-2,1,EB / Streymur,APOEL Nikosia,0-2,,,,0,2,0,5,,,0,2,0,5,APOEL Nikosia,FRO,CYP
2009-07-14,2009,Q-2,1,FK Ekranas,Baku,2-2,,,,2,2,4,6,,,2,2,4,6,Baku,LTU,AZE
2009-07-14,2009,Q-2,1,Makedonija,BATE Borisov,0-2,,,,0,2,0,4,,,0,2,0,4,BATE Borisov,MKD,BLR
2009-07-14,2009,Q-2,1,Pyunik,Dinamo Zagreb,0-0,,,,0,0,0,3,,,0,0,0,3,Dinamo Zagreb,ARM,CRO
2009-07-14,2009,Q-2,1,Rhyl,Partizan Belgrade,0-4,,,,0,4,0,12,,,0,4,0,12,Partizan Belgrade,WAL,SRB
2009-07-15,2009,Q-2,1,Debreceni VSC,Kalmar FF,2-0,,,,2,0,3,3,,,2,0,3,3,Debreceni VSC,HUN,SWE
2009-07-15,2009,Q-2,1,FH,Aktobe,0-4,,,,0,4,0,6,,,0,4,0,6,Aktobe,ISL,KAZ
2009-07-15,2009,Q-2,1,Salzburg,Bohemians,1-1,,,,1,1,2,1,,,1,1,2,1,Salzburg,AUT,IRL
2009-07-15,2009,Q-2,1,Ventspils,F91 Dudelange,3-0,,,,3,0,6,1,,,3,0,6,1,Ventspils,LVA,LUX
2009-07-15,2009,Q-2,1,Kobenhavn,FK Mogren,6-0,,,,6,0,12,0,,,6,0,12,0,Kobenhavn,DEN,MNE
2009-07-15,2009,Q-2,1,Maccabi Haifa,Glentoran,6-0,,,,6,0,10,0,,,6,0,10,0,Maccabi Haifa,ISR,NIR
2009-07-15,2009,Q-2,1,HSK Zrinjski Mostar,SK Slovan Bratislava,1-0,,,,1,0,1,4,,,1,0,1,4,SK Slovan Bratislava,BIH,SVK
2009-07-15,2009,Q-2,1,Inter Turku,Sheriff Tiraspol,0-1,,,,0,1,0,2,,,0,1,0,2,Sheriff Tiraspol,FIN,MDA
2009-07-15,2009,Q-2,1,KF Tirana,Stabaek,1-1,,,,1,1,1,5,,,1,1,1,5,Stabaek,ALB,NOR
2009-07-15,2009,Q-2,1,Wisla Krakow,Levadia,1-1,,,,1,1,1,2,,,1,1,1,2,Levadia,POL,EST
2009-07-15,2009,Q-2,1,Levski Sofia,UE Sant Julia,4-0,,,,4,0,9,0,,,4,0,9,0,Levski Sofia,BUL,AND
2009-07-15,2009,Q-2,1,WIT Georgia,NK Maribor,0-0,,,,0,0,1,3,,,0,0,1,3,NK Maribor,GEO,SVN
2009-07-21,2009,Q-2,2,APOEL Nikosia,EB / Streymur,3-0,,,,3,0,5,0,,,3,0,5,0,APOEL Nikosia,CYP,FRO
2009-07-21,2009,Q-2,2,Baku,FK Ekranas,4-2,,,,4,2,6,4,,,4,2,6,4,Baku,AZE,LTU
2009-07-21,2009,Q-2,2,BATE Borisov,Makedonija,2-0,,,,2,0,4,0,,,2,0,4,0,BATE Borisov,BLR,MKD
2009-07-21,2009,Q-2,2,Dinamo Zagreb,Pyunik,3-0,,,,3,0,3,0,,,3,0,3,0,Dinamo Zagreb,CRO,ARM
2009-07-21,2009,Q-2,2,SK Slovan Bratislava,HSK Zrinjski Mostar,4-0,,,,4,0,4,1,,,4,0,4,1,SK Slovan Bratislava,SVK,BIH
2009-07-21,2009,Q-2,2,Sheriff Tiraspol,Inter Turku,1-0,,,,1,0,2,0,,,1,0,2,0,Sheriff Tiraspol,MDA,FIN
2009-07-21,2009,Q-2,2,Stabaek,KF Tirana,4-0,,,,4,0,5,1,,,4,0,5,1,Stabaek,NOR,ALB
2009-07-21,2009,Q-2,2,UE Sant Julia,Levski Sofia,0-5,,,,0,5,0,9,,,0,5,0,9,Levski Sofia,AND,BUL
2009-07-21,2009,Q-2,2,Partizan Belgrade,Rhyl,8-0,,,,8,0,12,0,,,8,0,12,0,Partizan Belgrade,SRB,WAL
2009-07-22,2009,Q-2,2,Kalmar FF,Debreceni VSC,3-1,,,away goals,3,1,3,3,,,3,1,3,3,Debreceni VSC,SWE,HUN
2009-07-22,2009,Q-2,2,Aktobe,FH,2-0,,,,2,0,6,0,,,2,0,6,0,Aktobe,KAZ,ISL
2009-07-22,2009,Q-2,2,Bohemians,Salzburg,0-1,,,,0,1,1,2,,,0,1,1,2,Salzburg,IRL,AUT
2009-07-22,2009,Q-2,2,F91 Dudelange,Ventspils,1-3,,,,1,3,1,6,,,1,3,1,6,Ventspils,LUX,LVA
2009-07-22,2009,Q-2,2,FK Mogren,Kobenhavn,0-6,,,,0,6,0,12,,,0,6,0,12,Kobenhavn,MNE,DEN
2009-07-22,2009,Q-2,2,Glentoran,Maccabi Haifa,0-4,,,,0,4,0,10,,,0,4,0,10,Maccabi Haifa,NIR,ISR
2009-07-22,2009,Q-2,2,Levadia,Wisla Krakow,1-0,,,,1,0,2,1,,,1,0,2,1,Levadia,EST,POL
2009-07-22,2009,Q-2,2,NK Maribor,WIT Georgia,3-1,,,,3,1,3,1,,,3,1,3,1,NK Maribor,SVN,GEO
2009-07-28,2009,Q-3,1,Aktobe,Maccabi Haifa,0-0,,,,0,0,3,4,,,0,0,3,4,Maccabi Haifa,KAZ,ISR
2009-07-28,2009,Q-3,1,Baku,Levski Sofia,0-0,,,,0,0,0,2,,,0,0,0,2,Levski Sofia,AZE,BUL
2009-07-28,2009,Q-3,1,Sparta Praha,Panathinaikos,3-1,,,,3,1,3,4,,,3,1,3,4,Panathinaikos,CZE,GRE
2009-07-28,2009,Q-3,1,RSC Anderlecht,Sivasspor,5-0,,,,5,0,6,3,,,5,0,6,3,RSC Anderlecht,BEL,TUR
2009-07-29,2009,Q-3,1,Ventspils,BATE Borisov,1-0,,,,1,0,2,2,,,1,0,2,2,Ventspils,LVA,BLR
2009-07-29,2009,Q-3,1,Shakhtar Donetsk,FC Politehnica Timisoara,2-2,,,,2,2,2,2,,,2,2,2,2,FC Politehnica Timisoara,UKR,ROU
2009-07-29,2009,Q-3,1,Sheriff Tiraspol,Slavia Praha,0-0,,,,0,0,1,1,,,0,0,1,1,Sheriff Tiraspol,MDA,CZE
2009-07-29,2009,Q-3,1,Sporting CP,Twente,0-0,,,,0,0,1,1,,,0,0,1,1,Sporting CP,POR,NED
2009-07-29,2009,Q-3,1,Celtic,Dinamo Moskva,0-1,,,,0,1,2,1,,,0,1,2,1,Celtic,SCO,RUS
2009-07-29,2009,Q-3,1,Levadia,Debreceni VSC,0-1,,,,0,1,0,2,,,0,1,0,2,Debreceni VSC,EST,HUN
2009-07-29,2009,Q-3,1,Salzburg,Dinamo Zagreb,1-1,,,,1,1,3,2,,,1,1,3,2,Salzburg,AUT,CRO
2009-07-29,2009,Q-3,1,FC Zurich,NK Maribor,2-3,,,,2,3,5,3,,,2,3,5,3,FC Zurich,SUI,SVN
2009-07-29,2009,Q-3,1,Kobenhavn,Stabaek,3-1,,,,3,1,3,1,,,3,1,3,1,Kobenhavn,DEN,NOR
2009-07-29,2009,Q-3,1,SK Slovan Bratislava,Olympiacos,0-2,,,,0,2,0,4,,,0,2,0,4,Olympiacos,SVK,GRE
2009-07-29,2009,Q-3,1,APOEL Nikosia,Partizan Belgrade,2-0,,,,2,0,2,1,,,2,0,2,1,APOEL Nikosia,CYP,SRB
2009-08-04,2009,Q-3,2,Twente,Sporting CP,1-1,,,away goals,1,1,1,1,,,1,1,1,1,Sporting CP,NED,POR
2009-08-04,2009,Q-3,2,Maccabi Haifa,Aktobe,4-3,,,,4,3,4,3,,,4,3,4,3,Maccabi Haifa,ISR,KAZ
2009-08-04,2009,Q-3,2,Dinamo Zagreb,Salzburg,1-2,,,,1,2,2,3,,,1,2,2,3,Salzburg,CRO,AUT
2009-08-04,2009,Q-3,2,Panathinaikos,Sparta Praha,3-0,,,,3,0,4,3,,,3,0,4,3,Panathinaikos,GRE,CZE
2009-08-04,2009,Q-3,2,Sivasspor,RSC Anderlecht,3-1,,,,3,1,3,6,,,3,1,3,6,RSC Anderlecht,TUR,BEL
2009-08-05,2009,Q-3,2,BATE Borisov,Ventspils,2-1,,,away goals,2,1,2,2,,,2,1,2,2,Ventspils,BLR,LVA
2009-08-05,2009,Q-3,2,FC Politehnica Timisoara,Shakhtar Donetsk,0-0,,,away goals,0,0,2,2,,,0,0,2,2,FC Politehnica Timisoara,ROU,UKR
2009-08-05,2009,Q-3,2,Slavia Praha,Sheriff Tiraspol,1-1,,,away goals,1,1,1,1,,,1,1,1,1,Sheriff Tiraspol,CZE,MDA
2009-08-05,2009,Q-3,2,Levski Sofia,Baku,2-0,,,,2,0,2,0,,,2,0,2,0,Levski Sofia,BUL,AZE
2009-08-05,2009,Q-3,2,Dinamo Moskva,Celtic,0-2,,,,0,2,1,2,,,0,2,1,2,Celtic,RUS,SCO
2009-08-05,2009,Q-3,2,Debreceni VSC,Levadia,1-0,,,,1,0,2,0,,,1,0,2,0,Debreceni VSC,HUN,EST
2009-08-05,2009,Q-3,2,NK Maribor,FC Zurich,0-3,,,,0,3,3,5,,,0,3,3,5,FC Zurich,SVN,SUI
2009-08-05,2009,Q-3,2,Stabaek,Kobenhavn,0-0,,,,0,0,1,3,,,0,0,1,3,Kobenhavn,NOR,DEN
2009-08-05,2009,Q-3,2,Olympiacos,SK Slovan Bratislava,2-0,,,,2,0,4,0,,,2,0,4,0,Olympiacos,GRE,SVK
2009-08-05,2009,Q-3,2,Partizan Belgrade,APOEL Nikosia,1-0,,,,1,0,1,2,,,1,0,1,2,APOEL Nikosia,SRB,CYP
2009-08-18,2009,Q-PO,1,Sporting CP,ACF Fiorentina,2-2,,,,2,2,3,3,,,2,2,3,3,ACF Fiorentina,POR,ITA
2009-08-18,2009,Q-PO,1,Kobenhavn,APOEL Nikosia,1-0,,,,1,0,2,3,,,1,0,2,3,APOEL Nikosia,DEN,CYP
2009-08-18,2009,Q-PO,1,Celtic,Arsenal,0-2,,,,0,2,1,5,,,0,2,1,5,Arsenal,SCO,ENG
2009-08-18,2009,Q-PO,1,FC Politehnica Timisoara,VfB Stuttgart,0-2,,,,0,2,0,2,,,0,2,0,2,VfB Stuttgart,ROU,GER
2009-08-18,2009,Q-PO,1,Sheriff Tiraspol,Olympiacos,0-2,,,,0,2,0,3,,,0,2,0,3,Olympiacos,MDA,GRE
2009-08-19,2009,Q-PO,1,Panathinaikos,Atletico Madrid,2-3,,,,2,3,2,5,,,2,3,2,5,Atletico Madrid,GRE,ESP
2009-08-19,2009,Q-PO,1,Levski Sofia,Debreceni VSC,1-2,,,,1,2,1,4,,,1,2,1,4,Debreceni VSC,BUL,HUN
2009-08-19,2009,Q-PO,1,Ventspils,FC Zurich,0-3,,,,0,3,1,5,,,0,3,1,5,FC Zurich,LVA,SUI
2009-08-19,2009,Q-PO,1,Salzburg,Maccabi Haifa,1-2,,,,1,2,1,5,,,1,2,1,5,Maccabi Haifa,AUT,ISR
2009-08-19,2009,Q-PO,1,Olympique Lyon,RSC Anderlecht,5-1,,,,5,1,8,2,,,5,1,8,2,Olympique Lyon,FRA,BEL
2009-08-25,2009,Q-PO,2,Atletico Madrid,Panathinaikos,2-0,,,,2,0,5,2,,,2,0,5,2,Atletico Madrid,ESP,GRE
2009-08-25,2009,Q-PO,2,Debreceni VSC,Levski Sofia,2-0,,,,2,0,4,1,,,2,0,4,1,Debreceni VSC,HUN,BUL
2009-08-25,2009,Q-PO,2,FC Zurich,Ventspils,2-1,,,,2,1,5,1,,,2,1,5,1,FC Zurich,SUI,LVA
2009-08-25,2009,Q-PO,2,Maccabi Haifa,Salzburg,3-0,,,,3,0,5,1,,,3,0,5,1,Maccabi Haifa,ISR,AUT
2009-08-25,2009,Q-PO,2,RSC Anderlecht,Olympique Lyon,1-3,,,,1,3,2,8,,,1,3,2,8,Olympique Lyon,BEL,FRA
2009-08-26,2009,Q-PO,2,ACF Fiorentina,Sporting CP,1-1,,,away goals,1,1,3,3,,,1,1,3,3,ACF Fiorentina,ITA,POR
2009-08-26,2009,Q-PO,2,APOEL Nikosia,Kobenhavn,3-1,,,,3,1,3,2,,,3,1,3,2,APOEL Nikosia,CYP,DEN
2009-08-26,2009,Q-PO,2,Arsenal,Celtic,3-1,,,,3,1,5,1,,,3,1,5,1,Arsenal,ENG,SCO
2009-08-26,2009,Q-PO,2,VfB Stuttgart,FC Politehnica Timisoara,0-0,,,,0,0,2,0,,,0,0,2,0,VfB Stuttgart,GER,ROU
2009-08-26,2009,Q-PO,2,Olympiacos,Sheriff Tiraspol,1-0,,,,1,0,3,0,,,1,0,3,0,Olympiacos,GRE,MDA
2009-09-15,2009,GroupC,groups,Olympique Marseille,AC Milan,1-2,0-1,,,1,2,2,3,,,1,2,2,3,,FRA,ITA
2009-09-15,2009,GroupD,groups,Atletico Madrid,APOEL Nikosia,0-0,0-0,,,0,0,1,1,,,0,0,1,1,,ESP,CYP
2009-09-15,2009,GroupA,groups,Maccabi Haifa,Bayern Munich,0-3,0-0,,,0,3,0,4,,,0,3,0,4,,ISR,GER
2009-09-15,2009,GroupB,groups,Besiktas,Manchester United,0-1,0-0,,,0,1,1,1,,,0,1,1,1,,TUR,ENG
2009-09-15,2009,GroupD,groups,Chelsea,FC Porto,1-0,0-0,,,1,0,2,0,,,1,0,2,0,,ENG,POR
2009-09-15,2009,GroupB,groups,VfL Wolfsburg,CSKA Moskva,3-1,2-0,,,3,1,4,3,,,3,1,4,3,,GER,RUS
2009-09-15,2009,GroupC,groups,FC Zurich,Real Madrid,2-5,0-3,,,2,5,2,6,,,2,5,2,6,,SUI,ESP
2009-09-15,2009,GroupA,groups,Juventus,Girondins Bordeaux,1-1,0-0,,,1,1,1,3,,,1,1,1,3,,ITA,FRA
2009-09-16,2009,GroupF,groups,Internazionale,Barcelona,0-0,0-0,,,0,0,0,2,,,0,0,0,2,,ITA,ESP
2009-09-16,2009,GroupE,groups,Olympique Lyon,ACF Fiorentina,1-0,0-0,,,1,0,1,1,,,1,0,1,1,,FRA,ITA
2009-09-16,2009,GroupH,groups,Standard Liege,Arsenal,2-3,2-1,,,2,3,2,5,,,2,3,2,5,,BEL,ENG
2009-09-16,2009,GroupH,groups,Olympiacos,AZ Alkmaar,1-0,0-0,,,1,0,1,0,,,1,0,1,0,,GRE,NED
2009-09-16,2009,GroupE,groups,Liverpool,Debreceni VSC,1-0,1-0,,,1,0,2,0,,,1,0,2,0,,ENG,HUN
2009-09-16,2009,GroupF,groups,Dinamo Kiev,Rubin Kazan,3-1,0-1,,,3,1,3,1,,,3,1,3,1,,UKR,RUS
2009-09-16,2009,GroupG,groups,VfB Stuttgart,Rangers,1-1,1-0,,,1,1,3,1,,,1,1,3,1,,GER,SCO
2009-09-16,2009,GroupG,groups,Sevilla,Unirea Urziceni,2-0,1-0,,,2,0,2,1,,,2,0,2,1,,ESP,ROU
2009-09-29,2009,GroupE,groups,ACF Fiorentina,Liverpool,2-0,2-0,,,2,0,4,1,,,2,0,4,1,,ITA,ENG
2009-09-29,2009,GroupH,groups,Arsenal,Olympiacos,2-0,0-0,,,2,0,2,1,,,2,0,2,1,,ENG,GRE
2009-09-29,2009,GroupH,groups,AZ Alkmaar,Standard Liege,1-1,0-0,,,1,1,2,2,,,1,1,2,2,,NED,BEL
2009-09-29,2009,GroupF,groups,Barcelona,Dinamo Kiev,2-0,1-0,,,2,0,4,1,,,2,0,4,1,,ESP,UKR
2009-09-29,2009,GroupE,groups,Debreceni VSC,Olympique Lyon,0-4,0-3,,,0,4,0,8,,,0,4,0,8,,HUN,FRA
2009-09-29,2009,GroupF,groups,Rubin Kazan,Internazionale,1-1,1-1,,,1,1,1,3,,,1,1,1,3,,RUS,ITA
2009-09-29,2009,GroupG,groups,Rangers,Sevilla,1-4,0-0,,,1,4,1,5,,,1,4,1,5,,SCO,ESP
2009-09-29,2009,GroupG,groups,Unirea Urziceni,VfB Stuttgart,1-1,0-1,,,1,1,2,4,,,1,1,2,4,,ROU,GER
2009-09-30,2009,GroupC,groups,AC Milan,FC Zurich,0-1,0-1,,,0,1,1,2,,,0,1,1,2,,ITA,SUI
2009-09-30,2009,GroupD,groups,APOEL Nikosia,Chelsea,0-1,0-1,,,0,1,2,3,,,0,1,2,3,,CYP,ENG
2009-09-30,2009,GroupD,groups,FC Porto,Atletico Madrid,2-0,0-0,,,2,0,5,0,,,2,0,5,0,,POR,ESP
2009-09-30,2009,GroupA,groups,Bayern Munich,Juventus,0-0,0-0,,,0,0,4,1,,,0,0,4,1,,GER,ITA
2009-09-30,2009,GroupB,groups,CSKA Moskva,Besiktas,2-1,1-0,,,2,1,4,2,,,2,1,4,2,,RUS,TUR
2009-09-30,2009,GroupA,groups,Girondins Bordeaux,Maccabi Haifa,1-0,0-0,,,1,0,2,0,,,1,0,2,0,,FRA,ISR
2009-09-30,2009,GroupB,groups,Manchester United,VfL Wolfsburg,2-1,0-0,,,2,1,5,2,,,2,1,5,2,,ENG,GER
2009-09-30,2009,GroupC,groups,Real Madrid,Olympique Marseille,3-0,0-0,,,3,0,6,1,,,3,0,6,1,,ESP,FRA
2009-10-20,2009,GroupE,groups,Debreceni VSC,ACF Fiorentina,3-4,2-4,,,3,4,5,9,,,3,4,5,9,,HUN,ITA
2009-10-20,2009,GroupH,groups,AZ Alkmaar,Arsenal,1-1,0-1,,,1,1,2,5,,,1,1,2,5,,NED,ENG
2009-10-20,2009,GroupF,groups,Barcelona,Rubin Kazan,1-2,0-1,,,1,2,1,2,,,1,2,1,2,,ESP,RUS
2009-10-20,2009,GroupF,groups,Internazionale,Dinamo Kiev,2-2,1-2,,,2,2,4,3,,,2,2,4,3,,ITA,UKR
2009-10-20,2009,GroupE,groups,Liverpool,Olympique Lyon,1-2,1-0,,,1,2,2,3,,,1,2,2,3,,ENG,FRA
2009-10-20,2009,GroupH,groups,Olympiacos,Standard Liege,2-1,1-1,,,2,1,2,3,,,2,1,2,3,,GRE,BEL
2009-10-20,2009,GroupG,groups,Rangers,Unirea Urziceni,1-4,1-1,,,1,4,2,5,,,1,4,2,5,,SCO,ROU
2009-10-20,2009,GroupG,groups,VfB Stuttgart,Sevilla,1-3,0-1,,,1,3,2,4,,,1,3,2,4,,GER,ESP
2009-10-21,2009,GroupC,groups,Real Madrid,AC Milan,2-3,1-0,,,2,3,3,4,,,2,3,3,4,,ESP,ITA
2009-10-21,2009,GroupD,groups,FC Porto,APOEL Nikosia,2-1,1-1,,,2,1,3,1,,,2,1,3,1,,POR,CYP
2009-10-21,2009,GroupD,groups,Chelsea,Atletico Madrid,4-0,1-0,,,4,0,6,2,,,4,0,6,2,,ENG,ESP
2009-10-21,2009,GroupA,groups,Girondins Bordeaux,Bayern Munich,2-1,2-1,,,2,1,4,1,,,2,1,4,1,,FRA,GER
2009-10-21,2009,GroupB,groups,VfL Wolfsburg,Besiktas,0-0,0-0,,,0,0,3,0,,,0,0,3,0,,GER,TUR
2009-10-21,2009,GroupB,groups,CSKA Moskva,Manchester United,0-1,0-0,,,0,1,3,4,,,0,1,3,4,,RUS,ENG
2009-10-21,2009,GroupC,groups,FC Zurich,Olympique Marseille,0-1,0-0,,,0,1,1,7,,,0,1,1,7,,SUI,FRA
2009-10-21,2009,GroupA,groups,Juventus,Maccabi Haifa,1-0,0-0,,,1,0,2,0,,,1,0,2,0,,ITA,ISR
2009-11-03,2009,GroupC,groups,AC Milan,Real Madrid,1-1,1-1,,,1,1,4,3,,,1,1,4,3,,ITA,ESP
2009-11-03,2009,GroupD,groups,APOEL Nikosia,FC Porto,0-1,0-0,,,0,1,1,3,,,0,1,1,3,,CYP,POR
2009-11-03,2009,GroupD,groups,Atletico Madrid,Chelsea,2-2,0-0,,,2,2,2,6,,,2,2,2,6,,ESP,ENG
2009-11-03,2009,GroupA,groups,Bayern Munich,Girondins Bordeaux,0-2,0-1,,,0,2,1,4,,,0,2,1,4,,GER,FRA
2009-11-03,2009,GroupB,groups,Besiktas,VfL Wolfsburg,0-3,0-1,,,0,3,0,3,,,0,3,0,3,,TUR,GER
2009-11-03,2009,GroupB,groups,Manchester United,CSKA Moskva,3-3,1-2,,,3,3,4,3,,,3,3,4,3,,ENG,RUS
2009-11-03,2009,GroupC,groups,Olympique Marseille,FC Zurich,6-1,2-1,,,6,1,7,1,,,6,1,7,1,,FRA,SUI
2009-11-03,2009,GroupA,groups,Maccabi Haifa,Juventus,0-1,0-1,,,0,1,0,2,,,0,1,0,2,,ISR,ITA
2009-11-04,2009,GroupE,groups,ACF Fiorentina,Debreceni VSC,5-2,1-1,,,5,2,9,5,,,5,2,9,5,,ITA,HUN
2009-11-04,2009,GroupH,groups,Arsenal,AZ Alkmaar,4-1,2-0,,,4,1,5,2,,,4,1,5,2,,ENG,NED
2009-11-04,2009,GroupF,groups,Rubin Kazan,Barcelona,0-0,0-0,,,0,0,2,1,,,0,0,2,1,,RUS,ESP
2009-11-04,2009,GroupF,groups,Dinamo Kiev,Internazionale,1-2,1-0,,,1,2,3,4,,,1,2,3,4,,UKR,ITA
2009-11-04,2009,GroupE,groups,Olympique Lyon,Liverpool,1-1,0-0,,,1,1,3,2,,,1,1,3,2,,FRA,ENG
2009-11-04,2009,GroupH,groups,Standard Liege,Olympiacos,2-0,1-0,,,2,0,3,2,,,2,0,3,2,,BEL,GRE
2009-11-04,2009,GroupG,groups,Unirea Urziceni,Rangers,1-1,0-0,,,1,1,5,2,,,1,1,5,2,,ROU,SCO
2009-11-04,2009,GroupG,groups,Sevilla,VfB Stuttgart,1-1,1-0,,,1,1,4,2,,,1,1,4,2,,ESP,GER
2009-11-24,2009,GroupF,groups,Barcelona,Internazionale,2-0,2-0,,,2,0,2,0,,,2,0,2,0,,ESP,ITA
2009-11-24,2009,GroupE,groups,ACF Fiorentina,Olympique Lyon,1-0,1-0,,,1,0,1,1,,,1,0,1,1,,ITA,FRA
2009-11-24,2009,GroupH,groups,Arsenal,Standard Liege,2-0,2-0,,,2,0,5,2,,,2,0,5,2,,ENG,BEL
2009-11-24,2009,GroupH,groups,AZ Alkmaar,Olympiacos,0-0,0-0,,,0,0,0,1,,,0,0,0,1,,NED,GRE
2009-11-24,2009,GroupE,groups,Debreceni VSC,Liverpool,0-1,0-1,,,0,1,0,2,,,0,1,0,2,,HUN,ENG
2009-11-24,2009,GroupF,groups,Rubin Kazan,Dinamo Kiev,0-0,0-0,,,0,0,1,3,,,0,0,1,3,,RUS,UKR
2009-11-24,2009,GroupG,groups,Rangers,VfB Stuttgart,0-2,0-1,,,0,2,1,3,,,0,2,1,3,,SCO,GER
2009-11-24,2009,GroupG,groups,Unirea Urziceni,Sevilla,1-0,1-0,,,1,0,1,2,,,1,0,1,2,,ROU,ESP
2009-11-25,2009,GroupC,groups,AC Milan,Olympique Marseille,1-1,1-1,,,1,1,3,2,,,1,1,3,2,,ITA,FRA
2009-11-25,2009,GroupD,groups,APOEL Nikosia,Atletico Madrid,1-1,1-0,,,1,1,1,1,,,1,1,1,1,,CYP,ESP
2009-11-25,2009,GroupA,groups,Bayern Munich,Maccabi Haifa,1-0,0-0,,,1,0,4,0,,,1,0,4,0,,GER,ISR
2009-11-25,2009,GroupB,groups,Manchester United,Besiktas,0-1,0-1,,,0,1,1,1,,,0,1,1,1,,ENG,TUR
2009-11-25,2009,GroupD,groups,FC Porto,Chelsea,0-1,0-0,,,0,1,0,2,,,0,1,0,2,,POR,ENG
2009-11-25,2009,GroupB,groups,CSKA Moskva,VfL Wolfsburg,2-1,0-1,,,2,1,3,4,,,2,1,3,4,,RUS,GER
2009-11-25,2009,GroupC,groups,Real Madrid,FC Zurich,1-0,1-0,,,1,0,6,2,,,1,0,6,2,,ESP,SUI
2009-11-25,2009,GroupA,groups,Girondins Bordeaux,Juventus,2-0,0-0,,,2,0,3,1,,,2,0,3,1,,FRA,ITA
2009-12-08,2009,GroupC,groups,FC Zurich,AC Milan,1-1,1-0,,,1,1,2,1,,,1,1,2,1,,SUI,ITA
2009-12-08,2009,GroupD,groups,Chelsea,APOEL Nikosia,2-2,2-1,,,2,2,3,2,,,2,2,3,2,,ENG,CYP
2009-12-08,2009,GroupD,groups,Atletico Madrid,FC Porto,0-3,0-2,,,0,3,0,5,,,0,3,0,5,,ESP,POR
2009-12-08,2009,GroupA,groups,Juventus,Bayern Munich,1-4,1-1,,,1,4,1,4,,,1,4,1,4,,ITA,GER
2009-12-08,2009,GroupB,groups,Besiktas,CSKA Moskva,1-2,0-1,,,1,2,2,4,,,1,2,2,4,,TUR,RUS
2009-12-08,2009,GroupA,groups,Maccabi Haifa,Girondins Bordeaux,0-1,0-1,,,0,1,0,2,,,0,1,0,2,,ISR,FRA
2009-12-08,2009,GroupB,groups,VfL Wolfsburg,Manchester United,1-3,0-1,,,1,3,2,5,,,1,3,2,5,,GER,ENG
2009-12-08,2009,GroupC,groups,Olympique Marseille,Real Madrid,1-3,1-1,,,1,3,1,6,,,1,3,1,6,,FRA,ESP
2009-12-09,2009,GroupE,groups,Liverpool,ACF Fiorentina,1-2,1-0,,,1,2,1,4,,,1,2,1,4,,ENG,ITA
2009-12-09,2009,GroupH,groups,Olympiacos,Arsenal,1-0,0-0,,,1,0,1,2,,,1,0,1,2,,GRE,ENG
2009-12-09,2009,GroupH,groups,Standard Liege,AZ Alkmaar,1-1,0-1,,,1,1,2,2,,,1,1,2,2,,BEL,NED
2009-12-09,2009,GroupF,groups,Dinamo Kiev,Barcelona,1-2,1-1,,,1,2,1,4,,,1,2,1,4,,UKR,ESP
2009-12-09,2009,GroupE,groups,Olympique Lyon,Debreceni VSC,4-0,2-0,,,4,0,8,0,,,4,0,8,0,,FRA,HUN
2009-12-09,2009,GroupF,groups,Internazionale,Rubin Kazan,2-0,1-0,,,2,0,3,1,,,2,0,3,1,,ITA,RUS
2009-12-09,2009,GroupG,groups,Sevilla,Rangers,1-0,1-0,,,1,0,5,1,,,1,0,5,1,,ESP,SCO
2009-12-09,2009,GroupG,groups,VfB Stuttgart,Unirea Urziceni,3-1,3-0,,,3,1,4,2,,,3,1,4,2,,GER,ROU
2010-02-16,2009,R16,1,AC Milan,Manchester United,2-3,1-1,,,2,3,2,7,,,2,3,2,7,Manchester United,ITA,ENG
2010-02-16,2009,R16,1,Olympique Lyon,Real Madrid,1-0,0-0,,,1,0,2,1,,,1,0,2,1,Olympique Lyon,FRA,ESP
2010-02-17,2009,R16,1,Bayern Munich,ACF Fiorentina,2-1,1-0,,,2,1,4,4,,,2,1,4,4,Bayern Munich,GER,ITA
2010-02-17,2009,R16,1,FC Porto,Arsenal,2-1,1-1,,,2,1,2,6,,,2,1,2,6,Arsenal,POR,ENG
2010-02-23,2009,R16,1,VfB Stuttgart,Barcelona,1-1,1-0,,,1,1,1,5,,,1,1,1,5,Barcelona,GER,ESP
2010-02-23,2009,R16,1,Olympiacos,Girondins Bordeaux,0-1,0-1,,,0,1,1,3,,,0,1,1,3,Girondins Bordeaux,GRE,FRA
2010-02-24,2009,R16,1,Internazionale,Chelsea,2-1,1-0,,,2,1,3,1,,,2,1,3,1,Internazionale,ITA,ENG
2010-02-24,2009,R16,1,CSKA Moskva,Sevilla,1-1,0-1,,,1,1,3,2,,,1,1,3,2,CSKA Moskva,RUS,ESP
2010-03-09,2009,R16,2,ACF Fiorentina,Bayern Munich,3-2,1-0,,away goals,3,2,4,4,,,3,2,4,4,Bayern Munich,ITA,GER
2010-03-09,2009,R16,2,Arsenal,FC Porto,5-0,2-0,,,5,0,6,2,,,5,0,6,2,Arsenal,ENG,POR
2010-03-10,2009,R16,2,Manchester United,AC Milan,4-0,1-0,,,4,0,7,2,,,4,0,7,2,Manchester United,ENG,ITA
2010-03-10,2009,R16,2,Real Madrid,Olympique Lyon,1-1,1-0,,,1,1,1,2,,,1,1,1,2,Olympique Lyon,ESP,FRA
2010-03-16,2009,R16,2,Chelsea,Internazionale,0-1,0-0,,,0,1,1,3,,,0,1,1,3,Internazionale,ENG,ITA
2010-03-16,2009,R16,2,Sevilla,CSKA Moskva,1-2,1-1,,,1,2,2,3,,,1,2,2,3,CSKA Moskva,ESP,RUS
2010-03-17,2009,R16,2,Barcelona,VfB Stuttgart,4-0,2-0,,,4,0,5,1,,,4,0,5,1,Barcelona,ESP,GER
2010-03-17,2009,R16,2,Girondins Bordeaux,Olympiacos,2-1,1-0,,,2,1,3,1,,,2,1,3,1,Girondins Bordeaux,FRA,GRE
2010-03-30,2009,QF,1,Bayern Munich,Manchester United,2-1,0-1,,,2,1,4,4,,,2,1,4,4,Bayern Munich,GER,ENG
2010-03-30,2009,QF,1,Olympique Lyon,Girondins Bordeaux,3-1,2-1,,,3,1,3,2,,,3,1,3,2,Olympique Lyon,FRA,FRA
2010-03-31,2009,QF,1,Arsenal,Barcelona,2-2,0-0,,,2,2,3,6,,,2,2,3,6,Barcelona,ENG,ESP
2010-03-31,2009,QF,1,Internazionale,CSKA Moskva,1-0,0-0,,,1,0,2,0,,,1,0,2,0,Internazionale,ITA,RUS
2010-04-06,2009,QF,2,Barcelona,Arsenal,4-1,3-1,,,4,1,6,3,,,4,1,6,3,Barcelona,ESP,ENG
2010-04-06,2009,QF,2,CSKA Moskva,Internazionale,0-1,0-1,,,0,1,0,2,,,0,1,0,2,Internazionale,RUS,ITA
2010-04-07,2009,QF,2,Manchester United,Bayern Munich,3-2,3-1,,away goals,3,2,4,4,,,3,2,4,4,Bayern Munich,ENG,GER
2010-04-07,2009,QF,2,Girondins Bordeaux,Olympique Lyon,1-0,1-0,,,1,0,2,3,,,1,0,2,3,Olympique Lyon,FRA,FRA
2010-04-21,2009,SF,1,Bayern Munich,Olympique Lyon,1-0,0-0,,,1,0,4,0,,,1,0,4,0,Bayern Munich,GER,FRA
2010-04-27,2009,SF,2,Olympique Lyon,Bayern Munich,0-3,0-1,,,0,3,0,4,,,0,3,0,4,Bayern Munich,FRA,GER
2010-04-28,2009,SF,2,Barcelona,Internazionale,1-0,,,,1,0,2,3,,,1,0,2,3,Internazionale,ESP,ITA
2010-05-22,2009,final,,Internazionale,Bayern Munich,2-0,1-0,,,2,0,2,0,,,2,0,2,0,Internazionale,ITA,GER
2010-06-29,2010,Q-1,1,FC Santa Coloma,Birkirkara,0-3,,,,0,3,3,7,,,0,3,3,7,Birkirkara,AND,MLT
2010-06-30,2010,Q-1,1,Tre Fiori,FK Rudar Pljevlja,0-3,,,,0,3,1,7,,,0,3,1,7,FK Rudar Pljevlja,SMR,MNE
2010-07-06,2010,Q-1,2,Birkirkara,FC Santa Coloma,4-3,,,,4,3,7,3,,,4,3,7,3,Birkirkara,MLT,AND
2010-07-07,2010,Q-1,2,FK Rudar Pljevlja,Tre Fiori,4-1,,,,4,1,7,1,,,4,1,7,1,FK Rudar Pljevlja,MNE,SMR
2010-07-13,2010,Q-2,1,Inter Baku PIK,Lech Poznan,0-1,,,,0,1,1,1,,,0,1,1,1,Lech Poznan,AZE,POL
2010-07-13,2010,Q-2,1,AIK Solna,Jeunesse Esch,1-0,,,,1,0,1,0,,,1,0,1,0,AIK Solna,SWE,LUX
2010-07-13,2010,Q-2,1,Birkirkara,MSK Zilina,1-0,,,,1,0,1,3,,,1,0,1,3,MSK Zilina,MLT,SVK
2010-07-13,2010,Q-2,1,Bohemians,The New Saints,1-0,,,,1,0,1,4,,,1,0,1,4,The New Saints,IRL,WAL
2010-07-13,2010,Q-2,1,Levadia,Debreceni VSC,1-1,,,,1,1,3,4,,,1,1,3,4,Debreceni VSC,EST,HUN
2010-07-13,2010,Q-2,1,Dinamo Zagreb,Koper,5-1,,,,5,1,5,4,,,5,1,5,4,Dinamo Zagreb,CRO,SVN
2010-07-13,2010,Q-2,1,PFC Litex Lovech,FK Rudar Pljevlja,1-0,,,,1,0,5,0,,,1,0,5,0,PFC Litex Lovech,BUL,MNE
2010-07-13,2010,Q-2,1,Hapoel Tel Aviv,Zeljeznicar Sarajevo,5-0,,,,5,0,6,0,,,5,0,6,0,Hapoel Tel Aviv,ISR,BIH
2010-07-13,2010,Q-2,1,Salzburg,HB,5-0,,,,5,0,5,1,,,5,0,5,1,Salzburg,AUT,FRO
2010-07-13,2010,Q-2,1,Liepajas Metalurgs,Sparta Praha,0-3,,,,0,3,0,5,,,0,3,0,5,Sparta Praha,LVA,CZE
2010-07-13,2010,Q-2,1,Omonia Nicosia,Renova,3-0,,,,3,0,5,0,,,3,0,5,0,Omonia Nicosia,CYP,MKD
2010-07-14,2010,Q-2,1,Aktobe,Metalurgi Rustavi,2-0,,,,2,0,3,1,,,2,0,3,1,Aktobe,KAZ,GEO
2010-07-14,2010,Q-2,1,BATE Borisov,FH,5-1,,,,5,1,6,1,,,5,1,6,1,BATE Borisov,BLR,ISL
2010-07-14,2010,Q-2,1,Sheriff Tiraspol,Dinamo Tirana,3-1,,,,3,1,3,2,,,3,1,3,2,Sheriff Tiraspol,MDA,ALB
2010-07-14,2010,Q-2,1,FK Ekranas,HJK Helsinki,1-0,,,,1,0,1,1,,,1,0,1,2,HJK Helsinki,LTU,FIN
2010-07-14,2010,Q-2,1,Linfield,Rosenborg BK,0-0,,,,0,0,0,2,,,0,0,0,2,Rosenborg BK,NIR,NOR
2010-07-14,2010,Q-2,1,Partizan Belgrade,Pyunik,3-1,,,,3,1,4,1,,,3,1,4,1,Partizan Belgrade,SRB,ARM
2010-07-20,2010,Q-2,2,The New Saints,Bohemians,4-0,,,,4,0,4,1,,,4,0,4,1,The New Saints,WAL,IRL
2010-07-20,2010,Q-2,2,Dinamo Tirana,Sheriff Tiraspol,1-0,,,,1,0,2,3,,,1,0,2,3,Sheriff Tiraspol,ALB,MDA
2010-07-20,2010,Q-2,2,Koper,Dinamo Zagreb,3-0,,,,3,0,4,5,,,3,0,4,5,Dinamo Zagreb,SVN,CRO
2010-07-20,2010,Q-2,2,FK Rudar Pljevlja,PFC Litex Lovech,0-4,,,,0,4,0,5,,,0,4,0,5,PFC Litex Lovech,MNE,BUL
2010-07-20,2010,Q-2,2,HB,Salzburg,1-0,,,,1,0,1,5,,,1,0,1,5,Salzburg,FRO,AUT
2010-07-20,2010,Q-2,2,Renova,Omonia Nicosia,0-2,,,,0,2,0,5,,,0,2,0,5,Omonia Nicosia,MKD,CYP
2010-07-21,2010,Q-2,2,Lech Poznan,Inter Baku PIK,0-1,,0-1,9-8,0,1,1,1,0.0,1.0,0,1,1,1,Lech Poznan,POL,AZE
2010-07-21,2010,Q-2,2,Jeunesse Esch,AIK Solna,0-0,,,,0,0,0,1,,,0,0,0,1,AIK Solna,LUX,SWE
2010-07-21,2010,Q-2,2,Metalurgi Rustavi,Aktobe,1-1,,,,1,1,1,3,,,1,1,1,3,Aktobe,GEO,KAZ
2010-07-21,2010,Q-2,2,FH,BATE Borisov,0-1,,,,0,1,1,6,,,0,1,1,6,BATE Borisov,ISL,BLR
2010-07-21,2010,Q-2,2,MSK Zilina,Birkirkara,3-0,,,,3,0,3,1,,,3,0,3,1,MSK Zilina,SVK,MLT
2010-07-21,2010,Q-2,2,Debreceni VSC,Levadia,3-2,,,,3,2,4,3,,,3,2,4,3,Debreceni VSC,HUN,EST
2010-07-21,2010,Q-2,2,HJK Helsinki,FK Ekranas,1-0,,2-0,,1,0,1,1,2.0,0.0,2,0,2,1,HJK Helsinki,FIN,LTU
2010-07-21,2010,Q-2,2,Zeljeznicar Sarajevo,Hapoel Tel Aviv,0-1,,,,0,1,0,6,,,0,1,0,6,Hapoel Tel Aviv,BIH,ISR
2010-07-21,2010,Q-2,2,Sparta Praha,Liepajas Metalurgs,2-0,,,,2,0,5,0,,,2,0,5,0,Sparta Praha,CZE,LVA
2010-07-21,2010,Q-2,2,Rosenborg BK,Linfield,2-0,,,,2,0,2,0,,,2,0,2,0,Rosenborg BK,NOR,NIR
2010-07-21,2010,Q-2,2,Pyunik,Partizan Belgrade,0-1,,,,0,1,1,4,,,0,1,1,4,Partizan Belgrade,ARM,SRB
2010-07-27,2010,Q-3,1,Dinamo Kiev,Gent,3-0,,,,3,0,6,1,,,3,0,6,1,Dinamo Kiev,UKR,BEL
2010-07-27,2010,Q-3,1,Sparta Praha,Lech Poznan,1-0,,,,1,0,2,0,,,1,0,2,0,Sparta Praha,CZE,POL
2010-07-27,2010,Q-3,1,PFC Litex Lovech,MSK Zilina,1-1,,,,1,1,2,4,,,1,1,2,4,MSK Zilina,BUL,SVK
2010-07-27,2010,Q-3,1,Omonia Nicosia,Salzburg,1-1,,,,1,1,2,5,,,1,1,2,5,Salzburg,CYP,AUT
2010-07-27,2010,Q-3,1,The New Saints,RSC Anderlecht,1-3,,,,1,3,1,6,,,1,3,1,6,RSC Anderlecht,WAL,BEL
2010-07-27,2010,Q-3,1,Unirea Urziceni,Zenit St. Petersburg,0-0,,,,0,0,0,1,,,0,0,0,1,Zenit St. Petersburg,ROU,RUS
2010-07-28,2010,Q-3,1,Sheriff Tiraspol,Dinamo Zagreb,1-1,,,,1,1,2,2,,,1,1,2,2,Sheriff Tiraspol,MDA,CRO
2010-07-28,2010,Q-3,1,AFC Ajax,PAOK,1-1,,,,1,1,4,4,,,1,1,4,4,AFC Ajax,NED,GRE
2010-07-28,2010,Q-3,1,AIK Solna,Rosenborg BK,0-1,,,,0,1,0,4,,,0,1,0,4,Rosenborg BK,SWE,NOR
2010-07-28,2010,Q-3,1,Aktobe,Hapoel Tel Aviv,1-0,,,,1,0,2,3,,,1,0,2,3,Hapoel Tel Aviv,KAZ,ISR
2010-07-28,2010,Q-3,1,Debreceni VSC,Basel,0-2,,,,0,2,1,5,,,0,2,1,5,Basel,HUN,SUI
2010-07-28,2010,Q-3,1,BATE Borisov,Kobenhavn,0-0,,,,0,0,2,3,,,0,0,2,3,Kobenhavn,BLR,DEN
2010-07-28,2010,Q-3,1,BSC Young Boys,Fenerbahce,2-2,,,,2,2,3,2,,,2,2,3,2,BSC Young Boys,SUI,TUR
2010-07-28,2010,Q-3,1,Sporting Braga,Celtic,3-0,,,,3,0,4,2,,,3,0,4,2,Sporting Braga,POR,SCO
2010-07-28,2010,Q-3,1,Partizan Belgrade,HJK Helsinki,3-0,,,,3,0,5,1,,,3,0,5,1,Partizan Belgrade,SRB,FIN
2010-08-03,2010,Q-3,2,Hapoel Tel Aviv,Aktobe,3-1,,,,3,1,3,2,,,3,1,3,2,Hapoel Tel Aviv,ISR,KAZ
2010-08-03,2010,Q-3,2,RSC Anderlecht,The New Saints,3-0,,,,3,0,6,1,,,3,0,6,1,RSC Anderlecht,BEL,WAL
2010-08-04,2010,Q-3,2,Dinamo Zagreb,Sheriff Tiraspol,1-1,,1-1,5-6,1,1,2,2,1.0,1.0,1,1,2,2,Sheriff Tiraspol,CRO,MDA
2010-08-04,2010,Q-3,2,PAOK,AFC Ajax,3-3,,,away goals,3,3,4,4,,,3,3,4,4,AFC Ajax,GRE,NED
2010-08-04,2010,Q-3,2,Rosenborg BK,AIK Solna,3-0,,,,3,0,4,0,,,3,0,4,0,Rosenborg BK,NOR,SWE
2010-08-04,2010,Q-3,2,Basel,Debreceni VSC,3-1,,,,3,1,5,1,,,3,1,5,1,Basel,SUI,HUN
2010-08-04,2010,Q-3,2,Kobenhavn,BATE Borisov,3-2,,,,3,2,3,2,,,3,2,3,2,Kobenhavn,DEN,BLR
2010-08-04,2010,Q-3,2,Fenerbahce,BSC Young Boys,0-1,,,,0,1,2,3,,,0,1,2,3,BSC Young Boys,TUR,SUI
2010-08-04,2010,Q-3,2,Celtic,Sporting Braga,2-1,,,,2,1,2,4,,,2,1,2,4,Sporting Braga,SCO,POR
2010-08-04,2010,Q-3,2,Gent,Dinamo Kiev,1-3,,,,1,3,1,6,,,1,3,1,6,Dinamo Kiev,BEL,UKR
2010-08-04,2010,Q-3,2,Lech Poznan,Sparta Praha,0-1,,,,0,1,0,2,,,0,1,0,2,Sparta Praha,POL,CZE
2010-08-04,2010,Q-3,2,MSK Zilina,PFC Litex Lovech,3-1,,,,3,1,4,2,,,3,1,4,2,MSK Zilina,SVK,BUL
2010-08-04,2010,Q-3,2,Salzburg,Omonia Nicosia,4-1,,,,4,1,5,2,,,4,1,5,2,Salzburg,AUT,CYP
2010-08-04,2010,Q-3,2,Zenit St. Petersburg,Unirea Urziceni,1-0,,,,1,0,1,0,,,1,0,1,0,Zenit St. Petersburg,RUS,ROU
2010-08-04,2010,Q-3,2,HJK Helsinki,Partizan Belgrade,1-2,,,,1,2,1,5,,,1,2,1,5,Partizan Belgrade,FIN,SRB
2010-08-17,2010,Q-PO,1,Rosenborg BK,Kobenhavn,2-1,,,,2,1,2,2,,,2,1,2,2,Kobenhavn,NOR,DEN
2010-08-17,2010,Q-PO,1,Dinamo Kiev,AFC Ajax,1-1,,,,1,1,2,3,,,1,1,2,3,AFC Ajax,UKR,NED
2010-08-17,2010,Q-PO,1,Zenit St. Petersburg,AJ Auxerre,1-0,,,,1,0,1,2,,,1,0,1,2,AJ Auxerre,RUS,FRA
2010-08-17,2010,Q-PO,1,BSC Young Boys,Tottenham Hotspur,3-2,,,,3,2,3,6,,,3,2,3,6,Tottenham Hotspur,SUI,ENG
2010-08-17,2010,Q-PO,1,Sparta Praha,MSK Zilina,0-2,,,,0,2,0,3,,,0,2,0,3,MSK Zilina,CZE,SVK
2010-08-18,2010,Q-PO,1,Basel,Sheriff Tiraspol,1-0,,,,1,0,4,0,,,1,0,4,0,Basel,SUI,MDA
2010-08-18,2010,Q-PO,1,Salzburg,Hapoel Tel Aviv,2-3,,,,2,3,3,4,,,2,3,3,4,Hapoel Tel Aviv,AUT,ISR
2010-08-18,2010,Q-PO,1,Werder Bremen,Sampdoria,3-1,,,,3,1,4,4,,,3,1,5,4,Werder Bremen,GER,ITA
2010-08-18,2010,Q-PO,1,Sporting Braga,Sevilla,1-0,,,,1,0,5,3,,,1,0,5,3,Sporting Braga,POR,ESP
2010-08-18,2010,Q-PO,1,Partizan Belgrade,RSC Anderlecht,2-2,,,,2,2,4,4,,,2,2,4,4,Partizan Belgrade,SRB,BEL
2010-08-24,2010,Q-PO,2,Sheriff Tiraspol,Basel,0-3,,,,0,3,0,4,,,0,3,0,4,Basel,MDA,SUI
2010-08-24,2010,Q-PO,2,Hapoel Tel Aviv,Salzburg,1-1,,,,1,1,4,3,,,1,1,4,3,Hapoel Tel Aviv,ISR,AUT
2010-08-24,2010,Q-PO,2,Sampdoria,Werder Bremen,3-1,,3-2,,3,1,4,4,3.0,2.0,3,2,4,5,Werder Bremen,ITA,GER
2010-08-24,2010,Q-PO,2,Sevilla,Sporting Braga,3-4,,,,3,4,3,5,,,3,4,3,5,Sporting Braga,ESP,POR
2010-08-24,2010,Q-PO,2,RSC Anderlecht,Partizan Belgrade,2-2,,2-2,2-3,2,2,4,4,2.0,2.0,2,2,4,4,Partizan Belgrade,BEL,SRB
2010-08-25,2010,Q-PO,2,Kobenhavn,Rosenborg BK,1-0,,,away goals,1,0,2,2,,,1,0,2,2,Kobenhavn,DEN,NOR
2010-08-25,2010,Q-PO,2,AFC Ajax,Dinamo Kiev,2-1,,,,2,1,3,2,,,2,1,3,2,AFC Ajax,NED,UKR
2010-08-25,2010,Q-PO,2,AJ Auxerre,Zenit St. Petersburg,2-0,,,,2,0,2,1,,,2,0,2,1,AJ Auxerre,FRA,RUS
2010-08-25,2010,Q-PO,2,Tottenham Hotspur,BSC Young Boys,4-0,,,,4,0,6,3,,,4,0,6,3,Tottenham Hotspur,ENG,SUI
2010-08-25,2010,Q-PO,2,MSK Zilina,Sparta Praha,1-0,,,,1,0,3,0,,,1,0,3,0,MSK Zilina,SVK,CZE
2010-09-14,2010,GroupD,groups,Barcelona,Panathinaikos,5-1,3-1,,,5,1,8,1,,,5,1,8,1,,ESP,GRE
2010-09-14,2010,GroupC,groups,Bursaspor,Valencia CF,0-4,0-2,,,0,4,1,10,,,0,4,1,10,,TUR,ESP
2010-09-14,2010,GroupB,groups,SL Benfica,Hapoel Tel Aviv,2-0,1-0,,,2,0,2,3,,,2,0,2,3,,POR,ISR
2010-09-14,2010,GroupA,groups,Twente,Internazionale,2-2,2-2,,,2,2,2,3,,,2,2,2,3,,NED,ITA
2010-09-14,2010,GroupD,groups,Kobenhavn,Rubin Kazan,1-0,0-0,,,1,0,1,1,,,1,0,1,1,,DEN,RUS
2010-09-14,2010,GroupC,groups,Manchester United,Rangers,0-0,0-0,,,0,0,1,0,,,0,0,1,0,,ENG,SCO
2010-09-14,2010,GroupB,groups,Olympique Lyon,Schalke 04,1-0,1-0,,,1,0,1,3,,,1,0,1,3,,FRA,GER
2010-09-14,2010,GroupA,groups,Werder Bremen,Tottenham Hotspur,2-2,1-2,,,2,2,2,5,,,2,2,2,5,,GER,ENG
2010-09-15,2010,GroupG,groups,AC Milan,AJ Auxerre,2-0,0-0,,,2,0,4,0,,,2,0,4,0,,ITA,FRA
2010-09-15,2010,GroupG,groups,Real Madrid,AFC Ajax,2-0,1-0,,,2,0,6,0,,,2,0,6,0,,ESP,NED
2010-09-15,2010,GroupH,groups,Arsenal,Sporting Braga,6-0,3-0,,,6,0,6,2,,,6,0,6,2,,ENG,POR
2010-09-15,2010,GroupE,groups,Bayern Munich,AS Roma,2-0,0-0,,,2,0,4,3,,,2,0,4,3,,GER,ITA
2010-09-15,2010,GroupE,groups,CFR Cluj,Basel,2-1,2-1,,,2,1,2,2,,,2,1,2,2,,ROU,SUI
2010-09-15,2010,GroupF,groups,MSK Zilina,Chelsea,1-4,0-3,,,1,4,2,6,,,1,4,2,6,,SVK,ENG
2010-09-15,2010,GroupF,groups,Olympique Marseille,Spartak Moskva,0-1,0-0,,,0,1,3,1,,,0,1,3,1,,FRA,RUS
2010-09-15,2010,GroupH,groups,Shakhtar Donetsk,Partizan Belgrade,1-0,0-0,,,1,0,4,0,,,1,0,4,0,,UKR,SRB
2010-09-28,2010,GroupG,groups,AFC Ajax,AC Milan,1-1,1-1,,,1,1,3,1,,,1,1,3,1,,NED,ITA
2010-09-28,2010,GroupG,groups,AJ Auxerre,Real Madrid,0-1,0-0,,,0,1,0,5,,,0,1,0,5,,FRA,ESP
2010-09-28,2010,GroupE,groups,AS Roma,CFR Cluj,2-1,0-0,,,2,1,3,2,,,2,1,3,2,,ITA,ROU
2010-09-28,2010,GroupE,groups,Basel,Bayern Munich,1-2,1-0,,,1,2,1,5,,,1,2,1,5,,SUI,GER
2010-09-28,2010,GroupF,groups,Chelsea,Olympique Marseille,2-0,2-0,,,2,0,2,1,,,2,0,2,1,,ENG,FRA
2010-09-28,2010,GroupF,groups,Spartak Moskva,MSK Zilina,3-0,1-0,,,3,0,5,1,,,3,0,5,1,,RUS,SVK
2010-09-28,2010,GroupH,groups,Sporting Braga,Shakhtar Donetsk,0-3,0-0,,,0,3,0,5,,,0,3,0,5,,POR,UKR
2010-09-28,2010,GroupH,groups,Partizan Belgrade,Arsenal,1-3,1-1,,,1,3,2,6,,,1,3,2,6,,SRB,ENG
2010-09-29,2010,GroupD,groups,Rubin Kazan,Barcelona,1-1,1-0,,,1,1,1,3,,,1,1,1,3,,RUS,ESP
2010-09-29,2010,GroupC,groups,Rangers,Bursaspor,1-0,1-0,,,1,0,2,1,,,1,0,2,1,,SCO,TUR
2010-09-29,2010,GroupB,groups,Hapoel Tel Aviv,Olympique Lyon,1-3,0-2,,,1,3,3,5,,,1,3,3,5,,ISR,FRA
2010-09-29,2010,GroupA,groups,Internazionale,Werder Bremen,4-0,3-0,,,4,0,4,3,,,4,0,4,3,,ITA,GER
2010-09-29,2010,GroupD,groups,Panathinaikos,Kobenhavn,0-2,0-2,,,0,2,1,5,,,0,2,1,5,,GRE,DEN
2010-09-29,2010,GroupC,groups,Valencia CF,Manchester United,0-1,0-0,,,0,1,1,2,,,0,1,1,2,,ESP,ENG
2010-09-29,2010,GroupB,groups,Schalke 04,SL Benfica,2-0,0-0,,,2,0,4,1,,,2,0,4,1,,GER,POR
2010-09-29,2010,GroupA,groups,Tottenham Hotspur,Twente,4-1,0-0,,,4,1,7,4,,,4,1,7,4,,ENG,NED
2010-10-19,2010,GroupG,groups,Real Madrid,AC Milan,2-0,2-0,,,2,0,4,2,,,2,0,4,2,,ESP,ITA
2010-10-19,2010,GroupG,groups,AFC Ajax,AJ Auxerre,2-1,2-0,,,2,1,3,3,,,2,1,3,3,,NED,FRA
2010-10-19,2010,GroupH,groups,Arsenal,Shakhtar Donetsk,5-1,2-0,,,5,1,6,3,,,5,1,6,3,,ENG,UKR
2010-10-19,2010,GroupE,groups,AS Roma,Basel,1-3,1-2,,,1,3,4,5,,,1,3,4,5,,ITA,SUI
2010-10-19,2010,GroupE,groups,Bayern Munich,CFR Cluj,3-2,2-1,,,3,2,7,2,,,3,2,7,2,,GER,ROU
2010-10-19,2010,GroupF,groups,Spartak Moskva,Chelsea,0-2,0-2,,,0,2,1,6,,,0,2,1,6,,RUS,ENG
2010-10-19,2010,GroupF,groups,Olympique Marseille,MSK Zilina,1-0,0-0,,,1,0,8,0,,,1,0,8,0,,FRA,SVK
2010-10-19,2010,GroupH,groups,Sporting Braga,Partizan Belgrade,2-0,1-0,,,2,0,3,0,,,2,0,3,0,,POR,SRB
2010-10-20,2010,GroupD,groups,Barcelona,Kobenhavn,2-0,1-0,,,2,0,3,1,,,2,0,3,1,,ESP,DEN
2010-10-20,2010,GroupC,groups,Manchester United,Bursaspor,1-0,1-0,,,1,0,4,0,,,1,0,4,0,,ENG,TUR
2010-10-20,2010,GroupB,groups,Schalke 04,Hapoel Tel Aviv,3-1,1-0,,,3,1,3,1,,,3,1,3,1,,GER,ISR
2010-10-20,2010,GroupA,groups,Internazionale,Tottenham Hotspur,4-3,4-0,,,4,3,5,6,,,4,3,5,6,,ITA,ENG
2010-10-20,2010,GroupB,groups,Olympique Lyon,SL Benfica,2-0,1-0,,,2,0,5,4,,,2,0,5,4,,FRA,POR
2010-10-20,2010,GroupD,groups,Panathinaikos,Rubin Kazan,0-0,0-0,,,0,0,0,0,,,0,0,0,0,,GRE,RUS
2010-10-20,2010,GroupC,groups,Rangers,Valencia CF,1-1,1-0,,,1,1,1,4,,,1,1,1,4,,SCO,ESP
2010-10-20,2010,GroupA,groups,Twente,Werder Bremen,1-1,0-0,,,1,1,3,1,,,1,1,3,1,,NED,GER
2010-11-02,2010,GroupD,groups,Kobenhavn,Barcelona,1-1,1-1,,,1,1,1,3,,,1,1,1,3,,DEN,ESP
2010-11-02,2010,GroupC,groups,Bursaspor,Manchester United,0-3,0-0,,,0,3,0,4,,,0,3,0,4,,TUR,ENG
2010-11-02,2010,GroupB,groups,Hapoel Tel Aviv,Schalke 04,0-0,0-0,,,0,0,1,3,,,0,0,1,3,,ISR,GER
2010-11-02,2010,GroupA,groups,Tottenham Hotspur,Internazionale,3-1,1-0,,,3,1,6,5,,,3,1,6,5,,ENG,ITA
2010-11-02,2010,GroupB,groups,SL Benfica,Olympique Lyon,4-3,3-0,,,4,3,4,5,,,4,3,4,5,,POR,FRA
2010-11-02,2010,GroupD,groups,Rubin Kazan,Panathinaikos,0-0,0-0,,,0,0,0,0,,,0,0,0,0,,RUS,GRE
2010-11-02,2010,GroupC,groups,Valencia CF,Rangers,3-0,1-0,,,3,0,4,1,,,3,0,4,1,,ESP,SCO
2010-11-02,2010,GroupA,groups,Werder Bremen,Twente,0-2,0-0,,,0,2,1,3,,,0,2,1,3,,GER,NED
2010-11-03,2010,GroupG,groups,AC Milan,Real Madrid,2-2,0-1,,,2,2,2,4,,,2,2,2,4,,ITA,ESP
2010-11-03,2010,GroupG,groups,AJ Auxerre,AFC Ajax,2-1,1-0,,,2,1,3,3,,,2,1,3,3,,FRA,NED
2010-11-03,2010,GroupH,groups,Shakhtar Donetsk,Arsenal,2-1,2-1,,,2,1,3,6,,,2,1,3,6,,UKR,ENG
2010-11-03,2010,GroupE,groups,Basel,AS Roma,2-3,0-2,,,2,3,5,4,,,2,3,5,4,,SUI,ITA
2010-11-03,2010,GroupE,groups,CFR Cluj,Bayern Munich,0-4,0-2,,,0,4,2,7,,,0,4,2,7,,ROU,GER
2010-11-03,2010,GroupF,groups,Chelsea,Spartak Moskva,4-1,0-0,,,4,1,6,1,,,4,1,6,1,,ENG,RUS
2010-11-03,2010,GroupF,groups,MSK Zilina,Olympique Marseille,0-7,0-4,,,0,7,0,8,,,0,7,0,8,,SVK,FRA
2010-11-03,2010,GroupH,groups,Partizan Belgrade,Sporting Braga,0-1,0-1,,,0,1,0,3,,,0,1,0,3,,SRB,POR
2010-11-23,2010,GroupG,groups,AJ Auxerre,AC Milan,0-2,0-0,,,0,2,0,4,,,0,2,0,4,,FRA,ITA
2010-11-23,2010,GroupG,groups,AFC Ajax,Real Madrid,0-4,0-2,,,0,4,0,6,,,0,4,0,6,,NED,ESP
2010-11-23,2010,GroupH,groups,Sporting Braga,Arsenal,2-0,0-0,,,2,0,2,6,,,2,0,2,6,,POR,ENG
2010-11-23,2010,GroupE,groups,AS Roma,Bayern Munich,3-2,0-2,,,3,2,3,4,,,3,2,3,4,,ITA,GER
2010-11-23,2010,GroupE,groups,Basel,CFR Cluj,1-0,1-0,,,1,0,2,2,,,1,0,2,2,,SUI,ROU
2010-11-23,2010,GroupF,groups,Chelsea,MSK Zilina,2-1,0-1,,,2,1,6,2,,,2,1,6,2,,ENG,SVK
2010-11-23,2010,GroupF,groups,Spartak Moskva,Olympique Marseille,0-3,0-1,,,0,3,1,3,,,0,3,1,3,,RUS,FRA
2010-11-23,2010,GroupH,groups,Partizan Belgrade,Shakhtar Donetsk,0-3,0-0,,,0,3,0,4,,,0,3,0,4,,SRB,UKR
2010-11-24,2010,GroupD,groups,Panathinaikos,Barcelona,0-3,0-1,,,0,3,1,8,,,0,3,1,8,,GRE,ESP
2010-11-24,2010,GroupC,groups,Valencia CF,Bursaspor,6-1,4-0,,,6,1,10,1,,,6,1,10,1,,ESP,TUR
2010-11-24,2010,GroupB,groups,Hapoel Tel Aviv,SL Benfica,3-0,1-0,,,3,0,3,2,,,3,0,3,2,,ISR,POR
2010-11-24,2010,GroupA,groups,Internazionale,Twente,1-0,0-0,,,1,0,3,2,,,1,0,3,2,,ITA,NED
2010-11-24,2010,GroupD,groups,Rubin Kazan,Kobenhavn,1-0,1-0,,,1,0,1,1,,,1,0,1,1,,RUS,DEN
2010-11-24,2010,GroupC,groups,Rangers,Manchester United,0-1,0-0,,,0,1,0,1,,,0,1,0,1,,SCO,ENG
2010-11-24,2010,GroupB,groups,Schalke 04,Olympique Lyon,3-0,2-0,,,3,0,3,1,,,3,0,3,1,,GER,FRA
2010-11-24,2010,GroupA,groups,Tottenham Hotspur,Werder Bremen,3-0,2-0,,,3,0,5,2,,,3,0,5,2,,ENG,GER
2010-12-07,2010,GroupD,groups,Barcelona,Rubin Kazan,2-0,0-0,,,2,0,3,1,,,2,0,3,1,,ESP,RUS
2010-12-07,2010,GroupC,groups,Bursaspor,Rangers,1-1,0-1,,,1,1,1,2,,,1,1,1,2,,TUR,SCO
2010-12-07,2010,GroupB,groups,Olympique Lyon,Hapoel Tel Aviv,2-2,0-0,,,2,2,5,3,,,2,2,5,3,,FRA,ISR
2010-12-07,2010,GroupA,groups,Werder Bremen,Internazionale,3-0,1-0,,,3,0,3,4,,,3,0,3,4,,GER,ITA
2010-12-07,2010,GroupD,groups,Kobenhavn,Panathinaikos,3-1,1-0,,,3,1,5,1,,,3,1,5,1,,DEN,GRE
2010-12-07,2010,GroupC,groups,Manchester United,Valencia CF,1-1,0-1,,,1,1,2,1,,,1,1,2,1,,ENG,ESP
2010-12-07,2010,GroupB,groups,SL Benfica,Schalke 04,1-2,0-1,,,1,2,1,4,,,1,2,1,4,,POR,GER
2010-12-07,2010,GroupA,groups,Twente,Tottenham Hotspur,3-3,1-1,,,3,3,4,7,,,3,3,4,7,,NED,ENG
2010-12-08,2010,GroupG,groups,AC Milan,AFC Ajax,0-2,0-0,,,0,2,1,3,,,0,2,1,3,,ITA,NED
2010-12-08,2010,GroupG,groups,Real Madrid,AJ Auxerre,4-0,1-0,,,4,0,5,0,,,4,0,5,0,,ESP,FRA
2010-12-08,2010,GroupE,groups,CFR Cluj,AS Roma,1-1,0-1,,,1,1,2,3,,,1,1,2,3,,ROU,ITA
2010-12-08,2010,GroupE,groups,Bayern Munich,Basel,3-0,2-0,,,3,0,5,1,,,3,0,5,1,,GER,SUI
2010-12-08,2010,GroupF,groups,Olympique Marseille,Chelsea,1-0,0-0,,,1,0,1,2,,,1,0,1,2,,FRA,ENG
2010-12-08,2010,GroupF,groups,MSK Zilina,Spartak Moskva,1-2,0-0,,,1,2,1,5,,,1,2,1,5,,SVK,RUS
2010-12-08,2010,GroupH,groups,Shakhtar Donetsk,Sporting Braga,2-0,0-0,,,2,0,5,0,,,2,0,5,0,,UKR,POR
2010-12-08,2010,GroupH,groups,Arsenal,Partizan Belgrade,3-1,1-0,,,3,1,6,2,,,3,1,6,2,,ENG,SRB
2011-02-15,2010,R16,1,AC Milan,Tottenham Hotspur,0-1,0-0,,,0,1,0,1,,,0,1,0,1,Tottenham Hotspur,ITA,ENG
2011-02-15,2010,R16,1,Valencia CF,Schalke 04,1-1,1-0,,,1,1,2,4,,,1,1,2,4,Schalke 04,ESP,GER
2011-02-16,2010,R16,1,Arsenal,Barcelona,2-1,0-1,,,2,1,3,4,,,2,1,3,4,Barcelona,ENG,ESP
2011-02-16,2010,R16,1,AS Roma,Shakhtar Donetsk,2-3,1-3,,,2,3,2,6,,,2,3,2,6,Shakhtar Donetsk,ITA,UKR
2011-02-22,2010,R16,1,Kobenhavn,Chelsea,0-2,0-1,,,0,2,0,2,,,0,2,0,2,Chelsea,DEN,ENG
2011-02-22,2010,R16,1,Olympique Lyon,Real Madrid,1-1,0-0,,,1,1,1,4,,,1,1,1,4,Real Madrid,FRA,ESP
2011-02-23,2010,R16,1,Internazionale,Bayern Munich,0-1,0-0,,,0,1,3,3,,,0,1,3,3,Internazionale,ITA,GER
2011-02-23,2010,R16,1,Olympique Marseille,Manchester United,0-0,0-0,,,0,0,1,2,,,0,0,1,2,Manchester United,FRA,ENG
2011-03-08,2010,R16,2,Barcelona,Arsenal,3-1,1-0,,,3,1,4,3,,,3,1,4,3,Barcelona,ESP,ENG
2011-03-08,2010,R16,2,Shakhtar Donetsk,AS Roma,3-0,1-0,,,3,0,6,2,,,3,0,6,2,Shakhtar Donetsk,UKR,ITA
2011-03-09,2010,R16,2,Tottenham Hotspur,AC Milan,0-0,0-0,,,0,0,1,0,,,0,0,1,0,Tottenham Hotspur,ENG,ITA
2011-03-09,2010,R16,2,Schalke 04,Valencia CF,3-1,1-1,,,3,1,4,2,,,3,1,4,2,Schalke 04,GER,ESP
2011-03-15,2010,R16,2,Bayern Munich,Internazionale,2-3,2-1,,away goals,2,3,3,3,,,2,3,3,3,Internazionale,GER,ITA
2011-03-15,2010,R16,2,Manchester United,Olympique Marseille,2-1,1-0,,,2,1,2,1,,,2,1,2,1,Manchester United,ENG,FRA
2011-03-16,2010,R16,2,Chelsea,Kobenhavn,0-0,0-0,,,0,0,2,0,,,0,0,2,0,Chelsea,ENG,DEN
2011-03-16,2010,R16,2,Real Madrid,Olympique Lyon,3-0,1-0,,,3,0,4,1,,,3,0,4,1,Real Madrid,ESP,FRA
2011-04-05,2010,QF,1,Internazionale,Schalke 04,2-5,2-2,,,2,5,3,7,,,2,5,3,7,Schalke 04,ITA,GER
2011-04-05,2010,QF,1,Real Madrid,Tottenham Hotspur,4-0,1-0,,,4,0,5,0,,,4,0,5,0,Real Madrid,ESP,ENG
2011-04-06,2010,QF,1,Barcelona,Shakhtar Donetsk,5-1,2-0,,,5,1,6,1,,,5,1,6,1,Barcelona,ESP,UKR
2011-04-06,2010,QF,1,Chelsea,Manchester United,0-1,0-1,,,0,1,1,3,,,0,1,1,3,Manchester United,ENG,ENG
2011-04-12,2010,QF,2,Shakhtar Donetsk,Barcelona,0-1,0-1,,,0,1,1,6,,,0,1,1,6,Barcelona,UKR,ESP
2011-04-12,2010,QF,2,Manchester United,Chelsea,2-1,1-0,,,2,1,3,1,,,2,1,3,1,Manchester United,ENG,ENG
2011-04-13,2010,QF,2,Schalke 04,Internazionale,2-1,1-0,,,2,1,7,3,,,2,1,7,3,Schalke 04,GER,ITA
2011-04-13,2010,QF,2,Tottenham Hotspur,Real Madrid,0-1,0-0,,,0,1,0,5,,,0,1,0,5,Real Madrid,ENG,ESP
2011-04-26,2010,SF,1,Schalke 04,Manchester United,0-2,0-0,,,0,2,1,6,,,0,2,1,6,Manchester United,GER,ENG
2011-04-27,2010,SF,1,Real Madrid,Barcelona,0-2,0-0,,,0,2,1,3,,,0,2,1,3,Barcelona,ESP,ESP
2011-05-03,2010,SF,2,Barcelona,Real Madrid,1-1,0-0,,,1,1,3,1,,,1,1,3,1,Barcelona,ESP,ESP
2011-05-04,2010,SF,2,Manchester United,Schalke 04,4-1,2-1,,,4,1,6,1,,,4,1,6,1,Manchester United,ENG,GER
2011-05-28,2010,final,,Barcelona,Manchester United,3-1,1-1,,,3,1,3,1,,,3,1,3,1,Barcelona,ESP,ENG
2011-06-28,2011,Q-1,1,FC Santa Coloma,F91 Dudelange,0-2,,,,0,2,0,4,,,0,2,0,4,F91 Dudelange,AND,LUX
2011-06-28,2011,Q-1,1,Tre Fiori,Valletta,0-3,,,,0,3,1,5,,,0,3,1,5,Valletta,SMR,MLT
2011-07-05,2011,Q-1,2,F91 Dudelange,FC Santa Coloma,2-0,,,,2,0,4,0,,,2,0,4,0,F91 Dudelange,LUX,AND
2011-07-06,2011,Q-1,2,Valletta,Tre Fiori,2-1,,,,2,1,5,1,,,2,1,5,1,Valletta,MLT,SMR
2011-07-12,2011,Q-2,1,NK Maribor,F91 Dudelange,2-0,,,,2,0,5,1,,,2,0,5,1,NK Maribor,SVN,LUX
2011-07-12,2011,Q-2,1,Valletta,FK Ekranas,2-3,,,,2,3,2,4,,,2,3,2,4,FK Ekranas,MLT,LTU
2011-07-12,2011,Q-2,1,FK Mogren,PFC Litex Lovech,1-2,,,,1,2,1,5,,,1,2,1,5,PFC Litex Lovech,MNE,BUL
2011-07-12,2011,Q-2,1,Shamrock Rovers,Flora Tallinn,1-0,,,,1,0,1,0,,,1,0,1,0,Shamrock Rovers,IRL,EST
2011-07-12,2011,Q-2,1,Pyunik,Viktoria Plzen,0-4,,,,0,4,1,9,,,0,4,1,9,Viktoria Plzen,ARM,CZE
2011-07-12,2011,Q-2,1,SK Slovan Bratislava,Tobol,2-0,,,,2,0,3,1,,,2,0,3,1,SK Slovan Bratislava,SVK,KAZ
2011-07-13,2011,Q-2,1,Skenderbeu Korce,APOEL Nikosia,0-2,,,,0,2,0,6,,,0,2,0,6,APOEL Nikosia,ALB,CYP
2011-07-13,2011,Q-2,1,Bangor City,HJK Helsinki,0-3,,,,0,3,0,13,,,0,3,0,13,HJK Helsinki,WAL,FIN
2011-07-13,2011,Q-2,1,Linfield,BATE Borisov,1-1,,,,1,1,1,3,,,1,1,1,3,BATE Borisov,NIR,BLR
2011-07-13,2011,Q-2,1,Maccabi Haifa,Borac Banja Luka,5-1,,,,5,1,7,4,,,5,1,7,4,Maccabi Haifa,ISR,BIH
2011-07-13,2011,Q-2,1,Rosenborg BK,Breidablik,5-0,,,,5,0,5,2,,,5,0,5,2,Rosenborg BK,NOR,ISL
2011-07-13,2011,Q-2,1,Zestafoni,Dacia Chisinau,3-0,,,,3,0,3,2,,,3,0,3,2,Zestafoni,GEO,MDA
2011-07-13,2011,Q-2,1,Dinamo Zagreb,Neftchi PFC Baku,3-0,,,,3,0,3,0,,,3,0,3,0,Dinamo Zagreb,CRO,AZE
2011-07-13,2011,Q-2,1,Malmo FF,HB,2-0,,,,2,0,3,1,,,2,0,3,1,Malmo FF,SWE,FRO
2011-07-13,2011,Q-2,1,Skonto,Wisla Krakow,0-1,,,,0,1,0,3,,,0,1,0,3,Wisla Krakow,LVA,POL
2011-07-13,2011,Q-2,1,Sturm Graz,Videoton,2-0,,,,2,0,4,3,,,2,0,4,3,Sturm Graz,AUT,HUN
2011-07-13,2011,Q-2,1,Partizan Belgrade,Shkendija,4-0,,,,4,0,5,0,,,4,0,5,0,Partizan Belgrade,SRB,MKD
2011-07-19,2011,Q-2,2,HJK Helsinki,Bangor City,10-0,,,,10,0,13,0,,,10,0,13,0,HJK Helsinki,FIN,WAL
2011-07-19,2011,Q-2,2,BATE Borisov,Linfield,2-0,,,,2,0,3,1,,,2,0,3,1,BATE Borisov,BLR,NIR
2011-07-19,2011,Q-2,2,Neftchi PFC Baku,Dinamo Zagreb,0-0,,,,0,0,0,3,,,0,0,0,3,Dinamo Zagreb,AZE,CRO
2011-07-19,2011,Q-2,2,F91 Dudelange,NK Maribor,1-3,,,,1,3,1,5,,,1,3,1,5,NK Maribor,LUX,SVN
2011-07-19,2011,Q-2,2,FK Ekranas,Valletta,1-0,,,,1,0,4,2,,,1,0,4,2,FK Ekranas,LTU,MLT
2011-07-19,2011,Q-2,2,PFC Litex Lovech,FK Mogren,3-0,,,,3,0,5,1,,,3,0,5,1,PFC Litex Lovech,BUL,MNE
2011-07-19,2011,Q-2,2,Flora Tallinn,Shamrock Rovers,0-0,,,,0,0,0,1,,,0,0,0,1,Shamrock Rovers,EST,IRL
2011-07-19,2011,Q-2,2,HB,Malmo FF,1-1,,,,1,1,1,3,,,1,1,1,3,Malmo FF,FRO,SWE
2011-07-19,2011,Q-2,2,Viktoria Plzen,Pyunik,5-1,,,,5,1,9,1,,,5,1,9,1,Viktoria Plzen,CZE,ARM
2011-07-19,2011,Q-2,2,Tobol,SK Slovan Bratislava,1-1,,,,1,1,1,3,,,1,1,1,3,SK Slovan Bratislava,KAZ,SVK
2011-07-19,2011,Q-2,2,Wisla Krakow,Skonto,2-0,,,,2,0,3,0,,,2,0,3,0,Wisla Krakow,POL,LVA
2011-07-19,2011,Q-2,2,Shkendija,Partizan Belgrade,0-1,,,,0,1,0,5,,,0,1,0,5,Partizan Belgrade,MKD,SRB
2011-07-20,2011,Q-2,2,APOEL Nikosia,Skenderbeu Korce,4-0,,,,4,0,6,0,,,4,0,6,0,APOEL Nikosia,CYP,ALB
2011-07-20,2011,Q-2,2,Borac Banja Luka,Maccabi Haifa,3-2,,,,3,2,4,7,,,3,2,4,7,Maccabi Haifa,BIH,ISR
2011-07-20,2011,Q-2,2,Breidablik,Rosenborg BK,2-0,,,,2,0,2,5,,,2,0,2,5,Rosenborg BK,ISL,NOR
2011-07-20,2011,Q-2,2,Dacia Chisinau,Zestafoni,2-0,,,,2,0,2,3,,,2,0,2,3,Zestafoni,MDA,GEO
2011-07-20,2011,Q-2,2,Videoton,Sturm Graz,3-2,,,,3,2,3,4,,,3,2,3,4,Sturm Graz,HUN,AUT
2011-07-26,2011,Q-3,1,APOEL Nikosia,SK Slovan Bratislava,0-0,,,,0,0,2,0,,,0,0,2,0,APOEL Nikosia,CYP,SVK
2011-07-26,2011,Q-3,1,FK Ekranas,BATE Borisov,0-0,,,,0,0,1,3,,,0,0,1,3,BATE Borisov,LTU,BLR
2011-07-26,2011,Q-3,1,Dinamo Kiev,Rubin Kazan,0-2,,,,0,2,1,4,,,0,2,1,4,Rubin Kazan,UKR,RUS
2011-07-26,2011,Q-3,1,Rangers,Malmo FF,0-1,,,,0,1,1,2,,,0,1,1,2,Malmo FF,SCO,SWE
2011-07-26,2011,Q-3,1,PFC Litex Lovech,Wisla Krakow,1-2,,,,1,2,2,5,,,1,2,2,5,Wisla Krakow,BUL,POL
2011-07-26,2011,Q-3,1,Zestafoni,Sturm Graz,1-1,,,,1,1,1,2,,,1,1,1,2,Sturm Graz,GEO,AUT
2011-07-26,2011,Q-3,1,Twente,Vaslui,2-0,,,,2,0,2,0,,,2,0,2,0,Twente,NED,ROU
2011-07-26,2011,Q-3,1,KRC Genk,Partizan Belgrade,2-1,,,,2,1,3,2,,,2,1,3,2,KRC Genk,BEL,SRB
2011-07-27,2011,Q-3,1,HJK Helsinki,Dinamo Zagreb,1-2,,,,1,2,1,3,,,1,2,1,3,Dinamo Zagreb,FIN,CRO
2011-07-27,2011,Q-3,1,Standard Liege,FC Zurich,1-1,,,,1,1,1,2,,,1,1,1,2,FC Zurich,BEL,SUI
2011-07-27,2011,Q-3,1,Kobenhavn,Shamrock Rovers,1-0,,,,1,0,3,0,,,1,0,3,0,Kobenhavn,DEN,IRL
2011-07-27,2011,Q-3,1,Maccabi Haifa,NK Maribor,2-1,,,,2,1,3,2,,,2,1,3,2,Maccabi Haifa,ISR,SVN
2011-07-27,2011,Q-3,1,Odense BK,Panathinaikos,1-1,,,,1,1,5,4,,,1,1,5,4,Odense BK,DEN,GRE
2011-07-27,2011,Q-3,1,Rosenborg BK,Viktoria Plzen,0-1,,,,0,1,2,4,,,0,1,2,4,Viktoria Plzen,NOR,CZE
2011-07-27,2011,Q-3,1,SL Benfica,Trabzonspor,2-0,,,,2,0,3,1,,,2,0,3,1,SL Benfica,POR,TUR
2011-08-02,2011,Q-3,2,BATE Borisov,FK Ekranas,3-1,,,,3,1,3,1,,,3,1,3,1,BATE Borisov,BLR,LTU
2011-08-02,2011,Q-3,2,Shamrock Rovers,Kobenhavn,0-2,,,,0,2,0,3,,,0,2,0,3,Kobenhavn,IRL,DEN
2011-08-02,2011,Q-3,2,Panathinaikos,Odense BK,3-4,,,,3,4,4,5,,,3,4,4,5,Odense BK,GRE,DEN
2011-08-03,2011,Q-3,2,SK Slovan Bratislava,APOEL Nikosia,0-2,,,,0,2,0,2,,,0,2,0,2,APOEL Nikosia,SVK,CYP
2011-08-03,2011,Q-3,2,Rubin Kazan,Dinamo Kiev,2-1,,,,2,1,4,1,,,2,1,4,1,Rubin Kazan,RUS,UKR
2011-08-03,2011,Q-3,2,Dinamo Zagreb,HJK Helsinki,1-0,,,,1,0,3,1,,,1,0,3,1,Dinamo Zagreb,CRO,FIN
2011-08-03,2011,Q-3,2,FC Zurich,Standard Liege,1-0,,,,1,0,2,1,,,1,0,2,1,FC Zurich,SUI,BEL
2011-08-03,2011,Q-3,2,NK Maribor,Maccabi Haifa,1-1,,,,1,1,2,3,,,1,1,2,3,Maccabi Haifa,SVN,ISR
2011-08-03,2011,Q-3,2,Malmo FF,Rangers,1-1,,,,1,1,2,1,,,1,1,2,1,Malmo FF,SWE,SCO
2011-08-03,2011,Q-3,2,Wisla Krakow,PFC Litex Lovech,3-1,,,,3,1,5,2,,,3,1,5,2,Wisla Krakow,POL,BUL
2011-08-03,2011,Q-3,2,Viktoria Plzen,Rosenborg BK,3-2,,,,3,2,4,2,,,3,2,4,2,Viktoria Plzen,CZE,NOR
2011-08-03,2011,Q-3,2,Trabzonspor,SL Benfica,1-1,,,,1,1,1,3,,,1,1,1,3,SL Benfica,TUR,POR
2011-08-03,2011,Q-3,2,Sturm Graz,Zestafoni,1-0,,,,1,0,2,1,,,1,0,2,1,Sturm Graz,AUT,GEO
2011-08-03,2011,Q-3,2,Vaslui,Twente,0-0,,,,0,0,0,2,,,0,0,0,2,Twente,ROU,NED
2011-08-03,2011,Q-3,2,Partizan Belgrade,KRC Genk,1-1,,,,1,1,2,3,,,1,1,2,3,KRC Genk,SRB,BEL
2011-08-16,2011,Q-PO,1,Arsenal,Udinese,1-0,,,,1,0,3,1,,,1,0,3,1,Arsenal,ENG,ITA
2011-08-16,2011,Q-PO,1,BATE Borisov,Sturm Graz,1-1,,,,1,1,3,1,,,1,1,3,1,BATE Borisov,BLR,AUT
2011-08-16,2011,Q-PO,1,Kobenhavn,Viktoria Plzen,1-3,,,,1,3,2,5,,,1,3,2,5,Viktoria Plzen,DEN,CZE
2011-08-16,2011,Q-PO,1,Olympique Lyon,Rubin Kazan,3-1,,,,3,1,4,2,,,3,1,4,2,Olympique Lyon,FRA,RUS
2011-08-16,2011,Q-PO,1,Twente,SL Benfica,2-2,,,,2,2,3,5,,,2,2,3,5,SL Benfica,NED,POR
2011-08-17,2011,Q-PO,1,Maccabi Haifa,KRC Genk,2-1,,,,2,1,3,3,,,2,1,3,3,KRC Genk,ISR,BEL
2011-08-17,2011,Q-PO,1,Wisla Krakow,APOEL Nikosia,1-0,,,,1,0,2,3,,,1,0,2,3,APOEL Nikosia,POL,CYP
2011-08-17,2011,Q-PO,1,Bayern Munich,FC Zurich,2-0,,,,2,0,3,0,,,2,0,3,0,Bayern Munich,GER,SUI
2011-08-17,2011,Q-PO,1,Dinamo Zagreb,Malmo FF,4-1,,,,4,1,4,3,,,4,1,4,3,Dinamo Zagreb,CRO,SWE
2011-08-17,2011,Q-PO,1,Odense BK,Villarreal,1-0,,,,1,0,1,3,,,1,0,1,3,Villarreal,DEN,ESP
2011-08-23,2011,Q-PO,2,KRC Genk,Maccabi Haifa,2-1,,2-1,4-1,2,1,3,3,2.0,1.0,2,1,3,3,KRC Genk,BEL,ISR
2011-08-23,2011,Q-PO,2,APOEL Nikosia,Wisla Krakow,3-1,,,,3,1,3,2,,,3,1,3,2,APOEL Nikosia,CYP,POL
2011-08-23,2011,Q-PO,2,FC Zurich,Bayern Munich,0-1,,,,0,1,0,3,,,0,1,0,3,Bayern Munich,SUI,GER
2011-08-23,2011,Q-PO,2,Malmo FF,Dinamo Zagreb,2-0,,,,2,0,3,4,,,2,0,3,4,Dinamo Zagreb,SWE,CRO
2011-08-23,2011,Q-PO,2,Villarreal,Odense BK,3-0,,,,3,0,3,1,,,3,0,3,1,Villarreal,ESP,DEN
2011-08-24,2011,Q-PO,2,Udinese,Arsenal,1-2,,,,1,2,1,3,,,1,2,1,3,Arsenal,ITA,ENG
2011-08-24,2011,Q-PO,2,Sturm Graz,BATE Borisov,0-2,,,,0,2,1,3,,,0,2,1,3,BATE Borisov,AUT,BLR
2011-08-24,2011,Q-PO,2,Viktoria Plzen,Kobenhavn,2-1,,,,2,1,5,2,,,2,1,5,2,Viktoria Plzen,CZE,DEN
2011-08-24,2011,Q-PO,2,Rubin Kazan,Olympique Lyon,1-1,,,,1,1,2,4,,,1,1,2,4,Olympique Lyon,RUS,FRA
2011-08-24,2011,Q-PO,2,SL Benfica,Twente,3-1,,,,3,1,5,3,,,3,1,5,3,SL Benfica,POR,NED
2011-09-13,2011,GroupH,groups,Barcelona,AC Milan,2-2,1-1,,,2,2,5,4,,,2,2,5,4,,ESP,ITA
2011-09-13,2011,GroupG,groups,APOEL Nikosia,Zenit St. Petersburg,2-1,0-0,,,2,1,2,1,,,2,1,2,1,,CYP,RUS
2011-09-13,2011,GroupF,groups,Borussia Dortmund,Arsenal,1-1,0-1,,,1,1,2,3,,,1,1,2,3,,GER,ENG
2011-09-13,2011,GroupH,groups,Viktoria Plzen,BATE Borisov,1-1,1-0,,,1,1,2,1,,,1,1,2,1,,CZE,BLR
2011-09-13,2011,GroupE,groups,Chelsea,Bayer Leverkusen,2-0,0-0,,,2,0,3,2,,,2,0,3,2,,ENG,GER
2011-09-13,2011,GroupG,groups,FC Porto,Shakhtar Donetsk,2-1,1-1,,,2,1,4,1,,,2,1,4,1,,POR,UKR
2011-09-13,2011,GroupE,groups,KRC Genk,Valencia CF,0-0,0-0,,,0,0,0,7,,,0,0,0,7,,BEL,ESP
2011-09-13,2011,GroupF,groups,Olympiacos,Olympique Marseille,0-1,0-0,,,0,1,1,1,,,0,1,1,1,,GRE,FRA
2011-09-14,2011,GroupD,groups,AFC Ajax,Olympique Lyon,0-0,0-0,,,0,0,0,0,,,0,0,0,0,,NED,FRA
2011-09-14,2011,GroupC,groups,Basel,Otelul Galati,2-1,1-0,,,2,1,5,3,,,2,1,5,3,,SUI,ROU
2011-09-14,2011,GroupA,groups,Villarreal,Bayern Munich,0-2,0-1,,,0,2,1,5,,,0,2,1,5,,ESP,GER
2011-09-14,2011,GroupB,groups,Lille OSC,CSKA Moskva,2-2,1-0,,,2,2,4,2,,,2,2,4,2,,FRA,RUS
2011-09-14,2011,GroupD,groups,Dinamo Zagreb,Real Madrid,0-1,0-0,,,0,1,2,7,,,0,1,2,7,,CRO,ESP
2011-09-14,2011,GroupB,groups,Internazionale,Trabzonspor,0-1,0-0,,,0,1,1,2,,,0,1,1,2,,ITA,TUR
2011-09-14,2011,GroupA,groups,Manchester City,SSC Napoli,1-1,0-0,,,1,1,2,3,,,1,1,2,3,,ENG,ITA
2011-09-14,2011,GroupC,groups,SL Benfica,Manchester United,1-1,1-1,,,1,1,3,3,,,1,1,3,3,,POR,ENG
2011-09-27,2011,GroupD,groups,Real Madrid,AFC Ajax,3-0,2-0,,,3,0,6,0,,,3,0,6,0,,ESP,NED
2011-09-27,2011,GroupC,groups,Manchester United,Basel,3-3,2-0,,,3,3,4,5,,,3,3,4,5,,ENG,SUI
2011-09-27,2011,GroupA,groups,Bayern Munich,Manchester City,2-0,2-0,,,2,0,2,2,,,2,0,2,2,,GER,ENG
2011-09-27,2011,GroupB,groups,CSKA Moskva,Internazionale,2-3,1-2,,,2,3,4,4,,,2,3,4,4,,RUS,ITA
2011-09-27,2011,GroupD,groups,Olympique Lyon,Dinamo Zagreb,2-0,2-0,,,2,0,9,1,,,2,0,9,1,,FRA,CRO
2011-09-27,2011,GroupB,groups,Trabzonspor,Lille OSC,1-1,0-1,,,1,1,1,1,,,1,1,1,1,,TUR,FRA
2011-09-27,2011,GroupC,groups,Otelul Galati,SL Benfica,0-1,0-1,,,0,1,0,2,,,0,1,0,2,,ROU,POR
2011-09-27,2011,GroupA,groups,SSC Napoli,Villarreal,2-0,2-0,,,2,0,4,0,,,2,0,4,0,,ITA,ESP
2011-09-28,2011,GroupH,groups,AC Milan,Viktoria Plzen,2-0,0-0,,,2,0,4,2,,,2,0,4,2,,ITA,CZE
2011-09-28,2011,GroupG,groups,Shakhtar Donetsk,APOEL Nikosia,1-1,0-0,,,1,1,3,1,,,1,1,3,1,,UKR,CYP
2011-09-28,2011,GroupF,groups,Arsenal,Olympiacos,2-1,2-1,,,2,1,3,4,,,2,1,3,4,,ENG,GRE
2011-09-28,2011,GroupH,groups,BATE Borisov,Barcelona,0-5,0-3,,,0,5,0,9,,,0,5,0,9,,BLR,ESP
2011-09-28,2011,GroupE,groups,Bayer Leverkusen,KRC Genk,2-0,1-0,,,2,0,3,1,,,2,0,3,1,,GER,BEL
2011-09-28,2011,GroupF,groups,Olympique Marseille,Borussia Dortmund,3-0,1-0,,,3,0,6,2,,,3,0,6,2,,FRA,GER
2011-09-28,2011,GroupE,groups,Valencia CF,Chelsea,1-1,0-0,,,1,1,1,4,,,1,1,1,4,,ESP,ENG
2011-09-28,2011,GroupG,groups,Zenit St. Petersburg,FC Porto,3-1,1-1,,,3,1,3,1,,,3,1,3,1,,RUS,POR
2011-10-18,2011,GroupD,groups,Dinamo Zagreb,AFC Ajax,0-2,0-0,,,0,2,0,6,,,0,2,0,6,,CRO,NED
2011-10-18,2011,GroupC,groups,Basel,SL Benfica,0-2,0-1,,,0,2,1,3,,,0,2,1,3,,SUI,POR
2011-10-18,2011,GroupA,groups,SSC Napoli,Bayern Munich,1-1,1-1,,,1,1,3,4,,,1,1,3,4,,ITA,GER
2011-10-18,2011,GroupB,groups,CSKA Moskva,Trabzonspor,3-0,1-0,,,3,0,3,0,,,3,0,3,0,,RUS,TUR
2011-10-18,2011,GroupB,groups,Lille OSC,Internazionale,0-1,0-1,,,0,1,1,3,,,0,1,1,3,,FRA,ITA
2011-10-18,2011,GroupA,groups,Manchester City,Villarreal,2-1,1-1,,,2,1,5,1,,,2,1,5,1,,ENG,ESP
2011-10-18,2011,GroupC,groups,Otelul Galati,Manchester United,0-2,0-0,,,0,2,0,4,,,0,2,0,4,,ROU,ENG
2011-10-18,2011,GroupD,groups,Real Madrid,Olympique Lyon,4-0,1-0,,,4,0,6,0,,,4,0,6,0,,ESP,FRA
2011-10-19,2011,GroupH,groups,AC Milan,BATE Borisov,2-0,1-0,,,2,0,3,1,,,2,0,3,1,,ITA,BLR
2011-10-19,2011,GroupG,groups,FC Porto,APOEL Nikosia,1-1,1-1,,,1,1,2,3,,,1,1,2,3,,POR,CYP
2011-10-19,2011,GroupF,groups,Olympique Marseille,Arsenal,0-1,0-0,,,0,1,0,1,,,0,1,0,1,,FRA,ENG
2011-10-19,2011,GroupH,groups,Barcelona,Viktoria Plzen,2-0,1-0,,,2,0,6,0,,,2,0,6,0,,ESP,CZE
2011-10-19,2011,GroupE,groups,Bayer Leverkusen,Valencia CF,2-1,0-1,,,2,1,3,4,,,2,1,3,4,,GER,ESP
2011-10-19,2011,GroupF,groups,Olympiacos,Borussia Dortmund,3-1,2-1,,,3,1,3,2,,,3,1,3,2,,GRE,GER
2011-10-19,2011,GroupE,groups,Chelsea,KRC Genk,5-0,4-0,,,5,0,6,1,,,5,0,6,1,,ENG,BEL
2011-10-19,2011,GroupG,groups,Shakhtar Donetsk,Zenit St. Petersburg,2-2,2-1,,,2,2,2,3,,,2,2,2,3,,UKR,RUS
2011-11-01,2011,GroupH,groups,BATE Borisov,AC Milan,1-1,0-1,,,1,1,1,3,,,1,1,1,3,,BLR,ITA
2011-11-01,2011,GroupG,groups,APOEL Nikosia,FC Porto,2-1,1-0,,,2,1,3,2,,,2,1,3,2,,CYP,POR
2011-11-01,2011,GroupF,groups,Arsenal,Olympique Marseille,0-0,0-0,,,0,0,1,0,,,0,0,1,0,,ENG,FRA
2011-11-01,2011,GroupH,groups,Viktoria Plzen,Barcelona,0-4,0-2,,,0,4,0,6,,,0,4,0,6,,CZE,ESP
2011-11-01,2011,GroupE,groups,Valencia CF,Bayer Leverkusen,3-1,1-1,,,3,1,4,3,,,3,1,4,3,,ESP,GER
2011-11-01,2011,GroupF,groups,Borussia Dortmund,Olympiacos,1-0,1-0,,,1,0,2,3,,,1,0,2,3,,GER,GRE
2011-11-01,2011,GroupE,groups,KRC Genk,Chelsea,1-1,0-1,,,1,1,1,6,,,1,1,1,6,,BEL,ENG
2011-11-01,2011,GroupG,groups,Zenit St. Petersburg,Shakhtar Donetsk,1-0,1-0,,,1,0,3,2,,,1,0,3,2,,RUS,UKR
2011-11-02,2011,GroupD,groups,AFC Ajax,Dinamo Zagreb,4-0,2-0,,,4,0,6,0,,,4,0,6,0,,NED,CRO
2011-11-02,2011,GroupC,groups,SL Benfica,Basel,1-1,1-0,,,1,1,3,1,,,1,1,3,1,,POR,SUI
2011-11-02,2011,GroupA,groups,Bayern Munich,SSC Napoli,3-2,3-1,,,3,2,4,3,,,3,2,4,3,,GER,ITA
2011-11-02,2011,GroupB,groups,Trabzonspor,CSKA Moskva,0-0,0-0,,,0,0,0,3,,,0,0,0,3,,TUR,RUS
2011-11-02,2011,GroupB,groups,Internazionale,Lille OSC,2-1,1-0,,,2,1,3,1,,,2,1,3,1,,ITA,FRA
2011-11-02,2011,GroupA,groups,Villarreal,Manchester City,0-3,0-2,,,0,3,1,5,,,0,3,1,5,,ESP,ENG
2011-11-02,2011,GroupC,groups,Manchester United,Otelul Galati,2-0,1-0,,,2,0,4,0,,,2,0,4,0,,ENG,ROU
2011-11-02,2011,GroupD,groups,Olympique Lyon,Real Madrid,0-2,0-1,,,0,2,0,6,,,0,2,0,6,,FRA,ESP
2011-11-22,2011,GroupD,groups,Olympique Lyon,AFC Ajax,0-0,0-0,,,0,0,0,0,,,0,0,0,0,,FRA,NED
2011-11-22,2011,GroupC,groups,Otelul Galati,Basel,2-3,0-3,,,2,3,3,5,,,2,3,3,5,,ROU,SUI
2011-11-22,2011,GroupA,groups,Bayern Munich,Villarreal,3-1,2-0,,,3,1,5,1,,,3,1,5,1,,GER,ESP
2011-11-22,2011,GroupB,groups,CSKA Moskva,Lille OSC,0-2,0-0,,,0,2,2,4,,,0,2,2,4,,RUS,FRA
2011-11-22,2011,GroupD,groups,Real Madrid,Dinamo Zagreb,6-2,4-0,,,6,2,7,2,,,6,2,7,2,,ESP,CRO
2011-11-22,2011,GroupB,groups,Trabzonspor,Internazionale,1-1,1-1,,,1,1,2,1,,,1,1,2,1,,TUR,ITA
2011-11-22,2011,GroupA,groups,SSC Napoli,Manchester City,2-1,1-1,,,2,1,3,2,,,2,1,3,2,,ITA,ENG
2011-11-22,2011,GroupC,groups,Manchester United,SL Benfica,2-2,1-1,,,2,2,3,3,,,2,2,3,3,,ENG,POR
2011-11-23,2011,GroupH,groups,AC Milan,Barcelona,2-3,1-2,,,2,3,4,5,,,2,3,4,5,,ITA,ESP
2011-11-23,2011,GroupG,groups,Zenit St. Petersburg,APOEL Nikosia,0-0,0-0,,,0,0,1,2,,,0,0,1,2,,RUS,CYP
2011-11-23,2011,GroupF,groups,Arsenal,Borussia Dortmund,2-1,0-0,,,2,1,3,2,,,2,1,3,2,,ENG,GER
2011-11-23,2011,GroupH,groups,BATE Borisov,Viktoria Plzen,0-1,0-1,,,0,1,1,2,,,0,1,1,2,,BLR,CZE
2011-11-23,2011,GroupE,groups,Bayer Leverkusen,Chelsea,2-1,0-0,,,2,1,2,3,,,2,1,2,3,,GER,ENG
2011-11-23,2011,GroupG,groups,Shakhtar Donetsk,FC Porto,0-2,0-0,,,0,2,1,4,,,0,2,1,4,,UKR,POR
2011-11-23,2011,GroupE,groups,Valencia CF,KRC Genk,7-0,4-0,,,7,0,7,0,,,7,0,7,0,,ESP,BEL
2011-11-23,2011,GroupF,groups,Olympique Marseille,Olympiacos,0-1,0-0,,,0,1,1,1,,,0,1,1,1,,FRA,GRE
2011-12-06,2011,GroupH,groups,Viktoria Plzen,AC Milan,2-2,0-0,,,2,2,2,4,,,2,2,2,4,,CZE,ITA
2011-12-06,2011,GroupG,groups,APOEL Nikosia,Shakhtar Donetsk,0-2,0-0,,,0,2,1,3,,,0,2,1,3,,CYP,UKR
2011-12-06,2011,GroupF,groups,Olympiacos,Arsenal,3-1,2-0,,,3,1,4,3,,,3,1,4,3,,GRE,ENG
2011-12-06,2011,GroupH,groups,Barcelona,BATE Borisov,4-0,1-0,,,4,0,9,0,,,4,0,9,0,,ESP,BLR
2011-12-06,2011,GroupE,groups,KRC Genk,Bayer Leverkusen,1-1,1-0,,,1,1,1,3,,,1,1,1,3,,BEL,GER
2011-12-06,2011,GroupF,groups,Borussia Dortmund,Olympique Marseille,2-3,2-1,,,2,3,2,6,,,2,3,2,6,,GER,FRA
2011-12-06,2011,GroupE,groups,Chelsea,Valencia CF,3-0,2-0,,,3,0,4,1,,,3,0,4,1,,ENG,ESP
2011-12-06,2011,GroupG,groups,FC Porto,Zenit St. Petersburg,0-0,0-0,,,0,0,1,3,,,0,0,1,3,,POR,RUS
2011-12-07,2011,GroupD,groups,AFC Ajax,Real Madrid,0-3,0-2,,,0,3,0,6,,,0,3,0,6,,NED,ESP
2011-12-07,2011,GroupC,groups,Basel,Manchester United,2-1,1-0,,,2,1,5,4,,,2,1,5,4,,SUI,ENG
2011-12-07,2011,GroupA,groups,Manchester City,Bayern Munich,2-0,1-0,,,2,0,2,2,,,2,0,2,2,,ENG,GER
2011-12-07,2011,GroupB,groups,Internazionale,CSKA Moskva,1-2,0-0,,,1,2,4,4,,,1,2,4,4,,ITA,RUS
2011-12-07,2011,GroupD,groups,Dinamo Zagreb,Olympique Lyon,1-7,1-1,,,1,7,1,9,,,1,7,1,9,,CRO,FRA
2011-12-07,2011,GroupB,groups,Lille OSC,Trabzonspor,0-0,0-0,,,0,0,1,1,,,0,0,1,1,,FRA,TUR
2011-12-07,2011,GroupC,groups,SL Benfica,Otelul Galati,1-0,1-0,,,1,0,2,0,,,1,0,2,0,,POR,ROU
2011-12-07,2011,GroupA,groups,Villarreal,SSC Napoli,0-2,0-0,,,0,2,0,4,,,0,2,0,4,,ESP,ITA
2012-02-14,2011,R16,1,Olympique Lyon,APOEL Nikosia,1-0,0-0,,,1,0,1,1,,,1,0,1,1,APOEL Nikosia,FRA,CYP
2012-02-14,2011,R16,1,Bayer Leverkusen,Barcelona,1-3,0-1,,,1,3,2,10,,,1,3,2,10,Barcelona,GER,ESP
2012-02-15,2011,R16,1,AC Milan,Arsenal,4-0,2-0,,,4,0,4,3,,,4,0,4,3,AC Milan,ITA,ENG
2012-02-15,2011,R16,1,Zenit St. Petersburg,SL Benfica,3-2,1-1,,,3,2,3,4,,,3,2,3,4,SL Benfica,RUS,POR
2012-02-21,2011,R16,1,SSC Napoli,Chelsea,3-1,2-1,,,3,1,4,4,,,3,1,4,5,Chelsea,ITA,ENG
2012-02-21,2011,R16,1,CSKA Moskva,Real Madrid,1-1,0-1,,,1,1,2,5,,,1,1,2,5,Real Madrid,RUS,ESP
2012-02-22,2011,R16,1,Olympique Marseille,Internazionale,1-0,0-0,,,1,0,2,2,,,1,0,2,2,Olympique Marseille,FRA,ITA
2012-02-22,2011,R16,1,Basel,Bayern Munich,1-0,0-0,,,1,0,1,7,,,1,0,1,7,Bayern Munich,SUI,GER
2012-03-06,2011,R16,2,Arsenal,AC Milan,3-0,3-0,,,3,0,3,4,,,3,0,3,4,AC Milan,ENG,ITA
2012-03-06,2011,R16,2,SL Benfica,Zenit St. Petersburg,2-0,1-0,,,2,0,4,3,,,2,0,4,3,SL Benfica,POR,RUS
2012-03-07,2011,R16,2,APOEL Nikosia,Olympique Lyon,1-0,1-0,1-0,4-3 ,1,0,1,1,1.0,0.0,1,0,1,1,APOEL Nikosia,CYP,FRA
2012-03-07,2011,R16,2,Barcelona,Bayer Leverkusen,7-1,2-0,,,7,1,10,2,,,7,1,10,2,Barcelona,ESP,GER
2012-03-13,2011,R16,2,Internazionale,Olympique Marseille,2-1,0-0,,away goals,2,1,2,2,,,2,1,2,2,Olympique Marseille,ITA,FRA
2012-03-13,2011,R16,2,Bayern Munich,Basel,7-0,3-0,,,7,0,7,1,,,7,0,7,1,Bayern Munich,GER,SUI
2012-03-14,2011,R16,2,Chelsea,SSC Napoli,3-1,1-0,4-1,,3,1,4,4,4.0,1.0,4,1,5,4,Chelsea,ENG,ITA
2012-03-14,2011,R16,2,Real Madrid,CSKA Moskva,4-1,1-0,,,4,1,5,2,,,4,1,5,2,Real Madrid,ESP,RUS
2012-03-27,2011,QF,1,APOEL Nikosia,Real Madrid,0-3,0-0,,,0,3,2,8,,,0,3,2,8,Real Madrid,CYP,ESP
2012-03-27,2011,QF,1,SL Benfica,Chelsea,0-1,0-0,,,0,1,1,3,,,0,1,1,3,Chelsea,POR,ENG
2012-03-28,2011,QF,1,AC Milan,Barcelona,0-0,0-0,,,0,0,1,3,,,0,0,1,3,Barcelona,ITA,ESP
2012-03-28,2011,QF,1,Olympique Marseille,Bayern Munich,0-2,0-1,,,0,2,0,4,,,0,2,0,4,Bayern Munich,FRA,GER
2012-04-03,2011,QF,2,Barcelona,AC Milan,3-1,2-1,,,3,1,3,1,,,3,1,3,1,Barcelona,ESP,ITA
2012-04-03,2011,QF,2,Bayern Munich,Olympique Marseille,2-0,2-0,,,2,0,4,0,,,2,0,4,0,Bayern Munich,GER,FRA
2012-04-04,2011,QF,2,Real Madrid,APOEL Nikosia,5-2,2-0,,,5,2,8,2,,,5,2,8,2,Real Madrid,ESP,CYP
2012-04-04,2011,QF,2,Chelsea,SL Benfica,2-1,1-0,,,2,1,3,1,,,2,1,3,1,Chelsea,ENG,POR
2012-04-17,2011,SF,1,Bayern Munich,Real Madrid,2-1,1-0,,,2,1,3,3,,,2,1,3,3,Bayern Munich,GER,ESP
2012-04-18,2011,SF,1,Chelsea,Barcelona,1-0,1-0,,,1,0,3,2,,,1,0,3,2,Chelsea,ENG,ESP
2012-04-24,2011,SF,2,Barcelona,Chelsea,2-2,2-1,,,2,2,2,3,,,2,2,2,3,Chelsea,ESP,ENG
2012-04-25,2011,SF,2,Real Madrid,Bayern Munich,2-1,2-1,2-1,1-3 ,2,1,3,3,2.0,1.0,2,1,3,3,Bayern Munich,ESP,GER
2012-05-19,2011,final,,Chelsea,Bayern Munich,1-1,0-0,1-1,4-3,1,1,1,1,1.0,1.0,1,1,1,1,Chelsea,ENG,GER
2012-07-03,2012,Q-1,1,Linfield,B36 Torshavn,0-0,,,,0,0,0,0,,,0,0,0,0,Linfield,NIR,FRO
2012-07-03,2012,Q-1,1,F91 Dudelange,Tre Penne,7-0,,,,7,0,11,0,,,7,0,11,0,F91 Dudelange,LUX,SMR
2012-07-03,2012,Q-1,1,Valletta,Lusitanos,8-0,,,,8,0,9,0,,,8,0,9,0,Valletta,MLT,AND
2012-07-10,2012,Q-1,2,B36 Torshavn,Linfield,0-0,,0-0,3-4,0,0,0,0,0.0,0.0,0,0,0,0,Linfield,FRO,NIR
2012-07-10,2012,Q-1,2,Tre Penne,F91 Dudelange,0-4,,,,0,4,0,11,,,0,4,0,11,F91 Dudelange,SMR,LUX
2012-07-10,2012,Q-1,2,Lusitanos,Valletta,0-1,,,,0,1,0,9,,,0,1,0,9,Valletta,AND,MLT
2012-07-17,2012,Q-2,1,F91 Dudelange,Salzburg,1-0,,,,1,0,4,4,,,1,0,4,4,F91 Dudelange,LUX,AUT
2012-07-17,2012,Q-2,1,Flora Tallinn,Basel,0-2,,,,0,2,0,5,,,0,2,0,5,Basel,EST,SUI
2012-07-17,2012,Q-2,1,Skenderbeu Korce,Debreceni VSC,1-0,,,,1,0,1,3,,,1,0,1,3,Debreceni VSC,ALB,HUN
2012-07-17,2012,Q-2,1,Shamrock Rovers,FK Ekranas,0-0,,,,0,0,1,2,,,0,0,1,2,FK Ekranas,IRL,LTU
2012-07-17,2012,Q-2,1,MSK Zilina,Hapoel Ironi Kiryat Shmona,1-0,,,,1,0,1,2,,,1,0,1,2,Hapoel Ironi Kiryat Shmona,SVK,ISR
2012-07-17,2012,Q-2,1,The New Saints,Helsingborgs IF,0-0,,,,0,0,0,3,,,0,0,0,3,Helsingborgs IF,WAL,SWE
2012-07-17,2012,Q-2,1,HJK Helsinki,KR Reykjavik,7-0,,,,7,0,9,1,,,7,0,9,1,HJK Helsinki,FIN,ISL
2012-07-17,2012,Q-2,1,Neftchi PFC Baku,Zestafoni,3-0,,,,3,0,5,2,,,3,0,5,2,Neftchi PFC Baku,AZE,GEO
2012-07-17,2012,Q-2,1,Slovan Liberec,Shakhter Karagandy,1-0,,,,1,0,2,1,,,1,0,2,1,Slovan Liberec,CZE,KAZ
2012-07-17,2012,Q-2,1,Ulisses,Sheriff Tiraspol,0-1,,,,0,1,0,2,,,0,1,0,2,Sheriff Tiraspol,ARM,MDA
2012-07-17,2012,Q-2,1,Valletta,Partizan Belgrade,1-4,,,,1,4,2,7,,,1,4,2,7,Partizan Belgrade,MLT,SRB
2012-07-18,2012,Q-2,1,AEL Limassol,Linfield,3-0,,,,3,0,3,0,,,3,0,3,0,AEL Limassol,CYP,NIR
2012-07-18,2012,Q-2,1,BATE Borisov,Vardar Skopje,3-2,,,,3,2,3,2,,,3,2,3,2,BATE Borisov,BLR,MKD
2012-07-18,2012,Q-2,1,Buducnost,Slask Wroclaw,0-2,,,,0,2,1,2,,,0,2,1,2,Slask Wroclaw,MNE,POL
2012-07-18,2012,Q-2,1,PFC Ludogorets Razgrad,Dinamo Zagreb,1-1,,,,1,1,3,4,,,1,1,3,4,Dinamo Zagreb,BUL,CRO
2012-07-18,2012,Q-2,1,Molde FK,Ventspils,3-0,,,,3,0,4,1,,,3,0,4,1,Molde FK,NOR,LVA
2012-07-18,2012,Q-2,1,NK Maribor,Zeljeznicar Sarajevo,4-1,,,,4,1,6,2,,,4,1,6,2,NK Maribor,SVN,BIH
2012-07-24,2012,Q-2,2,Salzburg,F91 Dudelange,4-3,,,away goals,4,3,4,4,,,4,3,4,4,F91 Dudelange,AUT,LUX
2012-07-24,2012,Q-2,2,Basel,Flora Tallinn,3-0,,,,3,0,5,0,,,3,0,5,0,Basel,SUI,EST
2012-07-24,2012,Q-2,2,Debreceni VSC,Skenderbeu Korce,3-0,,,,3,0,3,1,,,3,0,3,1,Debreceni VSC,HUN,ALB
2012-07-24,2012,Q-2,2,FK Ekranas,Shamrock Rovers,2-1,,,,2,1,2,1,,,2,1,2,1,FK Ekranas,LTU,IRL
2012-07-24,2012,Q-2,2,Hapoel Ironi Kiryat Shmona,MSK Zilina,2-0,,,,2,0,2,1,,,2,0,2,1,Hapoel Ironi Kiryat Shmona,ISR,SVK
2012-07-24,2012,Q-2,2,KR Reykjavik,HJK Helsinki,1-2,,,,1,2,1,9,,,1,2,1,9,HJK Helsinki,ISL,FIN
2012-07-24,2012,Q-2,2,Ventspils,Molde FK,1-1,,,,1,1,1,4,,,1,1,1,4,Molde FK,LVA,NOR
2012-07-24,2012,Q-2,2,Zestafoni,Neftchi PFC Baku,2-2,,,,2,2,2,5,,,2,2,2,5,Neftchi PFC Baku,GEO,AZE
2012-07-24,2012,Q-2,2,Zeljeznicar Sarajevo,NK Maribor,1-2,,,,1,2,2,6,,,1,2,2,6,NK Maribor,BIH,SVN
2012-07-24,2012,Q-2,2,Shakhter Karagandy,Slovan Liberec,1-1,,,,1,1,1,2,,,1,1,1,2,Slovan Liberec,KAZ,CZE
2012-07-24,2012,Q-2,2,Sheriff Tiraspol,Ulisses,1-0,,,,1,0,2,0,,,1,0,2,0,Sheriff Tiraspol,MDA,ARM
2012-07-24,2012,Q-2,2,Partizan Belgrade,Valletta,3-1,,,,3,1,7,2,,,3,1,7,2,Partizan Belgrade,SRB,MLT
2012-07-25,2012,Q-2,2,Linfield,AEL Limassol,0-0,,,,0,0,0,3,,,0,0,0,3,AEL Limassol,NIR,CYP
2012-07-25,2012,Q-2,2,Vardar Skopje,BATE Borisov,0-0,,,,0,0,2,3,,,0,0,2,3,BATE Borisov,MKD,BLR
2012-07-25,2012,Q-2,2,Slask Wroclaw,Buducnost,0-1,,,,0,1,2,1,,,0,1,2,1,Slask Wroclaw,POL,MNE
2012-07-25,2012,Q-2,2,Dinamo Zagreb,PFC Ludogorets Razgrad,3-2,,,,3,2,4,3,,,3,2,4,3,Dinamo Zagreb,CRO,BUL
2012-07-25,2012,Q-2,2,Helsingborgs IF,The New Saints,3-0,,,,3,0,3,0,,,3,0,3,0,Helsingborgs IF,SWE,WAL
2012-07-31,2012,Q-3,1,Dinamo Kiev,Feyenoord,2-1,,,,2,1,3,1,,,2,1,3,1,Dinamo Kiev,UKR,NED
2012-07-31,2012,Q-3,1,Motherwell,Panathinaikos,0-2,,,,0,2,0,5,,,0,2,0,5,Panathinaikos,SCO,GRE
2012-08-01,2012,Q-3,1,Molde FK,Basel,0-1,,,,0,1,1,2,,,0,1,1,2,Basel,NOR,SUI
2012-08-01,2012,Q-3,1,BATE Borisov,Debreceni VSC,1-1,,,,1,1,3,1,,,1,1,3,1,BATE Borisov,BLR,HUN
2012-08-01,2012,Q-3,1,Celtic,HJK Helsinki,2-1,,,,2,1,4,1,,,2,1,4,1,Celtic,SCO,FIN
2012-08-01,2012,Q-3,1,CFR Cluj,Slovan Liberec,1-0,,,,1,0,3,1,,,1,0,3,1,CFR Cluj,ROU,CZE
2012-08-01,2012,Q-3,1,Kobenhavn,Club Brugge,0-0,,,,0,0,3,2,,,0,0,3,2,Kobenhavn,DEN,BEL
2012-08-01,2012,Q-3,1,Sheriff Tiraspol,Dinamo Zagreb,0-1,,,,0,1,0,5,,,0,1,0,5,Dinamo Zagreb,MDA,CRO
2012-08-01,2012,Q-3,1,NK Maribor,F91 Dudelange,4-1,,,,4,1,5,1,,,4,1,5,1,NK Maribor,SVN,LUX
2012-08-01,2012,Q-3,1,Fenerbahce,Vaslui,1-1,,,,1,1,5,2,,,1,1,5,2,Fenerbahce,TUR,ROU
2012-08-01,2012,Q-3,1,RSC Anderlecht,FK Ekranas,5-0,,,,5,0,11,0,,,5,0,11,0,RSC Anderlecht,BEL,LTU
2012-08-01,2012,Q-3,1,Hapoel Ironi Kiryat Shmona,Neftchi PFC Baku,4-0,,,,4,0,6,2,,,4,0,6,2,Hapoel Ironi Kiryat Shmona,ISR,AZE
2012-08-01,2012,Q-3,1,Slask Wroclaw,Helsingborgs IF,0-3,,,,0,3,1,6,,,0,3,1,6,Helsingborgs IF,POL,SWE
2012-08-01,2012,Q-3,1,AEL Limassol,Partizan Belgrade,1-0,,,,1,0,2,0,,,1,0,2,0,AEL Limassol,CYP,SRB
2012-08-07,2012,Q-3,2,Debreceni VSC,BATE Borisov,0-2,,,,0,2,1,3,,,0,2,1,3,BATE Borisov,HUN,BLR
2012-08-07,2012,Q-3,2,Feyenoord,Dinamo Kiev,0-1,,,,0,1,1,3,,,0,1,1,3,Dinamo Kiev,NED,UKR
2012-08-08,2012,Q-3,2,Basel,Molde FK,1-1,,,,1,1,2,1,,,1,1,2,1,Basel,SUI,NOR
2012-08-08,2012,Q-3,2,HJK Helsinki,Celtic,0-2,,,,0,2,1,4,,,0,2,1,4,Celtic,FIN,SCO
2012-08-08,2012,Q-3,2,Slovan Liberec,CFR Cluj,1-2,,,,1,2,1,3,,,1,2,1,3,CFR Cluj,CZE,ROU
2012-08-08,2012,Q-3,2,Club Brugge,Kobenhavn,2-3,,,,2,3,2,3,,,2,3,2,3,Kobenhavn,BEL,DEN
2012-08-08,2012,Q-3,2,Dinamo Zagreb,Sheriff Tiraspol,4-0,,,,4,0,5,0,,,4,0,5,0,Dinamo Zagreb,CRO,MDA
2012-08-08,2012,Q-3,2,F91 Dudelange,NK Maribor,0-1,,,,0,1,1,5,,,0,1,1,5,NK Maribor,LUX,SVN
2012-08-08,2012,Q-3,2,Vaslui,Fenerbahce,1-4,,,,1,4,2,5,,,1,4,2,5,Fenerbahce,ROU,TUR
2012-08-08,2012,Q-3,2,FK Ekranas,RSC Anderlecht,0-6,,,,0,6,0,11,,,0,6,0,11,RSC Anderlecht,LTU,BEL
2012-08-08,2012,Q-3,2,Neftchi PFC Baku,Hapoel Ironi Kiryat Shmona,2-2,,,,2,2,2,6,,,2,2,2,6,Hapoel Ironi Kiryat Shmona,AZE,ISR
2012-08-08,2012,Q-3,2,Helsingborgs IF,Slask Wroclaw,3-1,,,,3,1,6,1,,,3,1,6,1,Helsingborgs IF,SWE,POL
2012-08-08,2012,Q-3,2,Panathinaikos,Motherwell,3-0,,,,3,0,5,0,,,3,0,5,0,Panathinaikos,GRE,SCO
2012-08-08,2012,Q-3,2,Partizan Belgrade,AEL Limassol,0-1,,,,0,1,0,2,,,0,1,0,2,AEL Limassol,SRB,CYP
2012-08-21,2012,Q-PO,1,Basel,CFR Cluj,1-2,,,,1,2,1,3,,,1,2,1,3,CFR Cluj,SUI,ROU
2012-08-21,2012,Q-PO,1,Borussia Monchengladbach,Dinamo Kiev,1-3,,,,1,3,3,4,,,1,3,3,4,Dinamo Kiev,GER,UKR
2012-08-21,2012,Q-PO,1,Helsingborgs IF,Celtic,0-2,,,,0,2,0,4,,,0,2,0,4,Celtic,SWE,SCO
2012-08-21,2012,Q-PO,1,Spartak Moskva,Fenerbahce,2-1,,,,2,1,3,2,,,2,1,3,2,Spartak Moskva,RUS,TUR
2012-08-21,2012,Q-PO,1,Kobenhavn,Lille OSC,1-0,,,,1,0,1,1,,,1,0,1,2,Lille OSC,DEN,FRA
2012-08-22,2012,Q-PO,1,Sporting Braga,Udinese,1-1,,,,1,1,2,2,,,1,1,2,2,Sporting Braga,POR,ITA
2012-08-22,2012,Q-PO,1,AEL Limassol,RSC Anderlecht,2-1,,,,2,1,2,3,,,2,1,2,3,RSC Anderlecht,CYP,BEL
2012-08-22,2012,Q-PO,1,BATE Borisov,Hapoel Ironi Kiryat Shmona,2-0,,,,2,0,3,1,,,2,0,3,1,BATE Borisov,BLR,ISR
2012-08-22,2012,Q-PO,1,Dinamo Zagreb,NK Maribor,2-1,,,,2,1,3,1,,,2,1,3,1,Dinamo Zagreb,CRO,SVN
2012-08-22,2012,Q-PO,1,Malaga CF,Panathinaikos,2-0,,,,2,0,2,0,,,2,0,2,0,Malaga CF,ESP,GRE
2012-08-28,2012,Q-PO,2,Udinese,Sporting Braga,1-1,,1-1,4-5,1,1,2,2,1.0,1.0,1,1,2,2,Sporting Braga,ITA,POR
2012-08-28,2012,Q-PO,2,RSC Anderlecht,AEL Limassol,2-0,,,,2,0,3,2,,,2,0,3,2,RSC Anderlecht,BEL,CYP
2012-08-28,2012,Q-PO,2,Hapoel Ironi Kiryat Shmona,BATE Borisov,1-1,,,,1,1,1,3,,,1,1,1,3,BATE Borisov,ISR,BLR
2012-08-28,2012,Q-PO,2,NK Maribor,Dinamo Zagreb,0-1,,,,0,1,1,3,,,0,1,1,3,Dinamo Zagreb,SVN,CRO
2012-08-28,2012,Q-PO,2,Panathinaikos,Malaga CF,0-0,,,,0,0,0,2,,,0,0,0,2,Malaga CF,GRE,ESP
2012-08-29,2012,Q-PO,2,CFR Cluj,Basel,1-0,,,,1,0,3,1,,,1,0,3,1,CFR Cluj,ROU,SUI
2012-08-29,2012,Q-PO,2,Dinamo Kiev,Borussia Monchengladbach,1-2,,,,1,2,4,3,,,1,2,4,3,Dinamo Kiev,UKR,GER
2012-08-29,2012,Q-PO,2,Celtic,Helsingborgs IF,2-0,,,,2,0,4,0,,,2,0,4,0,Celtic,SCO,SWE
2012-08-29,2012,Q-PO,2,Fenerbahce,Spartak Moskva,1-1,,,,1,1,2,3,,,1,1,2,3,Spartak Moskva,TUR,RUS
2012-08-29,2012,Q-PO,2,Lille OSC,Kobenhavn,1-0,,2-0,,1,0,1,1,2.0,0.0,2,0,2,1,Lille OSC,FRA,DEN
2012-09-18,2012,GroupC,groups,AC Milan,RSC Anderlecht,0-0,0-0,,,0,0,3,1,,,0,0,3,1,,ITA,BEL
2012-09-18,2012,GroupD,groups,Borussia Dortmund,AFC Ajax,1-0,0-0,,,1,0,5,1,,,1,0,5,1,,GER,NED
2012-09-18,2012,GroupB,groups,Montpellier HSC,Arsenal,1-2,1-2,,,1,2,1,4,,,1,2,1,4,,FRA,ENG
2012-09-18,2012,GroupA,groups,Paris Saint-Germain,Dinamo Kiev,4-1,3-0,,,4,1,6,1,,,4,1,6,1,,FRA,UKR
2012-09-18,2012,GroupA,groups,Dinamo Zagreb,FC Porto,0-2,0-1,,,0,2,0,5,,,0,2,0,5,,CRO,POR
2012-09-18,2012,GroupC,groups,Malaga CF,Zenit St. Petersburg,3-0,2-0,,,3,0,5,2,,,3,0,5,2,,ESP,RUS
2012-09-18,2012,GroupD,groups,Real Madrid,Manchester City,3-2,0-0,,,3,2,4,3,,,3,2,4,3,,ESP,ENG
2012-09-18,2012,GroupB,groups,Olympiacos,Schalke 04,1-2,0-1,,,1,2,1,3,,,1,2,1,3,,GRE,GER
2012-09-19,2012,GroupG,groups,Barcelona,Spartak Moskva,3-2,1-1,,,3,2,6,2,,,3,2,6,2,,ESP,RUS
2012-09-19,2012,GroupF,groups,Lille OSC,BATE Borisov,1-3,0-3,,,1,3,3,3,,,1,3,3,3,,FRA,BLR
2012-09-19,2012,GroupF,groups,Bayern Munich,Valencia CF,2-1,1-0,,,2,1,3,2,,,2,1,3,2,,GER,ESP
2012-09-19,2012,GroupG,groups,Celtic,SL Benfica,0-0,0-0,,,0,0,1,2,,,0,0,1,2,,SCO,POR
2012-09-19,2012,GroupH,groups,Sporting Braga,CFR Cluj,0-2,0-2,,,0,2,1,5,,,0,2,1,5,,POR,ROU
2012-09-19,2012,GroupE,groups,Chelsea,Juventus,2-2,2-1,,,2,2,2,5,,,2,2,2,5,,ENG,ITA
2012-09-19,2012,GroupH,groups,Manchester United,Galatasaray,1-0,1-0,,,1,0,1,1,,,1,0,1,1,,ENG,TUR
2012-09-19,2012,GroupE,groups,Shakhtar Donetsk,Nordsjaelland,2-0,1-0,,,2,0,7,2,,,2,0,7,2,,UKR,DEN
2012-10-02,2012,GroupG,groups,SL Benfica,Barcelona,0-2,0-1,,,0,2,0,2,,,0,2,0,2,,POR,ESP
2012-10-02,2012,GroupF,groups,BATE Borisov,Bayern Munich,3-1,1-0,,,3,1,4,5,,,3,1,4,5,,BLR,GER
2012-10-02,2012,GroupG,groups,Spartak Moskva,Celtic,2-3,1-1,,,2,3,3,5,,,2,3,3,5,,RUS,SCO
2012-10-02,2012,GroupH,groups,CFR Cluj,Manchester United,1-2,1-1,,,1,2,2,2,,,1,2,2,2,,ROU,ENG
2012-10-02,2012,GroupE,groups,Nordsjaelland,Chelsea,0-4,0-1,,,0,4,1,10,,,0,4,1,10,,DEN,ENG
2012-10-02,2012,GroupH,groups,Galatasaray,Sporting Braga,0-2,0-1,,,0,2,2,3,,,0,2,2,3,,TUR,POR
2012-10-02,2012,GroupE,groups,Juventus,Shakhtar Donetsk,1-1,1-1,,,1,1,2,1,,,1,1,2,1,,ITA,UKR
2012-10-02,2012,GroupF,groups,Valencia CF,Lille OSC,2-0,1-0,,,2,0,3,0,,,2,0,3,0,,ESP,FRA
2012-10-03,2012,GroupC,groups,Zenit St. Petersburg,AC Milan,2-3,1-2,,,2,3,3,3,,,2,3,3,3,,RUS,ITA
2012-10-03,2012,GroupD,groups,AFC Ajax,Real Madrid,1-4,0-1,,,1,4,2,8,,,1,4,2,8,,NED,ESP
2012-10-03,2012,GroupB,groups,Arsenal,Olympiacos,3-1,1-1,,,3,1,4,3,,,3,1,4,3,,ENG,GRE
2012-10-03,2012,GroupD,groups,Manchester City,Borussia Dortmund,1-1,0-0,,,1,1,1,2,,,1,1,1,2,,ENG,GER
2012-10-03,2012,GroupA,groups,Dinamo Kiev,Dinamo Zagreb,2-0,2-0,,,2,0,3,1,,,2,0,3,1,,UKR,CRO
2012-10-03,2012,GroupA,groups,FC Porto,Paris Saint-Germain,1-0,0-0,,,1,0,2,2,,,1,0,2,2,,POR,FRA
2012-10-03,2012,GroupC,groups,RSC Anderlecht,Malaga CF,0-3,0-1,,,0,3,2,5,,,0,3,2,5,,BEL,ESP
2012-10-03,2012,GroupB,groups,Schalke 04,Montpellier HSC,2-2,1-1,,,2,2,3,3,,,2,2,3,3,,GER,FRA
2012-10-23,2012,GroupG,groups,Barcelona,Celtic,2-1,1-1,,,2,1,3,3,,,2,1,3,3,,ESP,SCO
2012-10-23,2012,GroupF,groups,BATE Borisov,Valencia CF,0-3,0-1,,,0,3,2,7,,,0,3,2,7,,BLR,ESP
2012-10-23,2012,GroupF,groups,Lille OSC,Bayern Munich,0-1,0-1,,,0,1,1,7,,,0,1,1,7,,FRA,GER
2012-10-23,2012,GroupH,groups,Galatasaray,CFR Cluj,1-1,0-1,,,1,1,4,2,,,1,1,4,2,,TUR,ROU
2012-10-23,2012,GroupE,groups,Shakhtar Donetsk,Chelsea,2-1,1-0,,,2,1,4,4,,,2,1,4,4,,UKR,ENG
2012-10-23,2012,GroupE,groups,Nordsjaelland,Juventus,1-1,0-0,,,1,1,1,5,,,1,1,1,5,,DEN,ITA
2012-10-23,2012,GroupH,groups,Manchester United,Sporting Braga,3-2,1-2,,,3,2,6,3,,,3,2,6,3,,ENG,POR
2012-10-23,2012,GroupG,groups,Spartak Moskva,SL Benfica,2-1,2-1,,,2,1,2,3,,,2,1,2,3,,RUS,POR
2012-10-24,2012,GroupD,groups,Borussia Dortmund,Real Madrid,2-1,1-1,,,2,1,4,3,,,2,1,4,3,,GER,ESP
2012-10-24,2012,GroupC,groups,Malaga CF,AC Milan,1-0,0-0,,,1,0,2,1,,,1,0,2,1,,ESP,ITA
2012-10-24,2012,GroupD,groups,AFC Ajax,Manchester City,3-1,1-1,,,3,1,5,3,,,3,1,5,3,,NED,ENG
2012-10-24,2012,GroupB,groups,Arsenal,Schalke 04,0-2,0-0,,,0,2,2,4,,,0,2,2,4,,ENG,GER
2012-10-24,2012,GroupA,groups,FC Porto,Dinamo Kiev,3-2,2-1,,,3,2,3,2,,,3,2,3,2,,POR,UKR
2012-10-24,2012,GroupA,groups,Dinamo Zagreb,Paris Saint-Germain,0-2,0-2,,,0,2,0,6,,,0,2,0,6,,CRO,FRA
2012-10-24,2012,GroupB,groups,Montpellier HSC,Olympiacos,1-2,0-0,,,1,2,2,5,,,1,2,2,5,,FRA,GRE
2012-10-24,2012,GroupC,groups,Zenit St. Petersburg,RSC Anderlecht,1-0,0-0,,,1,0,1,1,,,1,0,1,1,,RUS,BEL
2012-11-06,2012,GroupD,groups,Real Madrid,Borussia Dortmund,2-2,1-2,,,2,2,3,4,,,2,2,3,4,,ESP,GER
2012-11-06,2012,GroupC,groups,AC Milan,Malaga CF,1-1,0-1,,,1,1,1,2,,,1,1,1,2,,ITA,ESP
2012-11-06,2012,GroupD,groups,Manchester City,AFC Ajax,2-2,1-2,,,2,2,3,5,,,2,2,3,5,,ENG,NED
2012-11-06,2012,GroupB,groups,Schalke 04,Arsenal,2-2,1-2,,,2,2,4,2,,,2,2,4,2,,GER,ENG
2012-11-06,2012,GroupA,groups,Dinamo Kiev,FC Porto,0-0,0-0,,,0,0,2,3,,,0,0,2,3,,UKR,POR
2012-11-06,2012,GroupA,groups,Paris Saint-Germain,Dinamo Zagreb,4-0,1-0,,,4,0,6,0,,,4,0,6,0,,FRA,CRO
2012-11-06,2012,GroupB,groups,Olympiacos,Montpellier HSC,3-1,1-0,,,3,1,5,2,,,3,1,5,2,,GRE,FRA
2012-11-06,2012,GroupC,groups,RSC Anderlecht,Zenit St. Petersburg,1-0,1-0,,,1,0,1,1,,,1,0,1,1,,BEL,RUS
2012-11-07,2012,GroupG,groups,Celtic,Barcelona,2-1,1-0,,,2,1,3,3,,,2,1,3,3,,SCO,ESP
2012-11-07,2012,GroupF,groups,Valencia CF,BATE Borisov,4-2,2-0,,,4,2,7,2,,,4,2,7,2,,ESP,BLR
2012-11-07,2012,GroupF,groups,Bayern Munich,Lille OSC,6-1,5-0,,,6,1,7,1,,,6,1,7,1,,GER,FRA
2012-11-07,2012,GroupH,groups,CFR Cluj,Galatasaray,1-3,0-1,,,1,3,2,4,,,1,3,2,4,,ROU,TUR
2012-11-07,2012,GroupE,groups,Chelsea,Shakhtar Donetsk,3-2,2-1,,,3,2,4,4,,,3,2,4,4,,ENG,UKR
2012-11-07,2012,GroupE,groups,Juventus,Nordsjaelland,4-0,3-0,,,4,0,5,1,,,4,0,5,1,,ITA,DEN
2012-11-07,2012,GroupH,groups,Sporting Braga,Manchester United,1-3,0-0,,,1,3,3,6,,,1,3,3,6,,POR,ENG
2012-11-07,2012,GroupG,groups,SL Benfica,Spartak Moskva,2-0,0-0,,,2,0,3,2,,,2,0,3,2,,POR,RUS
2012-11-20,2012,GroupG,groups,Spartak Moskva,Barcelona,0-3,0-3,,,0,3,2,6,,,0,3,2,6,,RUS,ESP
2012-11-20,2012,GroupF,groups,BATE Borisov,Lille OSC,0-2,0-2,,,0,2,3,3,,,0,2,3,3,,BLR,FRA
2012-11-20,2012,GroupF,groups,Valencia CF,Bayern Munich,1-1,0-0,,,1,1,2,3,,,1,1,2,3,,ESP,GER
2012-11-20,2012,GroupG,groups,SL Benfica,Celtic,2-1,1-1,,,2,1,2,1,,,2,1,2,1,,POR,SCO
2012-11-20,2012,GroupH,groups,CFR Cluj,Sporting Braga,3-1,3-1,,,3,1,5,1,,,3,1,5,1,,ROU,POR
2012-11-20,2012,GroupE,groups,Juventus,Chelsea,3-0,1-0,,,3,0,5,2,,,3,0,5,2,,ITA,ENG
2012-11-20,2012,GroupH,groups,Galatasaray,Manchester United,1-0,0-0,,,1,0,1,1,,,1,0,1,1,,TUR,ENG
2012-11-20,2012,GroupE,groups,Nordsjaelland,Shakhtar Donetsk,2-5,2-2,,,2,5,2,7,,,2,5,2,7,,DEN,UKR
2012-11-21,2012,GroupC,groups,RSC Anderlecht,AC Milan,1-3,0-0,,,1,3,1,3,,,1,3,1,3,,BEL,ITA
2012-11-21,2012,GroupD,groups,AFC Ajax,Borussia Dortmund,1-4,0-3,,,1,4,1,5,,,1,4,1,5,,NED,GER
2012-11-21,2012,GroupB,groups,Arsenal,Montpellier HSC,2-0,0-0,,,2,0,4,1,,,2,0,4,1,,ENG,FRA
2012-11-21,2012,GroupA,groups,Dinamo Kiev,Paris Saint-Germain,0-2,0-1,,,0,2,1,6,,,0,2,1,6,,UKR,FRA
2012-11-21,2012,GroupA,groups,FC Porto,Dinamo Zagreb,3-0,1-0,,,3,0,5,0,,,3,0,5,0,,POR,CRO
2012-11-21,2012,GroupC,groups,Zenit St. Petersburg,Malaga CF,2-2,0-2,,,2,2,2,5,,,2,2,2,5,,RUS,ESP
2012-11-21,2012,GroupD,groups,Manchester City,Real Madrid,1-1,0-1,,,1,1,3,4,,,1,1,3,4,,ENG,ESP
2012-11-21,2012,GroupB,groups,Schalke 04,Olympiacos,1-0,0-0,,,1,0,3,1,,,1,0,3,1,,GER,GRE
2012-12-04,2012,GroupC,groups,AC Milan,Zenit St. Petersburg,0-1,0-1,,,0,1,3,3,,,0,1,3,3,,ITA,RUS
2012-12-04,2012,GroupD,groups,Real Madrid,AFC Ajax,4-1,2-0,,,4,1,8,2,,,4,1,8,2,,ESP,NED
2012-12-04,2012,GroupB,groups,Olympiacos,Arsenal,2-1,0-1,,,2,1,3,4,,,2,1,3,4,,GRE,ENG
2012-12-04,2012,GroupD,groups,Borussia Dortmund,Manchester City,1-0,0-0,,,1,0,2,1,,,1,0,2,1,,GER,ENG
2012-12-04,2012,GroupA,groups,Dinamo Zagreb,Dinamo Kiev,1-1,0-1,,,1,1,1,3,,,1,1,1,3,,CRO,UKR
2012-12-04,2012,GroupA,groups,Paris Saint-Germain,FC Porto,2-1,1-1,,,2,1,2,2,,,2,1,2,2,,FRA,POR
2012-12-04,2012,GroupC,groups,Malaga CF,RSC Anderlecht,2-2,1-0,,,2,2,5,2,,,2,2,5,2,,ESP,BEL
2012-12-04,2012,GroupB,groups,Montpellier HSC,Schalke 04,1-1,0-0,,,1,1,3,3,,,1,1,3,3,,FRA,GER
2012-12-05,2012,GroupG,groups,Barcelona,SL Benfica,0-0,0-0,,,0,0,2,0,,,0,0,2,0,,ESP,POR
2012-12-05,2012,GroupF,groups,Bayern Munich,BATE Borisov,4-1,1-0,,,4,1,5,4,,,4,1,5,4,,GER,BLR
2012-12-05,2012,GroupG,groups,Celtic,Spartak Moskva,2-1,1-1,,,2,1,5,3,,,2,1,5,3,,SCO,RUS
2012-12-05,2012,GroupH,groups,Manchester United,CFR Cluj,0-1,0-0,,,0,1,2,2,,,0,1,2,2,,ENG,ROU
2012-12-05,2012,GroupE,groups,Chelsea,Nordsjaelland,6-1,2-0,,,6,1,10,1,,,6,1,10,1,,ENG,DEN
2012-12-05,2012,GroupH,groups,Sporting Braga,Galatasaray,1-2,1-0,,,1,2,3,2,,,1,2,3,2,,POR,TUR
2012-12-05,2012,GroupE,groups,Shakhtar Donetsk,Juventus,0-1,0-0,,,0,1,1,2,,,0,1,1,2,,UKR,ITA
2012-12-05,2012,GroupF,groups,Lille OSC,Valencia CF,0-1,0-1,,,0,1,0,3,,,0,1,0,3,,FRA,ESP
2013-02-12,2012,R16,1,Celtic,Juventus,0-3,0-1,,,0,3,0,5,,,0,3,0,5,Juventus,SCO,ITA
2013-02-12,2012,R16,1,Valencia CF,Paris Saint-Germain,1-2,0-2,,,1,2,2,3,,,1,2,2,3,Paris Saint-Germain,ESP,FRA
2013-02-13,2012,R16,1,Shakhtar Donetsk,Borussia Dortmund,2-2,1-1,,,2,2,2,5,,,2,2,2,5,Borussia Dortmund,UKR,GER
2013-02-13,2012,R16,1,Real Madrid,Manchester United,1-1,1-1,,,1,1,3,2,,,1,1,3,2,Real Madrid,ESP,ENG
2013-02-19,2012,R16,1,Arsenal,Bayern Munich,1-3,0-2,,,1,3,3,3,,,1,3,3,3,Bayern Munich,ENG,GER
2013-02-19,2012,R16,1,FC Porto,Malaga CF,1-0,0-0,,,1,0,1,2,,,1,0,1,2,Malaga CF,POR,ESP
2013-02-20,2012,R16,1,AC Milan,Barcelona,2-0,0-0,,,2,0,2,4,,,2,0,2,4,Barcelona,ITA,ESP
2013-02-20,2012,R16,1,Galatasaray,Schalke 04,1-1,1-1,,,1,1,4,3,,,1,1,4,3,Galatasaray,TUR,GER
2013-03-05,2012,R16,2,Borussia Dortmund,Shakhtar Donetsk,3-0,2-0,,,3,0,5,2,,,3,0,5,2,Borussia Dortmund,GER,UKR
2013-03-05,2012,R16,2,Manchester United,Real Madrid,1-2,0-0,,,1,2,2,3,,,1,2,2,3,Real Madrid,ENG,ESP
2013-03-06,2012,R16,2,Juventus,Celtic,2-0,1-0,,,2,0,5,0,,,2,0,5,0,Juventus,ITA,SCO
2013-03-06,2012,R16,2,Paris Saint-Germain,Valencia CF,1-1,0-0,,,1,1,3,2,,,1,1,3,2,Paris Saint-Germain,FRA,ESP
2013-03-12,2012,R16,2,Barcelona,AC Milan,4-0,2-0,,,4,0,4,2,,,4,0,4,2,Barcelona,ESP,ITA
2013-03-12,2012,R16,2,Schalke 04,Galatasaray,2-3,1-2,,,2,3,3,4,,,2,3,3,4,Galatasaray,GER,TUR
2013-03-13,2012,R16,2,Bayern Munich,Arsenal,0-2,0-1,,away goals,0,2,3,3,,,0,2,3,3,Bayern Munich,GER,ENG
2013-03-13,2012,R16,2,Malaga CF,FC Porto,2-0,1-0,,,2,0,2,1,,,2,0,2,1,Malaga CF,ESP,POR
2013-04-02,2012,QF,1,Paris Saint-Germain,Barcelona,2-2,0-1,,,2,2,3,3,,,2,2,3,3,Barcelona,FRA,ESP
2013-04-02,2012,QF,1,Bayern Munich,Juventus,2-0,1-0,,,2,0,4,0,,,2,0,4,0,Bayern Munich,GER,ITA
2013-04-03,2012,QF,1,Malaga CF,Borussia Dortmund,0-0,0-0,,,0,0,2,3,,,0,0,2,3,Borussia Dortmund,ESP,GER
2013-04-03,2012,QF,1,Real Madrid,Galatasaray,3-0,2-0,,,3,0,5,3,,,3,0,5,3,Real Madrid,ESP,TUR
2013-04-09,2012,QF,2,Borussia Dortmund,Malaga CF,3-2,1-1,,,3,2,3,2,,,3,2,3,2,Borussia Dortmund,GER,ESP
2013-04-09,2012,QF,2,Galatasaray,Real Madrid,3-2,0-1,,,3,2,3,5,,,3,2,3,5,Real Madrid,TUR,ESP
2013-04-10,2012,QF,2,Barcelona,Paris Saint-Germain,1-1,0-0,,away goals,1,1,3,3,,,1,1,3,3,Barcelona,ESP,FRA
2013-04-10,2012,QF,2,Juventus,Bayern Munich,0-2,0-0,,,0,2,0,4,,,0,2,0,4,Bayern Munich,ITA,GER
2013-04-23,2012,SF,1,Bayern Munich,Barcelona,4-0,1-0,,,4,0,7,0,,,4,0,7,0,Bayern Munich,GER,ESP
2013-04-24,2012,SF,1,Borussia Dortmund,Real Madrid,4-1,1-1,,,4,1,4,3,,,4,1,4,3,Borussia Dortmund,GER,ESP
2013-04-30,2012,SF,2,Real Madrid,Borussia Dortmund,2-0,0-0,,,2,0,3,4,,,2,0,3,4,Borussia Dortmund,ESP,GER
2013-05-01,2012,SF,2,Barcelona,Bayern Munich,0-3,0-0,,,0,3,0,7,,,0,3,0,7,Bayern Munich,ESP,GER
2013-05-25,2012,final,,Bayern Munich,Borussia Dortmund,2-1,0-0,,,2,1,2,1,,,2,1,2,1,Bayern Munich,GER,GER
2013-07-02,2013,Q-1,1,Lusitanos,EB / Streymur,2-2,,,,2,2,3,7,,,2,2,3,7,EB / Streymur,AND,FRO
2013-07-02,2013,Q-1,1,Shirak,Tre Penne,3-0,,,,3,0,3,1,,,3,0,3,1,Shirak,ARM,SMR
2013-07-09,2013,Q-1,2,EB / Streymur,Lusitanos,5-1,,,,5,1,7,3,,,5,1,7,3,EB / Streymur,FRO,AND
2013-07-09,2013,Q-1,2,Tre Penne,Shirak,1-0,,,,1,0,1,3,,,1,0,1,3,Shirak,SMR,ARM
2013-07-16,2013,Q-2,1,BATE Borisov,Shakhter Karagandy,0-1,,,,0,1,0,2,,,0,1,0,2,Shakhter Karagandy,BLR,KAZ
2013-07-16,2013,Q-2,1,Birkirkara,NK Maribor,0-0,,,,0,0,0,2,,,0,0,0,2,NK Maribor,MLT,SVN
2013-07-16,2013,Q-2,1,Dinamo Tbilisi,EB / Streymur,6-1,,,,6,1,9,2,,,6,1,9,2,Dinamo Tbilisi,GEO,FRO
2013-07-16,2013,Q-2,1,Fola Esch,Dinamo Zagreb,0-5,,,,0,5,0,6,,,0,5,0,6,Dinamo Zagreb,LUX,CRO
2013-07-16,2013,Q-2,1,FK Ekranas,FH,0-1,,,,0,1,1,3,,,0,1,1,3,FH,LTU,ISL
2013-07-16,2013,Q-2,1,Sheriff Tiraspol,Sutjeska Niksic,1-1,,,,1,1,6,1,,,1,1,6,1,Sheriff Tiraspol,MDA,MNE
2013-07-16,2013,Q-2,1,Steaua Bucuresti,Vardar Skopje,3-0,,,,3,0,5,1,,,3,0,5,1,Steaua Bucuresti,ROU,MKD
2013-07-16,2013,Q-2,1,Viktoria Plzen,Zeljeznicar Sarajevo,4-3,,,,4,3,6,4,,,4,3,6,4,Viktoria Plzen,CZE,BIH
2013-07-17,2013,Q-2,1,Cliftonville,Celtic,0-3,,,,0,3,0,5,,,0,3,0,5,Celtic,NIR,SCO
2013-07-17,2013,Q-2,1,Elfsborg,Daugava Daugavpils,7-1,,,,7,1,11,1,,,7,1,11,1,Elfsborg,SWE,LVA
2013-07-17,2013,Q-2,1,Gyori ETO,Maccabi Tel Aviv,0-2,,,,0,2,1,4,,,0,2,1,4,Maccabi Tel Aviv,HUN,ISR
2013-07-17,2013,Q-2,1,HJK Helsinki,Nomme Kalju,0-0,,,,0,0,1,2,,,0,0,1,2,Nomme Kalju,FIN,EST
2013-07-17,2013,Q-2,1,The New Saints,Legia Warsaw,1-3,,,,1,3,1,4,,,1,3,1,4,Legia Warsaw,WAL,POL
2013-07-17,2013,Q-2,1,Sligo Rovers,Molde FK,0-1,,,,0,1,0,3,,,0,1,0,3,Molde FK,IRL,NOR
2013-07-17,2013,Q-2,1,Neftchi PFC Baku,Skenderbeu Korce,0-0,,,,0,0,0,0,,,0,0,0,1,Skenderbeu Korce,AZE,ALB
2013-07-17,2013,Q-2,1,SK Slovan Bratislava,PFC Ludogorets Razgrad,2-1,,,,2,1,2,4,,,2,1,2,4,PFC Ludogorets Razgrad,SVK,BUL
2013-07-17,2013,Q-2,1,Shirak,Partizan Belgrade,1-1,,,,1,1,1,1,,,1,1,1,1,Partizan Belgrade,ARM,SRB
2013-07-23,2013,Q-2,2,Shakhter Karagandy,BATE Borisov,1-0,,,,1,0,2,0,,,1,0,2,0,Shakhter Karagandy,KAZ,BLR
2013-07-23,2013,Q-2,2,Celtic,Cliftonville,2-0,,,,2,0,5,0,,,2,0,5,0,Celtic,SCO,NIR
2013-07-23,2013,Q-2,2,Daugava Daugavpils,Elfsborg,0-4,,,,0,4,1,11,,,0,4,1,11,Elfsborg,LVA,SWE
2013-07-23,2013,Q-2,2,EB / Streymur,Dinamo Tbilisi,1-3,,,,1,3,2,9,,,1,3,2,9,Dinamo Tbilisi,FRO,GEO
2013-07-23,2013,Q-2,2,Dinamo Zagreb,Fola Esch,1-0,,,,1,0,6,0,,,1,0,6,0,Dinamo Zagreb,CRO,LUX
2013-07-23,2013,Q-2,2,FH,FK Ekranas,2-1,,,,2,1,3,1,,,2,1,3,1,FH,ISL,LTU
2013-07-23,2013,Q-2,2,Maccabi Tel Aviv,Gyori ETO,2-1,,,,2,1,4,1,,,2,1,4,1,Maccabi Tel Aviv,ISR,HUN
2013-07-23,2013,Q-2,2,Nomme Kalju,HJK Helsinki,2-1,,,,2,1,2,1,,,2,1,2,1,Nomme Kalju,EST,FIN
2013-07-23,2013,Q-2,2,Molde FK,Sligo Rovers,2-0,,,,2,0,3,0,,,2,0,3,0,Molde FK,NOR,IRL
2013-07-23,2013,Q-2,2,Skenderbeu Korce,Neftchi PFC Baku,0-0,,1-0,,0,0,0,0,1.0,0.0,1,0,1,0,Skenderbeu Korce,ALB,AZE
2013-07-23,2013,Q-2,2,Sutjeska Niksic,Sheriff Tiraspol,0-5,,,,0,5,1,6,,,0,5,1,6,Sheriff Tiraspol,MNE,MDA
2013-07-23,2013,Q-2,2,Vardar Skopje,Steaua Bucuresti,1-2,,,,1,2,1,5,,,1,2,1,5,Steaua Bucuresti,MKD,ROU
2013-07-23,2013,Q-2,2,Zeljeznicar Sarajevo,Viktoria Plzen,1-2,,,,1,2,4,6,,,1,2,4,6,Viktoria Plzen,BIH,CZE
2013-07-24,2013,Q-2,2,NK Maribor,Birkirkara,2-0,,,,2,0,2,0,,,2,0,2,0,NK Maribor,SVN,MLT
2013-07-24,2013,Q-2,2,Legia Warsaw,The New Saints,1-0,,,,1,0,4,1,,,1,0,4,1,Legia Warsaw,POL,WAL
2013-07-24,2013,Q-2,2,PFC Ludogorets Razgrad,SK Slovan Bratislava,3-0,,,,3,0,4,2,,,3,0,4,2,PFC Ludogorets Razgrad,BUL,SVK
2013-07-24,2013,Q-2,2,Partizan Belgrade,Shirak,0-0,,,away goals,0,0,1,1,,,0,0,1,1,Partizan Belgrade,SRB,ARM
2013-07-30,2013,Q-3,1,Austria Wien,FH,1-0,,,,1,0,1,0,,,1,0,1,0,Austria Wien,AUT,ISL
2013-07-30,2013,Q-3,1,Basel,Maccabi Tel Aviv,1-0,,,,1,0,4,3,,,1,0,4,3,Basel,SUI,ISR
2013-07-30,2013,Q-3,1,Dinamo Tbilisi,Steaua Bucuresti,0-2,,,,0,2,1,3,,,0,2,1,3,Steaua Bucuresti,GEO,ROU
2013-07-30,2013,Q-3,1,Dinamo Zagreb,Sheriff Tiraspol,1-0,,,,1,0,4,0,,,1,0,4,0,Dinamo Zagreb,CRO,MDA
2013-07-30,2013,Q-3,1,Olympique Lyon,Grasshoppers Zurich,1-0,,,,1,0,2,0,,,1,0,2,0,Olympique Lyon,FRA,SUI
2013-07-30,2013,Q-3,1,PAOK,Metalist Kharkiv,0-2,,,,0,2,1,3,,,0,2,1,3,Metalist Kharkiv,GRE,UKR
2013-07-30,2013,Q-3,1,Nomme Kalju,Viktoria Plzen,0-4,,,,0,4,2,10,,,0,4,2,10,Viktoria Plzen,EST,CZE
2013-07-30,2013,Q-3,1,Nordsjaelland,Zenit St. Petersburg,0-1,,,,0,1,0,6,,,0,1,0,6,Zenit St. Petersburg,DEN,RUS
2013-07-30,2013,Q-3,1,PSV Eindhoven,Zulte-Waregem,2-0,,,,2,0,5,0,,,2,0,5,0,PSV Eindhoven,NED,BEL
2013-07-30,2013,Q-3,1,Shakhter Karagandy,Skenderbeu Korce,3-0,,,,3,0,5,3,,,3,0,5,3,Shakhter Karagandy,KAZ,ALB
2013-07-31,2013,Q-3,1,APOEL Nikosia,NK Maribor,1-1,,,,1,1,1,1,,,1,1,1,1,NK Maribor,CYP,SVN
2013-07-31,2013,Q-3,1,Molde FK,Legia Warsaw,1-1,,,,1,1,1,1,,,1,1,1,1,Legia Warsaw,NOR,POL
2013-07-31,2013,Q-3,1,Celtic,Elfsborg,1-0,,,,1,0,1,0,,,1,0,1,0,Celtic,SCO,SWE
2013-07-31,2013,Q-3,1,Salzburg,Fenerbahce,1-1,,,,1,1,2,4,,,1,1,2,4,Fenerbahce,AUT,TUR
2013-07-31,2013,Q-3,1,PFC Ludogorets Razgrad,Partizan Belgrade,2-1,,,,2,1,3,1,,,2,1,3,1,PFC Ludogorets Razgrad,BUL,SRB
2013-08-06,2013,Q-3,2,NK Maribor,APOEL Nikosia,0-0,,,away goals,0,0,1,1,,,0,0,1,1,NK Maribor,SVN,CYP
2013-08-06,2013,Q-3,2,Maccabi Tel Aviv,Basel,3-3,,,,3,3,3,4,,,3,3,3,4,Basel,ISR,SUI
2013-08-06,2013,Q-3,2,Steaua Bucuresti,Dinamo Tbilisi,1-1,,,,1,1,3,1,,,1,1,3,1,Steaua Bucuresti,ROU,GEO
2013-08-06,2013,Q-3,2,Fenerbahce,Salzburg,3-1,,,,3,1,4,2,,,3,1,4,2,Fenerbahce,TUR,AUT
2013-08-06,2013,Q-3,2,Grasshoppers Zurich,Olympique Lyon,0-1,,,,0,1,0,2,,,0,1,0,2,Olympique Lyon,SUI,FRA
2013-08-06,2013,Q-3,2,Skenderbeu Korce,Shakhter Karagandy,3-2,,,,3,2,3,5,,,3,2,3,5,Shakhter Karagandy,ALB,KAZ
2013-08-06,2013,Q-3,2,Partizan Belgrade,PFC Ludogorets Razgrad,0-1,,,,0,1,1,3,,,0,1,1,3,PFC Ludogorets Razgrad,SRB,BUL
2013-08-07,2013,Q-3,2,Legia Warsaw,Molde FK,0-0,,,away goals,0,0,1,1,,,0,0,1,1,Legia Warsaw,POL,NOR
2013-08-07,2013,Q-3,2,FH,Austria Wien,0-0,,,,0,0,0,1,,,0,0,0,1,Austria Wien,ISL,AUT
2013-08-07,2013,Q-3,2,Elfsborg,Celtic,0-0,,,,0,0,0,1,,,0,0,0,1,Celtic,SWE,SCO
2013-08-07,2013,Q-3,2,Sheriff Tiraspol,Dinamo Zagreb,0-3,,,,0,3,0,4,,,0,3,0,4,Dinamo Zagreb,MDA,CRO
2013-08-07,2013,Q-3,2,Metalist Kharkiv,PAOK,1-1,,,,1,1,3,1,,,1,1,3,1,Metalist Kharkiv,UKR,GRE
2013-08-07,2013,Q-3,2,Viktoria Plzen,Nomme Kalju,6-2,,,,6,2,10,2,,,6,2,10,2,Viktoria Plzen,CZE,EST
2013-08-07,2013,Q-3,2,Zenit St. Petersburg,Nordsjaelland,5-0,,,,5,0,6,0,,,5,0,6,0,Zenit St. Petersburg,RUS,DEN
2013-08-07,2013,Q-3,2,Zulte-Waregem,PSV Eindhoven,0-3,,,,0,3,0,5,,,0,3,0,5,PSV Eindhoven,BEL,NED
2013-08-20,2013,Q-PO,1,PSV Eindhoven,AC Milan,1-1,,,,1,1,1,4,,,1,1,1,4,AC Milan,NED,ITA
2013-08-20,2013,Q-PO,1,Shakhter Karagandy,Celtic,2-0,,,,2,0,2,3,,,2,0,2,3,Celtic,KAZ,SCO
2013-08-20,2013,Q-PO,1,Viktoria Plzen,NK Maribor,3-1,,,,3,1,4,1,,,3,1,4,1,Viktoria Plzen,CZE,SVN
2013-08-20,2013,Q-PO,1,Olympique Lyon,Real Sociedad,0-2,,,,0,2,0,4,,,0,2,0,4,Real Sociedad,FRA,ESP
2013-08-20,2013,Q-PO,1,Pacos de Ferreira,Zenit St. Petersburg,1-4,,,,1,4,3,8,,,1,4,3,8,Zenit St. Petersburg,POR,RUS
2013-08-21,2013,Q-PO,1,Steaua Bucuresti,Legia Warsaw,1-1,,,,1,1,3,3,,,1,1,3,3,Steaua Bucuresti,ROU,POL
2013-08-21,2013,Q-PO,1,Fenerbahce,Arsenal,0-3,,,,0,3,0,5,,,0,3,0,5,Arsenal,TUR,ENG
2013-08-21,2013,Q-PO,1,Dinamo Zagreb,Austria Wien,0-2,,,,0,2,3,4,,,0,2,3,4,Austria Wien,CRO,AUT
2013-08-21,2013,Q-PO,1,PFC Ludogorets Razgrad,Basel,2-4,,,,2,4,2,6,,,2,4,2,6,Basel,BUL,SUI
2013-08-21,2013,Q-PO,1,Schalke 04,PAOK,1-1,,,,1,1,4,3,,,1,1,4,3,Schalke 04,GER,GRE
2013-08-27,2013,Q-PO,2,Legia Warsaw,Steaua Bucuresti,2-2,,,away goals,2,2,3,3,,,2,2,3,3,Steaua Bucuresti,POL,ROU
2013-08-27,2013,Q-PO,2,Arsenal,Fenerbahce,2-0,,,,2,0,5,0,,,2,0,5,0,Arsenal,ENG,TUR
2013-08-27,2013,Q-PO,2,Austria Wien,Dinamo Zagreb,2-3,,,,2,3,4,3,,,2,3,4,3,Austria Wien,AUT,CRO
2013-08-27,2013,Q-PO,2,Basel,PFC Ludogorets Razgrad,2-0,,,,2,0,6,2,,,2,0,6,2,Basel,SUI,BUL
2013-08-27,2013,Q-PO,2,PAOK,Schalke 04,2-3,,,,2,3,3,4,,,2,3,3,4,Schalke 04,GRE,GER
2013-08-28,2013,Q-PO,2,AC Milan,PSV Eindhoven,3-0,,,,3,0,4,1,,,3,0,4,1,AC Milan,ITA,NED
2013-08-28,2013,Q-PO,2,Celtic,Shakhter Karagandy,3-0,,,,3,0,3,2,,,3,0,3,2,Celtic,SCO,KAZ
2013-08-28,2013,Q-PO,2,NK Maribor,Viktoria Plzen,0-1,,,,0,1,1,4,,,0,1,1,4,Viktoria Plzen,SVN,CZE
2013-08-28,2013,Q-PO,2,Real Sociedad,Olympique Lyon,2-0,,,,2,0,4,0,,,2,0,4,0,Real Sociedad,ESP,FRA
2013-08-28,2013,Q-PO,2,Zenit St. Petersburg,Pacos de Ferreira,4-2,,,,4,2,8,3,,,4,2,8,3,Zenit St. Petersburg,RUS,POR
2013-09-17,2013,GroupA,groups,Manchester United,Bayer Leverkusen,4-2,1-0,,,4,2,9,2,,,4,2,9,2,,ENG,GER
2013-09-17,2013,GroupD,groups,Bayern Munich,CSKA Moskva,3-0,2-0,,,3,0,6,1,,,3,0,6,1,,GER,RUS
2013-09-17,2013,GroupB,groups,Galatasaray,Real Madrid,1-6,0-1,,,1,6,2,10,,,1,6,2,10,,TUR,ESP
2013-09-17,2013,GroupB,groups,Kobenhavn,Juventus,1-1,1-0,,,1,1,2,4,,,1,1,2,4,,DEN,ITA
2013-09-17,2013,GroupD,groups,Viktoria Plzen,Manchester City,0-3,0-0,,,0,3,2,7,,,0,3,2,7,,CZE,ENG
2013-09-17,2013,GroupC,groups,Olympiacos,Paris Saint-Germain,1-4,1-1,,,1,4,2,6,,,1,4,2,6,,GRE,FRA
2013-09-17,2013,GroupA,groups,Real Sociedad,Shakhtar Donetsk,0-2,0-0,,,0,2,0,6,,,0,2,0,6,,ESP,UKR
2013-09-17,2013,GroupC,groups,SL Benfica,RSC Anderlecht,2-0,2-0,,,2,0,5,2,,,2,0,5,2,,POR,BEL
2013-09-18,2013,GroupH,groups,AC Milan,Celtic,2-0,0-0,,,2,0,5,0,,,2,0,5,0,,ITA,SCO
2013-09-18,2013,GroupH,groups,Barcelona,AFC Ajax,4-0,1-0,,,4,0,5,2,,,4,0,5,2,,ESP,NED
2013-09-18,2013,GroupF,groups,Olympique Marseille,Arsenal,1-2,0-0,,,1,2,1,4,,,1,2,1,4,,FRA,ENG
2013-09-18,2013,GroupG,groups,Atletico Madrid,Zenit St. Petersburg,3-1,1-0,,,3,1,4,2,,,3,1,4,2,,ESP,RUS
2013-09-18,2013,GroupG,groups,Austria Wien,FC Porto,0-1,0-0,,,0,1,1,2,,,0,1,1,2,,AUT,POR
2013-09-18,2013,GroupE,groups,Chelsea,Basel,1-2,1-0,,,1,2,1,3,,,1,2,1,3,,ENG,SUI
2013-09-18,2013,GroupF,groups,SSC Napoli,Borussia Dortmund,2-1,1-0,,,2,1,3,4,,,2,1,3,4,,ITA,GER
2013-09-18,2013,GroupE,groups,Schalke 04,Steaua Bucuresti,3-0,0-0,,,3,0,3,0,,,3,0,3,0,,GER,ROU
2013-10-01,2013,GroupH,groups,AFC Ajax,AC Milan,1-1,0-0,,,1,1,1,1,,,1,1,1,1,,NED,ITA
2013-10-01,2013,GroupF,groups,Arsenal,SSC Napoli,2-0,2-0,,,2,0,2,2,,,2,0,2,2,,ENG,ITA
2013-10-01,2013,GroupG,groups,FC Porto,Atletico Madrid,1-2,1-0,,,1,2,1,4,,,1,2,1,4,,POR,ESP
2013-10-01,2013,GroupG,groups,Zenit St. Petersburg,Austria Wien,0-0,0-0,,,0,0,1,4,,,0,0,1,4,,RUS,AUT
2013-10-01,2013,GroupH,groups,Celtic,Barcelona,0-1,0-0,,,0,1,1,7,,,0,1,1,7,,SCO,ESP
2013-10-01,2013,GroupE,groups,Basel,Schalke 04,0-1,0-0,,,0,1,0,3,,,0,1,0,3,,SUI,GER
2013-10-01,2013,GroupF,groups,Borussia Dortmund,Olympique Marseille,3-0,1-0,,,3,0,5,1,,,3,0,5,1,,GER,FRA
2013-10-01,2013,GroupE,groups,Steaua Bucuresti,Chelsea,0-4,0-2,,,0,4,0,5,,,0,4,0,5,,ROU,ENG
2013-10-02,2013,GroupA,groups,Bayer Leverkusen,Real Sociedad,2-1,1-0,,,2,1,3,1,,,2,1,3,1,,GER,ESP
2013-10-02,2013,GroupD,groups,Manchester City,Bayern Munich,1-3,0-1,,,1,3,4,5,,,1,3,4,5,,ENG,GER
2013-10-02,2013,GroupD,groups,CSKA Moskva,Viktoria Plzen,3-2,2-1,,,3,2,4,4,,,3,2,4,4,,RUS,CZE
2013-10-02,2013,GroupB,groups,Juventus,Galatasaray,2-2,0-1,,,2,2,2,3,,,2,2,2,3,,ITA,TUR
2013-10-02,2013,GroupB,groups,Real Madrid,Kobenhavn,4-0,1-0,,,4,0,6,0,,,4,0,6,0,,ESP,DEN
2013-10-02,2013,GroupA,groups,Shakhtar Donetsk,Manchester United,1-1,0-1,,,1,1,1,2,,,1,1,1,2,,UKR,ENG
2013-10-02,2013,GroupC,groups,RSC Anderlecht,Olympiacos,0-3,0-1,,,0,3,1,6,,,0,3,1,6,,BEL,GRE
2013-10-02,2013,GroupC,groups,Paris Saint-Germain,SL Benfica,3-0,3-0,,,3,0,4,2,,,3,0,4,2,,FRA,POR
2013-10-22,2013,GroupH,groups,AC Milan,Barcelona,1-1,1-1,,,1,1,2,4,,,1,1,2,4,,ITA,ESP
2013-10-22,2013,GroupH,groups,Celtic,AFC Ajax,2-1,1-0,,,2,1,2,2,,,2,1,2,2,,SCO,NED
2013-10-22,2013,GroupF,groups,Arsenal,Borussia Dortmund,1-2,1-1,,,1,2,2,2,,,1,2,2,2,,ENG,GER
2013-10-22,2013,GroupG,groups,Austria Wien,Atletico Madrid,0-3,0-2,,,0,3,0,7,,,0,3,0,7,,AUT,ESP
2013-10-22,2013,GroupE,groups,Steaua Bucuresti,Basel,1-1,0-0,,,1,1,2,2,,,1,1,2,2,,ROU,SUI
2013-10-22,2013,GroupE,groups,Schalke 04,Chelsea,0-3,0-1,,,0,3,0,6,,,0,3,0,6,,GER,ENG
2013-10-22,2013,GroupG,groups,FC Porto,Zenit St. Petersburg,0-1,0-0,,,0,1,1,2,,,0,1,1,2,,POR,RUS
2013-10-22,2013,GroupF,groups,Olympique Marseille,SSC Napoli,1-2,0-1,,,1,2,3,5,,,1,2,3,5,,FRA,ITA
2013-10-23,2013,GroupA,groups,Bayer Leverkusen,Shakhtar Donetsk,4-0,1-0,,,4,0,4,0,,,4,0,4,0,,GER,UKR
2013-10-23,2013,GroupD,groups,Bayern Munich,Viktoria Plzen,5-0,2-0,,,5,0,6,0,,,5,0,6,0,,GER,CZE
2013-10-23,2013,GroupD,groups,CSKA Moskva,Manchester City,1-2,1-2,,,1,2,3,7,,,1,2,3,7,,RUS,ENG
2013-10-23,2013,GroupB,groups,Galatasaray,Kobenhavn,3-1,3-0,,,3,1,3,2,,,3,1,3,2,,TUR,DEN
2013-10-23,2013,GroupB,groups,Real Madrid,Juventus,2-1,2-1,,,2,1,4,3,,,2,1,4,3,,ESP,ITA
2013-10-23,2013,GroupA,groups,Manchester United,Real Sociedad,1-0,1-0,,,1,0,1,0,,,1,0,1,0,,ENG,ESP
2013-10-23,2013,GroupC,groups,SL Benfica,Olympiacos,1-1,0-1,,,1,1,1,2,,,1,1,1,2,,POR,GRE
2013-10-23,2013,GroupC,groups,RSC Anderlecht,Paris Saint-Germain,0-5,0-3,,,0,5,1,6,,,0,5,1,6,,BEL,FRA
2013-11-05,2013,GroupA,groups,Shakhtar Donetsk,Bayer Leverkusen,0-0,0-0,,,0,0,0,4,,,0,0,0,4,,UKR,GER
2013-11-05,2013,GroupD,groups,Viktoria Plzen,Bayern Munich,0-1,0-0,,,0,1,0,6,,,0,1,0,6,,CZE,GER
2013-11-05,2013,GroupD,groups,Manchester City,CSKA Moskva,5-2,3-1,,,5,2,7,3,,,5,2,7,3,,ENG,RUS
2013-11-05,2013,GroupB,groups,Kobenhavn,Galatasaray,1-0,1-0,,,1,0,2,3,,,1,0,2,3,,DEN,TUR
2013-11-05,2013,GroupB,groups,Juventus,Real Madrid,2-2,1-0,,,2,2,3,4,,,2,2,3,4,,ITA,ESP
2013-11-05,2013,GroupA,groups,Real Sociedad,Manchester United,0-0,0-0,,,0,0,0,1,,,0,0,0,1,,ESP,ENG
2013-11-05,2013,GroupC,groups,Olympiacos,SL Benfica,1-0,1-0,,,1,0,2,1,,,1,0,2,1,,GRE,POR
2013-11-05,2013,GroupC,groups,Paris Saint-Germain,RSC Anderlecht,1-1,0-0,,,1,1,6,1,,,1,1,6,1,,FRA,BEL
2013-11-06,2013,GroupH,groups,Barcelona,AC Milan,3-1,2-1,,,3,1,4,2,,,3,1,4,2,,ESP,ITA
2013-11-06,2013,GroupH,groups,AFC Ajax,Celtic,1-0,0-0,,,1,0,2,2,,,1,0,2,2,,NED,SCO
2013-11-06,2013,GroupF,groups,Borussia Dortmund,Arsenal,0-1,0-0,,,0,1,2,2,,,0,1,2,2,,GER,ENG
2013-11-06,2013,GroupG,groups,Atletico Madrid,Austria Wien,4-0,3-0,,,4,0,7,0,,,4,0,7,0,,ESP,AUT
2013-11-06,2013,GroupE,groups,Basel,Steaua Bucuresti,1-1,0-1,,,1,1,2,2,,,1,1,2,2,,SUI,ROU
2013-11-06,2013,GroupE,groups,Chelsea,Schalke 04,3-0,1-0,,,3,0,6,0,,,3,0,6,0,,ENG,GER
2013-11-06,2013,GroupG,groups,Zenit St. Petersburg,FC Porto,1-1,1-1,,,1,1,2,1,,,1,1,2,1,,RUS,POR
2013-11-06,2013,GroupF,groups,SSC Napoli,Olympique Marseille,3-2,2-1,,,3,2,5,3,,,3,2,5,3,,ITA,FRA
2013-11-26,2013,GroupH,groups,Celtic,AC Milan,0-3,0-1,,,0,3,0,5,,,0,3,0,5,,SCO,ITA
2013-11-26,2013,GroupH,groups,AFC Ajax,Barcelona,2-1,2-0,,,2,1,2,5,,,2,1,2,5,,NED,ESP
2013-11-26,2013,GroupF,groups,Arsenal,Olympique Marseille,2-0,1-0,,,2,0,4,1,,,2,0,4,1,,ENG,FRA
2013-11-26,2013,GroupG,groups,Zenit St. Petersburg,Atletico Madrid,1-1,0-0,,,1,1,2,4,,,1,1,2,4,,RUS,ESP
2013-11-26,2013,GroupG,groups,FC Porto,Austria Wien,1-1,0-1,,,1,1,2,1,,,1,1,2,1,,POR,AUT
2013-11-26,2013,GroupE,groups,Basel,Chelsea,1-0,0-0,,,1,0,3,1,,,1,0,3,1,,SUI,ENG
2013-11-26,2013,GroupF,groups,Borussia Dortmund,SSC Napoli,3-1,1-0,,,3,1,4,3,,,3,1,4,3,,GER,ITA
2013-11-26,2013,GroupE,groups,Steaua Bucuresti,Schalke 04,0-0,0-0,,,0,0,0,3,,,0,0,0,3,,ROU,GER
2013-11-27,2013,GroupA,groups,Bayer Leverkusen,Manchester United,0-5,0-2,,,0,5,2,9,,,0,5,2,9,,GER,ENG
2013-11-27,2013,GroupD,groups,CSKA Moskva,Bayern Munich,1-3,0-1,,,1,3,1,6,,,1,3,1,6,,RUS,GER
2013-11-27,2013,GroupB,groups,Real Madrid,Galatasaray,4-1,1-1,,,4,1,10,2,,,4,1,10,2,,ESP,TUR
2013-11-27,2013,GroupB,groups,Juventus,Kobenhavn,3-1,1-0,,,3,1,4,2,,,3,1,4,2,,ITA,DEN
2013-11-27,2013,GroupD,groups,Manchester City,Viktoria Plzen,4-2,1-1,,,4,2,7,2,,,4,2,7,2,,ENG,CZE
2013-11-27,2013,GroupC,groups,Paris Saint-Germain,Olympiacos,2-1,1-0,,,2,1,6,2,,,2,1,6,2,,FRA,GRE
2013-11-27,2013,GroupA,groups,Shakhtar Donetsk,Real Sociedad,4-0,1-0,,,4,0,6,0,,,4,0,6,0,,UKR,ESP
2013-11-27,2013,GroupC,groups,RSC Anderlecht,SL Benfica,2-3,1-1,,,2,3,2,5,,,2,3,2,5,,BEL,POR
2013-12-10,2013,GroupA,groups,Real Sociedad,Bayer Leverkusen,0-1,0-0,,,0,1,1,3,,,0,1,1,3,,ESP,GER
2013-12-10,2013,GroupD,groups,Bayern Munich,Manchester City,2-3,2-1,,,2,3,5,4,,,2,3,5,4,,GER,ENG
2013-12-10,2013,GroupD,groups,Viktoria Plzen,CSKA Moskva,2-1,0-0,,,2,1,4,4,,,2,1,4,4,,CZE,RUS
2013-12-10,2013,GroupB,groups,Kobenhavn,Real Madrid,0-2,0-1,,,0,2,0,6,,,0,2,0,6,,DEN,ESP
2013-12-10,2013,GroupA,groups,Manchester United,Shakhtar Donetsk,1-0,0-0,,,1,0,2,1,,,1,0,2,1,,ENG,UKR
2013-12-10,2013,GroupC,groups,Olympiacos,RSC Anderlecht,3-1,1-1,,,3,1,6,1,,,3,1,6,1,,GRE,BEL
2013-12-10,2013,GroupC,groups,SL Benfica,Paris Saint-Germain,2-1,1-1,,,2,1,2,4,,,2,1,2,4,,POR,FRA
2013-12-11,2013,GroupH,groups,AC Milan,AFC Ajax,0-0,0-0,,,0,0,1,1,,,0,0,1,1,,ITA,NED
2013-12-11,2013,GroupF,groups,SSC Napoli,Arsenal,2-0,0-0,,,2,0,2,2,,,2,0,2,2,,ITA,ENG
2013-12-11,2013,GroupG,groups,Atletico Madrid,FC Porto,2-0,2-0,,,2,0,4,1,,,2,0,4,1,,ESP,POR
2013-12-11,2013,GroupG,groups,Austria Wien,Zenit St. Petersburg,4-1,1-1,,,4,1,4,1,,,4,1,4,1,,AUT,RUS
2013-12-11,2013,GroupH,groups,Barcelona,Celtic,6-1,3-0,,,6,1,7,1,,,6,1,7,1,,ESP,SCO
2013-12-11,2013,GroupE,groups,Schalke 04,Basel,2-0,0-0,,,2,0,3,0,,,2,0,3,0,,GER,SUI
2013-12-11,2013,GroupF,groups,Olympique Marseille,Borussia Dortmund,1-2,1-1,,,1,2,1,5,,,1,2,1,5,,FRA,GER
2013-12-11,2013,GroupE,groups,Chelsea,Steaua Bucuresti,1-0,1-0,,,1,0,5,0,,,1,0,5,0,,ENG,ROU
2013-12-11,2013,GroupB,groups,Galatasaray,Juventus,1-0,0-0,,,1,0,3,2,,,1,0,3,2,,TUR,ITA
2014-02-18,2013,R16,1,Manchester City,Barcelona,0-2,0-0,,,0,2,1,4,,,0,2,1,4,Barcelona,ENG,ESP
2014-02-18,2013,R16,1,Bayer Leverkusen,Paris Saint-Germain,0-4,0-3,,,0,4,1,6,,,0,4,1,6,Paris Saint-Germain,GER,FRA
2014-02-19,2013,R16,1,AC Milan,Atletico Madrid,0-1,0-0,,,0,1,1,5,,,0,1,1,5,Atletico Madrid,ITA,ESP
2014-02-19,2013,R16,1,Arsenal,Bayern Munich,0-2,0-0,,,0,2,1,3,,,0,2,1,3,Bayern Munich,ENG,GER
2014-02-25,2013,R16,1,Zenit St. Petersburg,Borussia Dortmund,2-4,0-2,,,2,4,4,5,,,2,4,4,5,Borussia Dortmund,RUS,GER
2014-02-25,2013,R16,1,Olympiacos,Manchester United,2-0,1-0,,,2,0,2,3,,,2,0,2,3,Manchester United,GRE,ENG
2014-02-26,2013,R16,1,Galatasaray,Chelsea,1-1,0-1,,,1,1,1,3,,,1,1,1,3,Chelsea,TUR,ENG
2014-02-26,2013,R16,1,Schalke 04,Real Madrid,1-6,0-2,,,1,6,2,9,,,1,6,2,9,Real Madrid,GER,ESP
2014-03-11,2013,R16,2,Atletico Madrid,AC Milan,4-1,2-1,,,4,1,5,1,,,4,1,5,1,Atletico Madrid,ESP,ITA
2014-03-11,2013,R16,2,Bayern Munich,Arsenal,1-1,0-0,,,1,1,3,1,,,1,1,3,1,Bayern Munich,GER,ENG
2014-03-12,2013,R16,2,Barcelona,Manchester City,2-1,0-0,,,2,1,4,1,,,2,1,4,1,Barcelona,ESP,ENG
2014-03-12,2013,R16,2,Paris Saint-Germain,Bayer Leverkusen,2-1,1-1,,,2,1,6,1,,,2,1,6,1,Paris Saint-Germain,FRA,GER
2014-03-18,2013,R16,2,Chelsea,Galatasaray,2-0,2-0,,,2,0,3,1,,,2,0,3,1,Chelsea,ENG,TUR
2014-03-18,2013,R16,2,Real Madrid,Schalke 04,3-1,1-1,,,3,1,9,2,,,3,1,9,2,Real Madrid,ESP,GER
2014-03-19,2013,R16,2,Borussia Dortmund,Zenit St. Petersburg,1-2,1-1,,,1,2,5,4,,,1,2,5,4,Borussia Dortmund,GER,RUS
2014-03-19,2013,R16,2,Manchester United,Olympiacos,3-0,2-0,,,3,0,3,2,,,3,0,3,2,Manchester United,ENG,GRE
2014-04-01,2013,QF,1,Barcelona,Atletico Madrid,1-1,0-0,,,1,1,1,2,,,1,1,1,2,Atletico Madrid,ESP,ESP
2014-04-01,2013,QF,1,Manchester United,Bayern Munich,1-1,0-0,,,1,1,2,4,,,1,1,2,4,Bayern Munich,ENG,GER
2014-04-02,2013,QF,1,Paris Saint-Germain,Chelsea,3-1,1-1,,,3,1,3,3,,,3,1,3,3,Chelsea,FRA,ENG
2014-04-02,2013,QF,1,Real Madrid,Borussia Dortmund,3-0,2-0,,,3,0,3,2,,,3,0,3,2,Real Madrid,ESP,GER
2014-04-08,2013,QF,2,Chelsea,Paris Saint-Germain,2-0,1-0,,away goals,2,0,3,3,,,2,0,3,3,Chelsea,ENG,FRA
2014-04-08,2013,QF,2,Borussia Dortmund,Real Madrid,2-0,2-0,,,2,0,2,3,,,2,0,2,3,Real Madrid,GER,ESP
2014-04-09,2013,QF,2,Atletico Madrid,Barcelona,1-0,1-0,,,1,0,2,1,,,1,0,2,1,Atletico Madrid,ESP,ESP
2014-04-09,2013,QF,2,Bayern Munich,Manchester United,3-1,0-0,,,3,1,4,2,,,3,1,4,2,Bayern Munich,GER,ENG
2014-04-22,2013,SF,1,Atletico Madrid,Chelsea,0-0,0-0,,,0,0,3,1,,,0,0,3,1,Atletico Madrid,ESP,ENG
2014-04-23,2013,SF,1,Real Madrid,Bayern Munich,1-0,1-0,,,1,0,5,0,,,1,0,5,0,Real Madrid,ESP,GER
2014-04-29,2013,SF,2,Bayern Munich,Real Madrid,0-4,0-3,,,0,4,0,5,,,0,4,0,5,Real Madrid,GER,ESP
2014-04-30,2013,SF,2,Chelsea,Atletico Madrid,1-3,1-1,,,1,3,1,3,,,1,3,1,3,Atletico Madrid,ENG,ESP
2014-05-24,2013,final,,Real Madrid,Atletico Madrid,1-1,0-1,4-1,,1,1,1,1,4.0,1.0,4,1,4,1,Real Madrid,ESP,ESP
2014-07-01,2014,Q-1,1,FC Santa Coloma,Banants,1-0,,,,1,0,3,3,,,1,0,3,3,FC Santa Coloma,AND,ARM
2014-07-01,2014,Q-1,1,La Fiorita,Levadia,0-1,,,,0,1,0,8,,,0,1,0,8,Levadia,SMR,EST
2014-07-02,2014,Q-1,1,Lincoln Red Imps,HB,1-1,,,,1,1,3,6,,,1,1,3,6,HB,GIB,FRO
2014-07-08,2014,Q-1,2,Banants,FC Santa Coloma,3-2,,,away goals,3,2,3,3,,,3,2,3,3,FC Santa Coloma,ARM,AND
2014-07-08,2014,Q-1,2,HB,Lincoln Red Imps,5-2,,,,5,2,6,3,,,5,2,6,3,HB,FRO,GIB
2014-07-08,2014,Q-1,2,Levadia,La Fiorita,7-0,,,,7,0,8,0,,,7,0,8,0,Levadia,EST,SMR
2014-07-15,2014,Q-2,1,BATE Borisov,Skenderbeu Korce,0-0,,,,0,0,1,1,,,0,0,1,1,BATE Borisov,BLR,ALB
2014-07-15,2014,Q-2,1,KR Reykjavik,Celtic,0-1,,,,0,1,0,5,,,0,1,0,5,Celtic,ISL,SCO
2014-07-15,2014,Q-2,1,Cliftonville,Debreceni VSC,0-0,,,,0,0,0,2,,,0,0,0,2,Debreceni VSC,NIR,HUN
2014-07-15,2014,Q-2,1,Dinamo Zagreb,FK Zalgiris Vilnius,2-0,,,,2,0,4,0,,,2,0,4,0,Dinamo Zagreb,CRO,LTU
2014-07-15,2014,Q-2,1,FC Santa Coloma,Maccabi Tel Aviv,0-1,,,,0,1,0,3,,,0,1,0,3,Maccabi Tel Aviv,AND,ISR
2014-07-15,2014,Q-2,1,Rabotnicki,HJK Helsinki,0-0,,,,0,0,1,2,,,0,0,1,2,HJK Helsinki,MKD,FIN
2014-07-15,2014,Q-2,1,HSK Zrinjski Mostar,NK Maribor,0-0,,,,0,0,0,2,,,0,0,0,2,NK Maribor,BIH,SVN
2014-07-15,2014,Q-2,1,Sparta Praha,Levadia,7-0,,,,7,0,8,1,,,7,0,8,1,Sparta Praha,CZE,EST
2014-07-15,2014,Q-2,1,Valletta,Qarabag FK,0-1,,,,0,1,0,5,,,0,1,0,5,Qarabag FK,MLT,AZE
2014-07-15,2014,Q-2,1,Sheriff Tiraspol,Sutjeska Niksic,2-0,,,,2,0,5,0,,,2,0,5,0,Sheriff Tiraspol,MDA,MNE
2014-07-15,2014,Q-2,1,SK Slovan Bratislava,The New Saints,1-0,,,,1,0,3,0,,,1,0,3,0,SK Slovan Bratislava,SVK,WAL
2014-07-15,2014,Q-2,1,Partizan Belgrade,HB,3-0,,,,3,0,6,1,,,3,0,6,1,Partizan Belgrade,SRB,FRO
2014-07-16,2014,Q-2,1,Dinamo Tbilisi,Aktobe,0-1,,,,0,1,0,4,,,0,1,0,4,Aktobe,GEO,KAZ
2014-07-16,2014,Q-2,1,PFC Ludogorets Razgrad,F91 Dudelange,4-0,,,,4,0,5,1,,,4,0,5,1,PFC Ludogorets Razgrad,BUL,LUX
2014-07-16,2014,Q-2,1,Legia Warsaw,St Patrick's Athletic,1-1,,,,1,1,6,1,,,1,1,6,1,Legia Warsaw,POL,IRL
2014-07-16,2014,Q-2,1,Malmo FF,Ventspils,0-0,,,,0,0,1,0,,,0,0,1,0,Malmo FF,SWE,LVA
2014-07-16,2014,Q-2,1,Stromsgodset IF,Steaua Bucuresti,0-1,,,,0,1,0,3,,,0,1,0,3,Steaua Bucuresti,NOR,ROU
2014-07-22,2014,Q-2,2,Skenderbeu Korce,BATE Borisov,1-1,,,away goals,1,1,1,1,,,1,1,1,1,BATE Borisov,ALB,BLR
2014-07-22,2014,Q-2,2,Celtic,KR Reykjavik,4-0,,,,4,0,5,0,,,4,0,5,0,Celtic,SCO,ISL
2014-07-22,2014,Q-2,2,Debreceni VSC,Cliftonville,2-0,,,,2,0,2,0,,,2,0,2,0,Debreceni VSC,HUN,NIR
2014-07-22,2014,Q-2,2,FK Zalgiris Vilnius,Dinamo Zagreb,0-2,,,,0,2,0,4,,,0,2,0,4,Dinamo Zagreb,LTU,CRO
2014-07-22,2014,Q-2,2,F91 Dudelange,PFC Ludogorets Razgrad,1-1,,,,1,1,1,5,,,1,1,1,5,PFC Ludogorets Razgrad,LUX,BUL
2014-07-22,2014,Q-2,2,Maccabi Tel Aviv,FC Santa Coloma,2-0,,,,2,0,3,0,,,2,0,3,0,Maccabi Tel Aviv,ISR,AND
2014-07-22,2014,Q-2,2,Levadia,Sparta Praha,1-1,,,,1,1,1,8,,,1,1,1,8,Sparta Praha,EST,CZE
2014-07-22,2014,Q-2,2,Qarabag FK,Valletta,4-0,,,,4,0,5,0,,,4,0,5,0,Qarabag FK,AZE,MLT
2014-07-22,2014,Q-2,2,Sutjeska Niksic,Sheriff Tiraspol,0-3,,,,0,3,0,5,,,0,3,0,5,Sheriff Tiraspol,MNE,MDA
2014-07-22,2014,Q-2,2,The New Saints,SK Slovan Bratislava,0-2,,,,0,2,0,3,,,0,2,0,3,SK Slovan Bratislava,WAL,SVK
2014-07-22,2014,Q-2,2,HB,Partizan Belgrade,1-3,,,,1,3,1,6,,,1,3,1,6,Partizan Belgrade,FRO,SRB
2014-07-23,2014,Q-2,2,Aktobe,Dinamo Tbilisi,3-0,,,,3,0,4,0,,,3,0,4,0,Aktobe,KAZ,GEO
2014-07-23,2014,Q-2,2,HJK Helsinki,Rabotnicki,2-1,,,,2,1,2,1,,,2,1,2,1,HJK Helsinki,FIN,MKD
2014-07-23,2014,Q-2,2,NK Maribor,HSK Zrinjski Mostar,2-0,,,,2,0,2,0,,,2,0,2,0,NK Maribor,SVN,BIH
2014-07-23,2014,Q-2,2,St Patrick's Athletic,Legia Warsaw,0-5,,,,0,5,1,6,,,0,5,1,6,Legia Warsaw,IRL,POL
2014-07-23,2014,Q-2,2,Ventspils,Malmo FF,0-1,,,,0,1,0,1,,,0,1,0,1,Malmo FF,LVA,SWE
2014-07-23,2014,Q-2,2,Steaua Bucuresti,Stromsgodset IF,2-0,,,,2,0,3,0,,,2,0,3,0,Steaua Bucuresti,ROU,NOR
2014-07-29,2014,Q-3,1,Sparta Praha,Malmo FF,4-2,,,,4,2,4,4,,,4,2,4,4,Malmo FF,CZE,SWE
2014-07-29,2014,Q-3,1,Debreceni VSC,BATE Borisov,1-0,,,,1,0,2,3,,,1,0,2,3,BATE Borisov,HUN,BLR
2014-07-29,2014,Q-3,1,SK Slovan Bratislava,Sheriff Tiraspol,2-1,,,,2,1,2,1,,,2,1,2,1,SK Slovan Bratislava,SVK,MDA
2014-07-30,2014,Q-3,1,Legia Warsaw,Celtic,4-1,,,,4,1,4,4,,,4,1,4,4,Celtic,POL,SCO
2014-07-30,2014,Q-3,1,Aalborg BK,Dinamo Zagreb,0-1,,,,0,1,2,1,,,0,1,2,1,Aalborg BK,DEN,CRO
2014-07-30,2014,Q-3,1,AEL Limassol,Zenit St. Petersburg,1-0,,,,1,0,1,3,,,1,0,1,3,Zenit St. Petersburg,CYP,RUS
2014-07-30,2014,Q-3,1,Aktobe,Steaua Bucuresti,2-2,,,,2,2,3,4,,,2,2,3,4,Steaua Bucuresti,KAZ,ROU
2014-07-30,2014,Q-3,1,HJK Helsinki,APOEL Nikosia,2-2,,,,2,2,2,4,,,2,2,2,4,APOEL Nikosia,FIN,CYP
2014-07-30,2014,Q-3,1,Feyenoord,Besiktas,1-2,,,,1,2,2,5,,,1,2,2,5,Besiktas,NED,TUR
2014-07-30,2014,Q-3,1,Dnepr Dnepropetrovsk,Kobenhavn,0-0,,,,0,0,0,2,,,0,0,0,2,Kobenhavn,UKR,DEN
2014-07-30,2014,Q-3,1,Grasshoppers Zurich,Lille OSC,0-2,,,,0,2,1,3,,,0,2,1,3,Lille OSC,SUI,FRA
2014-07-30,2014,Q-3,1,NK Maribor,Maccabi Tel Aviv,1-0,,,,1,0,3,2,,,1,0,3,2,NK Maribor,SVN,ISR
2014-07-30,2014,Q-3,1,Standard Liege,Panathinaikos,0-0,,,,0,0,2,1,,,0,0,2,1,Standard Liege,BEL,GRE
2014-07-30,2014,Q-3,1,Qarabag FK,Salzburg,2-1,,,,2,1,2,3,,,2,1,2,3,Salzburg,AZE,AUT
2014-07-30,2014,Q-3,1,PFC Ludogorets Razgrad,Partizan Belgrade,0-0,,,,0,0,2,2,,,0,0,2,2,PFC Ludogorets Razgrad,BUL,SRB
2014-08-05,2014,Q-3,2,BATE Borisov,Debreceni VSC,3-1,,,,3,1,3,2,,,3,1,3,2,BATE Borisov,BLR,HUN
2014-08-05,2014,Q-3,2,Lille OSC,Grasshoppers Zurich,1-1,,,,1,1,3,1,,,1,1,3,1,Lille OSC,FRA,SUI
2014-08-05,2014,Q-3,2,Maccabi Tel Aviv,NK Maribor,2-2,,,,2,2,2,3,,,2,2,2,3,NK Maribor,ISR,SVN
2014-08-05,2014,Q-3,2,Panathinaikos,Standard Liege,1-2,,,,1,2,1,2,,,1,2,1,2,Standard Liege,GRE,BEL
2014-08-06,2014,Q-3,2,Celtic,Legia Warsaw,3-0,,,away goals,3,0,4,4,,,3,0,4,4,Celtic,SCO,POL
2014-08-06,2014,Q-3,2,Malmo FF,Sparta Praha,2-0,,,away goals,2,0,4,4,,,2,0,4,4,Malmo FF,SWE,CZE
2014-08-06,2014,Q-3,2,Dinamo Zagreb,Aalborg BK,0-2,,,,0,2,1,2,,,0,2,1,2,Aalborg BK,CRO,DEN
2014-08-06,2014,Q-3,2,Zenit St. Petersburg,AEL Limassol,3-0,,,,3,0,3,1,,,3,0,3,1,Zenit St. Petersburg,RUS,CYP
2014-08-06,2014,Q-3,2,Steaua Bucuresti,Aktobe,2-1,,,,2,1,4,3,,,2,1,4,3,Steaua Bucuresti,ROU,KAZ
2014-08-06,2014,Q-3,2,APOEL Nikosia,HJK Helsinki,2-0,,,,2,0,4,2,,,2,0,4,2,APOEL Nikosia,CYP,FIN
2014-08-06,2014,Q-3,2,Besiktas,Feyenoord,3-1,,,,3,1,5,2,,,3,1,5,2,Besiktas,TUR,NED
2014-08-06,2014,Q-3,2,Kobenhavn,Dnepr Dnepropetrovsk,2-0,,,,2,0,2,0,,,2,0,2,0,Kobenhavn,DEN,UKR
2014-08-06,2014,Q-3,2,Salzburg,Qarabag FK,2-0,,,,2,0,3,2,,,2,0,3,2,Salzburg,AUT,AZE
2014-08-06,2014,Q-3,2,Sheriff Tiraspol,SK Slovan Bratislava,0-0,,,,0,0,1,2,,,0,0,1,2,SK Slovan Bratislava,MDA,SVK
2014-08-06,2014,Q-3,2,Partizan Belgrade,PFC Ludogorets Razgrad,2-2,,,away goals,2,2,2,2,,,2,2,2,2,PFC Ludogorets Razgrad,SRB,BUL
2014-08-19,2014,Q-PO,1,Steaua Bucuresti,PFC Ludogorets Razgrad,1-0,,,,1,0,1,1,,,1,0,1,1,PFC Ludogorets Razgrad,ROU,BUL
2014-08-19,2014,Q-PO,1,Besiktas,Arsenal,0-0,,,,0,0,0,1,,,0,0,0,1,Arsenal,TUR,ENG
2014-08-19,2014,Q-PO,1,SSC Napoli,Athletic Bilbao,1-1,,,,1,1,2,4,,,1,1,2,4,Athletic Bilbao,ITA,ESP
2014-08-19,2014,Q-PO,1,Kobenhavn,Bayer Leverkusen,2-3,,,,2,3,2,7,,,2,3,2,7,Bayer Leverkusen,DEN,GER
2014-08-19,2014,Q-PO,1,Salzburg,Malmo FF,2-1,,,,2,1,2,4,,,2,1,2,4,Malmo FF,AUT,SWE
2014-08-20,2014,Q-PO,1,Aalborg BK,APOEL Nikosia,1-1,,,,1,1,1,5,,,1,1,1,5,APOEL Nikosia,DEN,CYP
2014-08-20,2014,Q-PO,1,SK Slovan Bratislava,BATE Borisov,1-1,,,,1,1,1,4,,,1,1,1,4,BATE Borisov,SVK,BLR
2014-08-20,2014,Q-PO,1,NK Maribor,Celtic,1-1,,,,1,1,2,1,,,1,1,2,1,NK Maribor,SVN,SCO
2014-08-20,2014,Q-PO,1,Lille OSC,FC Porto,0-1,,,,0,1,0,3,,,0,1,0,3,FC Porto,FRA,POR
2014-08-20,2014,Q-PO,1,Standard Liege,Zenit St. Petersburg,0-1,,,,0,1,0,4,,,0,1,0,4,Zenit St. Petersburg,BEL,RUS
2014-08-26,2014,Q-PO,2,APOEL Nikosia,Aalborg BK,4-0,,,,4,0,5,1,,,4,0,5,1,APOEL Nikosia,CYP,DEN
2014-08-26,2014,Q-PO,2,BATE Borisov,SK Slovan Bratislava,3-0,,,,3,0,4,1,,,3,0,4,1,BATE Borisov,BLR,SVK
2014-08-26,2014,Q-PO,2,Celtic,NK Maribor,0-1,,,,0,1,1,2,,,0,1,1,2,NK Maribor,SCO,SVN
2014-08-26,2014,Q-PO,2,FC Porto,Lille OSC,2-0,,,,2,0,3,0,,,2,0,3,0,FC Porto,POR,FRA
2014-08-26,2014,Q-PO,2,Zenit St. Petersburg,Standard Liege,3-0,,,,3,0,4,0,,,3,0,4,0,Zenit St. Petersburg,RUS,BEL
2014-08-27,2014,Q-PO,2,PFC Ludogorets Razgrad,Steaua Bucuresti,1-0,,1-0,6-5,1,0,1,1,1.0,0.0,1,0,1,1,PFC Ludogorets Razgrad,BUL,ROU
2014-08-27,2014,Q-PO,2,Arsenal,Besiktas,1-0,,,,1,0,1,0,,,1,0,1,0,Arsenal,ENG,TUR
2014-08-27,2014,Q-PO,2,Athletic Bilbao,SSC Napoli,3-1,,,,3,1,4,2,,,3,1,4,2,Athletic Bilbao,ESP,ITA
2014-08-27,2014,Q-PO,2,Bayer Leverkusen,Kobenhavn,4-0,,,,4,0,7,2,,,4,0,7,2,Bayer Leverkusen,GER,DEN
2014-08-27,2014,Q-PO,2,Malmo FF,Salzburg,3-0,,,,3,0,4,2,,,3,0,4,2,Malmo FF,SWE,AUT
2014-09-16,2014,GroupD,groups,Borussia Dortmund,Arsenal,2-0,1-0,,,2,0,2,2,,,2,0,2,2,,GER,ENG
2014-09-16,2014,GroupC,groups,AS Monaco,Bayer Leverkusen,1-0,0-0,,,1,0,2,0,,,1,0,2,0,,FRA,GER
2014-09-16,2014,GroupA,groups,Olympiacos,Atletico Madrid,3-2,2-1,,,3,2,3,6,,,3,2,3,6,,GRE,ESP
2014-09-16,2014,GroupB,groups,Real Madrid,Basel,5-1,4-1,,,5,1,6,1,,,5,1,6,1,,ESP,SUI
2014-09-16,2014,GroupD,groups,Galatasaray,RSC Anderlecht,1-1,0-0,,,1,1,1,3,,,1,1,1,3,,TUR,BEL
2014-09-16,2014,GroupA,groups,Juventus,Malmo FF,2-0,0-0,,,2,0,4,0,,,2,0,4,0,,ITA,SWE
2014-09-16,2014,GroupB,groups,Liverpool,PFC Ludogorets Razgrad,2-1,0-0,,,2,1,4,3,,,2,1,4,3,,ENG,BUL
2014-09-16,2014,GroupC,groups,SL Benfica,Zenit St. Petersburg,0-2,0-2,,,0,2,0,3,,,0,2,0,3,,POR,RUS
2014-09-17,2014,GroupF,groups,AFC Ajax,Paris Saint-Germain,1-1,0-1,,,1,1,2,4,,,1,1,2,4,,NED,FRA
2014-09-17,2014,GroupF,groups,Barcelona,APOEL Nikosia,1-0,1-0,,,1,0,5,0,,,1,0,5,0,,ESP,CYP
2014-09-17,2014,GroupE,groups,AS Roma,CSKA Moskva,5-1,4-0,,,5,1,6,2,,,5,1,6,2,,ITA,RUS
2014-09-17,2014,GroupH,groups,Athletic Bilbao,Shakhtar Donetsk,0-0,0-0,,,0,0,1,0,,,0,0,1,0,,ESP,UKR
2014-09-17,2014,GroupH,groups,FC Porto,BATE Borisov,6-0,3-0,,,6,0,9,0,,,6,0,9,0,,POR,BLR
2014-09-17,2014,GroupE,groups,Bayern Munich,Manchester City,1-0,0-0,,,1,0,3,3,,,1,0,3,3,,GER,ENG
2014-09-17,2014,GroupG,groups,Chelsea,Schalke 04,1-1,1-0,,,1,1,6,1,,,1,1,6,1,,ENG,GER
2014-09-17,2014,GroupG,groups,NK Maribor,Sporting CP,1-1,0-0,,,1,1,2,4,,,1,1,2,4,,SVN,POR
2014-09-30,2014,GroupF,groups,Paris Saint-Germain,Barcelona,3-2,2-1,,,3,2,4,5,,,3,2,4,5,,FRA,ESP
2014-09-30,2014,GroupF,groups,APOEL Nikosia,AFC Ajax,1-1,1-1,,,1,1,1,5,,,1,1,1,5,,CYP,NED
2014-09-30,2014,GroupE,groups,Manchester City,AS Roma,1-1,1-1,,,1,1,3,1,,,1,1,3,1,,ENG,ITA
2014-09-30,2014,GroupH,groups,BATE Borisov,Athletic Bilbao,2-1,2-1,,,2,1,2,3,,,2,1,2,3,,BLR,ESP
2014-09-30,2014,GroupE,groups,CSKA Moskva,Bayern Munich,0-1,0-1,,,0,1,0,4,,,0,1,0,4,,RUS,GER
2014-09-30,2014,GroupG,groups,Sporting CP,Chelsea,0-1,0-1,,,0,1,1,4,,,0,1,1,4,,POR,ENG
2014-09-30,2014,GroupH,groups,Shakhtar Donetsk,FC Porto,2-2,0-0,,,2,2,3,3,,,2,2,3,3,,UKR,POR
2014-09-30,2014,GroupG,groups,Schalke 04,NK Maribor,1-1,0-1,,,1,1,2,1,,,1,1,2,1,,GER,SVN
2014-10-01,2014,GroupD,groups,Arsenal,Galatasaray,4-1,3-0,,,4,1,8,2,,,4,1,8,2,,ENG,TUR
2014-10-01,2014,GroupC,groups,Zenit St. Petersburg,AS Monaco,0-0,0-0,,,0,0,0,2,,,0,0,0,2,,RUS,FRA
2014-10-01,2014,GroupA,groups,Atletico Madrid,Juventus,1-0,0-0,,,1,0,1,0,,,1,0,1,0,,ESP,ITA
2014-10-01,2014,GroupB,groups,Basel,Liverpool,1-0,0-0,,,1,0,2,1,,,1,0,2,1,,SUI,ENG
2014-10-01,2014,GroupC,groups,Bayer Leverkusen,SL Benfica,3-1,2-0,,,3,1,3,1,,,3,1,3,1,,GER,POR
2014-10-01,2014,GroupD,groups,RSC Anderlecht,Borussia Dortmund,0-3,0-1,,,0,3,1,4,,,0,3,1,4,,BEL,GER
2014-10-01,2014,GroupA,groups,Malmo FF,Olympiacos,2-0,1-0,,,2,0,4,4,,,2,0,4,4,,SWE,GRE
2014-10-01,2014,GroupB,groups,PFC Ludogorets Razgrad,Real Madrid,1-2,1-1,,,1,2,1,6,,,1,2,1,6,,BUL,ESP
2014-10-21,2014,GroupF,groups,Barcelona,AFC Ajax,3-1,2-0,,,3,1,5,1,,,3,1,5,1,,ESP,NED
2014-10-21,2014,GroupF,groups,APOEL Nikosia,Paris Saint-Germain,0-1,0-0,,,0,1,0,2,,,0,1,0,2,,CYP,FRA
2014-10-21,2014,GroupE,groups,AS Roma,Bayern Munich,1-7,0-5,,,1,7,1,9,,,1,7,1,9,,ITA,GER
2014-10-21,2014,GroupH,groups,FC Porto,Athletic Bilbao,2-1,1-0,,,2,1,4,1,,,2,1,4,1,,POR,ESP
2014-10-21,2014,GroupH,groups,BATE Borisov,Shakhtar Donetsk,0-7,0-6,,,0,7,0,12,,,0,7,0,12,,BLR,UKR
2014-10-21,2014,GroupG,groups,Chelsea,NK Maribor,6-0,3-0,,,6,0,7,1,,,6,0,7,1,,ENG,SVN
2014-10-21,2014,GroupE,groups,CSKA Moskva,Manchester City,2-2,0-2,,,2,2,4,3,,,2,2,4,3,,RUS,ENG
2014-10-21,2014,GroupG,groups,Schalke 04,Sporting CP,4-3,1-1,,,4,3,6,7,,,4,3,6,7,,GER,POR
2014-10-22,2014,GroupD,groups,RSC Anderlecht,Arsenal,1-2,0-0,,,1,2,4,5,,,1,2,4,5,,BEL,ENG
2014-10-22,2014,GroupC,groups,AS Monaco,SL Benfica,0-0,0-0,,,0,0,0,1,,,0,0,0,1,,FRA,POR
2014-10-22,2014,GroupA,groups,Atletico Madrid,Malmo FF,5-0,0-0,,,5,0,7,0,,,5,0,7,0,,ESP,SWE
2014-10-22,2014,GroupB,groups,PFC Ludogorets Razgrad,Basel,1-0,0-0,,,1,0,1,4,,,1,0,1,4,,BUL,SUI
2014-10-22,2014,GroupC,groups,Bayer Leverkusen,Zenit St. Petersburg,2-0,0-0,,,2,0,4,1,,,2,0,4,1,,GER,RUS
2014-10-22,2014,GroupD,groups,Galatasaray,Borussia Dortmund,0-4,0-3,,,0,4,1,8,,,0,4,1,8,,TUR,GER
2014-10-22,2014,GroupA,groups,Olympiacos,Juventus,1-0,1-0,,,1,0,3,3,,,1,0,3,3,,GRE,ITA
2014-10-22,2014,GroupB,groups,Liverpool,Real Madrid,0-3,0-3,,,0,3,0,4,,,0,3,0,4,,ENG,ESP
2014-11-04,2014,GroupD,groups,Arsenal,RSC Anderlecht,3-3,2-0,,,3,3,5,4,,,3,3,5,4,,ENG,BEL
2014-11-04,2014,GroupC,groups,SL Benfica,AS Monaco,1-0,0-0,,,1,0,1,0,,,1,0,1,0,,POR,FRA
2014-11-04,2014,GroupA,groups,Malmo FF,Atletico Madrid,0-2,0-1,,,0,2,0,7,,,0,2,0,7,,SWE,ESP
2014-11-04,2014,GroupB,groups,Basel,PFC Ludogorets Razgrad,4-0,2-0,,,4,0,4,1,,,4,0,4,1,,SUI,BUL
2014-11-04,2014,GroupC,groups,Zenit St. Petersburg,Bayer Leverkusen,1-2,0-0,,,1,2,1,4,,,1,2,1,4,,RUS,GER
2014-11-04,2014,GroupD,groups,Borussia Dortmund,Galatasaray,4-1,1-0,,,4,1,8,1,,,4,1,8,1,,GER,TUR
2014-11-04,2014,GroupA,groups,Juventus,Olympiacos,3-2,1-1,,,3,2,3,3,,,3,2,3,3,,ITA,GRE
2014-11-04,2014,GroupB,groups,Real Madrid,Liverpool,1-0,1-0,,,1,0,4,0,,,1,0,4,0,,ESP,ENG
2014-11-05,2014,GroupF,groups,AFC Ajax,Barcelona,0-2,0-1,,,0,2,1,5,,,0,2,1,5,,NED,ESP
2014-11-05,2014,GroupF,groups,Paris Saint-Germain,APOEL Nikosia,1-0,1-0,,,1,0,2,0,,,1,0,2,0,,FRA,CYP
2014-11-05,2014,GroupE,groups,Bayern Munich,AS Roma,2-0,1-0,,,2,0,9,1,,,2,0,9,1,,GER,ITA
2014-11-05,2014,GroupH,groups,Athletic Bilbao,FC Porto,0-2,0-0,,,0,2,1,4,,,0,2,1,4,,ESP,POR
2014-11-05,2014,GroupH,groups,Shakhtar Donetsk,BATE Borisov,5-0,1-0,,,5,0,12,0,,,5,0,12,0,,UKR,BLR
2014-11-05,2014,GroupG,groups,NK Maribor,Chelsea,1-1,0-0,,,1,1,1,7,,,1,1,1,7,,SVN,ENG
2014-11-05,2014,GroupE,groups,Manchester City,CSKA Moskva,1-2,1-2,,,1,2,3,4,,,1,2,3,4,,ENG,RUS
2014-11-05,2014,GroupG,groups,Sporting CP,Schalke 04,4-2,1-1,,,4,2,7,6,,,4,2,7,6,,POR,GER
2014-11-25,2014,GroupF,groups,Paris Saint-Germain,AFC Ajax,3-1,1-0,,,3,1,4,2,,,3,1,4,2,,FRA,NED
2014-11-25,2014,GroupF,groups,APOEL Nikosia,Barcelona,0-4,0-2,,,0,4,0,5,,,0,4,0,5,,CYP,ESP
2014-11-25,2014,GroupE,groups,CSKA Moskva,AS Roma,1-1,0-1,,,1,1,2,6,,,1,1,2,6,,RUS,ITA
2014-11-25,2014,GroupH,groups,Shakhtar Donetsk,Athletic Bilbao,0-1,0-0,,,0,1,0,1,,,0,1,0,1,,UKR,ESP
2014-11-25,2014,GroupH,groups,BATE Borisov,FC Porto,0-3,0-0,,,0,3,0,9,,,0,3,0,9,,BLR,POR
2014-11-25,2014,GroupE,groups,Manchester City,Bayern Munich,3-2,1-2,,,3,2,3,3,,,3,2,3,3,,ENG,GER
2014-11-25,2014,GroupG,groups,Schalke 04,Chelsea,0-5,0-3,,,0,5,1,6,,,0,5,1,6,,GER,ENG
2014-11-25,2014,GroupG,groups,Sporting CP,NK Maribor,3-1,2-1,,,3,1,4,2,,,3,1,4,2,,POR,SVN
2014-11-26,2014,GroupD,groups,Arsenal,Borussia Dortmund,2-0,1-0,,,2,0,2,2,,,2,0,2,2,,ENG,GER
2014-11-26,2014,GroupC,groups,Bayer Leverkusen,AS Monaco,0-1,0-0,,,0,1,0,2,,,0,1,0,2,,GER,FRA
2014-11-26,2014,GroupA,groups,Atletico Madrid,Olympiacos,4-0,2-0,,,4,0,6,3,,,4,0,6,3,,ESP,GRE
2014-11-26,2014,GroupB,groups,Basel,Real Madrid,0-1,0-1,,,0,1,1,6,,,0,1,1,6,,SUI,ESP
2014-11-26,2014,GroupD,groups,RSC Anderlecht,Galatasaray,2-0,1-0,,,2,0,3,1,,,2,0,3,1,,BEL,TUR
2014-11-26,2014,GroupA,groups,Malmo FF,Juventus,0-2,0-0,,,0,2,0,4,,,0,2,0,4,,SWE,ITA
2014-11-26,2014,GroupB,groups,PFC Ludogorets Razgrad,Liverpool,2-2,1-2,,,2,2,3,4,,,2,2,3,4,,BUL,ENG
2014-11-26,2014,GroupC,groups,Zenit St. Petersburg,SL Benfica,1-0,0-0,,,1,0,3,0,,,1,0,3,0,,RUS,POR
2014-12-09,2014,GroupD,groups,Galatasaray,Arsenal,1-4,0-3,,,1,4,2,8,,,1,4,2,8,,TUR,ENG
2014-12-09,2014,GroupC,groups,AS Monaco,Zenit St. Petersburg,2-0,0-0,,,2,0,2,0,,,2,0,2,0,,FRA,RUS
2014-12-09,2014,GroupA,groups,Juventus,Atletico Madrid,0-0,0-0,,,0,0,0,1,,,0,0,0,1,,ITA,ESP
2014-12-09,2014,GroupB,groups,Liverpool,Basel,1-1,0-1,,,1,1,1,2,,,1,1,1,2,,ENG,SUI
2014-12-09,2014,GroupC,groups,SL Benfica,Bayer Leverkusen,0-0,0-0,,,0,0,1,3,,,0,0,1,3,,POR,GER
2014-12-09,2014,GroupD,groups,Borussia Dortmund,RSC Anderlecht,1-1,0-0,,,1,1,4,1,,,1,1,4,1,,GER,BEL
2014-12-09,2014,GroupA,groups,Olympiacos,Malmo FF,4-2,1-0,,,4,2,4,4,,,4,2,4,4,,GRE,SWE
2014-12-09,2014,GroupB,groups,Real Madrid,PFC Ludogorets Razgrad,4-0,2-0,,,4,0,6,1,,,4,0,6,1,,ESP,BUL
2014-12-10,2014,GroupF,groups,Barcelona,Paris Saint-Germain,3-1,2-1,,,3,1,5,4,,,3,1,5,4,,ESP,FRA
2014-12-10,2014,GroupF,groups,AFC Ajax,APOEL Nikosia,4-0,1-0,,,4,0,5,1,,,4,0,5,1,,NED,CYP
2014-12-10,2014,GroupE,groups,AS Roma,Manchester City,0-2,0-0,,,0,2,1,3,,,0,2,1,3,,ITA,ENG
2014-12-10,2014,GroupH,groups,Athletic Bilbao,BATE Borisov,2-0,0-0,,,2,0,3,2,,,2,0,3,2,,ESP,BLR
2014-12-10,2014,GroupE,groups,Bayern Munich,CSKA Moskva,3-0,1-0,,,3,0,4,0,,,3,0,4,0,,GER,RUS
2014-12-10,2014,GroupG,groups,Chelsea,Sporting CP,3-1,2-0,,,3,1,4,1,,,3,1,4,1,,ENG,POR
2014-12-10,2014,GroupH,groups,FC Porto,Shakhtar Donetsk,1-1,0-0,,,1,1,3,3,,,1,1,3,3,,POR,UKR
2014-12-10,2014,GroupG,groups,NK Maribor,Schalke 04,0-1,0-0,,,0,1,1,2,,,0,1,1,2,,SVN,GER
2015-02-17,2014,R16,1,Paris Saint-Germain,Chelsea,1-1,0-1,,,1,1,2,2,,,1,1,3,3,Paris Saint-Germain,FRA,ENG
2015-02-17,2014,R16,1,Shakhtar Donetsk,Bayern Munich,0-0,0-0,,,0,0,0,7,,,0,0,0,7,Bayern Munich,UKR,GER
2015-02-18,2014,R16,1,Basel,FC Porto,1-1,1-0,,,1,1,1,5,,,1,1,1,5,FC Porto,SUI,POR
2015-02-18,2014,R16,1,Schalke 04,Real Madrid,0-2,0-1,,,0,2,4,5,,,0,2,4,5,Real Madrid,GER,ESP
2015-02-24,2014,R16,1,Manchester City,Barcelona,1-2,0-2,,,1,2,1,3,,,1,2,1,3,Barcelona,ENG,ESP
2015-02-24,2014,R16,1,Juventus,Borussia Dortmund,2-1,2-1,,,2,1,5,1,,,2,1,5,1,Juventus,ITA,GER
2015-02-25,2014,R16,1,Bayer Leverkusen,Atletico Madrid,1-0,0-0,,,1,0,1,1,,,1,0,1,1,Atletico Madrid,GER,ESP
2015-02-25,2014,R16,1,Arsenal,AS Monaco,1-3,0-1,,,1,3,3,3,,,1,3,3,3,AS Monaco,ENG,FRA
2015-03-10,2014,R16,2,FC Porto,Basel,4-0,1-0,,,4,0,5,1,,,4,0,5,1,FC Porto,POR,SUI
2015-03-10,2014,R16,2,Real Madrid,Schalke 04,3-4,2-2,,,3,4,5,4,,,3,4,5,4,Real Madrid,ESP,GER
2015-03-11,2014,R16,2,Chelsea,Paris Saint-Germain,1-1,0-0,2-2,away goals,1,1,2,2,2.0,2.0,2,2,3,3,Paris Saint-Germain,ENG,FRA
2015-03-11,2014,R16,2,Bayern Munich,Shakhtar Donetsk,7-0,2-0,,,7,0,7,0,,,7,0,7,0,Bayern Munich,GER,UKR
2015-03-17,2014,R16,2,Atletico Madrid,Bayer Leverkusen,1-0,1-0,1-0,3-2 ,1,0,1,1,1.0,0.0,1,0,1,1,Atletico Madrid,ESP,GER
2015-03-17,2014,R16,2,AS Monaco,Arsenal,0-2,0-1,,away goals,0,2,3,3,,,0,2,3,3,AS Monaco,FRA,ENG
2015-03-18,2014,R16,2,Barcelona,Manchester City,1-0,1-0,,,1,0,3,1,,,1,0,3,1,Barcelona,ESP,ENG
2015-03-18,2014,R16,2,Borussia Dortmund,Juventus,0-3,0-1,,,0,3,1,5,,,0,3,1,5,Juventus,GER,ITA
2015-04-14,2014,QF,1,Juventus,AS Monaco,1-0,0-0,,,1,0,1,0,,,1,0,1,0,Juventus,ITA,FRA
2015-04-14,2014,QF,1,Atletico Madrid,Real Madrid,0-0,0-0,,,0,0,0,1,,,0,0,0,1,Real Madrid,ESP,ESP
2015-04-15,2014,QF,1,Paris Saint-Germain,Barcelona,1-3,0-1,,,1,3,1,5,,,1,3,1,5,Barcelona,FRA,ESP
2015-04-15,2014,QF,1,FC Porto,Bayern Munich,3-1,2-1,,,3,1,4,7,,,3,1,4,7,Bayern Munich,POR,GER
2015-04-21,2014,QF,2,Barcelona,Paris Saint-Germain,2-0,2-0,,,2,0,5,1,,,2,0,5,1,Barcelona,ESP,FRA
2015-04-21,2014,QF,2,Bayern Munich,FC Porto,6-1,5-0,,,6,1,7,4,,,6,1,7,4,Bayern Munich,GER,POR
2015-04-22,2014,QF,2,AS Monaco,Juventus,0-0,0-0,,,0,0,0,1,,,0,0,0,1,Juventus,FRA,ITA
2015-04-22,2014,QF,2,Real Madrid,Atletico Madrid,1-0,0-0,,,1,0,1,0,,,1,0,1,0,Real Madrid,ESP,ESP
2015-05-05,2014,SF,1,Juventus,Real Madrid,2-1,1-1,,,2,1,3,2,,,2,1,3,2,Juventus,ITA,ESP
2015-05-06,2014,SF,1,Barcelona,Bayern Munich,3-0,0-0,,,3,0,5,3,,,3,0,5,3,Barcelona,ESP,GER
2015-05-12,2014,SF,2,Bayern Munich,Barcelona,3-2,1-2,,,3,2,3,5,,,3,2,3,5,Barcelona,GER,ESP
2015-05-13,2014,SF,2,Real Madrid,Juventus,1-1,1-0,,,1,1,2,3,,,1,1,2,3,Juventus,ESP,ITA
2015-06-06,2014,final,,Barcelona,Juventus,3-1,1-0,,,3,1,3,1,,,3,1,3,1,Barcelona,ESP,ITA
2015-06-30,2015,Q-1,1,Crusaders,Levadia,0-0,,,,0,0,1,1,,,0,0,1,1,Crusaders,NIR,EST
2015-06-30,2015,Q-1,1,Lincoln Red Imps,FC Santa Coloma,0-0,,,,0,0,2,1,,,0,0,2,1,Lincoln Red Imps,GIB,AND
2015-06-30,2015,Q-1,1,Pyunik,S.S. Folgore Falciano Calcio,2-1,,,,2,1,4,2,,,2,1,4,2,Pyunik,ARM,SMR
2015-07-01,2015,Q-1,1,B36 Torshavn,The New Saints,1-2,,,,1,2,2,6,,,1,2,2,6,The New Saints,FRO,WAL
2015-07-07,2015,Q-1,2,Levadia,Crusaders,1-1,,,away goals,1,1,1,1,,,1,1,1,1,Crusaders,EST,NIR
2015-07-07,2015,Q-1,2,The New Saints,B36 Torshavn,4-1,,,,4,1,6,2,,,4,1,6,2,The New Saints,WAL,FRO
2015-07-07,2015,Q-1,2,FC Santa Coloma,Lincoln Red Imps,1-2,,,,1,2,1,2,,,1,2,1,2,Lincoln Red Imps,AND,GIB
2015-07-07,2015,Q-1,2,S.S. Folgore Falciano Calcio,Pyunik,1-2,,,,1,2,2,4,,,1,2,2,4,Pyunik,SMR,ARM
2015-07-14,2015,Q-2,1,APOEL Nikosia,Vardar Skopje,0-0,,,,0,0,1,1,,,0,0,1,1,APOEL Nikosia,CYP,MKD
2015-07-14,2015,Q-2,1,AS Trencin,Steaua Bucuresti,0-2,,,,0,2,3,4,,,0,2,3,4,Steaua Bucuresti,SVK,ROU
2015-07-14,2015,Q-2,1,NK Maribor,Astana,1-0,,,,1,0,2,3,,,1,0,2,3,Astana,SVN,KAZ
2015-07-14,2015,Q-2,1,Skenderbeu Korce,Crusaders,4-1,,,,4,1,6,4,,,4,1,6,4,Skenderbeu Korce,ALB,NIR
2015-07-14,2015,Q-2,1,FK Sarajevo,Lech Poznan,0-2,,,,0,2,0,3,,,0,2,0,3,Lech Poznan,BIH,POL
2015-07-14,2015,Q-2,1,Hibernians,Maccabi Tel Aviv,2-1,,,,2,1,3,6,,,2,1,3,6,Maccabi Tel Aviv,MLT,ISR
2015-07-14,2015,Q-2,1,Ventspils,HJK Helsinki,1-3,,,,1,3,1,4,,,1,3,1,4,HJK Helsinki,LVA,FIN
2015-07-14,2015,Q-2,1,Midtjylland,Lincoln Red Imps,1-0,,,,1,0,3,0,,,1,0,3,0,Midtjylland,DEN,GIB
2015-07-14,2015,Q-2,1,PFC Ludogorets Razgrad,Milsami Orhei,0-1,,,,0,1,1,3,,,0,1,1,3,Milsami Orhei,BUL,MDA
2015-07-14,2015,Q-2,1,Molde FK,Pyunik,5-0,,,,5,0,5,1,,,5,0,5,1,Molde FK,NOR,ARM
2015-07-14,2015,Q-2,1,The New Saints,Videoton,0-1,,,,0,1,1,2,,,0,1,1,2,Videoton,WAL,HUN
2015-07-14,2015,Q-2,1,Partizan Belgrade,Dila Gori,1-0,,,,1,0,3,0,,,1,0,3,0,Partizan Belgrade,SRB,GEO
2015-07-15,2015,Q-2,1,BATE Borisov,Dundalk,2-1,,,,2,1,2,1,,,2,1,2,1,BATE Borisov,BLR,IRL
2015-07-15,2015,Q-2,1,Celtic,Stjarnan,2-0,,,,2,0,6,1,,,2,0,6,1,Celtic,SCO,ISL
2015-07-15,2015,Q-2,1,Dinamo Zagreb,Fola Esch,1-1,,,,1,1,4,1,,,1,1,4,1,Dinamo Zagreb,CRO,LUX
2015-07-15,2015,Q-2,1,Qarabag FK,FK Rudar Pljevlja,0-0,,,,0,0,1,0,,,0,0,1,0,Qarabag FK,AZE,MNE
2015-07-15,2015,Q-2,1,Malmo FF,FK Zalgiris Vilnius,0-0,,,,0,0,1,0,,,0,0,1,0,Malmo FF,SWE,LTU
2015-07-21,2015,Q-2,2,Vardar Skopje,APOEL Nikosia,1-1,,,away goals,1,1,1,1,,,1,1,1,1,APOEL Nikosia,MKD,CYP
2015-07-21,2015,Q-2,2,Crusaders,Skenderbeu Korce,3-2,,,,3,2,4,6,,,3,2,4,6,Skenderbeu Korce,NIR,ALB
2015-07-21,2015,Q-2,2,FK Zalgiris Vilnius,Malmo FF,0-1,,,,0,1,0,1,,,0,1,0,1,Malmo FF,LTU,SWE
2015-07-21,2015,Q-2,2,Maccabi Tel Aviv,Hibernians,5-1,,,,5,1,6,3,,,5,1,6,3,Maccabi Tel Aviv,ISR,MLT
2015-07-21,2015,Q-2,2,HJK Helsinki,Ventspils,1-0,,,,1,0,4,1,,,1,0,4,1,HJK Helsinki,FIN,LVA
2015-07-21,2015,Q-2,2,Lincoln Red Imps,Midtjylland,0-2,,,,0,2,0,3,,,0,2,0,3,Midtjylland,GIB,DEN
2015-07-21,2015,Q-2,2,Milsami Orhei,PFC Ludogorets Razgrad,2-1,,,,2,1,3,1,,,2,1,3,1,Milsami Orhei,MDA,BUL
2015-07-21,2015,Q-2,2,Pyunik,Molde FK,1-0,,,,1,0,1,5,,,1,0,1,5,Molde FK,ARM,NOR
2015-07-21,2015,Q-2,2,Dila Gori,Partizan Belgrade,0-2,,,,0,2,0,3,,,0,2,0,3,Partizan Belgrade,GEO,SRB
2015-07-22,2015,Q-2,2,Steaua Bucuresti,AS Trencin,2-3,,,,2,3,4,3,,,2,3,4,3,Steaua Bucuresti,ROU,SVK
2015-07-22,2015,Q-2,2,Astana,NK Maribor,3-1,,,,3,1,3,2,,,3,1,3,2,Astana,KAZ,SVN
2015-07-22,2015,Q-2,2,Dundalk,BATE Borisov,0-0,,,,0,0,1,2,,,0,0,1,2,BATE Borisov,IRL,BLR
2015-07-22,2015,Q-2,2,Stjarnan,Celtic,1-4,,,,1,4,1,6,,,1,4,1,6,Celtic,ISL,SCO
2015-07-22,2015,Q-2,2,Fola Esch,Dinamo Zagreb,0-3,,,,0,3,1,4,,,0,3,1,4,Dinamo Zagreb,LUX,CRO
2015-07-22,2015,Q-2,2,FK Rudar Pljevlja,Qarabag FK,0-1,,,,0,1,0,1,,,0,1,0,1,Qarabag FK,MNE,AZE
2015-07-22,2015,Q-2,2,Lech Poznan,FK Sarajevo,1-0,,,,1,0,3,0,,,1,0,3,0,Lech Poznan,POL,BIH
2015-07-22,2015,Q-2,2,Videoton,The New Saints,1-1,,,,1,1,2,1,,,1,1,2,1,Videoton,HUN,WAL
2015-07-28,2015,Q-3,1,Midtjylland,APOEL Nikosia,1-2,,,,1,2,2,2,,,1,2,2,2,APOEL Nikosia,DEN,CYP
2015-07-28,2015,Q-3,1,Dinamo Zagreb,Molde FK,1-1,,,,1,1,4,4,,,1,1,4,4,Dinamo Zagreb,CRO,NOR
2015-07-28,2015,Q-3,1,BSC Young Boys,AS Monaco,1-3,,,,1,3,1,7,,,1,3,1,7,AS Monaco,SUI,FRA
2015-07-28,2015,Q-3,1,Videoton,BATE Borisov,1-1,,,,1,1,1,2,,,1,1,1,2,BATE Borisov,HUN,BLR
2015-07-28,2015,Q-3,1,Panathinaikos,Club Brugge,2-1,,,,2,1,2,4,,,2,1,2,4,Club Brugge,GRE,BEL
2015-07-28,2015,Q-3,1,CSKA Moskva,Sparta Praha,2-2,,,,2,2,5,4,,,2,2,5,4,CSKA Moskva,RUS,CZE
2015-07-28,2015,Q-3,1,Fenerbahce,Shakhtar Donetsk,0-0,,,,0,0,0,3,,,0,0,0,3,Shakhtar Donetsk,TUR,UKR
2015-07-28,2015,Q-3,1,Maccabi Tel Aviv,Viktoria Plzen,1-2,,,,1,2,3,2,,,1,2,3,2,Maccabi Tel Aviv,ISR,CZE
2015-07-28,2015,Q-3,1,Milsami Orhei,Skenderbeu Korce,0-2,,,,0,2,0,4,,,0,2,0,4,Skenderbeu Korce,MDA,ALB
2015-07-29,2015,Q-3,1,Rapid Wien,AFC Ajax,2-2,,,,2,2,5,4,,,2,2,5,4,Rapid Wien,AUT,NED
2015-07-29,2015,Q-3,1,HJK Helsinki,Astana,0-0,,,,0,0,3,4,,,0,0,3,4,Astana,FIN,KAZ
2015-07-29,2015,Q-3,1,Lech Poznan,Basel,1-3,,,,1,3,1,4,,,1,3,1,4,Basel,POL,SUI
2015-07-29,2015,Q-3,1,Celtic,Qarabag FK,1-0,,,,1,0,1,0,,,1,0,1,0,Celtic,SCO,AZE
2015-07-29,2015,Q-3,1,Salzburg,Malmo FF,2-0,,,,2,0,2,3,,,2,0,2,3,Malmo FF,AUT,SWE
2015-07-29,2015,Q-3,1,Steaua Bucuresti,Partizan Belgrade,1-1,,,,1,1,3,5,,,1,1,3,5,Partizan Belgrade,ROU,SRB
2015-08-04,2015,Q-3,2,APOEL Nikosia,Midtjylland,0-1,,,away goals,0,1,2,2,,,0,1,2,2,APOEL Nikosia,CYP,DEN
2015-08-04,2015,Q-3,2,Molde FK,Dinamo Zagreb,3-3,,,away goals,3,3,4,4,,,3,3,4,4,Dinamo Zagreb,NOR,CRO
2015-08-04,2015,Q-3,2,AFC Ajax,Rapid Wien,2-3,,,,2,3,4,5,,,2,3,4,5,Rapid Wien,NED,AUT
2015-08-04,2015,Q-3,2,AS Monaco,BSC Young Boys,4-0,,,,4,0,7,1,,,4,0,7,1,AS Monaco,FRA,SUI
2015-08-05,2015,Q-3,2,Astana,HJK Helsinki,4-3,,,,4,3,4,3,,,4,3,4,3,Astana,KAZ,FIN
2015-08-05,2015,Q-3,2,Basel,Lech Poznan,1-0,,,,1,0,4,1,,,1,0,4,1,Basel,SUI,POL
2015-08-05,2015,Q-3,2,BATE Borisov,Videoton,1-0,,,,1,0,2,1,,,1,0,2,1,BATE Borisov,BLR,HUN
2015-08-05,2015,Q-3,2,Qarabag FK,Celtic,0-0,,,,0,0,0,1,,,0,0,0,1,Celtic,AZE,SCO
2015-08-05,2015,Q-3,2,Club Brugge,Panathinaikos,3-0,,,,3,0,4,2,,,3,0,4,2,Club Brugge,BEL,GRE
2015-08-05,2015,Q-3,2,Sparta Praha,CSKA Moskva,2-3,,,,2,3,4,5,,,2,3,4,5,CSKA Moskva,CZE,RUS
2015-08-05,2015,Q-3,2,Shakhtar Donetsk,Fenerbahce,3-0,,,,3,0,3,0,,,3,0,3,0,Shakhtar Donetsk,UKR,TUR
2015-08-05,2015,Q-3,2,Viktoria Plzen,Maccabi Tel Aviv,0-2,,,,0,2,2,3,,,0,2,2,3,Maccabi Tel Aviv,CZE,ISR
2015-08-05,2015,Q-3,2,Malmo FF,Salzburg,3-0,,,,3,0,3,2,,,3,0,3,2,Malmo FF,SWE,AUT
2015-08-05,2015,Q-3,2,Skenderbeu Korce,Milsami Orhei,2-0,,,,2,0,4,0,,,2,0,4,0,Skenderbeu Korce,ALB,MDA
2015-08-05,2015,Q-3,2,Partizan Belgrade,Steaua Bucuresti,4-2,,,,4,2,5,3,,,4,2,5,3,Partizan Belgrade,SRB,ROU
2015-08-18,2015,Q-PO,1,Astana,APOEL Nikosia,1-0,,,,1,0,2,1,,,1,0,2,1,Astana,KAZ,CYP
2015-08-18,2015,Q-PO,1,Lazio,Bayer Leverkusen,1-0,,,,1,0,1,3,,,1,0,1,3,Bayer Leverkusen,ITA,GER
2015-08-18,2015,Q-PO,1,Manchester United,Club Brugge,3-1,,,,3,1,7,1,,,3,1,7,1,Manchester United,ENG,BEL
2015-08-18,2015,Q-PO,1,Sporting CP,CSKA Moskva,2-1,,,,2,1,3,4,,,2,1,3,4,CSKA Moskva,POR,RUS
2015-08-18,2015,Q-PO,1,BATE Borisov,Partizan Belgrade,1-0,,,,1,0,2,2,,,1,0,2,2,BATE Borisov,BLR,SRB
2015-08-19,2015,Q-PO,1,Basel,Maccabi Tel Aviv,2-2,,,,2,2,3,3,,,2,2,3,3,Maccabi Tel Aviv,SUI,ISR
2015-08-19,2015,Q-PO,1,Valencia CF,AS Monaco,3-1,,,,3,1,4,3,,,3,1,4,3,Valencia CF,ESP,FRA
2015-08-19,2015,Q-PO,1,Celtic,Malmo FF,3-2,,,,3,2,3,4,,,3,2,3,4,Malmo FF,SCO,SWE
2015-08-19,2015,Q-PO,1,Skenderbeu Korce,Dinamo Zagreb,1-2,,,,1,2,2,6,,,1,2,2,6,Dinamo Zagreb,ALB,CRO
2015-08-19,2015,Q-PO,1,Rapid Wien,Shakhtar Donetsk,0-1,,,,0,1,2,3,,,0,1,2,3,Shakhtar Donetsk,AUT,UKR
2015-08-25,2015,Q-PO,2,Maccabi Tel Aviv,Basel,1-1,,,away goals,1,1,3,3,,,1,1,3,3,Maccabi Tel Aviv,ISR,SUI
2015-08-25,2015,Q-PO,2,AS Monaco,Valencia CF,2-1,,,,2,1,3,4,,,2,1,3,4,Valencia CF,FRA,ESP
2015-08-25,2015,Q-PO,2,Malmo FF,Celtic,2-0,,,,2,0,4,3,,,2,0,4,3,Malmo FF,SWE,SCO
2015-08-25,2015,Q-PO,2,Dinamo Zagreb,Skenderbeu Korce,4-1,,,,4,1,6,2,,,4,1,6,2,Dinamo Zagreb,CRO,ALB
2015-08-25,2015,Q-PO,2,Shakhtar Donetsk,Rapid Wien,2-2,,,,2,2,3,2,,,2,2,3,2,Shakhtar Donetsk,UKR,AUT
2015-08-26,2015,Q-PO,2,APOEL Nikosia,Astana,1-1,,,,1,1,1,2,,,1,1,1,2,Astana,CYP,KAZ
2015-08-26,2015,Q-PO,2,Bayer Leverkusen,Lazio,3-0,,,,3,0,3,1,,,3,0,3,1,Bayer Leverkusen,GER,ITA
2015-08-26,2015,Q-PO,2,Club Brugge,Manchester United,0-4,,,,0,4,1,7,,,0,4,1,7,Manchester United,BEL,ENG
2015-08-26,2015,Q-PO,2,CSKA Moskva,Sporting CP,3-1,,,,3,1,4,3,,,3,1,4,3,CSKA Moskva,RUS,POR
2015-08-26,2015,Q-PO,2,Partizan Belgrade,BATE Borisov,2-1,,,away goals,2,1,2,2,,,2,1,2,2,BATE Borisov,SRB,BLR
2015-09-15,2015,GroupC,groups,Galatasaray,Atletico Madrid,0-2,0-2,,,0,2,0,4,,,0,2,0,4,,TUR,ESP
2015-09-15,2015,GroupD,groups,Sevilla,Borussia Monchengladbach,3-0,0-0,,,3,0,5,4,,,3,0,5,4,,ESP,GER
2015-09-15,2015,GroupB,groups,VfL Wolfsburg,CSKA Moskva,1-0,1-0,,,1,0,3,0,,,1,0,3,0,,GER,RUS
2015-09-15,2015,GroupC,groups,SL Benfica,Astana,2-0,0-0,,,2,0,4,2,,,2,0,4,2,,POR,KAZ
2015-09-15,2015,GroupD,groups,Manchester City,Juventus,1-2,0-0,,,1,2,1,3,,,1,2,1,3,,ENG,ITA
2015-09-15,2015,GroupA,groups,Paris Saint-Germain,Malmo FF,2-0,1-0,,,2,0,7,0,,,2,0,7,0,,FRA,SWE
2015-09-15,2015,GroupB,groups,PSV Eindhoven,Manchester United,2-1,1-1,,,2,1,2,1,,,2,1,2,1,,NED,ENG
2015-09-15,2015,GroupA,groups,Real Madrid,Shakhtar Donetsk,4-0,1-0,,,4,0,8,3,,,4,0,8,3,,ESP,UKR
2015-09-16,2015,GroupF,groups,Dinamo Zagreb,Arsenal,2-1,1-0,,,2,1,2,4,,,2,1,2,4,,CRO,ENG
2015-09-16,2015,GroupE,groups,AS Roma,Barcelona,1-1,1-1,,,1,1,2,7,,,1,1,2,7,,ITA,ESP
2015-09-16,2015,GroupE,groups,Bayer Leverkusen,BATE Borisov,4-1,1-1,,,4,1,5,2,,,4,1,5,2,,GER,BLR
2015-09-16,2015,GroupF,groups,Olympiacos,Bayern Munich,0-3,0-0,,,0,3,0,7,,,0,3,0,7,,GRE,GER
2015-09-16,2015,GroupG,groups,Chelsea,Maccabi Tel Aviv,4-0,2-0,,,4,0,8,0,,,4,0,8,0,,ENG,ISR
2015-09-16,2015,GroupG,groups,Dinamo Kiev,FC Porto,2-2,1-1,,,2,2,4,2,,,2,2,4,2,,UKR,POR
2015-09-16,2015,GroupH,groups,Gent,Olympique Lyon,1-1,0-0,,,1,1,3,2,,,1,1,3,2,,BEL,FRA
2015-09-16,2015,GroupH,groups,Valencia CF,Zenit St. Petersburg,2-3,0-2,,,2,3,2,5,,,2,3,2,5,,ESP,RUS
2015-09-29,2015,GroupF,groups,Arsenal,Olympiacos,2-3,1-2,,,2,3,5,3,,,2,3,5,3,,ENG,GRE
2015-09-29,2015,GroupE,groups,BATE Borisov,AS Roma,3-2,3-0,,,3,2,3,2,,,3,2,3,2,,BLR,ITA
2015-09-29,2015,GroupE,groups,Barcelona,Bayer Leverkusen,2-1,0-1,,,2,1,3,2,,,2,1,3,2,,ESP,GER
2015-09-29,2015,GroupF,groups,Bayern Munich,Dinamo Zagreb,5-0,4-0,,,5,0,7,0,,,5,0,7,0,,GER,CRO
2015-09-29,2015,GroupG,groups,FC Porto,Chelsea,2-1,1-1,,,2,1,2,3,,,2,1,2,3,,POR,ENG
2015-09-29,2015,GroupG,groups,Maccabi Tel Aviv,Dinamo Kiev,0-2,0-1,,,0,2,0,3,,,0,2,0,3,,ISR,UKR
2015-09-29,2015,GroupH,groups,Zenit St. Petersburg,Gent,2-1,1-0,,,2,1,3,3,,,2,1,3,3,,RUS,BEL
2015-09-29,2015,GroupH,groups,Olympique Lyon,Valencia CF,0-1,0-1,,,0,1,2,1,,,0,1,2,1,,FRA,ESP
2015-09-30,2015,GroupC,groups,Atletico Madrid,SL Benfica,1-2,1-1,,,1,2,3,3,,,1,2,3,3,,ESP,POR
2015-09-30,2015,GroupD,groups,Borussia Monchengladbach,Manchester City,1-2,0-0,,,1,2,3,6,,,1,2,3,6,,GER,ENG
2015-09-30,2015,GroupB,groups,CSKA Moskva,PSV Eindhoven,3-2,3-0,,,3,2,4,4,,,3,2,4,4,,RUS,NED
2015-09-30,2015,GroupC,groups,Astana,Galatasaray,2-2,0-1,,,2,2,3,3,,,2,2,3,3,,KAZ,TUR
2015-09-30,2015,GroupD,groups,Juventus,Sevilla,2-0,1-0,,,2,0,2,1,,,2,0,2,1,,ITA,ESP
2015-09-30,2015,GroupA,groups,Malmo FF,Real Madrid,0-2,0-1,,,0,2,0,10,,,0,2,0,10,,SWE,ESP
2015-09-30,2015,GroupB,groups,Manchester United,VfL Wolfsburg,2-1,1-1,,,2,1,4,4,,,2,1,4,4,,ENG,GER
2015-09-30,2015,GroupA,groups,Shakhtar Donetsk,Paris Saint-Germain,0-3,0-2,,,0,3,0,5,,,0,3,0,5,,UKR,FRA
2015-10-20,2015,GroupF,groups,Arsenal,Bayern Munich,2-0,0-0,,,2,0,3,5,,,2,0,3,5,,ENG,GER
2015-10-20,2015,GroupE,groups,Bayer Leverkusen,AS Roma,4-4,2-2,,,4,4,6,7,,,4,4,6,7,,GER,ITA
2015-10-20,2015,GroupE,groups,BATE Borisov,Barcelona,0-2,0-0,,,0,2,0,5,,,0,2,0,5,,BLR,ESP
2015-10-20,2015,GroupG,groups,Dinamo Kiev,Chelsea,0-0,0-0,,,0,0,1,2,,,0,0,1,2,,UKR,ENG
2015-10-20,2015,GroupF,groups,Dinamo Zagreb,Olympiacos,0-1,0-0,,,0,1,1,3,,,0,1,1,3,,CRO,GRE
2015-10-20,2015,GroupG,groups,FC Porto,Maccabi Tel Aviv,2-0,2-0,,,2,0,5,1,,,2,0,5,1,,POR,ISR
2015-10-20,2015,GroupH,groups,Valencia CF,Gent,2-1,1-1,,,2,1,2,2,,,2,1,2,2,,ESP,BEL
2015-10-20,2015,GroupH,groups,Zenit St. Petersburg,Olympique Lyon,3-1,1-0,,,3,1,5,1,,,3,1,5,1,,RUS,FRA
2015-10-21,2015,GroupC,groups,Atletico Madrid,Astana,4-0,2-0,,,4,0,4,0,,,4,0,4,0,,ESP,KAZ
2015-10-21,2015,GroupD,groups,Juventus,Borussia Monchengladbach,0-0,0-0,,,0,0,1,1,,,0,0,1,1,,ITA,GER
2015-10-21,2015,GroupB,groups,CSKA Moskva,Manchester United,1-1,1-0,,,1,1,1,2,,,1,1,1,2,,RUS,ENG
2015-10-21,2015,GroupC,groups,Galatasaray,SL Benfica,2-1,2-1,,,2,1,3,3,,,2,1,3,3,,TUR,POR
2015-10-21,2015,GroupA,groups,Malmo FF,Shakhtar Donetsk,1-0,1-0,,,1,0,1,4,,,1,0,1,4,,SWE,UKR
2015-10-21,2015,GroupD,groups,Manchester City,Sevilla,2-1,1-1,,,2,1,5,2,,,2,1,5,2,,ENG,ESP
2015-10-21,2015,GroupA,groups,Paris Saint-Germain,Real Madrid,0-0,0-0,,,0,0,0,1,,,0,0,0,1,,FRA,ESP
2015-10-21,2015,GroupB,groups,VfL Wolfsburg,PSV Eindhoven,2-0,0-0,,,2,0,2,2,,,2,0,2,2,,GER,NED
2015-11-03,2015,GroupC,groups,Astana,Atletico Madrid,0-0,0-0,,,0,0,0,4,,,0,0,0,4,,KAZ,ESP
2015-11-03,2015,GroupD,groups,Borussia Monchengladbach,Juventus,1-1,1-1,,,1,1,1,1,,,1,1,1,1,,GER,ITA
2015-11-03,2015,GroupB,groups,Manchester United,CSKA Moskva,1-0,0-0,,,1,0,2,1,,,1,0,2,1,,ENG,RUS
2015-11-03,2015,GroupC,groups,SL Benfica,Galatasaray,2-1,0-0,,,2,1,3,3,,,2,1,3,3,,POR,TUR
2015-11-03,2015,GroupA,groups,Shakhtar Donetsk,Malmo FF,4-0,1-0,,,4,0,4,1,,,4,0,4,1,,UKR,SWE
2015-11-03,2015,GroupD,groups,Sevilla,Manchester City,1-3,1-3,,,1,3,2,5,,,1,3,2,5,,ESP,ENG
2015-11-03,2015,GroupA,groups,Real Madrid,Paris Saint-Germain,1-0,1-0,,,1,0,1,0,,,1,0,1,0,,ESP,FRA
2015-11-03,2015,GroupB,groups,PSV Eindhoven,VfL Wolfsburg,2-0,0-0,,,2,0,2,2,,,2,0,2,2,,NED,GER
2015-11-04,2015,GroupF,groups,Bayern Munich,Arsenal,5-1,3-0,,,5,1,5,3,,,5,1,5,3,,GER,ENG
2015-11-04,2015,GroupE,groups,AS Roma,Bayer Leverkusen,3-2,2-0,,,3,2,7,6,,,3,2,7,6,,ITA,GER
2015-11-04,2015,GroupE,groups,Barcelona,BATE Borisov,3-0,1-0,,,3,0,5,0,,,3,0,5,0,,ESP,BLR
2015-11-04,2015,GroupG,groups,Chelsea,Dinamo Kiev,2-1,1-0,,,2,1,2,1,,,2,1,2,1,,ENG,UKR
2015-11-04,2015,GroupF,groups,Olympiacos,Dinamo Zagreb,2-1,0-1,,,2,1,3,1,,,2,1,3,1,,GRE,CRO
2015-11-04,2015,GroupG,groups,Maccabi Tel Aviv,FC Porto,1-3,0-1,,,1,3,1,5,,,1,3,1,5,,ISR,POR
2015-11-04,2015,GroupH,groups,Gent,Valencia CF,1-0,0-0,,,1,0,2,2,,,1,0,2,2,,BEL,ESP
2015-11-04,2015,GroupH,groups,Olympique Lyon,Zenit St. Petersburg,0-2,0-1,,,0,2,1,5,,,0,2,1,5,,FRA,RUS
2015-11-24,2015,GroupF,groups,Arsenal,Dinamo Zagreb,3-0,2-0,,,3,0,4,2,,,3,0,4,2,,ENG,CRO
2015-11-24,2015,GroupE,groups,Barcelona,AS Roma,6-1,3-0,,,6,1,7,2,,,6,1,7,2,,ESP,ITA
2015-11-24,2015,GroupE,groups,BATE Borisov,Bayer Leverkusen,1-1,1-0,,,1,1,2,5,,,1,1,2,5,,BLR,GER
2015-11-24,2015,GroupF,groups,Bayern Munich,Olympiacos,4-0,3-0,,,4,0,7,0,,,4,0,7,0,,GER,GRE
2015-11-24,2015,GroupG,groups,Maccabi Tel Aviv,Chelsea,0-4,0-1,,,0,4,0,8,,,0,4,0,8,,ISR,ENG
2015-11-24,2015,GroupG,groups,FC Porto,Dinamo Kiev,0-2,0-1,,,0,2,2,4,,,0,2,2,4,,POR,UKR
2015-11-24,2015,GroupH,groups,Olympique Lyon,Gent,1-2,1-1,,,1,2,2,3,,,1,2,2,3,,FRA,BEL
2015-11-24,2015,GroupH,groups,Zenit St. Petersburg,Valencia CF,2-0,1-0,,,2,0,5,2,,,2,0,5,2,,RUS,ESP
2015-11-25,2015,GroupC,groups,Atletico Madrid,Galatasaray,2-0,1-0,,,2,0,4,0,,,2,0,4,0,,ESP,TUR
2015-11-25,2015,GroupD,groups,Borussia Monchengladbach,Sevilla,4-2,1-0,,,4,2,4,5,,,4,2,4,5,,GER,ESP
2015-11-25,2015,GroupB,groups,CSKA Moskva,VfL Wolfsburg,0-2,0-0,,,0,2,0,3,,,0,2,0,3,,RUS,GER
2015-11-25,2015,GroupC,groups,Astana,SL Benfica,2-2,2-1,,,2,2,2,4,,,2,2,2,4,,KAZ,POR
2015-11-25,2015,GroupD,groups,Juventus,Manchester City,1-0,1-0,,,1,0,3,1,,,1,0,3,1,,ITA,ENG
2015-11-25,2015,GroupA,groups,Malmo FF,Paris Saint-Germain,0-5,0-2,,,0,5,0,7,,,0,5,0,7,,SWE,FRA
2015-11-25,2015,GroupB,groups,Manchester United,PSV Eindhoven,0-0,0-0,,,0,0,1,2,,,0,0,1,2,,ENG,NED
2015-11-25,2015,GroupA,groups,Shakhtar Donetsk,Real Madrid,3-4,0-1,,,3,4,3,8,,,3,4,3,8,,UKR,ESP
2015-12-08,2015,GroupC,groups,SL Benfica,Atletico Madrid,1-2,0-1,,,1,2,3,3,,,1,2,3,3,,POR,ESP
2015-12-08,2015,GroupD,groups,Manchester City,Borussia Monchengladbach,4-2,1-2,,,4,2,6,3,,,4,2,6,3,,ENG,GER
2015-12-08,2015,GroupB,groups,PSV Eindhoven,CSKA Moskva,2-1,0-0,,,2,1,4,4,,,2,1,4,4,,NED,RUS
2015-12-08,2015,GroupC,groups,Galatasaray,Astana,1-1,0-0,,,1,1,3,3,,,1,1,3,3,,TUR,KAZ
2015-12-08,2015,GroupD,groups,Sevilla,Juventus,1-0,0-0,,,1,0,1,2,,,1,0,1,2,,ESP,ITA
2015-12-08,2015,GroupA,groups,Real Madrid,Malmo FF,8-0,3-0,,,8,0,10,0,,,8,0,10,0,,ESP,SWE
2015-12-08,2015,GroupB,groups,VfL Wolfsburg,Manchester United,3-2,2-1,,,3,2,4,4,,,3,2,4,4,,GER,ENG
2015-12-08,2015,GroupA,groups,Paris Saint-Germain,Shakhtar Donetsk,2-0,0-0,,,2,0,5,0,,,2,0,5,0,,FRA,UKR
2015-12-09,2015,GroupF,groups,Olympiacos,Arsenal,0-3,0-1,,,0,3,3,5,,,0,3,3,5,,GRE,ENG
2015-12-09,2015,GroupE,groups,AS Roma,BATE Borisov,0-0,0-0,,,0,0,2,3,,,0,0,2,3,,ITA,BLR
2015-12-09,2015,GroupE,groups,Bayer Leverkusen,Barcelona,1-1,1-1,,,1,1,2,3,,,1,1,2,3,,GER,ESP
2015-12-09,2015,GroupF,groups,Dinamo Zagreb,Bayern Munich,0-2,0-0,,,0,2,0,7,,,0,2,0,7,,CRO,GER
2015-12-09,2015,GroupG,groups,Chelsea,FC Porto,2-0,1-0,,,2,0,3,2,,,2,0,3,2,,ENG,POR
2015-12-09,2015,GroupG,groups,Dinamo Kiev,Maccabi Tel Aviv,1-0,1-0,,,1,0,3,0,,,1,0,3,0,,UKR,ISR
2015-12-09,2015,GroupH,groups,Gent,Zenit St. Petersburg,2-1,1-0,,,2,1,3,3,,,2,1,3,3,,BEL,RUS
2015-12-09,2015,GroupH,groups,Valencia CF,Olympique Lyon,0-2,0-1,,,0,2,1,2,,,0,2,1,2,,ESP,FRA
2016-02-16,2015,R16,1,Paris Saint-Germain,Chelsea,2-1,1-1,,,2,1,4,2,,,2,1,4,2,Paris Saint-Germain,FRA,ENG
2016-02-16,2015,R16,1,SL Benfica,Zenit St. Petersburg,1-0,0-0,,,1,0,3,1,,,1,0,3,1,SL Benfica,POR,RUS
2016-02-17,2015,R16,1,AS Roma,Real Madrid,0-2,0-0,,,0,2,0,4,,,0,2,0,4,Real Madrid,ITA,ESP
2016-02-17,2015,R16,1,Gent,VfL Wolfsburg,2-3,0-1,,,2,3,2,4,,,2,3,2,4,VfL Wolfsburg,BEL,GER
2016-02-23,2015,R16,1,Arsenal,Barcelona,0-2,0-0,,,0,2,1,5,,,0,2,1,5,Barcelona,ENG,ESP
2016-02-23,2015,R16,1,Juventus,Bayern Munich,2-2,0-1,,,2,2,4,4,,,2,2,4,6,Bayern Munich,ITA,GER
2016-02-24,2015,R16,1,PSV Eindhoven,Atletico Madrid,0-0,0-0,,,0,0,0,0,,,0,0,0,0,Atletico Madrid,NED,ESP
2016-02-24,2015,R16,1,Dinamo Kiev,Manchester City,1-3,0-2,,,1,3,1,3,,,1,3,1,3,Manchester City,UKR,ENG
2016-03-08,2015,R16,2,Real Madrid,AS Roma,2-0,0-0,,,2,0,4,0,,,2,0,4,0,Real Madrid,ESP,ITA
2016-03-08,2015,R16,2,VfL Wolfsburg,Gent,1-0,0-0,,,1,0,4,2,,,1,0,4,2,VfL Wolfsburg,GER,BEL
2016-03-09,2015,R16,2,Chelsea,Paris Saint-Germain,1-2,1-1,,,1,2,2,4,,,1,2,2,4,Paris Saint-Germain,ENG,FRA
2016-03-09,2015,R16,2,Zenit St. Petersburg,SL Benfica,1-2,0-0,,,1,2,1,3,,,1,2,1,3,SL Benfica,RUS,POR
2016-03-15,2015,R16,2,Atletico Madrid,PSV Eindhoven,0-0,0-0,0-0,8-7 ,0,0,0,0,0.0,0.0,0,0,0,0,Atletico Madrid,ESP,NED
2016-03-15,2015,R16,2,Manchester City,Dinamo Kiev,0-0,0-0,,,0,0,3,1,,,0,0,3,1,Manchester City,ENG,UKR
2016-03-16,2015,R16,2,Barcelona,Arsenal,3-1,1-0,,,3,1,5,1,,,3,1,5,1,Barcelona,ESP,ENG
2016-03-16,2015,R16,2,Bayern Munich,Juventus,2-2,0-2,4-2,,2,2,4,4,4.0,2.0,4,2,6,4,Bayern Munich,GER,ITA
2016-04-05,2015,QF,1,Barcelona,Atletico Madrid,2-1,0-1,,,2,1,2,3,,,2,1,2,3,Atletico Madrid,ESP,ESP
2016-04-05,2015,QF,1,Bayern Munich,SL Benfica,1-0,1-0,,,1,0,3,2,,,1,0,3,2,Bayern Munich,GER,POR
2016-04-06,2015,QF,1,Paris Saint-Germain,Manchester City,2-2,1-1,,,2,2,2,3,,,2,2,2,3,Manchester City,FRA,ENG
2016-04-06,2015,QF,1,VfL Wolfsburg,Real Madrid,2-0,2-0,,,2,0,2,3,,,2,0,2,3,Real Madrid,GER,ESP
2016-04-12,2015,QF,2,Manchester City,Paris Saint-Germain,1-0,0-0,,,1,0,3,2,,,1,0,3,2,Manchester City,ENG,FRA
2016-04-12,2015,QF,2,Real Madrid,VfL Wolfsburg,3-0,2-0,,,3,0,3,2,,,3,0,3,2,Real Madrid,ESP,GER
2016-04-13,2015,QF,2,Atletico Madrid,Barcelona,2-0,1-0,,,2,0,3,2,,,2,0,3,2,Atletico Madrid,ESP,ESP
2016-04-13,2015,QF,2,SL Benfica,Bayern Munich,2-2,1-1,,,2,2,2,3,,,2,2,2,3,Bayern Munich,POR,GER
2016-04-26,2015,SF,1,Manchester City,Real Madrid,0-0,0-0,,,0,0,0,1,,,0,0,0,1,Real Madrid,ENG,ESP
2016-04-27,2015,SF,1,Atletico Madrid,Bayern Munich,1-0,1-0,,,1,0,2,2,,,1,0,2,2,Atletico Madrid,ESP,GER
2016-05-03,2015,SF,2,Bayern Munich,Atletico Madrid,2-1,1-0,,away goals,2,1,2,2,,,2,1,2,2,Atletico Madrid,GER,ESP
2016-05-04,2015,SF,2,Real Madrid,Manchester City,1-0,1-0,,,1,0,1,0,,,1,0,1,0,Real Madrid,ESP,ENG
2016-05-28,2015,final,,Real Madrid,Atletico Madrid,1-1,1-0,1-1,5-3,1,1,1,1,1.0,1.0,1,1,1,1,Real Madrid,ESP,ESP
2017-06-03,2016,final,,Real Madrid,Juventus,4-1,1-1,,,4,1,4,1,,,4,1,4,1,Real Madrid,ESP,ITA
2018-05-26,2017,final,,Real Madrid,Liverpool,3-1,0-0,,,3,1,3,1,,,3,1,3,1,Real Madrid,ESP,ENG
