Date,Season,home,visitor,FT,hgoal,vgoal,round,tie,aet,pen,pens,hp,vp,Venue,attendance,nonmatch,notes,neutral
1999-10-29,1999,Rushden & Diamonds,Scunthorpe United,2-0,2.0,0.0,1,initial,,,,,,,,,,
1999-10-30,1999,Aldershot Town,Hednesford Town,1-1,1.0,1.0,1,initial,,,,,,,,,,
1999-10-30,1999,Bath City,Hendon,0-2,0.0,2.0,1,initial,,,,,,,,,,
1999-10-30,1999,Blackpool,Stoke City,2-0,2.0,0.0,1,initial,,,,,,,,,,
1999-10-30,1999,Brentford,Plymouth Argyle,2-2,2.0,2.0,1,initial,,,,,,,,,,
1999-10-30,1999,Bristol City,Mansfield Town,3-2,3.0,2.0,1,initial,,,,,,,,,,
1999-10-30,1999,Burton Albion,Rochdale,0-0,0.0,0.0,1,initial,,,,,,,,,,
1999-10-30,1999,Cambridge City,Wigan Athletic,0-2,0.0,2.0,1,initial,,,,,,,,,,
1999-10-30,1999,Cambridge United,Gateshead,1-0,1.0,0.0,1,initial,,,,,,,,,,
1999-10-30,1999,Cheltenham,Gillingham,1-1,1.0,1.0,1,initial,,,,,,,,,,
1999-10-30,1999,Chesterfield,Enfield,1-2,1.0,2.0,1,initial,,,,,,,,,,
1999-10-30,1999,Darlington,Southport,2-1,2.0,1.0,1,initial,,,,,,,,,,
1999-10-30,1999,Doncaster Rovers,Halifax Town,0-2,0.0,2.0,1,initial,,,,,,,,,,
1999-10-30,1999,Exeter City,Eastwood Town,2-1,2.0,1.0,1,initial,,,,,,,,,,
1999-10-30,1999,Forest Green Rovers,Guiseley AFC,6-0,6.0,0.0,1,initial,,,,,,,,,,
1999-10-30,1999,Hayes,Runcorn,2-1,2.0,1.0,1,initial,,,,,,,,,,
1999-10-30,1999,Hereford United,York City,1-0,1.0,0.0,1,initial,,,,,,,,,,
1999-10-30,1999,Ilkeston Town,Carlisle United,2-1,2.0,1.0,1,initial,,,,,,,,,,
1999-10-30,1999,Leyton Orient,Cardiff City,1-1,1.0,1.0,1,initial,,,,,,,,,,
1999-10-30,1999,Lincoln City,Welling United,1-0,1.0,0.0,1,initial,,,,,,,,,,
1999-10-30,1999,Luton Town,Kingstonian,4-2,4.0,2.0,1,initial,,,,,,,,,,
1999-10-30,1999,Macclesfield Town,Hull City,0-0,0.0,0.0,1,initial,,,,,,,,,,
1999-10-30,1999,Notts County,AFC Bournemouth,1-1,1.0,1.0,1,initial,,,,,,,,,,
1999-10-30,1999,Oldham Athletic,Chelmsford City,4-0,4.0,0.0,1,initial,,,,,,,,,,
1999-10-30,1999,Oxford United,Morecambe,3-2,3.0,2.0,1,initial,,,,,,,,,,
1999-10-30,1999,Peterborough United,Brighton & Hove Albion,1-1,1.0,1.0,1,initial,,,,,,,,,,
1999-10-30,1999,Reading,Yeovil,4-2,4.0,2.0,1,initial,,,,,,,,,,
1999-10-30,1999,Rotherham United,Worthing,3-0,3.0,0.0,1,initial,,,,,,,,,,
1999-10-30,1999,Shrewsbury Town,Northampton Town,2-1,2.0,1.0,1,initial,,,,,,,,,,
1999-10-30,1999,St Albans City,Bamber Bridge,0-2,0.0,2.0,1,initial,,,,,,,,,,
1999-10-30,1999,Swansea City,Colchester United,2-1,2.0,1.0,1,initial,,,,,,,,,,
1999-10-30,1999,Tamworth,Bury,2-2,2.0,2.0,1,initial,,,,,,,,,,
1999-10-30,1999,Torquay United,Southend United,1-0,1.0,0.0,1,initial,,,,,,,,,,
1999-10-30,1999,Whyteleafe,Chester City,0-0,0.0,0.0,1,initial,,,,,,,,,,
1999-10-30,1999,Wrexham,Kettering Town,1-1,1.0,1.0,1,initial,,,,,,,,,,
1999-10-30,1999,Wycombe Wanderers,Oxford City,1-1,1.0,1.0,1,initial,,,,,,,,,,
1999-10-31,1999,Barnet,Burnley,0-1,0.0,1.0,1,initial,,,,,,,,,,
1999-10-31,1999,Bristol Rovers,Preston North End,0-1,0.0,1.0,1,initial,,,,,,,,,,
1999-10-31,1999,Hartlepool United,Millwall,1-0,1.0,0.0,1,initial,,,,,,,,,,
1999-11-02,1999,Merthyr Tydfil,Stalybridge Celtic,2-2,2.0,2.0,1,initial,,,,,,,,,,
1999-11-08,1999,Hednesford Town,Aldershot Town,1-2,1.0,2.0,1,replay,,,,,,,,,,
1999-11-09,1999,AFC Bournemouth,Notts County,4-2,4.0,2.0,1,replay,,,,,,,,,,
1999-11-09,1999,Brighton & Hove Albion,Peterborough United,3-0,3.0,0.0,1,replay,,,,,,,,,,
1999-11-09,1999,Bury,Tamworth,2-1,2.0,1.0,1,replay,yes,,,,,,,,,
1999-11-09,1999,Cardiff City,Leyton Orient,3-1,3.0,1.0,1,replay,,,,,,,,,,
1999-11-09,1999,Chester City,Whyteleafe,3-1,3.0,1.0,1,replay,,,,,,,,,,
1999-11-09,1999,Gillingham,Cheltenham,3-2,3.0,2.0,1,replay,,,,,,,,,,
1999-11-09,1999,Hull City,Macclesfield Town,4-0,4.0,0.0,1,replay,,,,,,,,,,
1999-11-09,1999,Oxford City,Wycombe Wanderers,1-1,1.0,1.0,1,replay,yes,,,,,,,,,
1999-11-09,1999,Plymouth Argyle,Brentford,2-1,2.0,1.0,1,replay,yes,,,,,,,,,
1999-11-09,1999,Rochdale,Burton Albion,3-0,3.0,0.0,1,replay,,,,,,,,,,
1999-11-09,1999,Stalybridge Celtic,Merthyr Tydfil,3-1,3.0,1.0,1,replay,,,,,,,,,,
1999-11-10,1999,Kettering Town,Wrexham,0-2,0.0,2.0,1,replay,,,,,,,,,,
1999-11-16,1999,Oxford City,Wycombe Wanderers,0-1,0.0,1.0,1,replay2,,,,,,,,,,
1999-11-19,1999,Luton Town,Lincoln City,2-2,2.0,2.0,2,initial,,,,,,,,,,
1999-11-20,1999,AFC Bournemouth,Bristol City,0-2,0.0,2.0,2,initial,,,,,,,,,,
1999-11-20,1999,Blackpool,Hendon,2-0,2.0,0.0,2,initial,,,,,,,,,,
1999-11-20,1999,Burnley,Rotherham United,2-0,2.0,0.0,2,initial,,,,,,,,,,
1999-11-20,1999,Bury,Cardiff City,0-0,0.0,0.0,2,initial,,,,,,,,,,
1999-11-20,1999,Cambridge United,Bamber Bridge,1-0,1.0,0.0,2,initial,,,,,,,,,,
1999-11-20,1999,Exeter City,Aldershot Town,2-0,2.0,0.0,2,initial,,,,,,,,,,
1999-11-20,1999,Gillingham,Darlington,3-1,3.0,1.0,2,initial,,,,,,,,,,
1999-11-20,1999,Hayes,Hull City,2-2,2.0,2.0,2,initial,,,,,,,,,,
1999-11-20,1999,Ilkeston Town,Rushden & Diamonds,1-1,1.0,1.0,2,initial,,,,,,,,,,
1999-11-20,1999,Oldham Athletic,Swansea City,1-0,1.0,0.0,2,initial,,,,,,,,,,
1999-11-20,1999,Plymouth Argyle,Brighton & Hove Albion,0-0,0.0,0.0,2,initial,,,,,,,,,,
1999-11-20,1999,Preston North End,Enfield,0-0,0.0,0.0,2,initial,,,,,,,,,,
1999-11-20,1999,Reading,Halifax Town,1-1,1.0,1.0,2,initial,,,,,,,,,,
1999-11-20,1999,Shrewsbury Town,Oxford United,2-2,2.0,2.0,2,initial,,,,,,,,,,
1999-11-20,1999,Stalybridge Celtic,Chester City,1-2,1.0,2.0,2,initial,,,,,,,,,,
1999-11-20,1999,Wrexham,Rochdale,2-1,2.0,1.0,2,initial,,,,,,,,,,
1999-11-20,1999,Wycombe Wanderers,Wigan Athletic,2-2,2.0,2.0,2,initial,,,,,,,,,,
1999-11-21,1999,Forest Green Rovers,Torquay United,0-3,0.0,3.0,2,initial,,,,,,,,,,
1999-11-21,1999,Hereford United,Hartlepool United,1-0,1.0,0.0,2,initial,,,,,,,,,,
1999-11-30,1999,Brighton & Hove Albion,Plymouth Argyle,1-2,1.0,2.0,2,replay,,,,,,,,,,
1999-11-30,1999,Cardiff City,Bury,1-0,1.0,0.0,2,replay,yes,,,,,,,,,
1999-11-30,1999,Enfield,Preston North End,0-3,0.0,3.0,2,replay,,,,,,,,,,
1999-11-30,1999,Halifax Town,Reading,0-1,0.0,1.0,2,replay,,,,,,,,,,
1999-11-30,1999,Hull City,Hayes,3-2,3.0,2.0,2,replay,yes,,,,,,,,,
1999-11-30,1999,Lincoln City,Luton Town,0-1,0.0,1.0,2,replay,,,,,,,,,,
1999-11-30,1999,Oxford United,Shrewsbury Town,2-1,2.0,1.0,2,replay,yes,,,,,,,,,
1999-11-30,1999,Rushden & Diamonds,Ilkeston Town,3-0,3.0,0.0,2,replay,,,,,,,,,,
1999-11-30,1999,Wigan Athletic,Wycombe Wanderers,2-1,2.0,1.0,2,replay,,,,,,,,,,
1999-12-10,1999,Cambridge United,Crystal Palace,2-0,2.0,0.0,3,initial,,,,,,,,,,
1999-12-10,1999,Nottingham Forest,Oxford United,1-1,1.0,1.0,3,initial,,,,,,,,,,
1999-12-11,1999,Aston Villa,Darlington,2-1,2.0,1.0,3,initial,,,,,,,,,,
1999-12-11,1999,Charlton Athletic,Swindon Town,2-1,2.0,1.0,3,initial,,,,,,,,,,
1999-12-11,1999,Crewe Alexandra,Bradford City,1-2,1.0,2.0,3,initial,,,,,,,,,,
1999-12-11,1999,Derby County,Burnley,0-1,0.0,1.0,3,initial,,,,,,,,,,
1999-12-11,1999,Exeter City,Everton,0-0,0.0,0.0,3,initial,,,,,,,,,,
1999-12-11,1999,Fulham,Luton Town,2-2,2.0,2.0,3,initial,,,,,,,,,,
1999-12-11,1999,Grimsby Town,Stockport County,3-2,3.0,2.0,3,initial,,,,,,,,,,
1999-12-11,1999,Hereford United,Leicester City,0-0,0.0,0.0,3,initial,,,,,,,,,,
1999-12-11,1999,Hull City,Chelsea,1-6,1.0,6.0,3,initial,,,,,,,,,,
1999-12-11,1999,Norwich City,Coventry City,1-3,1.0,3.0,3,initial,,,,,,,,,,
1999-12-11,1999,Preston North End,Oldham Athletic,2-1,2.0,1.0,3,initial,,,,,,,,,,
1999-12-11,1999,Queens Park Rangers,Torquay United,1-1,1.0,1.0,3,initial,,,,,,,,,,
1999-12-11,1999,Reading,Plymouth Argyle,1-1,1.0,1.0,3,initial,,,,,,,,,,
1999-12-11,1999,Sheffield Wednesday,Bristol City,1-0,1.0,0.0,3,initial,,,,,,,,,,
1999-12-11,1999,Sunderland,Portsmouth,1-0,1.0,0.0,3,initial,,,,,,,,,,
1999-12-11,1999,Tranmere Rovers,West Ham United,1-0,1.0,0.0,3,initial,,,,,,,,,,
1999-12-11,1999,Walsall,Gillingham,1-1,1.0,1.0,3,initial,,,,,,,,,,
1999-12-11,1999,Watford,Birmingham City,0-1,0.0,1.0,3,initial,,,,,,,,,,
1999-12-11,1999,West Bromwich Albion,Blackburn Rovers,2-2,2.0,2.0,3,initial,,,,,,,,,,
1999-12-11,1999,Wigan Athletic,Wolverhampton Wanderers,0-1,0.0,1.0,3,initial,,,,,,,,,,
1999-12-11,1999,Wimbledon,Barnsley,1-0,1.0,0.0,3,initial,,,,,,,,,,
1999-12-11,1999,Wrexham,Middlesbrough,2-1,2.0,1.0,3,initial,,,,,,,,,,
1999-12-12,1999,Chester City,Manchester City,1-4,1.0,4.0,3,initial,,,,,,,,,,
1999-12-12,1999,Huddersfield Town,Liverpool,0-2,0.0,2.0,3,initial,,,,,,,,,,
1999-12-12,1999,Leeds United,Port Vale,2-0,2.0,0.0,3,initial,,,,,,,,,,
1999-12-12,1999,Sheffield United,Rushden & Diamonds,1-1,1.0,1.0,3,initial,,,,,,,,,,
1999-12-12,1999,Tottenham Hotspur,Newcastle United,1-1,1.0,1.0,3,initial,,,,,,,,,,
1999-12-13,1999,Arsenal,Blackpool,3-1,3.0,1.0,3,initial,,,,,,,,,,
1999-12-13,1999,Ipswich Town,Southampton,0-1,0.0,1.0,3,initial,,,,,,,,,,
1999-12-21,1999,Bolton Wanderers,Cardiff City,1-0,1.0,0.0,3,initial,,,,,,,,,,
1999-12-22,1999,Blackburn Rovers,West Bromwich Albion,2-0,2.0,0.0,3,replay,yes,,,,,,,,,
1999-12-22,1999,Leicester City,Hereford United,2-1,2.0,1.0,3,replay,yes,,,,,,,,,
1999-12-22,1999,Newcastle United,Tottenham Hotspur,6-1,6.0,1.0,3,replay,,,,,,,,,,
2000-01-08,1999,Gillingham,Walsall,2-1,2.0,1.0,3,replay,yes,,,,,,,,,
2000-01-08,1999,Oxford United,Nottingham Forest,1-3,1.0,3.0,3,replay,,,,,,,,,,
2000-01-08,1999,Aston Villa,Southampton,1-0,1.0,0.0,4,initial,,,,,,,,,,
2000-01-08,1999,Charlton Athletic,Queens Park Rangers,1-0,1.0,0.0,4,initial,,,,,,,,,,
2000-01-08,1999,Coventry City,Burnley,3-0,3.0,0.0,4,initial,,,,,,,,,,
2000-01-08,1999,Everton,Birmingham City,2-0,2.0,0.0,4,initial,,,,,,,,,,
2000-01-08,1999,Fulham,Wimbledon,3-0,3.0,0.0,4,initial,,,,,,,,,,
2000-01-08,1999,Grimsby Town,Bolton Wanderers,0-2,0.0,2.0,4,initial,,,,,,,,,,
2000-01-08,1999,Newcastle United,Sheffield United,4-1,4.0,1.0,4,initial,,,,,,,,,,
2000-01-08,1999,Plymouth Argyle,Preston North End,0-3,0.0,3.0,4,initial,,,,,,,,,,
2000-01-08,1999,Sheffield Wednesday,Wolverhampton Wanderers,1-1,1.0,1.0,4,initial,,,,,,,,,,
2000-01-08,1999,Tranmere Rovers,Sunderland,1-0,1.0,0.0,4,initial,,,,,,,,,,
2000-01-08,1999,Wrexham,Cambridge United,1-2,1.0,2.0,4,initial,,,,,,,,,,
2000-01-09,1999,Arsenal,Leicester City,0-0,0.0,0.0,4,initial,,,,,,,,,,
2000-01-09,1999,Manchester City,Leeds United,2-5,2.0,5.0,4,initial,,,,,,,,,,
2000-01-10,1999,Liverpool,Blackburn Rovers,0-1,0.0,1.0,4,initial,,,,,,,,,,
2000-01-11,1999,Gillingham,Bradford City,3-1,3.0,1.0,4,initial,,,,,,,,,,
2000-01-18,1999,Wolverhampton Wanderers,Sheffield Wednesday,0-0,0.0,0.0,4,replay,yes,yes,4-3 Sheffield Wednesday,3.0,4.0,,,,,
2000-01-19,1999,Chelsea,Nottingham Forest,2-0,2.0,0.0,4,initial,,,,,,,,,,
2000-01-19,1999,Leicester City,Arsenal,0-0,0.0,0.0,4,replay,yes,yes,6-5 Leicester City,6.0,5.0,,,,,
2000-01-29,1999,Cambridge United,Bolton Wanderers,1-3,1.0,3.0,5,initial,,,,,,,,,,
2000-01-29,1999,Coventry City,Charlton Athletic,2-3,2.0,3.0,5,initial,,,,,,,,,,
2000-01-29,1999,Everton,Preston North End,2-0,2.0,0.0,5,initial,,,,,,,,,,
2000-01-29,1999,Fulham,Tranmere Rovers,1-2,1.0,2.0,5,initial,,,,,,,,,,
2000-01-29,1999,Gillingham,Sheffield Wednesday,3-1,3.0,1.0,5,initial,,,,,,,,,,
2000-01-31,1999,Aston Villa,Leeds United,3-2,3.0,2.0,5,initial,,,,,,,,,,
2000-01-31,1999,Blackburn Rovers,Newcastle United,1-2,1.0,2.0,5,initial,,,,,,,,,,
2000-01-31,1999,Chelsea,Leicester City,2-1,2.0,1.0,5,initial,,,,,,,,,,
2000-02-19,1999,Bolton Wanderers,Charlton Athletic,1-0,1.0,0.0,6,initial,,,,,,,,,,
2000-02-20,1999,Chelsea,Gillingham,5-0,5.0,0.0,6,initial,,,,,,,,,,
2000-02-20,1999,Everton,Aston Villa,1-2,1.0,2.0,6,initial,,,,,,,,,,
2000-02-20,1999,Tranmere Rovers,Newcastle United,2-3,2.0,3.0,6,initial,,,,,,,,,,
2000-04-02,1999,Aston Villa,Bolton Wanderers,0-0,0.0,0.0,s,initial,yes,yes,4-1 Aston Villa,4.0,1.0,"Wembley (original), London","62,828",,,yes
2000-04-09,1999,Chelsea,Newcastle United,2-1,2.0,1.0,s,initial,,,,,,"Wembley (original), London","73,876",,,yes
2000-05-20,1999,Chelsea,Aston Villa,1-0,1.0,0.0,f,initial,,,,,,"Wembley (original), London","78,217",,,yes
2000-11-17,2000,Luton Town,Rushden & Diamonds,1-0,1.0,0.0,1,initial,,,,,,,,,,
2000-11-18,2000,AFC Bournemouth,Swansea City,2-0,2.0,0.0,1,initial,,,,,,,,,,
2000-11-18,2000,Aldershot Town,Brighton & Hove Albion,2-6,2.0,6.0,1,initial,,,,,,,,,,
2000-11-18,2000,Barnet,Hampton & Richmond,2-1,2.0,1.0,1,initial,,,,,,,,,,
2000-11-18,2000,Barrow AFC,Leyton Orient,0-2,0.0,2.0,1,initial,,,,,,,,,,
2000-11-18,2000,Blackpool,AFC Telford United,3-1,3.0,1.0,1,initial,,,,,,,,,,
2000-11-18,2000,Brentford,Kingstonian,1-3,1.0,3.0,1,initial,,,,,,,,,,
2000-11-18,2000,Bury,Northwich Victoria,1-1,1.0,1.0,1,initial,,,,,,,,,,
2000-11-18,2000,Cambridge United,Rochdale,2-1,2.0,1.0,1,initial,,,,,,,,,,
2000-11-18,2000,Carlisle United,Woking,5-1,5.0,1.0,1,initial,,,,,,,,,,
2000-11-18,2000,Cheltenham,Shrewsbury Town,4-1,4.0,1.0,1,initial,,,,,,,,,,
2000-11-18,2000,Chester City,Plymouth Argyle,1-1,1.0,1.0,1,initial,,,,,,,,,,
2000-11-18,2000,Chesterfield,Bristol City,0-1,0.0,1.0,1,initial,,,,,,,,,,
2000-11-18,2000,Dagenham & Redbridge,Hayes,3-1,3.0,1.0,1,initial,,,,,,,,,,
2000-11-18,2000,Darlington,AFC Sudbury,6-1,6.0,1.0,1,initial,,,,,,,,,,
2000-11-18,2000,Forest Green Rovers,Morecambe,0-3,0.0,3.0,1,initial,,,,,,,,,,
2000-11-18,2000,Halifax Town,Gateshead,0-2,0.0,2.0,1,initial,,,,,,,,,,
2000-11-18,2000,Havant & Waterlooville,Southport,1-2,1.0,2.0,1,initial,,,,,,,,,,
2000-11-18,2000,Hednesford Town,Oldham Athletic,2-4,2.0,4.0,1,initial,,,,,,,,,,
2000-11-18,2000,Kettering Town,Hull City,0-0,0.0,0.0,1,initial,,,,,,,,,,
2000-11-18,2000,Kidderminster Harriers,Burton Albion,0-0,0.0,0.0,1,initial,,,,,,,,,,
2000-11-18,2000,Lincoln City,Bracknell Town,4-0,4.0,0.0,1,initial,,,,,,,,,,
2000-11-18,2000,Macclesfield Town,Oxford United,0-1,0.0,1.0,1,initial,,,,,,,,,,
2000-11-18,2000,Mansfield Town,Peterborough United,1-1,1.0,1.0,1,initial,,,,,,,,,,
2000-11-18,2000,Northampton Town,Frickley Athletic,4-0,4.0,0.0,1,initial,,,,,,,,,,
2000-11-18,2000,Reading,Grays Athletic,4-0,4.0,0.0,1,initial,,,,,,,,,,
2000-11-18,2000,Scunthorpe United,Hartlepool United,3-1,3.0,1.0,1,initial,,,,,,,,,,
2000-11-18,2000,Stoke City,Nuneaton Borough AFC,0-0,0.0,0.0,1,initial,,,,,,,,,,
2000-11-18,2000,Swindon Town,Ilkeston Town,4-1,4.0,1.0,1,initial,,,,,,,,,,
2000-11-18,2000,Torquay United,Southend United,1-1,1.0,1.0,1,initial,,,,,,,,,,
2000-11-18,2000,Walsall,Exeter City,4-0,4.0,0.0,1,initial,,,,,,,,,,
2000-11-18,2000,Wigan Athletic,Dorchester Town,3-1,3.0,1.0,1,initial,,,,,,,,,,
2000-11-18,2000,Wrexham,Rotherham United,0-1,0.0,1.0,1,initial,,,,,,,,,,
2000-11-18,2000,Wycombe Wanderers,Harrow Borough,3-0,3.0,0.0,1,initial,,,,,,,,,,
2000-11-18,2000,Yeovil,Colchester United,5-1,5.0,1.0,1,initial,,,,,,,,,,
2000-11-19,2000,Canvey Island,Port Vale,4-4,4.0,4.0,1,initial,,,,,,,,,,
2000-11-19,2000,Cardiff City,Bristol Rovers,5-1,5.0,1.0,1,initial,,,,,,,,,,
2000-11-19,2000,Millwall,Leigh RMI,3-0,3.0,0.0,1,initial,,,,,,,,,,
2000-11-19,2000,Radcliffe Boro,York City,1-4,1.0,4.0,1,initial,,,,,,,,,,
2000-11-21,2000,Nuneaton Borough AFC,Stoke City,1-0,1.0,0.0,1,replay,,,,,,,,,,
2000-11-28,2000,Burton Albion,Kidderminster Harriers,2-4,2.0,4.0,1,replay,,,,,,,,,,
2000-11-28,2000,Hull City,Kettering Town,0-1,0.0,1.0,1,replay,,,,,,,,,,
2000-11-28,2000,Northwich Victoria,Bury,1-0,1.0,0.0,1,replay,,,,,,,,,,
2000-11-28,2000,Peterborough United,Mansfield Town,4-0,4.0,0.0,1,replay,,,,,,,,,,
2000-11-28,2000,Plymouth Argyle,Chester City,1-2,1.0,2.0,1,replay,,,,,,,,,,
2000-11-28,2000,Port Vale,Canvey Island,1-2,1.0,2.0,1,replay,,,,,,,,,,
2000-11-28,2000,Southend United,Torquay United,2-1,2.0,1.0,1,replay,,,,,,,,,,
2000-12-08,2000,Gravesend & Northfleet,Notts County,1-2,1.0,2.0,1,initial,,,,,,,,,,
2000-12-08,2000,Walsall,Barnet,2-1,2.0,1.0,2,initial,,,,,,,,,,
2000-12-09,2000,AFC Bournemouth,Nuneaton Borough AFC,3-0,3.0,0.0,2,initial,,,,,,,,,,
2000-12-09,2000,Bristol City,Kettering Town,3-1,3.0,1.0,2,initial,,,,,,,,,,
2000-12-09,2000,Cardiff City,Cheltenham,3-1,3.0,1.0,2,initial,,,,,,,,,,
2000-12-09,2000,Chester City,Oxford United,3-2,3.0,2.0,2,initial,,,,,,,,,,
2000-12-09,2000,Darlington,Luton Town,0-0,0.0,0.0,2,initial,,,,,,,,,,
2000-12-09,2000,Kidderminster Harriers,Carlisle United,0-2,0.0,2.0,2,initial,,,,,,,,,,
2000-12-09,2000,Lincoln City,Dagenham & Redbridge,0-1,0.0,1.0,2,initial,,,,,,,,,,
2000-12-09,2000,Morecambe,Cambridge United,2-1,2.0,1.0,2,initial,,,,,,,,,,
2000-12-09,2000,Northwich Victoria,Leyton Orient,3-3,3.0,3.0,2,initial,,,,,,,,,,
2000-12-09,2000,Rotherham United,Northampton Town,1-0,1.0,0.0,2,initial,,,,,,,,,,
2000-12-09,2000,Scunthorpe United,Brighton & Hove Albion,2-1,2.0,1.0,2,initial,,,,,,,,,,
2000-12-09,2000,Southport,Kingstonian,1-2,1.0,2.0,2,initial,,,,,,,,,,
2000-12-09,2000,Swindon Town,Gateshead,5-0,5.0,0.0,2,initial,,,,,,,,,,
2000-12-09,2000,York City,Reading,2-2,2.0,2.0,2,initial,,,,,,,,,,
2000-12-10,2000,Blackpool,Yeovil,0-1,0.0,1.0,2,initial,,,,,,,,,,
2000-12-10,2000,Canvey Island,Southend United,1-2,1.0,2.0,2,initial,,,,,,,,,,
2000-12-10,2000,Millwall,Wycombe Wanderers,0-0,0.0,0.0,2,initial,,,,,,,,,,
2000-12-10,2000,Peterborough United,Oldham Athletic,1-1,1.0,1.0,2,initial,,,,,,,,,,
2000-12-12,2000,Wigan Athletic,Notts County,1-1,1.0,1.0,2,initial,,,,,,,,,,
2000-12-19,2000,Luton Town,Darlington,2-0,2.0,0.0,2,replay,,,,,,,,,,
2000-12-19,2000,Notts County,Wigan Athletic,2-1,2.0,1.0,2,replay,,,,,,,,,,
2000-12-19,2000,Oldham Athletic,Peterborough United,0-1,0.0,1.0,2,replay,,,,,,,,,,
2000-12-19,2000,Reading,York City,1-3,1.0,3.0,2,replay,,,,,,,,,,
2000-12-19,2000,Wycombe Wanderers,Millwall,2-1,2.0,1.0,2,replay,,,,,,,,,,
2000-12-20,2000,Leyton Orient,Northwich Victoria,3-2,3.0,2.0,2,replay,,,,,,,,,,
2001-01-06,2000,AFC Bournemouth,Gillingham,2-3,2.0,3.0,3,initial,,,,,,,,,,
2001-01-06,2000,Blackburn Rovers,Chester City,2-0,2.0,0.0,3,initial,,,,,,,,,,
2001-01-06,2000,Bolton Wanderers,Yeovil,2-1,2.0,1.0,3,initial,,,,,,,,,,
2001-01-06,2000,Burnley,Scunthorpe United,2-2,2.0,2.0,3,initial,,,,,,,,,,
2001-01-06,2000,Cardiff City,Crewe Alexandra,1-1,1.0,1.0,3,initial,,,,,,,,,,
2001-01-06,2000,Carlisle United,Arsenal,0-1,0.0,1.0,3,initial,,,,,,,,,,
2001-01-06,2000,Charlton Athletic,Dagenham & Redbridge,1-1,1.0,1.0,3,initial,,,,,,,,,,
2001-01-06,2000,Chelsea,Peterborough United,5-0,5.0,0.0,3,initial,,,,,,,,,,
2001-01-06,2000,Derby County,West Bromwich Albion,3-2,3.0,2.0,3,initial,,,,,,,,,,
2001-01-06,2000,Huddersfield Town,Bristol City,0-2,0.0,2.0,3,initial,,,,,,,,,,
2001-01-06,2000,Leeds United,Barnsley,1-0,1.0,0.0,3,initial,,,,,,,,,,
2001-01-06,2000,Leicester City,York City,3-0,3.0,0.0,3,initial,,,,,,,,,,
2001-01-06,2000,Leyton Orient,Tottenham Hotspur,0-1,0.0,1.0,3,initial,,,,,,,,,,
2001-01-06,2000,Liverpool,Rotherham United,3-0,3.0,0.0,3,initial,,,,,,,,,,
2001-01-06,2000,Luton Town,Queens Park Rangers,3-3,3.0,3.0,3,initial,,,,,,,,,,
2001-01-06,2000,Manchester City,Birmingham City,3-2,3.0,2.0,3,initial,,,,,,,,,,
2001-01-06,2000,Morecambe,Ipswich Town,0-3,0.0,3.0,3,initial,,,,,,,,,,
2001-01-06,2000,Portsmouth,Tranmere Rovers,1-2,1.0,2.0,3,initial,,,,,,,,,,
2001-01-06,2000,Preston North End,Stockport County,0-1,0.0,1.0,3,initial,,,,,,,,,,
2001-01-06,2000,Sheffield Wednesday,Norwich City,2-1,2.0,1.0,3,initial,,,,,,,,,,
2001-01-06,2000,Southampton,Sheffield United,1-0,1.0,0.0,3,initial,,,,,,,,,,
2001-01-06,2000,Southend United,Kingstonian,0-1,0.0,1.0,3,initial,,,,,,,,,,
2001-01-06,2000,Sunderland,Crystal Palace,0-0,0.0,0.0,3,initial,,,,,,,,,,
2001-01-06,2000,Swindon Town,Coventry City,0-2,0.0,2.0,3,initial,,,,,,,,,,
2001-01-06,2000,Walsall,West Ham United,2-3,2.0,3.0,3,initial,,,,,,,,,,
2001-01-06,2000,Watford,Everton,1-2,1.0,2.0,3,initial,,,,,,,,,,
2001-01-06,2000,Wimbledon,Notts County,2-2,2.0,2.0,3,initial,,,,,,,,,,
2001-01-06,2000,Wycombe Wanderers,Grimsby Town,1-1,1.0,1.0,3,initial,,,,,,,,,,
2001-01-07,2000,Fulham,Manchester United,1-2,1.0,2.0,3,initial,,,,,,,,,,
2001-01-07,2000,Newcastle United,Aston Villa,1-1,1.0,1.0,3,initial,,,,,,,,,,
2001-01-07,2000,Nottingham Forest,Wolverhampton Wanderers,0-1,0.0,1.0,3,initial,,,,,,,,,,
2001-01-08,2000,Bradford City,Middlesbrough,0-1,0.0,1.0,3,initial,,,,,,,,,,
2001-01-16,2000,Crewe Alexandra,Cardiff City,2-1,2.0,1.0,3,replay,,,,,,,,,,
2001-01-16,2000,Grimsby Town,Wycombe Wanderers,1-3,1.0,3.0,3,replay,,,,,,,,,,
2001-01-17,2000,Aston Villa,Newcastle United,1-0,1.0,0.0,3,replay,,,,,,,,,,
2001-01-17,2000,Crystal Palace,Sunderland,2-4,2.0,4.0,3,replay,yes,,,,,,,,,
2001-01-17,2000,Queens Park Rangers,Luton Town,2-1,2.0,1.0,3,replay,yes,,,,,,,,,
2001-01-23,2000,Scunthorpe United,Burnley,1-1,1.0,1.0,3,replay,yes,yes,5-4 Scunthorpe United,5.0,4.0,,,,,
2001-01-27,2000,Dagenham & Redbridge,Charlton Athletic,0-1,0.0,1.0,3,replay,yes,,,,,,,,,
2001-01-27,2000,Notts County,Wimbledon,0-1,0.0,1.0,3,replay,yes,,,,,,,,,
2001-01-27,2000,Aston Villa,Leicester City,1-2,1.0,2.0,4,initial,,,,,,,,,,
2001-01-27,2000,Blackburn Rovers,Derby County,0-0,0.0,0.0,4,initial,,,,,,,,,,
2001-01-27,2000,Bristol City,Kingstonian,1-1,1.0,1.0,4,initial,,,,,,,,,,
2001-01-27,2000,Crewe Alexandra,Stockport County,0-1,0.0,1.0,4,initial,,,,,,,,,,
2001-01-27,2000,Everton,Tranmere Rovers,0-3,0.0,3.0,4,initial,,,,,,,,,,
2001-01-27,2000,Leeds United,Liverpool,0-2,0.0,2.0,4,initial,,,,,,,,,,
2001-01-27,2000,Manchester City,Coventry City,1-0,1.0,0.0,4,initial,,,,,,,,,,
2001-01-27,2000,Queens Park Rangers,Arsenal,0-6,0.0,6.0,4,initial,,,,,,,,,,
2001-01-27,2000,Southampton,Sheffield Wednesday,3-1,3.0,1.0,4,initial,,,,,,,,,,
2001-01-27,2000,Sunderland,Ipswich Town,1-0,1.0,0.0,4,initial,,,,,,,,,,
2001-01-27,2000,Wycombe Wanderers,Wolverhampton Wanderers,2-1,2.0,1.0,4,initial,,,,,,,,,,
2001-01-28,2000,Bolton Wanderers,Scunthorpe United,5-1,5.0,1.0,4,initial,,,,,,,,,,
2001-01-28,2000,Gillingham,Chelsea,2-4,2.0,4.0,4,initial,,,,,,,,,,
2001-01-28,2000,Manchester United,West Ham United,0-1,0.0,1.0,4,initial,,,,,,,,,,
2001-02-06,2000,Middlesbrough,Wimbledon,0-0,0.0,0.0,4,initial,,,,,,,,,,
2001-02-07,2000,Charlton Athletic,Tottenham Hotspur,2-4,2.0,4.0,4,initial,,,,,,,,,,
2001-02-13,2000,Wimbledon,Middlesbrough,3-1,3.0,1.0,4,replay,yes,,,,,,,,,
2001-02-17,2000,Bolton Wanderers,Blackburn Rovers,1-1,1.0,1.0,5,initial,,,,,,,,,,
2001-02-17,2000,Leicester City,Bristol City,3-0,3.0,0.0,5,initial,,,,,,,,,,
2001-02-17,2000,Southampton,Tranmere Rovers,0-0,0.0,0.0,5,initial,,,,,,,,,,
2001-02-17,2000,Sunderland,West Ham United,0-1,0.0,1.0,5,initial,,,,,,,,,,
2001-02-17,2000,Tottenham Hotspur,Stockport County,4-0,4.0,0.0,5,initial,,,,,,,,,,
2001-02-17,2000,Wycombe Wanderers,Wimbledon,2-2,2.0,2.0,5,initial,,,,,,,,,,
2001-02-18,2000,Arsenal,Chelsea,3-1,3.0,1.0,5,initial,,,,,,,,,,
2001-02-18,2000,Liverpool,Manchester City,4-2,4.0,2.0,5,initial,,,,,,,,,,
2001-02-20,2000,Tranmere Rovers,Southampton,4-3,4.0,3.0,5,replay,,,,,,,,,,
2001-02-20,2000,Wimbledon,Wycombe Wanderers,2-2,2.0,2.0,5,replay,yes,yes,8-7 Wycombe Wanderers,7.0,8.0,,,,,
2001-03-07,2000,Blackburn Rovers,Bolton Wanderers,3-0,3.0,0.0,5,replay,,,,,,,,,,
2001-03-10,2000,Arsenal,Blackburn Rovers,3-0,3.0,0.0,6,initial,,,,,,,,,,
2001-03-10,2000,Leicester City,Wycombe Wanderers,1-2,1.0,2.0,6,initial,,,,,,,,,,
2001-03-11,2000,Tranmere Rovers,Liverpool,2-4,2.0,4.0,6,initial,,,,,,,,,,
2001-03-11,2000,West Ham United,Tottenham Hotspur,2-3,2.0,3.0,6,initial,,,,,,,,,,
2001-04-08,2000,Arsenal,Tottenham Hotspur,2-1,2.0,1.0,s,initial,,,,,,"Old Trafford, Manchester","63,541",,,yes
2001-04-08,2000,Liverpool,Wycombe Wanderers,2-1,2.0,1.0,s,initial,,,,,,"Villa Park, Aston","40,037",,,yes
2001-05-12,2000,Liverpool,Arsenal,2-1,2.0,1.0,f,initial,,,,,,"Millennium Stadium, Cardiff","72,500",,,yes
2001-11-16,2001,Hayes,Wycombe Wanderers,3-4,3.0,4.0,1,initial,,,,,,,,,,
2001-11-17,2001,AFC Bournemouth,Worksop Town,3-0,3.0,0.0,1,initial,,,,,,,,,,
2001-11-17,2001,Aldershot Town,Bristol Rovers,0-0,0.0,0.0,1,initial,,,,,,,,,,
2001-11-17,2001,Altrincham,Lancaster City,1-1,1.0,1.0,1,initial,,,,,,,,,,
2001-11-17,2001,Barnet,Carlisle United,0-0,0.0,0.0,1,initial,,,,,,,,,,
2001-11-17,2001,Bedford Town,Peterborough United,0-0,0.0,0.0,1,initial,,,,,,,,,,
2001-11-17,2001,Blackpool,Newport County,2-2,2.0,2.0,1,initial,,,,,,,,,,
2001-11-17,2001,Brentford,Morecambe,1-0,1.0,0.0,1,initial,,,,,,,,,,
2001-11-17,2001,Brighton & Hove Albion,Shrewsbury Town,1-0,1.0,0.0,1,initial,,,,,,,,,,
2001-11-17,2001,Bristol City,Leyton Orient,0-1,0.0,1.0,1,initial,,,,,,,,,,
2001-11-17,2001,Cambridge United,Notts County,1-1,1.0,1.0,1,initial,,,,,,,,,,
2001-11-17,2001,Colchester United,York City,0-0,0.0,0.0,1,initial,,,,,,,,,,
2001-11-17,2001,Dagenham & Redbridge,Southport,1-0,1.0,0.0,1,initial,,,,,,,,,,
2001-11-17,2001,Doncaster Rovers,Scunthorpe United,2-3,2.0,3.0,1,initial,,,,,,,,,,
2001-11-17,2001,Exeter City,Cambridge City,3-0,3.0,0.0,1,initial,,,,,,,,,,
2001-11-17,2001,Grays Athletic,Hinckley United,1-2,1.0,2.0,1,initial,,,,,,,,,,
2001-11-17,2001,Halifax Town,Farnborough Town,2-1,2.0,1.0,1,initial,,,,,,,,,,
2001-11-17,2001,Huddersfield Town,Gravesend & Northfleet,2-1,2.0,1.0,1,initial,,,,,,,,,,
2001-11-17,2001,Kettering Town,Cheltenham,1-6,1.0,6.0,1,initial,,,,,,,,,,
2001-11-17,2001,Kidderminster Harriers,Darlington,0-1,0.0,1.0,1,initial,,,,,,,,,,
2001-11-17,2001,Lincoln City,Bury,1-1,1.0,1.0,1,initial,,,,,,,,,,
2001-11-17,2001,Macclesfield Town,Forest Green Rovers,2-2,2.0,2.0,1,initial,,,,,,,,,,
2001-11-17,2001,Mansfield Town,Oxford United,1-0,1.0,0.0,1,initial,,,,,,,,,,
2001-11-17,2001,Northwich Victoria,Hull City,2-5,2.0,5.0,1,initial,,,,,,,,,,
2001-11-17,2001,Oldham Athletic,Barrow AFC,1-1,1.0,1.0,1,initial,,,,,,,,,,
2001-11-17,2001,Port Vale,Aylesbury United,3-0,3.0,0.0,1,initial,,,,,,,,,,
2001-11-17,2001,Reading,Welling United,1-0,1.0,0.0,1,initial,,,,,,,,,,
2001-11-17,2001,Southend United,Luton Town,3-2,3.0,2.0,1,initial,,,,,,,,,,
2001-11-17,2001,Stalybridge Celtic,Chesterfield,0-3,0.0,3.0,1,initial,,,,,,,,,,
2001-11-17,2001,Swindon Town,Hartlepool United,3-1,3.0,1.0,1,initial,,,,,,,,,,
2001-11-17,2001,Tamworth,Rochdale,1-1,1.0,1.0,1,initial,,,,,,,,,,
2001-11-17,2001,Tiverton Town,Cardiff City,1-3,1.0,3.0,1,initial,,,,,,,,,,
2001-11-17,2001,Torquay United,Northampton Town,1-2,1.0,2.0,1,initial,,,,,,,,,,
2001-11-17,2001,Tranmere Rovers,Brigg Town,4-1,4.0,1.0,1,initial,,,,,,,,,,
2001-11-17,2001,Whitby Town,Plymouth Argyle,1-1,1.0,1.0,1,initial,,,,,,,,,,
2001-11-17,2001,Wigan Athletic,Canvey Island,0-1,0.0,1.0,1,initial,,,,,,,,,,
2001-11-17,2001,Worcester City,Rushden & Diamonds,0-1,0.0,1.0,1,initial,,,,,,,,,,
2001-11-18,2001,Hereford United,Wrexham,1-0,1.0,0.0,1,initial,,,,,,,,,,
2001-11-18,2001,Lewes,Stoke City,0-2,0.0,2.0,1,initial,,,,,,,,,,
2001-11-18,2001,Swansea City,Queens Park Rangers,4-0,4.0,0.0,1,initial,,,,,,,,,,
2001-11-27,2001,Barrow AFC,Oldham Athletic,0-1,0.0,1.0,1,replay,,,,,,,,,,
2001-11-27,2001,Bristol Rovers,Aldershot Town,1-0,1.0,0.0,1,replay,,,,,,,,,,
2001-11-27,2001,Bury,Lincoln City,1-1,1.0,1.0,1,replay,yes,yes,3-2 Lincoln City,2.0,3.0,,,,,
2001-11-27,2001,Carlisle United,Barnet,1-0,1.0,0.0,1,replay,,,,,,,,,,
2001-11-27,2001,Lancaster City,Altrincham,1-4,1.0,4.0,1,replay,,,,,,,,,,
2001-11-27,2001,Notts County,Cambridge United,2-0,2.0,0.0,1,replay,,,,,,,,,,
2001-11-27,2001,Peterborough United,Bedford Town,2-1,2.0,1.0,1,replay,,,,,,,,,,
2001-11-27,2001,Plymouth Argyle,Whitby Town,3-2,3.0,2.0,1,replay,,,,,,,,,,
2001-11-27,2001,Rochdale,Tamworth,1-0,1.0,0.0,1,replay,,,,,,,,,,
2001-11-27,2001,York City,Colchester United,0-0,0.0,0.0,1,replay,yes,yes,3-2 York City,3.0,2.0,,,,,
2001-11-28,2001,Forest Green Rovers,Macclesfield Town,1-1,1.0,1.0,1,replay,yes,yes,11-10 Macclesfield Town,10.0,11.0,,,,,
2001-11-28,2001,Newport County,Blackpool,1-4,1.0,4.0,1,replay,,,,,,,,,,
2001-12-08,2001,Altrincham,Darlington,1-2,1.0,2.0,2,initial,,,,,,,,,,
2001-12-08,2001,Blackpool,Rochdale,2-0,2.0,0.0,2,initial,,,,,,,,,,
2001-12-08,2001,Brighton & Hove Albion,Rushden & Diamonds,2-1,2.0,1.0,2,initial,,,,,,,,,,
2001-12-08,2001,Cardiff City,Port Vale,3-0,3.0,0.0,2,initial,,,,,,,,,,
2001-12-08,2001,Chesterfield,Southend United,1-1,1.0,1.0,2,initial,,,,,,,,,,
2001-12-08,2001,Exeter City,Dagenham & Redbridge,0-0,0.0,0.0,2,initial,,,,,,,,,,
2001-12-08,2001,Halifax Town,Stoke City,1-1,1.0,1.0,2,initial,,,,,,,,,,
2001-12-08,2001,Hinckley United,Cheltenham,0-2,0.0,2.0,2,initial,,,,,,,,,,
2001-12-08,2001,Hull City,Oldham Athletic,2-3,2.0,3.0,2,initial,,,,,,,,,,
2001-12-08,2001,Leyton Orient,Lincoln City,2-1,2.0,1.0,2,initial,,,,,,,,,,
2001-12-08,2001,Macclesfield Town,Swansea City,4-1,4.0,1.0,2,initial,,,,,,,,,,
2001-12-08,2001,Mansfield Town,Huddersfield Town,4-0,4.0,0.0,2,initial,,,,,,,,,,
2001-12-08,2001,Peterborough United,AFC Bournemouth,1-0,1.0,0.0,2,initial,,,,,,,,,,
2001-12-08,2001,Plymouth Argyle,Bristol Rovers,1-1,1.0,1.0,2,initial,,,,,,,,,,
2001-12-08,2001,Scunthorpe United,Brentford,3-2,3.0,2.0,2,initial,,,,,,,,,,
2001-12-08,2001,Swindon Town,Hereford United,3-2,3.0,2.0,2,initial,,,,,,,,,,
2001-12-08,2001,Tranmere Rovers,Carlisle United,6-1,6.0,1.0,2,initial,,,,,,,,,,
2001-12-08,2001,Wycombe Wanderers,Notts County,3-0,3.0,0.0,2,initial,,,,,,,,,,
2001-12-08,2001,York City,Reading,2-0,2.0,0.0,2,initial,,,,,,,,,,
2001-12-09,2001,Canvey Island,Northampton Town,1-0,1.0,0.0,2,initial,,,,,,,,,,
2001-12-12,2001,Stoke City,Halifax Town,3-0,3.0,0.0,2,replay,,,,,,,,,,
2001-12-18,2001,Bristol Rovers,Plymouth Argyle,3-2,3.0,2.0,2,replay,,,,,,,,,,
2001-12-18,2001,Southend United,Chesterfield,2-0,2.0,0.0,2,replay,,,,,,,,,,
2001-12-19,2001,Dagenham & Redbridge,Exeter City,3-0,3.0,0.0,2,replay,,,,,,,,,,
2002-01-05,2001,Barnsley,Blackburn Rovers,1-1,1.0,1.0,3,initial,,,,,,,,,,
2002-01-05,2001,Burnley,Canvey Island,4-1,4.0,1.0,3,initial,,,,,,,,,,
2002-01-05,2001,Charlton Athletic,Blackpool,2-1,2.0,1.0,3,initial,,,,,,,,,,
2002-01-05,2001,Dagenham & Redbridge,Ipswich Town,1-4,1.0,4.0,3,initial,,,,,,,,,,
2002-01-05,2001,Grimsby Town,York City,0-0,0.0,0.0,3,initial,,,,,,,,,,
2002-01-05,2001,Leicester City,Mansfield Town,2-1,2.0,1.0,3,initial,,,,,,,,,,
2002-01-05,2001,Liverpool,Birmingham City,3-0,3.0,0.0,3,initial,,,,,,,,,,
2002-01-05,2001,Manchester City,Swindon Town,2-0,2.0,0.0,3,initial,,,,,,,,,,
2002-01-05,2001,Millwall,Scunthorpe United,2-1,2.0,1.0,3,initial,,,,,,,,,,
2002-01-05,2001,Newcastle United,Crystal Palace,2-0,2.0,0.0,3,initial,,,,,,,,,,
2002-01-05,2001,Norwich City,Chelsea,0-0,0.0,0.0,3,initial,,,,,,,,,,
2002-01-05,2001,Portsmouth,Leyton Orient,1-4,1.0,4.0,3,initial,,,,,,,,,,
2002-01-05,2001,Sheffield United,Nottingham Forest,1-0,1.0,0.0,3,initial,,,,,,,,,,
2002-01-05,2001,Stoke City,Everton,0-1,0.0,1.0,3,initial,,,,,,,,,,
2002-01-05,2001,Sunderland,West Bromwich Albion,1-2,1.0,2.0,3,initial,,,,,,,,,,
2002-01-05,2001,Watford,Arsenal,2-4,2.0,4.0,3,initial,,,,,,,,,,
2002-01-05,2001,Wolverhampton Wanderers,Gillingham,0-1,0.0,1.0,3,initial,,,,,,,,,,
2002-01-06,2001,Aston Villa,Manchester United,2-3,2.0,3.0,3,initial,,,,,,,,,,
2002-01-06,2001,Cardiff City,Leeds United,2-1,2.0,1.0,3,initial,,,,,,,,,,
2002-01-06,2001,Cheltenham,Oldham Athletic,2-1,2.0,1.0,3,initial,,,,,,,,,,
2002-01-06,2001,Derby County,Bristol Rovers,1-3,1.0,3.0,3,initial,,,,,,,,,,
2002-01-06,2001,Macclesfield Town,West Ham United,0-3,0.0,3.0,3,initial,,,,,,,,,,
2002-01-08,2001,Southend United,Tranmere Rovers,1-3,1.0,3.0,3,initial,,,,,,,,,,
2002-01-08,2001,Walsall,Bradford City,2-0,2.0,0.0,3,initial,,,,,,,,,,
2002-01-08,2001,Wimbledon,Middlesbrough,0-0,0.0,0.0,3,initial,,,,,,,,,,
2002-01-08,2001,Wycombe Wanderers,Fulham,2-2,2.0,2.0,3,initial,,,,,,,,,,
2002-01-15,2001,Brighton & Hove Albion,Preston North End,0-2,0.0,2.0,3,initial,,,,,,,,,,
2002-01-15,2001,Crewe Alexandra,Sheffield Wednesday,2-1,2.0,1.0,3,initial,,,,,,,,,,
2002-01-15,2001,Darlington,Peterborough United,2-2,2.0,2.0,3,initial,,,,,,,,,,
2002-01-15,2001,Fulham,Wycombe Wanderers,1-0,1.0,0.0,3,replay,,,,,,,,,,
2002-01-15,2001,Middlesbrough,Wimbledon,2-0,2.0,0.0,3,replay,,,,,,,,,,
2002-01-15,2001,York City,Grimsby Town,1-0,1.0,0.0,3,replay,,,,,,,,,,
2002-01-16,2001,Coventry City,Tottenham Hotspur,0-2,0.0,2.0,3,initial,,,,,,,,,,
2002-01-16,2001,Rotherham United,Southampton,2-1,2.0,1.0,3,initial,,,,,,,,,,
2002-01-16,2001,Stockport County,Bolton Wanderers,1-4,1.0,4.0,3,initial,,,,,,,,,,
2002-01-16,2001,Blackburn Rovers,Barnsley,3-1,3.0,1.0,3,replay,,,,,,,,,,
2002-01-16,2001,Chelsea,Norwich City,4-0,4.0,0.0,3,replay,,,,,,,,,,
2002-01-21,2001,Peterborough United,Darlington,2-0,2.0,0.0,3,replay,,,,,,,,,,
2002-01-26,2001,Charlton Athletic,Walsall,1-2,1.0,2.0,4,initial,,,,,,,,,,
2002-01-26,2001,Chelsea,West Ham United,1-1,1.0,1.0,4,initial,,,,,,,,,,
2002-01-26,2001,Everton,Leyton Orient,4-1,4.0,1.0,4,initial,,,,,,,,,,
2002-01-26,2001,Middlesbrough,Manchester United,2-0,2.0,0.0,4,initial,,,,,,,,,,
2002-01-26,2001,Millwall,Blackburn Rovers,0-1,0.0,1.0,4,initial,,,,,,,,,,
2002-01-26,2001,Preston North End,Sheffield United,2-1,2.0,1.0,4,initial,,,,,,,,,,
2002-01-26,2001,Rotherham United,Crewe Alexandra,2-4,2.0,4.0,4,initial,,,,,,,,,,
2002-01-26,2001,West Bromwich Albion,Leicester City,1-0,1.0,0.0,4,initial,,,,,,,,,,
2002-01-26,2001,York City,Fulham,0-2,0.0,2.0,4,initial,,,,,,,,,,
2002-01-27,2001,Arsenal,Liverpool,1-0,1.0,0.0,4,initial,,,,,,,,,,
2002-01-27,2001,Cheltenham,Burnley,2-1,2.0,1.0,4,initial,,,,,,,,,,
2002-01-27,2001,Ipswich Town,Manchester City,1-4,1.0,4.0,4,initial,,,,,,,,,,
2002-01-27,2001,Peterborough United,Newcastle United,2-4,2.0,4.0,4,initial,,,,,,,,,,
2002-01-27,2001,Tranmere Rovers,Cardiff City,3-1,3.0,1.0,4,initial,,,,,,,,,,
2002-02-05,2001,Gillingham,Bristol Rovers,1-0,1.0,0.0,4,initial,,,,,,,,,,
2002-02-05,2001,Tottenham Hotspur,Bolton Wanderers,4-0,4.0,0.0,4,initial,,,,,,,,,,
2002-02-06,2001,West Ham United,Chelsea,2-3,2.0,3.0,4,replay,,,,,,,,,,
2002-02-16,2001,Arsenal,Gillingham,5-2,5.0,2.0,5,initial,,,,,,,,,,
2002-02-16,2001,Middlesbrough,Blackburn Rovers,1-0,1.0,0.0,5,initial,,,,,,,,,,
2002-02-16,2001,Walsall,Fulham,1-2,1.0,2.0,5,initial,,,,,,,,,,
2002-02-16,2001,West Bromwich Albion,Cheltenham,1-0,1.0,0.0,5,initial,,,,,,,,,,
2002-02-17,2001,Chelsea,Preston North End,3-1,3.0,1.0,5,initial,,,,,,,,,,
2002-02-17,2001,Everton,Crewe Alexandra,0-0,0.0,0.0,5,initial,,,,,,,,,,
2002-02-17,2001,Newcastle United,Manchester City,1-0,1.0,0.0,5,initial,,,,,,,,,,
2002-02-17,2001,Tottenham Hotspur,Tranmere Rovers,4-0,4.0,0.0,5,initial,,,,,,,,,,
2002-02-26,2001,Crewe Alexandra,Everton,1-2,1.0,2.0,5,replay,,,,,,,,,,
2002-03-09,2001,Newcastle United,Arsenal,1-1,1.0,1.0,6,initial,,,,,,,,,,
2002-03-10,2001,Middlesbrough,Everton,3-0,3.0,0.0,6,initial,,,,,,,,,,
2002-03-10,2001,Tottenham Hotspur,Chelsea,0-4,0.0,4.0,6,initial,,,,,,,,,,
2002-03-10,2001,West Bromwich Albion,Fulham,0-1,0.0,1.0,6,initial,,,,,,,,,,
2002-03-23,2001,Arsenal,Newcastle United,3-0,3.0,0.0,6,replay,,,,,,,,,,
2002-04-14,2001,Arsenal,Middlesbrough,1-0,1.0,0.0,s,initial,,,,,,"Old Trafford, Manchester","61,168",,,yes
2002-04-14,2001,Chelsea,Fulham,1-0,1.0,0.0,s,initial,,,,,,"Villa Park, Aston","36,147",,,yes
2002-05-04,2001,Arsenal,Chelsea,2-0,2.0,0.0,f,initial,,,,,,"Millennium Stadium, Cardiff","73,963",,,yes
2002-11-16,2002,AFC Bournemouth,Doncaster Rovers,2-1,2.0,1.0,1,initial,,,,,,,,,,
2002-11-16,2002,Barnsley,Blackpool,1-4,1.0,4.0,1,initial,,,,,,,,,,
2002-11-16,2002,Barrow AFC,Moor Green,2-0,2.0,0.0,1,initial,,,,,,,,,,
2002-11-16,2002,Bristol Rovers,Runcorn,0-0,0.0,0.0,1,initial,,,,,,,,,,
2002-11-16,2002,Bury,Plymouth Argyle,0-3,0.0,3.0,1,initial,,,,,,,,,,
2002-11-16,2002,Carlisle United,Lincoln City,2-1,2.0,1.0,1,initial,,,,,,,,,,
2002-11-16,2002,Chesterfield,Morecambe,1-2,1.0,2.0,1,initial,,,,,,,,,,
2002-11-16,2002,Colchester United,Chester City,0-1,0.0,1.0,1,initial,,,,,,,,,,
2002-11-16,2002,Dagenham & Redbridge,Havant & Waterlooville,3-2,3.0,2.0,1,initial,,,,,,,,,,
2002-11-16,2002,Dover Athletic,Oxford United,0-1,0.0,1.0,1,initial,,,,,,,,,,
2002-11-16,2002,Farnborough Town,Harrogate Town,5-1,5.0,1.0,1,initial,,,,,,,,,,
2002-11-16,2002,Hereford United,Wigan Athletic,0-1,0.0,1.0,1,initial,,,,,,,,,,
2002-11-16,2002,Heybridge Swifts,Bristol City,0-7,0.0,7.0,1,initial,,,,,,,,,,
2002-11-16,2002,Hull City,Macclesfield Town,0-3,0.0,3.0,1,initial,,,,,,,,,,
2002-11-16,2002,Kidderminster Harriers,Rushden & Diamonds,2-2,2.0,2.0,1,initial,,,,,,,,,,
2002-11-16,2002,Leyton Orient,Margate,1-1,1.0,1.0,1,initial,,,,,,,,,,
2002-11-16,2002,Luton Town,Guiseley AFC,4-0,4.0,0.0,1,initial,,,,,,,,,,
2002-11-16,2002,Northampton Town,Boston United,3-2,3.0,2.0,1,initial,,,,,,,,,,
2002-11-16,2002,Northwich Victoria,Scunthorpe United,0-3,0.0,3.0,1,initial,,,,,,,,,,
2002-11-16,2002,Oldham Athletic,Burton Albion,2-2,2.0,2.0,1,initial,,,,,,,,,,
2002-11-16,2002,Port Vale,Crewe Alexandra,0-1,0.0,1.0,1,initial,,,,,,,,,,
2002-11-16,2002,Rochdale,Peterborough United,3-2,3.0,2.0,1,initial,,,,,,,,,,
2002-11-16,2002,Scarborough,Cambridge United,0-0,0.0,0.0,1,initial,,,,,,,,,,
2002-11-16,2002,Shrewsbury Town,Stafford Rangers,4-0,4.0,0.0,1,initial,,,,,,,,,,
2002-11-16,2002,Slough Town,Harrogate Railway,1-2,1.0,2.0,1,initial,,,,,,,,,,
2002-11-16,2002,Southend United,Hartlepool United,1-1,1.0,1.0,1,initial,,,,,,,,,,
2002-11-16,2002,Southport,Notts County,4-2,4.0,2.0,1,initial,,,,,,,,,,
2002-11-16,2002,Stevenage Borough,Hastings United,1-0,1.0,0.0,1,initial,,,,,,,,,,
2002-11-16,2002,Stockport County,St Albans City,4-1,4.0,1.0,1,initial,,,,,,,,,,
2002-11-16,2002,Swindon Town,Huddersfield Town,1-0,1.0,0.0,1,initial,,,,,,,,,,
2002-11-16,2002,Team Bath,Mansfield Town,2-4,2.0,4.0,1,initial,,,,,,,,,,
2002-11-16,2002,Tiverton Town,Crawley Town,1-1,1.0,1.0,1,initial,,,,,,,,,,
2002-11-16,2002,Torquay United,Boreham Wood,5-0,5.0,0.0,1,initial,,,,,,,,,,
2002-11-16,2002,Tranmere Rovers,Cardiff City,2-2,2.0,2.0,1,initial,,,,,,,,,,
2002-11-16,2002,Vauxhall Motors,Queens Park Rangers,0-0,0.0,0.0,1,initial,,,,,,,,,,
2002-11-16,2002,Wrexham,Darlington,0-2,0.0,2.0,1,initial,,,,,,,,,,
2002-11-16,2002,Wycombe Wanderers,Brentford,2-4,2.0,4.0,1,initial,,,,,,,,,,
2002-11-16,2002,Yeovil,Cheltenham,0-2,0.0,2.0,1,initial,,,,,,,,,,
2002-11-17,2002,Forest Green Rovers,Exeter City,0-0,0.0,0.0,1,initial,,,,,,,,,,
2002-11-26,2002,York City,Swansea City,2-1,2.0,1.0,1,initial,,,,,,,,,,
2002-11-27,2002,Burton Albion,Oldham Athletic,2-2,2.0,2.0,1,replay,yes,yes,5-4 Oldham Athletic,4.0,5.0,,,,,
2002-12-07,2002,Blackpool,Torquay United,3-1,3.0,1.0,2,initial,,,,,,,,,,
2002-12-07,2002,Bristol Rovers,Rochdale,1-1,1.0,1.0,2,initial,,,,,,,,,,
2002-12-07,2002,Cambridge United,Northampton Town,2-2,2.0,2.0,2,initial,,,,,,,,,,
2002-12-07,2002,Crawley Town,Dagenham & Redbridge,1-2,1.0,2.0,2,initial,,,,,,,,,,
2002-12-07,2002,Crewe Alexandra,Mansfield Town,3-0,3.0,0.0,2,initial,,,,,,,,,,
2002-12-07,2002,Darlington,Stevenage Borough,4-1,4.0,1.0,2,initial,,,,,,,,,,
2002-12-07,2002,Exeter City,Rushden & Diamonds,3-1,3.0,1.0,2,initial,,,,,,,,,,
2002-12-07,2002,Macclesfield Town,Vauxhall Motors,2-0,2.0,0.0,2,initial,,,,,,,,,,
2002-12-07,2002,Margate,Cardiff City,0-3,0.0,3.0,2,initial,,,,,,,,,,
2002-12-07,2002,Morecambe,Chester City,3-2,3.0,2.0,2,initial,,,,,,,,,,
2002-12-07,2002,Oldham Athletic,Cheltenham,1-2,1.0,2.0,2,initial,,,,,,,,,,
2002-12-07,2002,Scunthorpe United,Carlisle United,0-0,0.0,0.0,2,initial,,,,,,,,,,
2002-12-07,2002,Shrewsbury Town,Barrow AFC,3-1,3.0,1.0,2,initial,,,,,,,,,,
2002-12-07,2002,Southend United,AFC Bournemouth,1-1,1.0,1.0,2,initial,,,,,,,,,,
2002-12-07,2002,Southport,Farnborough Town,0-3,0.0,3.0,2,initial,,,,,,,,,,
2002-12-07,2002,Stockport County,Plymouth Argyle,0-3,0.0,3.0,2,initial,,,,,,,,,,
2002-12-07,2002,Wigan Athletic,Luton Town,3-0,3.0,0.0,2,initial,,,,,,,,,,
2002-12-07,2002,York City,Brentford,1-2,1.0,2.0,2,initial,,,,,,,,,,
2002-12-08,2002,Harrogate Railway,Bristol City,1-3,1.0,3.0,2,initial,,,,,,,,,,
2002-12-08,2002,Oxford United,Swindon Town,1-0,1.0,0.0,2,initial,,,,,,,,,,
2002-12-17,2002,AFC Bournemouth,Southend United,3-2,3.0,2.0,2,replay,,,,,,,,,,
2002-12-17,2002,Northampton Town,Cambridge United,0-1,0.0,1.0,2,replay,,,,,,,,,,
2002-12-17,2002,Rochdale,Bristol Rovers,3-2,3.0,2.0,2,replay,,,,,,,,,,
2002-12-23,2002,Carlisle United,Scunthorpe United,0-1,0.0,1.0,2,replay,,,,,,,,,,
2003-01-04,2002,AFC Bournemouth,Crewe Alexandra,0-0,0.0,0.0,3,initial,,,,,,,,,,
2003-01-04,2002,Arsenal,Oxford United,2-0,2.0,0.0,3,initial,,,,,,,,,,
2003-01-04,2002,Aston Villa,Blackburn Rovers,1-4,1.0,4.0,3,initial,,,,,,,,,,
2003-01-04,2002,Blackpool,Crystal Palace,1-2,1.0,2.0,3,initial,,,,,,,,,,
2003-01-04,2002,Bolton Wanderers,Sunderland,1-1,1.0,1.0,3,initial,,,,,,,,,,
2003-01-04,2002,Brentford,Derby County,1-0,1.0,0.0,3,initial,,,,,,,,,,
2003-01-04,2002,Cambridge United,Millwall,1-1,1.0,1.0,3,initial,,,,,,,,,,
2003-01-04,2002,Cardiff City,Coventry City,2-2,2.0,2.0,3,initial,,,,,,,,,,
2003-01-04,2002,Charlton Athletic,Exeter City,3-1,3.0,1.0,3,initial,,,,,,,,,,
2003-01-04,2002,Chelsea,Middlesbrough,1-0,1.0,0.0,3,initial,,,,,,,,,,
2003-01-04,2002,Darlington,Farnborough Town,2-3,2.0,3.0,3,initial,,,,,,,,,,
2003-01-04,2002,Grimsby Town,Burnley,2-2,2.0,2.0,3,initial,,,,,,,,,,
2003-01-04,2002,Ipswich Town,Morecambe,4-0,4.0,0.0,3,initial,,,,,,,,,,
2003-01-04,2002,Leicester City,Bristol City,2-0,2.0,0.0,3,initial,,,,,,,,,,
2003-01-04,2002,Macclesfield Town,Watford,0-2,0.0,2.0,3,initial,,,,,,,,,,
2003-01-04,2002,Manchester United,Portsmouth,4-1,4.0,1.0,3,initial,,,,,,,,,,
2003-01-04,2002,Plymouth Argyle,Dagenham & Redbridge,2-2,2.0,2.0,3,initial,,,,,,,,,,
2003-01-04,2002,Preston North End,Rochdale,1-2,1.0,2.0,3,initial,,,,,,,,,,
2003-01-04,2002,Rotherham United,Wimbledon,0-3,0.0,3.0,3,initial,,,,,,,,,,
2003-01-04,2002,Scunthorpe United,Leeds United,0-2,0.0,2.0,3,initial,,,,,,,,,,
2003-01-04,2002,Sheffield United,Cheltenham,4-0,4.0,0.0,3,initial,,,,,,,,,,
2003-01-04,2002,Shrewsbury Town,Everton,2-1,2.0,1.0,3,initial,,,,,,,,,,
2003-01-04,2002,Southampton,Tottenham Hotspur,4-0,4.0,0.0,3,initial,,,,,,,,,,
2003-01-04,2002,Stoke City,Wigan Athletic,3-0,3.0,0.0,3,initial,,,,,,,,,,
2003-01-04,2002,Walsall,Reading,0-0,0.0,0.0,3,initial,,,,,,,,,,
2003-01-04,2002,West Bromwich Albion,Bradford City,3-1,3.0,1.0,3,initial,,,,,,,,,,
2003-01-04,2002,West Ham United,Nottingham Forest,3-2,3.0,2.0,3,initial,,,,,,,,,,
2003-01-05,2002,Fulham,Birmingham City,3-1,3.0,1.0,3,initial,,,,,,,,,,
2003-01-05,2002,Manchester City,Liverpool,0-1,0.0,1.0,3,initial,,,,,,,,,,
2003-01-05,2002,Wolverhampton Wanderers,Newcastle United,3-2,3.0,2.0,3,initial,,,,,,,,,,
2003-01-07,2002,Gillingham,Sheffield Wednesday,4-1,4.0,1.0,3,initial,,,,,,,,,,
2003-01-14,2002,Norwich City,Brighton & Hove Albion,3-1,3.0,1.0,3,initial,,,,,,,,,,
2003-01-15,2002,Coventry City,Cardiff City,3-0,3.0,0.0,3,replay,,,,,,,,,,
2003-01-25,2002,Blackburn Rovers,Sunderland,3-3,3.0,3.0,4,initial,,,,,,,,,,
2003-01-25,2002,Brentford,Burnley,0-3,0.0,3.0,4,initial,,,,,,,,,,
2003-01-25,2002,Farnborough Town,Arsenal,1-5,1.0,5.0,4,initial,,,,,,,,,,
2003-01-25,2002,Gillingham,Leeds United,1-1,1.0,1.0,4,initial,,,,,,,,,,
2003-01-25,2002,Norwich City,Dagenham & Redbridge,1-0,1.0,0.0,4,initial,,,,,,,,,,
2003-01-25,2002,Rochdale,Coventry City,2-0,2.0,0.0,4,initial,,,,,,,,,,
2003-01-25,2002,Sheffield United,Ipswich Town,4-3,4.0,3.0,4,initial,,,,,,,,,,
2003-01-25,2002,Southampton,Millwall,1-1,1.0,1.0,4,initial,,,,,,,,,,
2003-01-25,2002,Walsall,Wimbledon,1-0,1.0,0.0,4,initial,,,,,,,,,,
2003-01-25,2002,Watford,West Bromwich Albion,1-0,1.0,0.0,4,initial,,,,,,,,,,
2003-01-25,2002,Wolverhampton Wanderers,Leicester City,4-1,4.0,1.0,4,initial,,,,,,,,,,
2003-01-26,2002,Crystal Palace,Liverpool,0-0,0.0,0.0,4,initial,,,,,,,,,,
2003-01-26,2002,Fulham,Charlton Athletic,3-0,3.0,0.0,4,initial,,,,,,,,,,
2003-01-26,2002,Manchester United,West Ham United,6-0,6.0,0.0,4,initial,,,,,,,,,,
2003-01-26,2002,Shrewsbury Town,Chelsea,0-4,0.0,4.0,4,initial,,,,,,,,,,
2003-01-26,2002,Stoke City,AFC Bournemouth,3-0,3.0,0.0,4,initial,,,,,,,,,,
2003-02-04,2002,Leeds United,Gillingham,2-1,2.0,1.0,4,replay,,,,,,,,,,
2003-02-05,2002,Liverpool,Crystal Palace,0-2,0.0,2.0,4,replay,,,,,,,,,,
2003-02-05,2002,Millwall,Southampton,1-2,1.0,2.0,4,replay,yes,,,,,,,,,
2003-02-05,2002,Sunderland,Blackburn Rovers,2-2,2.0,2.0,4,replay,yes,yes,3-0 Sunderland,3.0,0.0,,,,,
2003-02-15,2002,Manchester United,Arsenal,0-2,0.0,2.0,5,initial,,,,,,,,,,
2003-02-15,2002,Sheffield United,Walsall,2-0,2.0,0.0,5,initial,,,,,,,,,,
2003-02-15,2002,Southampton,Norwich City,2-0,2.0,0.0,5,initial,,,,,,,,,,
2003-02-15,2002,Sunderland,Watford,0-1,0.0,1.0,5,initial,,,,,,,,,,
2003-02-16,2002,Crystal Palace,Leeds United,1-2,1.0,2.0,5,initial,,,,,,,,,,
2003-02-16,2002,Fulham,Burnley,1-1,1.0,1.0,5,initial,,,,,,,,,,
2003-02-16,2002,Stoke City,Chelsea,0-2,0.0,2.0,5,initial,,,,,,,,,,
2003-02-16,2002,Wolverhampton Wanderers,Rochdale,3-1,3.0,1.0,5,initial,,,,,,,,,,
2003-02-26,2002,Burnley,Fulham,3-0,3.0,0.0,5,replay,,,,,,,,,,
2003-03-08,2002,Arsenal,Chelsea,2-2,2.0,2.0,6,initial,,,,,,,,,,
2003-03-09,2002,Sheffield United,Leeds United,1-0,1.0,0.0,6,initial,,,,,,,,,,
2003-03-09,2002,Southampton,Wolverhampton Wanderers,2-0,2.0,0.0,6,initial,,,,,,,,,,
2003-03-09,2002,Watford,Burnley,2-0,2.0,0.0,6,initial,,,,,,,,,,
2003-03-25,2002,Chelsea,Arsenal,1-3,1.0,3.0,6,replay,,,,,,,,,,
2003-04-13,2002,Arsenal,Sheffield United,1-0,1.0,0.0,s,initial,,,,,,"Old Trafford, Manchester","59,170",,,yes
2003-04-13,2002,Southampton,Watford,2-1,2.0,1.0,s,initial,,,,,,"Villa Park, Aston","42,602",,,yes
2003-05-17,2002,Arsenal,Southampton,1-0,1.0,0.0,f,initial,,,,,,"Millennium Stadium, Cardiff","73,726",,,yes
2003-11-07,2003,Thurrock,Luton Town,1-1,1.0,1.0,1,initial,,,,,,,,,,
2003-11-08,2003,AFC Bournemouth,Bristol Rovers,1-0,1.0,0.0,1,initial,,,,,,,,,,
2003-11-08,2003,AFC Telford United,Crawley Town,3-2,3.0,2.0,1,initial,,,,,,,,,,
2003-11-08,2003,Barnet,Stalybridge Celtic,2-2,2.0,2.0,1,initial,,,,,,,,,,
2003-11-08,2003,Blackpool,Boreham Wood,4-0,4.0,0.0,1,initial,,,,,,,,,,
2003-11-08,2003,Brentford,Gainsborough Trinity,7-1,7.0,1.0,1,initial,,,,,,,,,,
2003-11-08,2003,Bury,Rochdale,1-2,1.0,2.0,1,initial,,,,,,,,,,
2003-11-08,2003,Cheltenham,Hull City,3-1,3.0,1.0,1,initial,,,,,,,,,,
2003-11-08,2003,Chester City,Gravesend & Northfleet,0-1,0.0,1.0,1,initial,,,,,,,,,,
2003-11-08,2003,Colchester United,Oxford United,1-0,1.0,0.0,1,initial,,,,,,,,,,
2003-11-08,2003,Farnborough Town,Weston-Super-Mare,0-1,0.0,1.0,1,initial,,,,,,,,,,
2003-11-08,2003,Grantham,Leyton Orient,1-2,1.0,2.0,1,initial,,,,,,,,,,
2003-11-08,2003,Grays Athletic,Aldershot Town,1-2,1.0,2.0,1,initial,,,,,,,,,,
2003-11-08,2003,Grimsby Town,Queens Park Rangers,1-0,1.0,0.0,1,initial,,,,,,,,,,
2003-11-08,2003,Hartlepool United,Whitby Town,4-0,4.0,0.0,1,initial,,,,,,,,,,
2003-11-08,2003,Kidderminster Harriers,Northwich Victoria,2-1,2.0,1.0,1,initial,,,,,,,,,,
2003-11-08,2003,Lancaster City,Cambridge United,1-2,1.0,2.0,1,initial,,,,,,,,,,
2003-11-08,2003,Lincoln City,Brighton & Hove Albion,3-1,3.0,1.0,1,initial,,,,,,,,,,
2003-11-08,2003,Macclesfield Town,Boston United,3-0,3.0,0.0,1,initial,,,,,,,,,,
2003-11-08,2003,Mansfield Town,Bishop's Stortford,6-0,6.0,0.0,1,initial,,,,,,,,,,
2003-11-08,2003,Northampton Town,Plymouth Argyle,3-2,3.0,2.0,1,initial,,,,,,,,,,
2003-11-08,2003,Oldham Athletic,Carlisle United,3-0,3.0,0.0,1,initial,,,,,,,,,,
2003-11-08,2003,Peterborough United,Hereford United,2-0,2.0,0.0,1,initial,,,,,,,,,,
2003-11-08,2003,Port Vale,Ford United,2-2,2.0,2.0,1,initial,,,,,,,,,,
2003-11-08,2003,Scarborough,Doncaster Rovers,1-0,1.0,0.0,1,initial,,,,,,,,,,
2003-11-08,2003,Scunthorpe United,Shrewsbury Town,2-1,2.0,1.0,1,initial,,,,,,,,,,
2003-11-08,2003,Stevenage Borough,Stockport County,2-1,2.0,1.0,1,initial,,,,,,,,,,
2003-11-08,2003,Swansea City,Rushden & Diamonds,3-0,3.0,0.0,1,initial,,,,,,,,,,
2003-11-08,2003,Torquay United,Burton Albion,1-2,1.0,2.0,1,initial,,,,,,,,,,
2003-11-08,2003,Tranmere Rovers,Chesterfield,3-2,3.0,2.0,1,initial,,,,,,,,,,
2003-11-08,2003,Woking,Histon,3-1,3.0,1.0,1,initial,,,,,,,,,,
2003-11-08,2003,Wycombe Wanderers,Swindon Town,4-1,4.0,1.0,1,initial,,,,,,,,,,
2003-11-08,2003,Yeovil,Wrexham,4-1,4.0,1.0,1,initial,,,,,,,,,,
2003-11-08,2003,York City,Barnsley,1-2,1.0,2.0,1,initial,,,,,,,,,,
2003-11-09,2003,Accrington Stanley,Huddersfield Town,1-0,1.0,0.0,1,initial,,,,,,,,,,
2003-11-09,2003,AFC Hornchurch,Darlington,2-0,2.0,0.0,1,initial,,,,,,,,,,
2003-11-09,2003,Bradford Park Avenue,Bristol City,2-5,2.0,5.0,1,initial,,,,,,,,,,
2003-11-09,2003,Notts County,Shildon,7-2,7.0,2.0,1,initial,,,,,,,,,,
2003-11-09,2003,Sheffield Wednesday,Salisbury City,4-0,4.0,0.0,1,initial,,,,,,,,,,
2003-11-09,2003,Southend United,Canvey Island,1-1,1.0,1.0,1,initial,,,,,,,,,,
2003-11-18,2003,Canvey Island,Southend United,2-3,2.0,3.0,1,replay,,,,,,,,,,
2003-11-18,2003,Ford United,Port Vale,1-2,1.0,2.0,1,replay,,,,,,,,,,
2003-11-18,2003,Luton Town,Thurrock,3-1,3.0,1.0,1,replay,,,,,,,,,,
2003-11-18,2003,Stalybridge Celtic,Barnet,0-2,0.0,2.0,1,replay,,,,,,,,,,
2003-12-05,2003,Wycombe Wanderers,Mansfield Town,1-1,1.0,1.0,2,initial,,,,,,,,,,
2003-12-06,2003,AFC Bournemouth,Accrington Stanley,1-1,1.0,1.0,2,initial,,,,,,,,,,
2003-12-06,2003,AFC Hornchurch,Tranmere Rovers,0-1,0.0,1.0,2,initial,,,,,,,,,,
2003-12-06,2003,AFC Telford United,Brentford,3-0,3.0,0.0,2,initial,,,,,,,,,,
2003-12-06,2003,Bristol City,Barnsley,0-0,0.0,0.0,2,initial,,,,,,,,,,
2003-12-06,2003,Cheltenham,Leyton Orient,3-1,3.0,1.0,2,initial,,,,,,,,,,
2003-12-06,2003,Colchester United,Aldershot Town,1-0,1.0,0.0,2,initial,,,,,,,,,,
2003-12-06,2003,Gravesend & Northfleet,Notts County,1-2,1.0,2.0,2,initial,,,,,,,,,,
2003-12-06,2003,Macclesfield Town,Cambridge United,1-1,1.0,1.0,2,initial,,,,,,,,,,
2003-12-06,2003,Northampton Town,Weston-Super-Mare,4-1,4.0,1.0,2,initial,,,,,,,,,,
2003-12-06,2003,Oldham Athletic,Blackpool,2-5,2.0,5.0,2,initial,,,,,,,,,,
2003-12-06,2003,Peterborough United,Grimsby Town,3-2,3.0,2.0,2,initial,,,,,,,,,,
2003-12-06,2003,Rochdale,Luton Town,0-2,0.0,2.0,2,initial,,,,,,,,,,
2003-12-06,2003,Scunthorpe United,Sheffield Wednesday,2-2,2.0,2.0,2,initial,,,,,,,,,,
2003-12-06,2003,Southend United,Lincoln City,3-0,3.0,0.0,2,initial,,,,,,,,,,
2003-12-06,2003,Swansea City,Stevenage Borough,2-1,2.0,1.0,2,initial,,,,,,,,,,
2003-12-06,2003,Woking,Kidderminster Harriers,0-3,0.0,3.0,2,initial,,,,,,,,,,
2003-12-06,2003,Yeovil,Barnet,5-1,5.0,1.0,2,initial,,,,,,,,,,
2003-12-07,2003,Burton Albion,Hartlepool United,0-1,0.0,1.0,2,initial,,,,,,,,,,
2003-12-07,2003,Port Vale,Scarborough,0-1,0.0,1.0,2,initial,,,,,,,,,,
2003-12-15,2003,Accrington Stanley,AFC Bournemouth,0-0,0.0,0.0,2,replay,yes,yes,5-3 Accrington Stanley,5.0,3.0,,,,,
2003-12-16,2003,Barnsley,Bristol City,2-1,2.0,1.0,2,replay,,,,,,,,,,
2003-12-16,2003,Cambridge United,Macclesfield Town,2-2,2.0,2.0,2,replay,yes,yes,4-2 Macclesfield Town,2.0,4.0,,,,,
2003-12-16,2003,Mansfield Town,Wycombe Wanderers,3-2,3.0,2.0,2,replay,,,,,,,,,,
2003-12-17,2003,Sheffield Wednesday,Scunthorpe United,0-0,0.0,0.0,2,replay,yes,yes,3-1 Scunthorpe United,1.0,3.0,,,,,
2004-01-03,2003,Accrington Stanley,Colchester United,0-0,0.0,0.0,3,initial,,,,,,,,,,
2004-01-03,2003,Barnsley,Scunthorpe United,0-0,0.0,0.0,3,initial,,,,,,,,,,
2004-01-03,2003,Birmingham City,Blackburn Rovers,4-0,4.0,0.0,3,initial,,,,,,,,,,
2004-01-03,2003,Bradford City,Luton Town,1-2,1.0,2.0,3,initial,,,,,,,,,,
2004-01-03,2003,Cardiff City,Sheffield United,0-1,0.0,1.0,3,initial,,,,,,,,,,
2004-01-03,2003,Coventry City,Peterborough United,2-1,2.0,1.0,3,initial,,,,,,,,,,
2004-01-03,2003,Crewe Alexandra,AFC Telford United,0-1,0.0,1.0,3,initial,,,,,,,,,,
2004-01-03,2003,Everton,Norwich City,3-1,3.0,1.0,3,initial,,,,,,,,,,
2004-01-03,2003,Gillingham,Charlton Athletic,3-2,3.0,2.0,3,initial,,,,,,,,,,
2004-01-03,2003,Ipswich Town,Derby County,3-0,3.0,0.0,3,initial,,,,,,,,,,
2004-01-03,2003,Kidderminster Harriers,Wolverhampton Wanderers,1-1,1.0,1.0,3,initial,,,,,,,,,,
2004-01-03,2003,Manchester City,Leicester City,2-2,2.0,2.0,3,initial,,,,,,,,,,
2004-01-03,2003,Mansfield Town,Burnley,0-2,0.0,2.0,3,initial,,,,,,,,,,
2004-01-03,2003,Middlesbrough,Notts County,2-0,2.0,0.0,3,initial,,,,,,,,,,
2004-01-03,2003,Millwall,Walsall,2-1,2.0,1.0,3,initial,,,,,,,,,,
2004-01-03,2003,Northampton Town,Rotherham United,1-1,1.0,1.0,3,initial,,,,,,,,,,
2004-01-03,2003,Nottingham Forest,West Bromwich Albion,1-0,1.0,0.0,3,initial,,,,,,,,,,
2004-01-03,2003,Portsmouth,Blackpool,2-1,2.0,1.0,3,initial,,,,,,,,,,
2004-01-03,2003,Preston North End,Reading,3-3,3.0,3.0,3,initial,,,,,,,,,,
2004-01-03,2003,Southampton,Newcastle United,0-3,0.0,3.0,3,initial,,,,,,,,,,
2004-01-03,2003,Southend United,Scarborough,1-1,1.0,1.0,3,initial,,,,,,,,,,
2004-01-03,2003,Sunderland,Hartlepool United,1-0,1.0,0.0,3,initial,,,,,,,,,,
2004-01-03,2003,Swansea City,Macclesfield Town,2-1,2.0,1.0,3,initial,,,,,,,,,,
2004-01-03,2003,Tottenham Hotspur,Crystal Palace,3-0,3.0,0.0,3,initial,,,,,,,,,,
2004-01-03,2003,Tranmere Rovers,Bolton Wanderers,1-1,1.0,1.0,3,initial,,,,,,,,,,
2004-01-03,2003,Watford,Chelsea,2-2,2.0,2.0,3,initial,,,,,,,,,,
2004-01-03,2003,Wigan Athletic,West Ham United,1-2,1.0,2.0,3,initial,,,,,,,,,,
2004-01-03,2003,Wimbledon,Stoke City,1-1,1.0,1.0,3,initial,,,,,,,,,,
2004-01-04,2003,Aston Villa,Manchester United,1-2,1.0,2.0,3,initial,,,,,,,,,,
2004-01-04,2003,Fulham,Cheltenham,2-1,2.0,1.0,3,initial,,,,,,,,,,
2004-01-04,2003,Leeds United,Arsenal,1-4,1.0,4.0,3,initial,,,,,,,,,,
2004-01-04,2003,Yeovil,Liverpool,0-2,0.0,2.0,3,initial,,,,,,,,,,
2004-01-13,2003,Bolton Wanderers,Tranmere Rovers,1-2,1.0,2.0,3,replay,yes,,,,,,,,,
2004-01-13,2003,Colchester United,Accrington Stanley,2-1,2.0,1.0,3,replay,,,,,,,,,,
2004-01-13,2003,Reading,Preston North End,1-2,1.0,2.0,3,replay,,,,,,,,,,
2004-01-13,2003,Rotherham United,Northampton Town,1-2,1.0,2.0,3,replay,,,,,,,,,,
2004-01-13,2003,Scunthorpe United,Barnsley,2-0,2.0,0.0,3,replay,,,,,,,,,,
2004-01-13,2003,Stoke City,Wimbledon,0-1,0.0,1.0,3,replay,,,,,,,,,,
2004-01-13,2003,Wolverhampton Wanderers,Kidderminster Harriers,2-0,2.0,0.0,3,replay,,,,,,,,,,
2004-01-14,2003,Chelsea,Watford,4-0,4.0,0.0,3,replay,,,,,,,,,,
2004-01-14,2003,Leicester City,Manchester City,1-3,1.0,3.0,3,replay,,,,,,,,,,
2004-01-14,2003,Scarborough,Southend United,1-0,1.0,0.0,3,replay,,,,,,,,,,
2004-01-24,2003,Arsenal,Middlesbrough,4-1,4.0,1.0,4,initial,,,,,,,,,,
2004-01-24,2003,Birmingham City,Wimbledon,1-0,1.0,0.0,4,initial,,,,,,,,,,
2004-01-24,2003,Burnley,Gillingham,3-1,3.0,1.0,4,initial,,,,,,,,,,
2004-01-24,2003,Coventry City,Colchester United,1-1,1.0,1.0,4,initial,,,,,,,,,,
2004-01-24,2003,Ipswich Town,Sunderland,1-2,1.0,2.0,4,initial,,,,,,,,,,
2004-01-24,2003,Liverpool,Newcastle United,2-1,2.0,1.0,4,initial,,,,,,,,,,
2004-01-24,2003,Luton Town,Tranmere Rovers,0-1,0.0,1.0,4,initial,,,,,,,,,,
2004-01-24,2003,Portsmouth,Scunthorpe United,2-1,2.0,1.0,4,initial,,,,,,,,,,
2004-01-24,2003,Scarborough,Chelsea,0-1,0.0,1.0,4,initial,,,,,,,,,,
2004-01-24,2003,Swansea City,Preston North End,2-1,2.0,1.0,4,initial,,,,,,,,,,
2004-01-25,2003,Everton,Fulham,1-1,1.0,1.0,4,initial,,,,,,,,,,
2004-01-25,2003,Manchester City,Tottenham Hotspur,1-1,1.0,1.0,4,initial,,,,,,,,,,
2004-01-25,2003,Northampton Town,Manchester United,0-3,0.0,3.0,4,initial,,,,,,,,,,
2004-01-25,2003,Nottingham Forest,Sheffield United,0-3,0.0,3.0,4,initial,,,,,,,,,,
2004-01-25,2003,Wolverhampton Wanderers,West Ham United,1-3,1.0,3.0,4,initial,,,,,,,,,,
2004-02-03,2003,Colchester United,Coventry City,3-1,3.0,1.0,4,replay,,,,,,,,,,
2004-02-04,2003,Fulham,Everton,2-1,2.0,1.0,4,replay,yes,,,,,,,,,
2004-02-04,2003,Tottenham Hotspur,Manchester City,3-4,3.0,4.0,4,replay,,,,,,,,,,
2004-02-11,2003,AFC Telford United,Millwall,0-2,0.0,2.0,4,initial,,,,,,,,,,
2004-02-14,2003,Fulham,West Ham United,0-0,0.0,0.0,5,initial,,,,,,,,,,
2004-02-14,2003,Manchester United,Manchester City,4-2,4.0,2.0,5,initial,,,,,,,,,,
2004-02-14,2003,Millwall,Burnley,1-0,1.0,0.0,5,initial,,,,,,,,,,
2004-02-14,2003,Sunderland,Birmingham City,1-1,1.0,1.0,5,initial,,,,,,,,,,
2004-02-14,2003,Tranmere Rovers,Swansea City,2-1,2.0,1.0,5,initial,,,,,,,,,,
2004-02-15,2003,Arsenal,Chelsea,2-1,2.0,1.0,5,initial,,,,,,,,,,
2004-02-15,2003,Liverpool,Portsmouth,1-1,1.0,1.0,5,initial,,,,,,,,,,
2004-02-15,2003,Sheffield United,Colchester United,1-0,1.0,0.0,5,initial,,,,,,,,,,
2004-02-22,2003,Portsmouth,Liverpool,1-0,1.0,0.0,5,replay,,,,,,,,,,
2004-02-24,2003,West Ham United,Fulham,0-3,0.0,3.0,5,replay,,,,,,,,,,
2004-02-25,2003,Birmingham City,Sunderland,0-2,0.0,2.0,5,replay,yes,,,,,,,,,
2004-03-06,2003,Manchester United,Fulham,2-1,2.0,1.0,6,initial,,,,,,,,,,
2004-03-06,2003,Portsmouth,Arsenal,1-5,1.0,5.0,6,initial,,,,,,,,,,
2004-03-07,2003,Millwall,Tranmere Rovers,0-0,0.0,0.0,6,initial,,,,,,,,,,
2004-03-07,2003,Sunderland,Sheffield United,1-0,1.0,0.0,6,initial,,,,,,,,,,
2004-03-16,2003,Tranmere Rovers,Millwall,1-2,1.0,2.0,6,replay,,,,,,,,,,
2004-04-03,2003,Manchester United,Arsenal,1-0,1.0,0.0,s,initial,,,,,,"Villa Park, Aston","39,939",,,yes
2004-04-04,2003,Millwall,Sunderland,1-0,1.0,0.0,s,initial,,,,,,"Old Trafford, Manchester","56,112",,,yes
2004-05-22,2003,Manchester United,Millwall,3-0,3.0,0.0,f,initial,,,,,,"Millennium Stadium, Cardiff","71,350",,,yes
2004-11-12,2004,Bristol City,Brentford,1-1,1.0,1.0,1,initial,,,,,,,,,,
2004-11-12,2004,Port Vale,Kidderminster Harriers,3-1,3.0,1.0,1,initial,,,,,,,,,,
2004-11-12,2004,Southend United,Luton Town,0-3,0.0,3.0,1,initial,,,,,,,,,,
2004-11-13,2004,Aldershot Town,Canvey Island,4-0,4.0,0.0,1,initial,,,,,,,,,,
2004-11-13,2004,Barnet,Bath City,1-2,1.0,2.0,1,initial,,,,,,,,,,
2004-11-13,2004,Billericay,Stevenage Borough,0-1,0.0,1.0,1,initial,,,,,,,,,,
2004-11-13,2004,Blackpool,Tamworth,3-0,3.0,0.0,1,initial,,,,,,,,,,
2004-11-13,2004,Boston United,AFC Hornchurch,5-2,5.0,2.0,1,initial,,,,,,,,,,
2004-11-13,2004,Bradford City,Rushden & Diamonds,0-1,0.0,1.0,1,initial,,,,,,,,,,
2004-11-13,2004,Bristol Rovers,Carlisle United,1-1,1.0,1.0,1,initial,,,,,,,,,,
2004-11-13,2004,Bury,Vauxhall Motors,5-2,5.0,2.0,1,initial,,,,,,,,,,
2004-11-13,2004,Cambridge City,Leigh RMI,2-1,2.0,1.0,1,initial,,,,,,,,,,
2004-11-13,2004,Darlington,Yeovil,3-3,3.0,3.0,1,initial,,,,,,,,,,
2004-11-13,2004,Exeter City,Grimsby Town,1-0,1.0,0.0,1,initial,,,,,,,,,,
2004-11-13,2004,Forest Green Rovers,AFC Bournemouth,1-1,1.0,1.0,1,initial,,,,,,,,,,
2004-11-13,2004,Halifax Town,Cambridge United,3-1,3.0,1.0,1,initial,,,,,,,,,,
2004-11-13,2004,Hartlepool United,Lincoln City,3-0,3.0,0.0,1,initial,,,,,,,,,,
2004-11-13,2004,Hayes,Wrexham,0-4,0.0,4.0,1,initial,,,,,,,,,,
2004-11-13,2004,Hinckley United,Torquay United,2-0,2.0,0.0,1,initial,,,,,,,,,,
2004-11-13,2004,Histon,Shrewsbury Town,2-0,2.0,0.0,1,initial,,,,,,,,,,
2004-11-13,2004,Hull City,Morecambe,3-2,3.0,2.0,1,initial,,,,,,,,,,
2004-11-13,2004,Leyton Orient,Dagenham & Redbridge,3-1,3.0,1.0,1,initial,,,,,,,,,,
2004-11-13,2004,Mansfield Town,Colchester United,1-1,1.0,1.0,1,initial,,,,,,,,,,
2004-11-13,2004,Milton Keynes Dons,Lancaster City,1-0,1.0,0.0,1,initial,,,,,,,,,,
2004-11-13,2004,Northampton Town,Barnsley,1-0,1.0,0.0,1,initial,,,,,,,,,,
2004-11-13,2004,Notts County,Woking,2-0,2.0,0.0,1,initial,,,,,,,,,,
2004-11-13,2004,Peterborough United,Tranmere Rovers,2-1,2.0,1.0,1,initial,,,,,,,,,,
2004-11-13,2004,Rochdale,Oxford United,2-1,2.0,1.0,1,initial,,,,,,,,,,
2004-11-13,2004,Scunthorpe United,Chesterfield,2-0,2.0,0.0,1,initial,,,,,,,,,,
2004-11-13,2004,Slough Town,Walsall,2-1,2.0,1.0,1,initial,,,,,,,,,,
2004-11-13,2004,Southport,Hereford United,1-3,1.0,3.0,1,initial,,,,,,,,,,
2004-11-13,2004,Stafford Rangers,Chester City,0-2,0.0,2.0,1,initial,,,,,,,,,,
2004-11-13,2004,Stockport County,Huddersfield Town,3-1,3.0,1.0,1,initial,,,,,,,,,,
2004-11-13,2004,Swindon Town,Sheffield Wednesday,4-1,4.0,1.0,1,initial,,,,,,,,,,
2004-11-13,2004,Tiverton Town,Doncaster Rovers,1-3,1.0,3.0,1,initial,,,,,,,,,,
2004-11-13,2004,Worksop Town,Macclesfield Town,1-1,1.0,1.0,1,initial,,,,,,,,,,
2004-11-13,2004,Wycombe Wanderers,Coalville Town,1-0,1.0,0.0,1,initial,,,,,,,,,,
2004-11-13,2004,Yeading,Halesowen Town,2-1,2.0,1.0,1,initial,,,,,,,,,,
2004-11-14,2004,Cheltenham,Swansea City,1-3,1.0,3.0,1,initial,,,,,,,,,,
2004-11-14,2004,Thurrock,Oldham Athletic,0-1,0.0,1.0,1,initial,,,,,,,,,,
2004-11-23,2004,Carlisle United,Bristol Rovers,1-0,1.0,0.0,1,replay,yes,,,,,,,,,
2004-11-23,2004,Colchester United,Mansfield Town,4-1,4.0,1.0,1,replay,,,,,,,,,,
2004-11-23,2004,Macclesfield Town,Aldershot Town,2-0,2.0,0.0,1,replay,,,,,,,,,,
2004-11-23,2004,Yeovil,Darlington,1-0,1.0,0.0,1,replay,,,,,,,,,,
2004-11-24,2004,AFC Bournemouth,Forest Green Rovers,3-1,3.0,1.0,1,replay,,,,,,,,,,
2004-11-25,2004,Brentford,Bristol City,1-1,1.0,1.0,1,replay,yes,yes,4-3 Brentford,4.0,3.0,,,,,
2004-12-03,2004,Cambridge City,Milton Keynes Dons,0-1,0.0,1.0,2,initial,,,,,,,,,,
2004-12-03,2004,Scunthorpe United,Wrexham,2-0,2.0,0.0,2,initial,,,,,,,,,,
2004-12-04,2004,AFC Bournemouth,Carlisle United,2-1,2.0,1.0,2,initial,,,,,,,,,,
2004-12-04,2004,Blackpool,Port Vale,1-0,1.0,0.0,2,initial,,,,,,,,,,
2004-12-04,2004,Exeter City,Doncaster Rovers,2-1,2.0,1.0,2,initial,,,,,,,,,,
2004-12-04,2004,Halifax Town,Chester City,1-3,1.0,3.0,2,initial,,,,,,,,,,
2004-12-04,2004,Hartlepool United,Aldershot Town,5-1,5.0,1.0,2,initial,,,,,,,,,,
2004-12-04,2004,Hereford United,Boston United,2-3,2.0,3.0,2,initial,,,,,,,,,,
2004-12-04,2004,Histon,Yeovil,1-3,1.0,3.0,2,initial,,,,,,,,,,
2004-12-04,2004,Hull City,Macclesfield Town,4-0,4.0,0.0,2,initial,,,,,,,,,,
2004-12-04,2004,Northampton Town,Bury,1-0,1.0,0.0,2,initial,,,,,,,,,,
2004-12-04,2004,Oldham Athletic,Leyton Orient,4-0,4.0,0.0,2,initial,,,,,,,,,,
2004-12-04,2004,Peterborough United,Bath City,2-0,2.0,0.0,2,initial,,,,,,,,,,
2004-12-04,2004,Rushden & Diamonds,Colchester United,2-5,2.0,5.0,2,initial,,,,,,,,,,
2004-12-04,2004,Slough Town,Yeading,1-3,1.0,3.0,2,initial,,,,,,,,,,
2004-12-04,2004,Stevenage Borough,Rochdale,0-2,0.0,2.0,2,initial,,,,,,,,,,
2004-12-04,2004,Stockport County,Swansea City,0-0,0.0,0.0,2,initial,,,,,,,,,,
2004-12-04,2004,Swindon Town,Notts County,1-1,1.0,1.0,2,initial,,,,,,,,,,
2004-12-04,2004,Wycombe Wanderers,Luton Town,0-3,0.0,3.0,2,initial,,,,,,,,,,
2004-12-05,2004,Hinckley United,Brentford,0-0,0.0,0.0,2,initial,,,,,,,,,,
2004-12-14,2004,Brentford,Hinckley United,2-1,2.0,1.0,2,replay,,,,,,,,,,
2004-12-14,2004,Swansea City,Stockport County,2-1,2.0,1.0,2,replay,,,,,,,,,,
2004-12-15,2004,Notts County,Swindon Town,2-0,2.0,0.0,2,replay,,,,,,,,,,
2005-01-08,2004,AFC Bournemouth,Chester City,2-1,2.0,1.0,3,initial,,,,,,,,,,
2005-01-08,2004,Birmingham City,Leeds United,3-0,3.0,0.0,3,initial,,,,,,,,,,
2005-01-08,2004,Cardiff City,Blackburn Rovers,1-1,1.0,1.0,3,initial,,,,,,,,,,
2005-01-08,2004,Charlton Athletic,Rochdale,4-1,4.0,1.0,3,initial,,,,,,,,,,
2005-01-08,2004,Chelsea,Scunthorpe United,3-1,3.0,1.0,3,initial,,,,,,,,,,
2005-01-08,2004,Coventry City,Crewe Alexandra,3-0,3.0,0.0,3,initial,,,,,,,,,,
2005-01-08,2004,Derby County,Wigan Athletic,2-1,2.0,1.0,3,initial,,,,,,,,,,
2005-01-08,2004,Hartlepool United,Boston United,0-0,0.0,0.0,3,initial,,,,,,,,,,
2005-01-08,2004,Hull City,Colchester United,0-2,0.0,2.0,3,initial,,,,,,,,,,
2005-01-08,2004,Ipswich Town,Bolton Wanderers,1-3,1.0,3.0,3,initial,,,,,,,,,,
2005-01-08,2004,Leicester City,Blackpool,2-2,2.0,2.0,3,initial,,,,,,,,,,
2005-01-08,2004,Luton Town,Brentford,0-2,0.0,2.0,3,initial,,,,,,,,,,
2005-01-08,2004,Manchester United,Exeter City,0-0,0.0,0.0,3,initial,,,,,,,,,,
2005-01-08,2004,Milton Keynes Dons,Peterborough United,0-2,0.0,2.0,3,initial,,,,,,,,,,
2005-01-08,2004,Northampton Town,Southampton,1-3,1.0,3.0,3,initial,,,,,,,,,,
2005-01-08,2004,Notts County,Middlesbrough,1-2,1.0,2.0,3,initial,,,,,,,,,,
2005-01-08,2004,Oldham Athletic,Manchester City,1-0,1.0,0.0,3,initial,,,,,,,,,,
2005-01-08,2004,Plymouth Argyle,Everton,1-3,1.0,3.0,3,initial,,,,,,,,,,
2005-01-08,2004,Portsmouth,Gillingham,1-0,1.0,0.0,3,initial,,,,,,,,,,
2005-01-08,2004,Preston North End,West Bromwich Albion,0-2,0.0,2.0,3,initial,,,,,,,,,,
2005-01-08,2004,Queens Park Rangers,Nottingham Forest,0-3,0.0,3.0,3,initial,,,,,,,,,,
2005-01-08,2004,Reading,Swansea City,1-1,1.0,1.0,3,initial,,,,,,,,,,
2005-01-08,2004,Rotherham United,Yeovil,0-3,0.0,3.0,3,initial,,,,,,,,,,
2005-01-08,2004,Sheffield United,Aston Villa,3-1,3.0,1.0,3,initial,,,,,,,,,,
2005-01-08,2004,Sunderland,Crystal Palace,2-1,2.0,1.0,3,initial,,,,,,,,,,
2005-01-08,2004,Tottenham Hotspur,Brighton & Hove Albion,2-1,2.0,1.0,3,initial,,,,,,,,,,
2005-01-08,2004,Watford,Fulham,1-1,1.0,1.0,3,initial,,,,,,,,,,
2005-01-08,2004,West Ham United,Norwich City,1-0,1.0,0.0,3,initial,,,,,,,,,,
2005-01-08,2004,Wolverhampton Wanderers,Millwall,2-0,2.0,0.0,3,initial,,,,,,,,,,
2005-01-09,2004,Arsenal,Stoke City,2-1,2.0,1.0,3,initial,,,,,,,,,,
2005-01-09,2004,Yeading,Newcastle United,0-2,0.0,2.0,3,initial,,,,,,,,,,
2005-01-17,2004,Swansea City,Reading,0-1,0.0,1.0,3,replay,yes,,,,,,,,,
2005-01-18,2004,Burnley,Liverpool,1-0,1.0,0.0,3,initial,,,,,,,,,,
2005-01-18,2004,Blackpool,Leicester City,0-1,0.0,1.0,3,replay,,,,,,,,,,
2005-01-19,2004,Blackburn Rovers,Cardiff City,3-2,3.0,2.0,3,replay,,,,,,,,,,
2005-01-19,2004,Boston United,Hartlepool United,0-1,0.0,1.0,3,replay,,,,,,,,,,
2005-01-19,2004,Exeter City,Manchester United,0-2,0.0,2.0,3,replay,,,,,,,,,,
2005-01-19,2004,Fulham,Watford,2-0,2.0,0.0,3,replay,,,,,,,,,,
2005-01-29,2004,Arsenal,Wolverhampton Wanderers,2-0,2.0,0.0,4,initial,,,,,,,,,,
2005-01-29,2004,Blackburn Rovers,Colchester United,3-0,3.0,0.0,4,initial,,,,,,,,,,
2005-01-29,2004,Brentford,Hartlepool United,0-0,0.0,0.0,4,initial,,,,,,,,,,
2005-01-29,2004,Burnley,AFC Bournemouth,2-0,2.0,0.0,4,initial,,,,,,,,,,
2005-01-29,2004,Charlton Athletic,Yeovil,3-2,3.0,2.0,4,initial,,,,,,,,,,
2005-01-29,2004,Derby County,Fulham,1-1,1.0,1.0,4,initial,,,,,,,,,,
2005-01-29,2004,Everton,Sunderland,3-0,3.0,0.0,4,initial,,,,,,,,,,
2005-01-29,2004,Manchester United,Middlesbrough,3-0,3.0,0.0,4,initial,,,,,,,,,,
2005-01-29,2004,Newcastle United,Coventry City,3-1,3.0,1.0,4,initial,,,,,,,,,,
2005-01-29,2004,Nottingham Forest,Peterborough United,1-0,1.0,0.0,4,initial,,,,,,,,,,
2005-01-29,2004,Reading,Leicester City,1-2,1.0,2.0,4,initial,,,,,,,,,,
2005-01-29,2004,Southampton,Portsmouth,2-1,2.0,1.0,4,initial,,,,,,,,,,
2005-01-29,2004,West Bromwich Albion,Tottenham Hotspur,1-1,1.0,1.0,4,initial,,,,,,,,,,
2005-01-29,2004,West Ham United,Sheffield United,1-1,1.0,1.0,4,initial,,,,,,,,,,
2005-01-30,2004,Chelsea,Birmingham City,2-0,2.0,0.0,4,initial,,,,,,,,,,
2005-01-30,2004,Oldham Athletic,Bolton Wanderers,0-1,0.0,1.0,4,initial,,,,,,,,,,
2005-02-12,2004,Fulham,Derby County,4-2,4.0,2.0,4,replay,yes,,,,,,,,,
2005-02-12,2004,Hartlepool United,Brentford,0-1,0.0,1.0,4,replay,,,,,,,,,,
2005-02-12,2004,Tottenham Hotspur,West Bromwich Albion,3-1,3.0,1.0,4,replay,,,,,,,,,,
2005-02-13,2004,Sheffield United,West Ham United,1-1,1.0,1.0,4,replay,yes,yes,3-1 Sheffield United,3.0,1.0,,,,,
2005-02-19,2004,Arsenal,Sheffield United,1-1,1.0,1.0,5,initial,,,,,,,,,,
2005-02-19,2004,Bolton Wanderers,Fulham,1-0,1.0,0.0,5,initial,,,,,,,,,,
2005-02-19,2004,Charlton Athletic,Leicester City,1-2,1.0,2.0,5,initial,,,,,,,,,,
2005-02-19,2004,Everton,Manchester United,0-2,0.0,2.0,5,initial,,,,,,,,,,
2005-02-19,2004,Southampton,Brentford,2-2,2.0,2.0,5,initial,,,,,,,,,,
2005-02-20,2004,Burnley,Blackburn Rovers,0-0,0.0,0.0,5,initial,,,,,,,,,,
2005-02-20,2004,Newcastle United,Chelsea,1-0,1.0,0.0,5,initial,,,,,,,,,,
2005-02-20,2004,Tottenham Hotspur,Nottingham Forest,1-1,1.0,1.0,5,initial,,,,,,,,,,
2005-03-01,2004,Blackburn Rovers,Burnley,2-1,2.0,1.0,5,replay,,,,,,,,,,
2005-03-01,2004,Brentford,Southampton,1-3,1.0,3.0,5,replay,,,,,,,,,,
2005-03-01,2004,Sheffield United,Arsenal,0-0,0.0,0.0,5,replay,yes,yes,4-2 Arsenal,2.0,4.0,,,,,
2005-03-02,2004,Nottingham Forest,Tottenham Hotspur,0-3,0.0,3.0,5,replay,,,,,,,,,,
2005-03-12,2004,Bolton Wanderers,Arsenal,0-1,0.0,1.0,6,initial,,,,,,,,,,
2005-03-12,2004,Southampton,Manchester United,0-4,0.0,4.0,6,initial,,,,,,,,,,
2005-03-13,2004,Blackburn Rovers,Leicester City,1-0,1.0,0.0,6,initial,,,,,,,,,,
2005-03-13,2004,Newcastle United,Tottenham Hotspur,1-0,1.0,0.0,6,initial,,,,,,,,,,
2005-04-16,2004,Arsenal,Blackburn Rovers,3-0,3.0,0.0,s,initial,,,,,,"Millennium Stadium, Cardiff","52,077",,,yes
2005-04-17,2004,Manchester United,Newcastle United,4-1,4.0,1.0,s,initial,,,,,,"Millennium Stadium, Cardiff","69,280",,,yes
2005-05-21,2004,Arsenal,Manchester United,0-0,0.0,0.0,f,initial,yes,yes,5-4 Arsenal,5.0,4.0,"Millennium Stadium, Cardiff","71,876",,,yes
2005-11-04,2005,Cambridge City,Hereford United,0-1,0.0,1.0,1,initial,,,,,,,,,,
2005-11-04,2005,Merthyr Tydfil,Walsall,1-2,1.0,2.0,1,initial,,,,,,,,,,
2005-11-04,2005,Port Vale,Wrexham,2-1,2.0,1.0,1,initial,,,,,,,,,,
2005-11-05,2005,AFC Bournemouth,Tamworth,1-2,1.0,2.0,1,initial,,,,,,,,,,
2005-11-05,2005,Barnet,Southend United,0-1,0.0,1.0,1,initial,,,,,,,,,,
2005-11-05,2005,Barnsley,Darlington,1-0,1.0,0.0,1,initial,,,,,,,,,,
2005-11-05,2005,Bristol City,Notts County,0-2,0.0,2.0,1,initial,,,,,,,,,,
2005-11-05,2005,Burnham,Aldershot Town,1-3,1.0,3.0,1,initial,,,,,,,,,,
2005-11-05,2005,Burscough,Gillingham,3-2,3.0,2.0,1,initial,,,,,,,,,,
2005-11-05,2005,Bury,Scunthorpe United,2-2,2.0,2.0,1,initial,,,,,,,,,,
2005-11-05,2005,Cheltenham,Carlisle United,1-0,1.0,0.0,1,initial,,,,,,,,,,
2005-11-05,2005,Chester City,Folkestone,2-1,2.0,1.0,1,initial,,,,,,,,,,
2005-11-05,2005,Chippenham Town,Worcester City,1-1,1.0,1.0,1,initial,,,,,,,,,,
2005-11-05,2005,Colchester United,Leamington,9-1,9.0,1.0,1,initial,,,,,,,,,,
2005-11-05,2005,Eastbourne Borough,Oxford United,1-1,1.0,1.0,1,initial,,,,,,,,,,
2005-11-05,2005,Grimsby Town,Bristol Rovers,1-2,1.0,2.0,1,initial,,,,,,,,,,
2005-11-05,2005,Hartlepool United,Dagenham & Redbridge,2-1,2.0,1.0,1,initial,,,,,,,,,,
2005-11-05,2005,Histon,Hednesford Town,4-0,4.0,0.0,1,initial,,,,,,,,,,
2005-11-05,2005,Kettering Town,Stevenage Borough,1-3,1.0,3.0,1,initial,,,,,,,,,,
2005-11-05,2005,Leyton Orient,Chesterfield,0-0,0.0,0.0,1,initial,,,,,,,,,,
2005-11-05,2005,Lincoln City,Milton Keynes Dons,1-1,1.0,1.0,1,initial,,,,,,,,,,
2005-11-05,2005,Macclesfield Town,Yeovil,1-1,1.0,1.0,1,initial,,,,,,,,,,
2005-11-05,2005,Morecambe,Northwich Victoria,1-3,1.0,3.0,1,initial,,,,,,,,,,
2005-11-05,2005,Nottingham Forest,Weymouth,1-1,1.0,1.0,1,initial,,,,,,,,,,
2005-11-05,2005,Nuneaton Borough AFC,Ramsgate,2-0,2.0,0.0,1,initial,,,,,,,,,,
2005-11-05,2005,Peterborough United,Burton Albion,0-0,0.0,0.0,1,initial,,,,,,,,,,
2005-11-05,2005,Rochdale,Brentford,0-1,0.0,1.0,1,initial,,,,,,,,,,
2005-11-05,2005,Rotherham United,Mansfield Town,3-4,3.0,4.0,1,initial,,,,,,,,,,
2005-11-05,2005,Shrewsbury Town,Braintree Town,4-1,4.0,1.0,1,initial,,,,,,,,,,
2005-11-05,2005,Southport,Woking,1-1,1.0,1.0,1,initial,,,,,,,,,,
2005-11-05,2005,Stockport County,Swansea City,2-0,2.0,0.0,1,initial,,,,,,,,,,
2005-11-05,2005,Swindon Town,Boston United,2-2,2.0,2.0,1,initial,,,,,,,,,,
2005-11-05,2005,Torquay United,Harrogate Town,1-1,1.0,1.0,1,initial,,,,,,,,,,
2005-11-05,2005,Wycombe Wanderers,Northampton Town,1-3,1.0,3.0,1,initial,,,,,,,,,,
2005-11-05,2005,York City,Grays Athletic,0-3,0.0,3.0,1,initial,,,,,,,,,,
2005-11-06,2005,Bradford City,Tranmere Rovers,2-1,2.0,1.0,1,initial,,,,,,,,,,
2005-11-06,2005,Chasetown,Oldham Athletic,1-1,1.0,1.0,1,initial,,,,,,,,,,
2005-11-06,2005,Doncaster Rovers,Blackpool,4-1,4.0,1.0,1,initial,,,,,,,,,,
2005-11-06,2005,Halifax Town,Rushden & Diamonds,1-1,1.0,1.0,1,initial,,,,,,,,,,
2005-11-06,2005,Huddersfield Town,Welling United,4-1,4.0,1.0,1,initial,,,,,,,,,,
2005-11-14,2005,Weymouth,Nottingham Forest,0-2,0.0,2.0,1,replay,,,,,,,,,,
2005-11-14,2005,Worcester City,Chippenham Town,1-0,1.0,0.0,1,replay,,,,,,,,,,
2005-11-15,2005,Harrogate Town,Torquay United,0-0,0.0,0.0,1,replay,yes,yes,6-5 Torquay United,5.0,6.0,,,,,
2005-11-15,2005,Milton Keynes Dons,Lincoln City,2-1,2.0,1.0,1,replay,,,,,,,,,,
2005-11-15,2005,Rushden & Diamonds,Halifax Town,0-0,0.0,0.0,1,replay,yes,yes,5-4 Rushden & Diamonds,5.0,4.0,,,,,
2005-11-15,2005,Scunthorpe United,Bury,1-0,1.0,0.0,1,replay,yes,,,,,,,,,
2005-11-15,2005,Woking,Southport,1-0,1.0,0.0,1,replay,yes,,,,,,,,,
2005-11-15,2005,Yeovil,Macclesfield Town,4-0,4.0,0.0,1,replay,,,,,,,,,,
2005-11-16,2005,Boston United,Swindon Town,4-1,4.0,1.0,1,replay,,,,,,,,,,
2005-11-16,2005,Burton Albion,Peterborough United,1-0,1.0,0.0,1,replay,,,,,,,,,,
2005-11-16,2005,Chesterfield,Leyton Orient,1-2,1.0,2.0,1,replay,,,,,,,,,,
2005-11-16,2005,Oldham Athletic,Chasetown,4-0,4.0,0.0,1,replay,,,,,,,,,,
2005-11-16,2005,Oxford United,Eastbourne Borough,3-0,3.0,0.0,1,replay,,,,,,,,,,
2005-12-02,2005,Mansfield Town,Grays Athletic,3-0,3.0,0.0,2,initial,,,,,,,,,,
2005-12-02,2005,Port Vale,Bristol Rovers,1-1,1.0,1.0,2,initial,,,,,,,,,,
2005-12-03,2005,Aldershot Town,Scunthorpe United,0-1,0.0,1.0,2,initial,,,,,,,,,,
2005-12-03,2005,Barnsley,Bradford City,1-1,1.0,1.0,2,initial,,,,,,,,,,
2005-12-03,2005,Cheltenham,Oxford United,1-1,1.0,1.0,2,initial,,,,,,,,,,
2005-12-03,2005,Chester City,Nottingham Forest,3-0,3.0,0.0,2,initial,,,,,,,,,,
2005-12-03,2005,Hartlepool United,Tamworth,1-2,1.0,2.0,2,initial,,,,,,,,,,
2005-12-03,2005,Hereford United,Stockport County,0-2,0.0,2.0,2,initial,,,,,,,,,,
2005-12-03,2005,Nuneaton Borough AFC,Histon,2-2,2.0,2.0,2,initial,,,,,,,,,,
2005-12-03,2005,Oldham Athletic,Brentford,1-1,1.0,1.0,2,initial,,,,,,,,,,
2005-12-03,2005,Rushden & Diamonds,Leyton Orient,0-1,0.0,1.0,2,initial,,,,,,,,,,
2005-12-03,2005,Shrewsbury Town,Colchester United,1-2,1.0,2.0,2,initial,,,,,,,,,,
2005-12-03,2005,Southend United,Milton Keynes Dons,1-2,1.0,2.0,2,initial,,,,,,,,,,
2005-12-03,2005,Stevenage Borough,Northampton Town,2-2,2.0,2.0,2,initial,,,,,,,,,,
2005-12-03,2005,Torquay United,Notts County,2-1,2.0,1.0,2,initial,,,,,,,,,,
2005-12-03,2005,Walsall,Yeovil,2-0,2.0,0.0,2,initial,,,,,,,,,,
2005-12-03,2005,Woking,Northwich Victoria,0-0,0.0,0.0,2,initial,,,,,,,,,,
2005-12-04,2005,Boston United,Doncaster Rovers,1-2,1.0,2.0,2,initial,,,,,,,,,,
2005-12-04,2005,Worcester City,Huddersfield Town,0-1,0.0,1.0,2,initial,,,,,,,,,,
2005-12-06,2005,Burton Albion,Burscough,4-1,4.0,1.0,2,initial,,,,,,,,,,
2005-12-13,2005,Bradford City,Barnsley,3-5,3.0,5.0,2,replay,yes,,,,,,,,,
2005-12-13,2005,Brentford,Oldham Athletic,1-0,1.0,0.0,2,replay,,,,,,,,,,
2005-12-13,2005,Bristol Rovers,Port Vale,0-1,0.0,1.0,2,replay,,,,,,,,,,
2005-12-13,2005,Northampton Town,Stevenage Borough,2-0,2.0,0.0,2,replay,,,,,,,,,,
2005-12-13,2005,Northwich Victoria,Woking,2-1,2.0,1.0,2,replay,,,,,,,,,,
2005-12-13,2005,Oxford United,Cheltenham,1-2,1.0,2.0,2,replay,,,,,,,,,,
2005-12-14,2005,Histon,Nuneaton Borough AFC,1-2,1.0,2.0,2,replay,,,,,,,,,,
2006-01-06,2005,Port Vale,Doncaster Rovers,2-1,2.0,1.0,3,initial,,,,,,,,,,
2006-01-07,2005,Arsenal,Cardiff City,2-1,2.0,1.0,3,initial,,,,,,,,,,
2006-01-07,2005,Barnsley,Walsall,1-1,1.0,1.0,3,initial,,,,,,,,,,
2006-01-07,2005,Blackburn Rovers,Queens Park Rangers,3-0,3.0,0.0,3,initial,,,,,,,,,,
2006-01-07,2005,Brighton & Hove Albion,Coventry City,0-1,0.0,1.0,3,initial,,,,,,,,,,
2006-01-07,2005,Chelsea,Huddersfield Town,2-1,2.0,1.0,3,initial,,,,,,,,,,
2006-01-07,2005,Cheltenham,Chester City,2-2,2.0,2.0,3,initial,,,,,,,,,,
2006-01-07,2005,Crystal Palace,Northampton Town,4-1,4.0,1.0,3,initial,,,,,,,,,,
2006-01-07,2005,Derby County,Burnley,2-1,2.0,1.0,3,initial,,,,,,,,,,
2006-01-07,2005,Hull City,Aston Villa,0-1,0.0,1.0,3,initial,,,,,,,,,,
2006-01-07,2005,Ipswich Town,Portsmouth,0-1,0.0,1.0,3,initial,,,,,,,,,,
2006-01-07,2005,Luton Town,Liverpool,3-5,3.0,5.0,3,initial,,,,,,,,,,
2006-01-07,2005,Manchester City,Scunthorpe United,3-1,3.0,1.0,3,initial,,,,,,,,,,
2006-01-07,2005,Millwall,Everton,1-1,1.0,1.0,3,initial,,,,,,,,,,
2006-01-07,2005,Newcastle United,Mansfield Town,1-0,1.0,0.0,3,initial,,,,,,,,,,
2006-01-07,2005,Norwich City,West Ham United,1-2,1.0,2.0,3,initial,,,,,,,,,,
2006-01-07,2005,Nuneaton Borough AFC,Middlesbrough,1-1,1.0,1.0,3,initial,,,,,,,,,,
2006-01-07,2005,Preston North End,Crewe Alexandra,2-1,2.0,1.0,3,initial,,,,,,,,,,
2006-01-07,2005,Sheffield United,Colchester United,1-2,1.0,2.0,3,initial,,,,,,,,,,
2006-01-07,2005,Sheffield Wednesday,Charlton Athletic,2-4,2.0,4.0,3,initial,,,,,,,,,,
2006-01-07,2005,Southampton,Milton Keynes Dons,4-3,4.0,3.0,3,initial,,,,,,,,,,
2006-01-07,2005,Stockport County,Brentford,2-3,2.0,3.0,3,initial,,,,,,,,,,
2006-01-07,2005,Stoke City,Tamworth,0-0,0.0,0.0,3,initial,,,,,,,,,,
2006-01-07,2005,Torquay United,Birmingham City,0-0,0.0,0.0,3,initial,,,,,,,,,,
2006-01-07,2005,Watford,Bolton Wanderers,0-3,0.0,3.0,3,initial,,,,,,,,,,
2006-01-07,2005,West Bromwich Albion,Reading,1-1,1.0,1.0,3,initial,,,,,,,,,,
2006-01-07,2005,Wigan Athletic,Leeds United,1-1,1.0,1.0,3,initial,,,,,,,,,,
2006-01-07,2005,Wolverhampton Wanderers,Plymouth Argyle,1-0,1.0,0.0,3,initial,,,,,,,,,,
2006-01-08,2005,Burton Albion,Manchester United,0-0,0.0,0.0,3,initial,,,,,,,,,,
2006-01-08,2005,Fulham,Leyton Orient,1-2,1.0,2.0,3,initial,,,,,,,,,,
2006-01-08,2005,Leicester City,Tottenham Hotspur,3-2,3.0,2.0,3,initial,,,,,,,,,,
2006-01-08,2005,Sunderland,Northwich Victoria,3-0,3.0,0.0,3,initial,,,,,,,,,,
2006-01-17,2005,Birmingham City,Torquay United,2-0,2.0,0.0,3,replay,,,,,,,,,,
2006-01-17,2005,Chester City,Cheltenham,0-1,0.0,1.0,3,replay,,,,,,,,,,
2006-01-17,2005,Leeds United,Wigan Athletic,3-3,3.0,3.0,3,replay,yes,yes,4-2 Wigan Athletic,2.0,4.0,,,,,
2006-01-17,2005,Middlesbrough,Nuneaton Borough AFC,5-2,5.0,2.0,3,replay,,,,,,,,,,
2006-01-17,2005,Reading,West Bromwich Albion,3-2,3.0,2.0,3,replay,yes,,,,,,,,,
2006-01-17,2005,Tamworth,Stoke City,1-1,1.0,1.0,3,replay,yes,yes,5-4 Stoke City,4.0,5.0,,,,,
2006-01-17,2005,Walsall,Barnsley,2-0,2.0,0.0,3,replay,,,,,,,,,,
2006-01-18,2005,Everton,Millwall,1-0,1.0,0.0,3,replay,,,,,,,,,,
2006-01-18,2005,Manchester United,Burton Albion,5-0,5.0,0.0,3,replay,,,,,,,,,,
2006-01-28,2005,Aston Villa,Port Vale,3-1,3.0,1.0,4,initial,,,,,,,,,,
2006-01-28,2005,Bolton Wanderers,Arsenal,1-0,1.0,0.0,4,initial,,,,,,,,,,
2006-01-28,2005,Brentford,Sunderland,2-1,2.0,1.0,4,initial,,,,,,,,,,
2006-01-28,2005,Charlton Athletic,Leyton Orient,2-1,2.0,1.0,4,initial,,,,,,,,,,
2006-01-28,2005,Cheltenham,Newcastle United,0-2,0.0,2.0,4,initial,,,,,,,,,,
2006-01-28,2005,Colchester United,Derby County,3-1,3.0,1.0,4,initial,,,,,,,,,,
2006-01-28,2005,Coventry City,Middlesbrough,1-1,1.0,1.0,4,initial,,,,,,,,,,
2006-01-28,2005,Everton,Chelsea,1-1,1.0,1.0,4,initial,,,,,,,,,,
2006-01-28,2005,Leicester City,Southampton,0-1,0.0,1.0,4,initial,,,,,,,,,,
2006-01-28,2005,Manchester City,Wigan Athletic,1-0,1.0,0.0,4,initial,,,,,,,,,,
2006-01-28,2005,Preston North End,Crystal Palace,1-1,1.0,1.0,4,initial,,,,,,,,,,
2006-01-28,2005,Reading,Birmingham City,1-1,1.0,1.0,4,initial,,,,,,,,,,
2006-01-28,2005,Stoke City,Walsall,2-1,2.0,1.0,4,initial,,,,,,,,,,
2006-01-28,2005,West Ham United,Blackburn Rovers,4-2,4.0,2.0,4,initial,,,,,,,,,,
2006-01-29,2005,Portsmouth,Liverpool,1-2,1.0,2.0,4,initial,,,,,,,,,,
2006-01-29,2005,Wolverhampton Wanderers,Manchester United,0-3,0.0,3.0,4,initial,,,,,,,,,,
2006-02-07,2005,Birmingham City,Reading,2-1,2.0,1.0,4,replay,,,,,,,,,,
2006-02-07,2005,Crystal Palace,Preston North End,1-2,1.0,2.0,4,replay,,,,,,,,,,
2006-02-08,2005,Chelsea,Everton,4-1,4.0,1.0,4,replay,,,,,,,,,,
2006-02-08,2005,Middlesbrough,Coventry City,1-0,1.0,0.0,4,replay,,,,,,,,,,
2006-02-18,2005,Bolton Wanderers,West Ham United,0-0,0.0,0.0,5,initial,,,,,,,,,,
2006-02-18,2005,Charlton Athletic,Brentford,3-1,3.0,1.0,5,initial,,,,,,,,,,
2006-02-18,2005,Liverpool,Manchester United,1-0,1.0,0.0,5,initial,,,,,,,,,,
2006-02-18,2005,Newcastle United,Southampton,1-0,1.0,0.0,5,initial,,,,,,,,,,
2006-02-19,2005,Aston Villa,Manchester City,1-1,1.0,1.0,5,initial,,,,,,,,,,
2006-02-19,2005,Chelsea,Colchester United,3-1,3.0,1.0,5,initial,,,,,,,,,,
2006-02-19,2005,Preston North End,Middlesbrough,0-2,0.0,2.0,5,initial,,,,,,,,,,
2006-02-19,2005,Stoke City,Birmingham City,0-1,0.0,1.0,5,initial,,,,,,,,,,
2006-03-14,2005,Manchester City,Aston Villa,2-1,2.0,1.0,5,replay,,,,,,,,,,
2006-03-15,2005,West Ham United,Bolton Wanderers,2-1,2.0,1.0,5,replay,yes,,,,,,,,,
2006-03-20,2005,Manchester City,West Ham United,1-2,1.0,2.0,6,initial,,,,,,,,,,
2006-03-21,2005,Birmingham City,Liverpool,0-7,0.0,7.0,6,initial,,,,,,,,,,
2006-03-22,2005,Chelsea,Newcastle United,1-0,1.0,0.0,6,initial,,,,,,,,,,
2006-03-23,2005,Charlton Athletic,Middlesbrough,0-0,0.0,0.0,6,initial,,,,,,,,,,
2006-04-12,2005,Middlesbrough,Charlton Athletic,4-2,4.0,2.0,6,replay,,,,,,,,,,
2006-04-22,2005,Liverpool,Chelsea,2-1,2.0,1.0,s,initial,,,,,,"Old Trafford, Manchester","64,575",,,yes
2006-04-23,2005,West Ham United,Middlesbrough,1-0,1.0,0.0,s,initial,,,,,,"Villa Park, Aston","39,148",,,yes
2006-05-13,2005,Liverpool,West Ham United,3-3,3.0,3.0,f,initial,yes,yes,3-1 Liverpool,3.0,1.0,"Millennium Stadium, Cardiff","71,140",,,yes
2006-11-10,2006,Cheltenham,Scunthorpe United,0-0,0.0,0.0,1,initial,,,,,,,,,,
2006-11-11,2006,AFC Bournemouth,Boston United,4-0,4.0,0.0,1,initial,,,,,,,,,,
2006-11-11,2006,Barrow AFC,Bristol Rovers,2-3,2.0,3.0,1,initial,,,,,,,,,,
2006-11-11,2006,Bishop's Stortford,King's Lynn,3-5,3.0,5.0,1,initial,,,,,,,,,,
2006-11-11,2006,Bradford City,Crewe Alexandra,4-0,4.0,0.0,1,initial,,,,,,,,,,
2006-11-11,2006,Brentford,Doncaster Rovers,0-1,0.0,1.0,1,initial,,,,,,,,,,
2006-11-11,2006,Brighton & Hove Albion,Northwich Victoria,8-0,8.0,0.0,1,initial,,,,,,,,,,
2006-11-11,2006,Burton Albion,Tamworth,1-2,1.0,2.0,1,initial,,,,,,,,,,
2006-11-11,2006,Chelmsford City,Aldershot Town,1-1,1.0,1.0,1,initial,,,,,,,,,,
2006-11-11,2006,Chesterfield,Basingstoke Town,0-1,0.0,1.0,1,initial,,,,,,,,,,
2006-11-11,2006,Clevedon Town,Chester City,1-4,1.0,4.0,1,initial,,,,,,,,,,
2006-11-11,2006,Exeter City,Stockport County,1-2,1.0,2.0,1,initial,,,,,,,,,,
2006-11-11,2006,Gainsborough Trinity,Barnet,1-3,1.0,3.0,1,initial,,,,,,,,,,
2006-11-11,2006,Gillingham,Bromley,4-1,4.0,1.0,1,initial,,,,,,,,,,
2006-11-11,2006,Huddersfield Town,Blackpool,0-1,0.0,1.0,1,initial,,,,,,,,,,
2006-11-11,2006,Kettering Town,Oldham Athletic,3-4,3.0,4.0,1,initial,,,,,,,,,,
2006-11-11,2006,Lewes,Darlington,1-4,1.0,4.0,1,initial,,,,,,,,,,
2006-11-11,2006,Leyton Orient,Notts County,2-1,2.0,1.0,1,initial,,,,,,,,,,
2006-11-11,2006,Mansfield Town,Accrington Stanley,1-0,1.0,0.0,1,initial,,,,,,,,,,
2006-11-11,2006,Morecambe,Kidderminster Harriers,2-1,2.0,1.0,1,initial,,,,,,,,,,
2006-11-11,2006,Newport County,Swansea City,1-3,1.0,3.0,1,initial,,,,,,,,,,
2006-11-11,2006,Northampton Town,Grimsby Town,0-0,0.0,0.0,1,initial,,,,,,,,,,
2006-11-11,2006,Nottingham Forest,Yeading,5-0,5.0,0.0,1,initial,,,,,,,,,,
2006-11-11,2006,Peterborough United,Rotherham United,3-0,3.0,0.0,1,initial,,,,,,,,,,
2006-11-11,2006,Port Vale,Lincoln City,2-1,2.0,1.0,1,initial,,,,,,,,,,
2006-11-11,2006,Rochdale,Hartlepool United,1-1,1.0,1.0,1,initial,,,,,,,,,,
2006-11-11,2006,Rushden & Diamonds,Yeovil,3-1,3.0,1.0,1,initial,,,,,,,,,,
2006-11-11,2006,Salisbury City,Fleetwood Town,3-0,3.0,0.0,1,initial,,,,,,,,,,
2006-11-11,2006,Shrewsbury Town,Hereford United,0-0,0.0,0.0,1,initial,,,,,,,,,,
2006-11-11,2006,Stafford Rangers,Maidenhead United,1-1,1.0,1.0,1,initial,,,,,,,,,,
2006-11-11,2006,Swindon Town,Carlisle United,3-1,3.0,1.0,1,initial,,,,,,,,,,
2006-11-11,2006,Torquay United,Leatherhead,2-1,2.0,1.0,1,initial,,,,,,,,,,
2006-11-11,2006,Tranmere Rovers,Woking,4-2,4.0,2.0,1,initial,,,,,,,,,,
2006-11-11,2006,Wrexham,Stevenage Borough,1-0,1.0,0.0,1,initial,,,,,,,,,,
2006-11-11,2006,Wycombe Wanderers,Oxford United,2-1,2.0,1.0,1,initial,,,,,,,,,,
2006-11-11,2006,York City,Bristol City,0-1,0.0,1.0,1,initial,,,,,,,,,,
2006-11-12,2006,Farsley Celtic,Milton Keynes Dons,0-0,0.0,0.0,1,initial,,,,,,,,,,
2006-11-12,2006,Weymouth,Bury,2-2,2.0,2.0,1,initial,,,,,,,,,,
2006-11-13,2006,Havant & Waterlooville,Millwall,1-2,1.0,2.0,1,initial,,,,,,,,,,
2006-11-13,2006,Macclesfield Town,Walsall,0-0,0.0,0.0,1,initial,,,,,,,,,,
2006-11-20,2006,Hartlepool United,Rochdale,0-0,0.0,0.0,1,replay,yes,yes,4-2 Hartlepool United,4.0,2.0,,,,,
2006-11-21,2006,Aldershot Town,Chelmsford City,2-0,2.0,0.0,1,replay,,,,,,,,,,
2006-11-21,2006,Bury,Weymouth,4-3,4.0,3.0,1,replay,,,,,,,,,,
2006-11-21,2006,Grimsby Town,Northampton Town,0-2,0.0,2.0,1,replay,,,,,,,,,,
2006-11-21,2006,Hereford United,Shrewsbury Town,2-0,2.0,0.0,1,replay,,,,,,,,,,
2006-11-21,2006,Maidenhead United,Stafford Rangers,0-2,0.0,2.0,1,replay,,,,,,,,,,
2006-11-21,2006,Milton Keynes Dons,Farsley Celtic,2-0,2.0,0.0,1,replay,,,,,,,,,,
2006-11-21,2006,Scunthorpe United,Cheltenham,2-0,2.0,0.0,1,replay,,,,,,,,,,
2006-11-21,2006,Walsall,Macclesfield Town,0-1,0.0,1.0,1,replay,,,,,,,,,,
2006-12-01,2006,Bradford City,Millwall,0-0,0.0,0.0,2,initial,,,,,,,,,,
2006-12-01,2006,King's Lynn,Oldham Athletic,0-2,0.0,2.0,2,initial,,,,,,,,,,
2006-12-01,2006,Stockport County,Wycombe Wanderers,2-1,2.0,1.0,2,initial,,,,,,,,,,
2006-12-02,2006,Aldershot Town,Basingstoke Town,1-1,1.0,1.0,2,initial,,,,,,,,,,
2006-12-02,2006,Barnet,Northampton Town,4-1,4.0,1.0,2,initial,,,,,,,,,,
2006-12-02,2006,Brighton & Hove Albion,Stafford Rangers,3-0,3.0,0.0,2,initial,,,,,,,,,,
2006-12-02,2006,Bristol Rovers,AFC Bournemouth,1-1,1.0,1.0,2,initial,,,,,,,,,,
2006-12-02,2006,Bury,Chester City,2-2,2.0,2.0,2,initial,,,,,,,,,,
2006-12-02,2006,Darlington,Swansea City,1-3,1.0,3.0,2,initial,,,,,,,,,,
2006-12-02,2006,Hereford United,Port Vale,4-0,4.0,0.0,2,initial,,,,,,,,,,
2006-12-02,2006,Macclesfield Town,Hartlepool United,2-1,2.0,1.0,2,initial,,,,,,,,,,
2006-12-02,2006,Mansfield Town,Doncaster Rovers,1-1,1.0,1.0,2,initial,,,,,,,,,,
2006-12-02,2006,Milton Keynes Dons,Blackpool,0-2,0.0,2.0,2,initial,,,,,,,,,,
2006-12-02,2006,Rushden & Diamonds,Tamworth,1-2,1.0,2.0,2,initial,,,,,,,,,,
2006-12-02,2006,Scunthorpe United,Wrexham,0-2,0.0,2.0,2,initial,,,,,,,,,,
2006-12-02,2006,Swindon Town,Morecambe,1-0,1.0,0.0,2,initial,,,,,,,,,,
2006-12-02,2006,Torquay United,Leyton Orient,1-1,1.0,1.0,2,initial,,,,,,,,,,
2006-12-02,2006,Tranmere Rovers,Peterborough United,1-2,1.0,2.0,2,initial,,,,,,,,,,
2006-12-03,2006,Bristol City,Gillingham,4-3,4.0,3.0,2,initial,,,,,,,,,,
2006-12-03,2006,Salisbury City,Nottingham Forest,1-1,1.0,1.0,2,initial,,,,,,,,,,
2006-12-12,2006,AFC Bournemouth,Bristol Rovers,0-1,0.0,1.0,2,replay,,,,,,,,,,
2006-12-12,2006,Basingstoke Town,Aldershot Town,1-3,1.0,3.0,2,replay,,,,,,,,,,
2006-12-12,2006,Chester City,Bury,1-3,1.0,3.0,2,replay,,,,,,,,,,
2006-12-12,2006,Doncaster Rovers,Mansfield Town,2-0,2.0,0.0,2,replay,,,,,,,,,,
2006-12-12,2006,Leyton Orient,Torquay United,1-2,1.0,2.0,2,replay,,,,,,,,,,
2006-12-12,2006,Millwall,Bradford City,1-0,1.0,0.0,2,replay,yes,,,,,,,,,
2006-12-12,2006,Nottingham Forest,Salisbury City,2-0,2.0,0.0,2,replay,,,,,,,,,,
2007-01-05,2006,Bristol Rovers,Hereford United,1-0,1.0,0.0,3,initial,,,,,,,,,,
2007-01-05,2006,Stoke City,Millwall,2-0,2.0,0.0,3,initial,,,,,,,,,,
2007-01-06,2006,Birmingham City,Newcastle United,2-2,2.0,2.0,3,initial,,,,,,,,,,
2007-01-06,2006,Blackpool,Aldershot Town,4-2,4.0,2.0,3,initial,,,,,,,,,,
2007-01-06,2006,Bristol City,Coventry City,3-3,3.0,3.0,3,initial,,,,,,,,,,
2007-01-06,2006,Chelsea,Macclesfield Town,6-1,6.0,1.0,3,initial,,,,,,,,,,
2007-01-06,2006,Chester City,Ipswich Town,0-0,0.0,0.0,3,initial,,,,,,,,,,
2007-01-06,2006,Crystal Palace,Swindon Town,2-1,2.0,1.0,3,initial,,,,,,,,,,
2007-01-06,2006,Derby County,Wrexham,3-1,3.0,1.0,3,initial,,,,,,,,,,
2007-01-06,2006,Doncaster Rovers,Bolton Wanderers,0-4,0.0,4.0,3,initial,,,,,,,,,,
2007-01-06,2006,Hull City,Middlesbrough,1-1,1.0,1.0,3,initial,,,,,,,,,,
2007-01-06,2006,Leicester City,Fulham,2-2,2.0,2.0,3,initial,,,,,,,,,,
2007-01-06,2006,Liverpool,Arsenal,1-3,1.0,3.0,3,initial,,,,,,,,,,
2007-01-06,2006,Nottingham Forest,Charlton Athletic,2-0,2.0,0.0,3,initial,,,,,,,,,,
2007-01-06,2006,Peterborough United,Plymouth Argyle,1-1,1.0,1.0,3,initial,,,,,,,,,,
2007-01-06,2006,Portsmouth,Wigan Athletic,2-1,2.0,1.0,3,initial,,,,,,,,,,
2007-01-06,2006,Preston North End,Sunderland,1-0,1.0,0.0,3,initial,,,,,,,,,,
2007-01-06,2006,Queens Park Rangers,Luton Town,2-2,2.0,2.0,3,initial,,,,,,,,,,
2007-01-06,2006,Sheffield United,Swansea City,0-3,0.0,3.0,3,initial,,,,,,,,,,
2007-01-06,2006,Southend United,Barnsley,1-1,1.0,1.0,3,initial,,,,,,,,,,
2007-01-06,2006,Tamworth,Norwich City,1-4,1.0,4.0,3,initial,,,,,,,,,,
2007-01-06,2006,Torquay United,Southampton,0-2,0.0,2.0,3,initial,,,,,,,,,,
2007-01-06,2006,Watford,Stockport County,4-1,4.0,1.0,3,initial,,,,,,,,,,
2007-01-06,2006,West Bromwich Albion,Leeds United,3-1,3.0,1.0,3,initial,,,,,,,,,,
2007-01-06,2006,West Ham United,Brighton & Hove Albion,3-0,3.0,0.0,3,initial,,,,,,,,,,
2007-01-06,2006,Wolverhampton Wanderers,Oldham Athletic,2-2,2.0,2.0,3,initial,,,,,,,,,,
2007-01-07,2006,Cardiff City,Tottenham Hotspur,0-0,0.0,0.0,3,initial,,,,,,,,,,
2007-01-07,2006,Everton,Blackburn Rovers,1-4,1.0,4.0,3,initial,,,,,,,,,,
2007-01-07,2006,Manchester United,Aston Villa,2-1,2.0,1.0,3,initial,,,,,,,,,,
2007-01-07,2006,Sheffield Wednesday,Manchester City,1-1,1.0,1.0,3,initial,,,,,,,,,,
2007-01-09,2006,Barnet,Colchester United,2-1,2.0,1.0,3,initial,,,,,,,,,,
2007-01-09,2006,Reading,Burnley,3-2,3.0,2.0,3,initial,,,,,,,,,,
2007-01-16,2006,Barnsley,Southend United,0-2,0.0,2.0,3,replay,,,,,,,,,,
2007-01-16,2006,Coventry City,Bristol City,0-2,0.0,2.0,3,replay,,,,,,,,,,
2007-01-16,2006,Ipswich Town,Chester City,1-0,1.0,0.0,3,replay,,,,,,,,,,
2007-01-16,2006,Manchester City,Sheffield Wednesday,2-1,2.0,1.0,3,replay,,,,,,,,,,
2007-01-16,2006,Middlesbrough,Hull City,4-3,4.0,3.0,3,replay,,,,,,,,,,
2007-01-16,2006,Oldham Athletic,Wolverhampton Wanderers,0-2,0.0,2.0,3,replay,,,,,,,,,,
2007-01-16,2006,Plymouth Argyle,Peterborough United,2-1,2.0,1.0,3,replay,,,,,,,,,,
2007-01-17,2006,Fulham,Leicester City,4-3,4.0,3.0,3,replay,,,,,,,,,,
2007-01-17,2006,Newcastle United,Birmingham City,1-5,1.0,5.0,3,replay,,,,,,,,,,
2007-01-17,2006,Tottenham Hotspur,Cardiff City,4-0,4.0,0.0,3,replay,,,,,,,,,,
2007-01-23,2006,Luton Town,Queens Park Rangers,1-0,1.0,0.0,3,replay,,,,,,,,,,
2007-01-27,2006,Barnet,Plymouth Argyle,0-2,0.0,2.0,4,initial,,,,,,,,,,
2007-01-27,2006,Birmingham City,Reading,2-3,2.0,3.0,4,initial,,,,,,,,,,
2007-01-27,2006,Blackpool,Norwich City,1-1,1.0,1.0,4,initial,,,,,,,,,,
2007-01-27,2006,Bristol City,Middlesbrough,2-2,2.0,2.0,4,initial,,,,,,,,,,
2007-01-27,2006,Crystal Palace,Preston North End,0-2,0.0,2.0,4,initial,,,,,,,,,,
2007-01-27,2006,Derby County,Bristol Rovers,1-0,1.0,0.0,4,initial,,,,,,,,,,
2007-01-27,2006,Fulham,Stoke City,3-0,3.0,0.0,4,initial,,,,,,,,,,
2007-01-27,2006,Ipswich Town,Swansea City,1-0,1.0,0.0,4,initial,,,,,,,,,,
2007-01-27,2006,Luton Town,Blackburn Rovers,0-4,0.0,4.0,4,initial,,,,,,,,,,
2007-01-27,2006,Manchester United,Portsmouth,2-1,2.0,1.0,4,initial,,,,,,,,,,
2007-01-27,2006,Tottenham Hotspur,Southend United,3-1,3.0,1.0,4,initial,,,,,,,,,,
2007-01-27,2006,West Ham United,Watford,0-1,0.0,1.0,4,initial,,,,,,,,,,
2007-01-28,2006,Arsenal,Bolton Wanderers,1-1,1.0,1.0,4,initial,,,,,,,,,,
2007-01-28,2006,Chelsea,Nottingham Forest,3-0,3.0,0.0,4,initial,,,,,,,,,,
2007-01-28,2006,Manchester City,Southampton,3-1,3.0,1.0,4,initial,,,,,,,,,,
2007-01-28,2006,Wolverhampton Wanderers,West Bromwich Albion,0-3,0.0,3.0,4,initial,,,,,,,,,,
2007-02-13,2006,Middlesbrough,Bristol City,2-2,2.0,2.0,4,replay,yes,yes,5-4 Middlesbrough,5.0,4.0,,,,,
2007-02-13,2006,Norwich City,Blackpool,3-2,3.0,2.0,4,replay,yes,,,,,,,,,
2007-02-14,2006,Bolton Wanderers,Arsenal,1-3,1.0,3.0,4,replay,yes,,,,,,,,,
2007-02-17,2006,Arsenal,Blackburn Rovers,0-0,0.0,0.0,5,initial,,,,,,,,,,
2007-02-17,2006,Chelsea,Norwich City,4-0,4.0,0.0,5,initial,,,,,,,,,,
2007-02-17,2006,Manchester United,Reading,1-1,1.0,1.0,5,initial,,,,,,,,,,
2007-02-17,2006,Middlesbrough,West Bromwich Albion,2-2,2.0,2.0,5,initial,,,,,,,,,,
2007-02-17,2006,Plymouth Argyle,Derby County,2-0,2.0,0.0,5,initial,,,,,,,,,,
2007-02-17,2006,Watford,Ipswich Town,1-0,1.0,0.0,5,initial,,,,,,,,,,
2007-02-18,2006,Fulham,Tottenham Hotspur,0-4,0.0,4.0,5,initial,,,,,,,,,,
2007-02-18,2006,Preston North End,Manchester City,1-3,1.0,3.0,5,initial,,,,,,,,,,
2007-02-27,2006,Reading,Manchester United,2-3,2.0,3.0,5,replay,,,,,,,,,,
2007-02-27,2006,West Bromwich Albion,Middlesbrough,1-1,1.0,1.0,5,replay,yes,yes,5-4 Middlesbrough,4.0,5.0,,,,,
2007-02-28,2006,Blackburn Rovers,Arsenal,1-0,1.0,0.0,5,replay,,,,,,,,,,
2007-03-10,2006,Middlesbrough,Manchester United,2-2,2.0,2.0,6,initial,,,,,,,,,,
2007-03-11,2006,Blackburn Rovers,Manchester City,2-0,2.0,0.0,6,initial,,,,,,,,,,
2007-03-11,2006,Chelsea,Tottenham Hotspur,3-3,3.0,3.0,6,initial,,,,,,,,,,
2007-03-11,2006,Plymouth Argyle,Watford,0-1,0.0,1.0,6,initial,,,,,,,,,,
2007-03-19,2006,Manchester United,Middlesbrough,1-0,1.0,0.0,6,replay,,,,,,,,,,
2007-03-19,2006,Tottenham Hotspur,Chelsea,1-2,1.0,2.0,6,replay,,,,,,,,,,
2007-04-14,2006,Manchester United,Watford,4-1,4.0,1.0,s,initial,,,,,,"Villa Park, Aston","37,425",,,yes
2007-04-15,2006,Chelsea,Blackburn Rovers,2-1,2.0,1.0,s,initial,yes,,,,,"Old Trafford, Manchester","50,559",,,yes
2007-05-19,2006,Chelsea,Manchester United,1-0,1.0,0.0,f,initial,yes,,,,,"Wembley (new), London","89,826",,,yes
2007-11-09,2007,Hereford United,Leeds United,0-0,0.0,0.0,1,initial,,,,,,,,,,
2007-11-10,2007,Accrington Stanley,Huddersfield Town,2-3,2.0,3.0,1,initial,,,,,,,,,,
2007-11-10,2007,Altrincham,Millwall,1-2,1.0,2.0,1,initial,,,,,,,,,,
2007-11-10,2007,Barnet,Gillingham,2-1,2.0,1.0,1,initial,,,,,,,,,,
2007-11-10,2007,Barrow AFC,AFC Bournemouth,1-1,1.0,1.0,1,initial,,,,,,,,,,
2007-11-10,2007,Billericay,Swansea City,1-2,1.0,2.0,1,initial,,,,,,,,,,
2007-11-10,2007,Bradford City,Chester City,1-0,1.0,0.0,1,initial,,,,,,,,,,
2007-11-10,2007,Bury,Workington,4-1,4.0,1.0,1,initial,,,,,,,,,,
2007-11-10,2007,Cambridge United,Aldershot Town,2-1,2.0,1.0,1,initial,,,,,,,,,,
2007-11-10,2007,Carlisle United,Grimsby Town,1-1,1.0,1.0,1,initial,,,,,,,,,,
2007-11-10,2007,Cheltenham,Brighton & Hove Albion,1-1,1.0,1.0,1,initial,,,,,,,,,,
2007-11-10,2007,Chesterfield,Tranmere Rovers,1-2,1.0,2.0,1,initial,,,,,,,,,,
2007-11-10,2007,Crewe Alexandra,Milton Keynes Dons,2-1,2.0,1.0,1,initial,,,,,,,,,,
2007-11-10,2007,Darlington,Northampton Town,1-1,1.0,1.0,1,initial,,,,,,,,,,
2007-11-10,2007,Eastbourne Borough,Weymouth,0-4,0.0,4.0,1,initial,,,,,,,,,,
2007-11-10,2007,Exeter City,Stevenage Borough,4-0,4.0,0.0,1,initial,,,,,,,,,,
2007-11-10,2007,Halifax Town,Burton Albion,0-4,0.0,4.0,1,initial,,,,,,,,,,
2007-11-10,2007,Hampton & Richmond,Dagenham & Redbridge,0-3,0.0,3.0,1,initial,,,,,,,,,,
2007-11-10,2007,Harrogate Railway,Droylsden,2-0,2.0,0.0,1,initial,,,,,,,,,,
2007-11-10,2007,Horsham,Maidenhead United,4-1,4.0,1.0,1,initial,,,,,,,,,,
2007-11-10,2007,Leyton Orient,Bristol Rovers,1-1,1.0,1.0,1,initial,,,,,,,,,,
2007-11-10,2007,Lincoln City,Nottingham Forest,1-1,1.0,1.0,1,initial,,,,,,,,,,
2007-11-10,2007,Luton Town,Brentford,1-1,1.0,1.0,1,initial,,,,,,,,,,
2007-11-10,2007,Mansfield Town,Lewes,3-0,3.0,0.0,1,initial,,,,,,,,,,
2007-11-10,2007,Morecambe,Port Vale,0-2,0.0,2.0,1,initial,,,,,,,,,,
2007-11-10,2007,Notts County,Histon,3-0,3.0,0.0,1,initial,,,,,,,,,,
2007-11-10,2007,Oldham Athletic,Doncaster Rovers,2-2,2.0,2.0,1,initial,,,,,,,,,,
2007-11-10,2007,Oxford United,Northwich Victoria,3-1,3.0,1.0,1,initial,,,,,,,,,,
2007-11-10,2007,Peterborough United,Wrexham,4-1,4.0,1.0,1,initial,,,,,,,,,,
2007-11-10,2007,Rushden & Diamonds,Macclesfield Town,3-1,3.0,1.0,1,initial,,,,,,,,,,
2007-11-10,2007,Southend United,Rochdale,2-1,2.0,1.0,1,initial,,,,,,,,,,
2007-11-10,2007,Stockport County,Staines Town,1-1,1.0,1.0,1,initial,,,,,,,,,,
2007-11-10,2007,Team Bath,Chasetown,0-2,0.0,2.0,1,initial,,,,,,,,,,
2007-11-10,2007,Walsall,Shrewsbury Town,2-0,2.0,0.0,1,initial,,,,,,,,,,
2007-11-10,2007,Ware,Kidderminster Harriers,0-2,0.0,2.0,1,initial,,,,,,,,,,
2007-11-10,2007,Wycombe Wanderers,Swindon Town,1-2,1.0,2.0,1,initial,,,,,,,,,,
2007-11-10,2007,York City,Havant & Waterlooville,0-1,0.0,1.0,1,initial,,,,,,,,,,
2007-11-11,2007,Forest Green Rovers,Rotherham United,2-2,2.0,2.0,1,initial,,,,,,,,,,
2007-11-11,2007,Gainsborough Trinity,Hartlepool United,0-6,0.0,6.0,1,initial,,,,,,,,,,
2007-11-11,2007,Torquay United,Yeovil,4-1,4.0,1.0,1,initial,,,,,,,,,,
2007-11-20,2007,AFC Bournemouth,Barrow AFC,3-2,3.0,2.0,1,replay,yes,,,,,,,,,
2007-11-20,2007,Brighton & Hove Albion,Cheltenham,2-1,2.0,1.0,1,replay,,,,,,,,,,
2007-11-20,2007,Grimsby Town,Carlisle United,1-0,1.0,0.0,1,replay,,,,,,,,,,
2007-11-20,2007,Leeds United,Hereford United,0-1,0.0,1.0,1,replay,,,,,,,,,,
2007-11-20,2007,Northampton Town,Darlington,2-1,2.0,1.0,1,replay,,,,,,,,,,
2007-11-20,2007,Rotherham United,Forest Green Rovers,0-3,0.0,3.0,1,replay,,,,,,,,,,
2007-11-22,2007,Staines Town,Stockport County,1-1,1.0,1.0,1,replay,yes,yes,4-3 Staines Town,4.0,3.0,,,,,
2007-11-27,2007,Brentford,Luton Town,0-2,0.0,2.0,1,replay,,,,,,,,,,
2007-11-27,2007,Bristol Rovers,Leyton Orient,3-3,3.0,3.0,1,replay,yes,yes,6-5 Bristol Rovers,6.0,5.0,,,,,
2007-11-27,2007,Doncaster Rovers,Oldham Athletic,1-2,1.0,2.0,1,replay,,,,,,,,,,
2007-11-27,2007,Nottingham Forest,Lincoln City,3-1,3.0,1.0,1,replay,,,,,,,,,,
2007-11-30,2007,Horsham,Swansea City,1-1,1.0,1.0,2,initial,,,,,,,,,,
2007-12-01,2007,Bradford City,Tranmere Rovers,0-3,0.0,3.0,2,initial,,,,,,,,,,
2007-12-01,2007,Bristol Rovers,Rushden & Diamonds,5-1,5.0,1.0,2,initial,,,,,,,,,,
2007-12-01,2007,Burton Albion,Barnet,1-1,1.0,1.0,2,initial,,,,,,,,,,
2007-12-01,2007,Bury,Exeter City,1-0,1.0,0.0,2,initial,,,,,,,,,,
2007-12-01,2007,Cambridge United,Weymouth,1-0,1.0,0.0,2,initial,,,,,,,,,,
2007-12-01,2007,Dagenham & Redbridge,Kidderminster Harriers,3-1,3.0,1.0,2,initial,,,,,,,,,,
2007-12-01,2007,Hereford United,Hartlepool United,2-0,2.0,0.0,2,initial,,,,,,,,,,
2007-12-01,2007,Huddersfield Town,Grimsby Town,3-0,3.0,0.0,2,initial,,,,,,,,,,
2007-12-01,2007,Millwall,AFC Bournemouth,2-1,2.0,1.0,2,initial,,,,,,,,,,
2007-12-01,2007,Northampton Town,Walsall,1-1,1.0,1.0,2,initial,,,,,,,,,,
2007-12-01,2007,Notts County,Havant & Waterlooville,0-1,0.0,1.0,2,initial,,,,,,,,,,
2007-12-01,2007,Oldham Athletic,Crewe Alexandra,1-0,1.0,0.0,2,initial,,,,,,,,,,
2007-12-01,2007,Oxford United,Southend United,0-0,0.0,0.0,2,initial,,,,,,,,,,
2007-12-01,2007,Staines Town,Peterborough United,0-5,0.0,5.0,2,initial,,,,,,,,,,
2007-12-01,2007,Swindon Town,Forest Green Rovers,3-2,3.0,2.0,2,initial,,,,,,,,,,
2007-12-01,2007,Torquay United,Brighton & Hove Albion,0-2,0.0,2.0,2,initial,,,,,,,,,,
2007-12-02,2007,Harrogate Railway,Mansfield Town,2-3,2.0,3.0,2,initial,,,,,,,,,,
2007-12-02,2007,Port Vale,Chasetown,1-1,1.0,1.0,2,initial,,,,,,,,,,
2007-12-10,2007,Swansea City,Horsham,6-2,6.0,2.0,2,replay,,,,,,,,,,
2007-12-11,2007,Luton Town,Nottingham Forest,1-0,1.0,0.0,2,initial,,,,,,,,,,
2007-12-11,2007,Barnet,Burton Albion,1-0,1.0,0.0,2,replay,,,,,,,,,,
2007-12-11,2007,Chasetown,Port Vale,1-0,1.0,0.0,2,replay,,,,,,,,,,
2007-12-11,2007,Southend United,Oxford United,3-0,3.0,0.0,2,replay,,,,,,,,,,
2007-12-11,2007,Walsall,Northampton Town,1-0,1.0,0.0,2,replay,,,,,,,,,,
2008-01-05,2007,Aston Villa,Manchester United,0-2,0.0,2.0,3,initial,,,,,,,,,,
2008-01-05,2007,Barnsley,Blackpool,2-1,2.0,1.0,3,initial,,,,,,,,,,
2008-01-05,2007,Blackburn Rovers,Coventry City,1-4,1.0,4.0,3,initial,,,,,,,,,,
2008-01-05,2007,Bolton Wanderers,Sheffield United,0-1,0.0,1.0,3,initial,,,,,,,,,,
2008-01-05,2007,Brighton & Hove Albion,Mansfield Town,1-2,1.0,2.0,3,initial,,,,,,,,,,
2008-01-05,2007,Bristol City,Middlesbrough,1-2,1.0,2.0,3,initial,,,,,,,,,,
2008-01-05,2007,Charlton Athletic,West Bromwich Albion,1-1,1.0,1.0,3,initial,,,,,,,,,,
2008-01-05,2007,Chasetown,Cardiff City,1-3,1.0,3.0,3,initial,,,,,,,,,,
2008-01-05,2007,Chelsea,Queens Park Rangers,1-0,1.0,0.0,3,initial,,,,,,,,,,
2008-01-05,2007,Colchester United,Peterborough United,1-3,1.0,3.0,3,initial,,,,,,,,,,
2008-01-05,2007,Everton,Oldham Athletic,0-1,0.0,1.0,3,initial,,,,,,,,,,
2008-01-05,2007,Huddersfield Town,Birmingham City,2-1,2.0,1.0,3,initial,,,,,,,,,,
2008-01-05,2007,Ipswich Town,Portsmouth,0-1,0.0,1.0,3,initial,,,,,,,,,,
2008-01-05,2007,Norwich City,Bury,1-1,1.0,1.0,3,initial,,,,,,,,,,
2008-01-05,2007,Plymouth Argyle,Hull City,3-2,3.0,2.0,3,initial,,,,,,,,,,
2008-01-05,2007,Preston North End,Scunthorpe United,1-0,1.0,0.0,3,initial,,,,,,,,,,
2008-01-05,2007,Southampton,Leicester City,2-0,2.0,0.0,3,initial,,,,,,,,,,
2008-01-05,2007,Southend United,Dagenham & Redbridge,5-2,5.0,2.0,3,initial,,,,,,,,,,
2008-01-05,2007,Sunderland,Wigan Athletic,0-3,0.0,3.0,3,initial,,,,,,,,,,
2008-01-05,2007,Swansea City,Havant & Waterlooville,1-1,1.0,1.0,3,initial,,,,,,,,,,
2008-01-05,2007,Swindon Town,Barnet,1-1,1.0,1.0,3,initial,,,,,,,,,,
2008-01-05,2007,Tottenham Hotspur,Reading,2-2,2.0,2.0,3,initial,,,,,,,,,,
2008-01-05,2007,Tranmere Rovers,Hereford United,2-2,2.0,2.0,3,initial,,,,,,,,,,
2008-01-05,2007,Walsall,Millwall,0-0,0.0,0.0,3,initial,,,,,,,,,,
2008-01-05,2007,Watford,Crystal Palace,2-0,2.0,0.0,3,initial,,,,,,,,,,
2008-01-05,2007,West Ham United,Manchester City,0-0,0.0,0.0,3,initial,,,,,,,,,,
2008-01-05,2007,Wolverhampton Wanderers,Cambridge United,2-1,2.0,1.0,3,initial,,,,,,,,,,
2008-01-06,2007,Burnley,Arsenal,0-2,0.0,2.0,3,initial,,,,,,,,,,
2008-01-06,2007,Derby County,Sheffield Wednesday,2-2,2.0,2.0,3,initial,,,,,,,,,,
2008-01-06,2007,Fulham,Bristol Rovers,2-2,2.0,2.0,3,initial,,,,,,,,,,
2008-01-06,2007,Luton Town,Liverpool,1-1,1.0,1.0,3,initial,,,,,,,,,,
2008-01-06,2007,Stoke City,Newcastle United,0-0,0.0,0.0,3,initial,,,,,,,,,,
2008-01-15,2007,Bury,Norwich City,2-1,2.0,1.0,3,replay,,,,,,,,,,
2008-01-15,2007,Liverpool,Luton Town,5-0,5.0,0.0,3,replay,,,,,,,,,,
2008-01-15,2007,Millwall,Walsall,2-1,2.0,1.0,3,replay,,,,,,,,,,
2008-01-15,2007,Reading,Tottenham Hotspur,0-1,0.0,1.0,3,replay,,,,,,,,,,
2008-01-15,2007,West Bromwich Albion,Charlton Athletic,2-2,2.0,2.0,3,replay,yes,yes,4-3 West Bromwich Albion,4.0,3.0,,,,,
2008-01-16,2007,Havant & Waterlooville,Swansea City,4-2,4.0,2.0,3,replay,,,,,,,,,,
2008-01-16,2007,Hereford United,Tranmere Rovers,1-0,1.0,0.0,3,replay,,,,,,,,,,
2008-01-16,2007,Manchester City,West Ham United,1-0,1.0,0.0,3,replay,,,,,,,,,,
2008-01-16,2007,Newcastle United,Stoke City,4-1,4.0,1.0,3,replay,,,,,,,,,,
2008-01-22,2007,Barnet,Swindon Town,1-1,1.0,1.0,3,replay,yes,yes,2-0 Barnet,2.0,0.0,,,,,
2008-01-22,2007,Bristol Rovers,Fulham,0-0,0.0,0.0,3,replay,yes,yes,5-3 Bristol Rovers,5.0,3.0,,,,,
2008-01-22,2007,Sheffield Wednesday,Derby County,1-1,1.0,1.0,3,replay,yes,yes,4-2 Derby County,2.0,4.0,,,,,
2008-01-25,2007,Southend United,Barnsley,0-1,0.0,1.0,4,initial,,,,,,,,,,
2008-01-26,2007,Arsenal,Newcastle United,3-0,3.0,0.0,4,initial,,,,,,,,,,
2008-01-26,2007,Barnet,Bristol Rovers,0-1,0.0,1.0,4,initial,,,,,,,,,,
2008-01-26,2007,Coventry City,Millwall,2-1,2.0,1.0,4,initial,,,,,,,,,,
2008-01-26,2007,Derby County,Preston North End,1-4,1.0,4.0,4,initial,,,,,,,,,,
2008-01-26,2007,Liverpool,Havant & Waterlooville,5-2,5.0,2.0,4,initial,,,,,,,,,,
2008-01-26,2007,Mansfield Town,Middlesbrough,0-2,0.0,2.0,4,initial,,,,,,,,,,
2008-01-26,2007,Oldham Athletic,Huddersfield Town,0-1,0.0,1.0,4,initial,,,,,,,,,,
2008-01-26,2007,Peterborough United,West Bromwich Albion,0-3,0.0,3.0,4,initial,,,,,,,,,,
2008-01-26,2007,Portsmouth,Plymouth Argyle,2-1,2.0,1.0,4,initial,,,,,,,,,,
2008-01-26,2007,Southampton,Bury,2-0,2.0,0.0,4,initial,,,,,,,,,,
2008-01-26,2007,Watford,Wolverhampton Wanderers,1-4,1.0,4.0,4,initial,,,,,,,,,,
2008-01-26,2007,Wigan Athletic,Chelsea,1-2,1.0,2.0,4,initial,,,,,,,,,,
2008-01-27,2007,Hereford United,Cardiff City,1-2,1.0,2.0,4,initial,,,,,,,,,,
2008-01-27,2007,Manchester United,Tottenham Hotspur,3-1,3.0,1.0,4,initial,,,,,,,,,,
2008-01-27,2007,Sheffield United,Manchester City,2-1,2.0,1.0,4,initial,,,,,,,,,,
2008-02-16,2007,Bristol Rovers,Southampton,1-0,1.0,0.0,5,initial,,,,,,,,,,
2008-02-16,2007,Cardiff City,Wolverhampton Wanderers,2-0,2.0,0.0,5,initial,,,,,,,,,,
2008-02-16,2007,Chelsea,Huddersfield Town,3-1,3.0,1.0,5,initial,,,,,,,,,,
2008-02-16,2007,Coventry City,West Bromwich Albion,0-5,0.0,5.0,5,initial,,,,,,,,,,
2008-02-16,2007,Liverpool,Barnsley,1-2,1.0,2.0,5,initial,,,,,,,,,,
2008-02-16,2007,Manchester United,Arsenal,4-0,4.0,0.0,5,initial,,,,,,,,,,
2008-02-17,2007,Preston North End,Portsmouth,0-1,0.0,1.0,5,initial,,,,,,,,,,
2008-02-17,2007,Sheffield United,Middlesbrough,0-0,0.0,0.0,5,initial,,,,,,,,,,
2008-02-27,2007,Middlesbrough,Sheffield United,1-0,1.0,0.0,5,replay,yes,,,,,,,,,
2008-03-08,2007,Barnsley,Chelsea,1-0,1.0,0.0,6,initial,,,,,,,,,,
2008-03-08,2007,Manchester United,Portsmouth,0-1,0.0,1.0,6,initial,,,,,,,,,,
2008-03-09,2007,Bristol Rovers,West Bromwich Albion,1-5,1.0,5.0,6,initial,,,,,,,,,,
2008-03-09,2007,Middlesbrough,Cardiff City,0-2,0.0,2.0,6,initial,,,,,,,,,,
2008-04-05,2007,Portsmouth,West Bromwich Albion,1-0,1.0,0.0,s,initial,,,,,,"Wembley (new), London","83,584",,,yes
2008-04-06,2007,Cardiff City,Barnsley,1-0,1.0,0.0,s,initial,,,,,,"Wembley (new), London","82,752",,,yes
2008-05-17,2007,Portsmouth,Cardiff City,1-0,1.0,0.0,f,initial,,,,,,"Wembley (new), London","89,874",,,yes
2008-11-07,2008,Leeds United,Northampton Town,1-1,1.0,1.0,1,initial,,,,,,,,,,
2008-11-08,2008,Accrington Stanley,Tranmere Rovers,0-0,0.0,0.0,1,initial,,,,,,,,,,
2008-11-08,2008,AFC Bournemouth,Bristol Rovers,1-0,1.0,0.0,1,initial,,,,,,,,,,
2008-11-08,2008,AFC Telford United,Southend United,2-2,2.0,2.0,1,initial,,,,,,,,,,
2008-11-08,2008,Aldershot Town,Rotherham United,1-1,1.0,1.0,1,initial,,,,,,,,,,
2008-11-08,2008,Alfreton Town,Bury Town,4-2,4.0,2.0,1,initial,,,,,,,,,,
2008-11-08,2008,Barnet,Rochdale,1-1,1.0,1.0,1,initial,,,,,,,,,,
2008-11-08,2008,Blyth Spartans,Shrewsbury Town,3-1,3.0,1.0,1,initial,,,,,,,,,,
2008-11-08,2008,Brighton & Hove Albion,Hartlepool United,3-3,3.0,3.0,1,initial,,,,,,,,,,
2008-11-08,2008,Bury,Gillingham,0-1,0.0,1.0,1,initial,,,,,,,,,,
2008-11-08,2008,Carlisle United,Grays Athletic,1-1,1.0,1.0,1,initial,,,,,,,,,,
2008-11-08,2008,Cheltenham,Oldham Athletic,2-2,2.0,2.0,1,initial,,,,,,,,,,
2008-11-08,2008,Chester City,Millwall,0-3,0.0,3.0,1,initial,,,,,,,,,,
2008-11-08,2008,Chesterfield,Mansfield Town,3-1,3.0,1.0,1,initial,,,,,,,,,,
2008-11-08,2008,Colchester United,Leyton Orient,0-1,0.0,1.0,1,initial,,,,,,,,,,
2008-11-08,2008,Crewe Alexandra,Ebbsfleet United,1-0,1.0,0.0,1,initial,,,,,,,,,,
2008-11-08,2008,Curzon Ashton,Exeter City,3-2,3.0,2.0,1,initial,,,,,,,,,,
2008-11-08,2008,Darlington,Droylsden,0-0,0.0,0.0,1,initial,,,,,,,,,,
2008-11-08,2008,Eastbourne Borough,Barrow AFC,0-0,0.0,0.0,1,initial,,,,,,,,,,
2008-11-08,2008,Eastwood Town,Brackley Town,2-1,2.0,1.0,1,initial,,,,,,,,,,
2008-11-08,2008,Harlow Town,Macclesfield Town,0-2,0.0,2.0,1,initial,,,,,,,,,,
2008-11-08,2008,Hereford Town,Dagenham & Redbridge,0-0,0.0,0.0,1,initial,,,,,,,,,,
2008-11-08,2008,Histon,Swindon Town,1-0,1.0,0.0,1,initial,,,,,,,,,,
2008-11-08,2008,Huddersfield Town,Port Vale,3-4,3.0,4.0,1,initial,,,,,,,,,,
2008-11-08,2008,Kettering Town,Lincoln City,1-1,1.0,1.0,1,initial,,,,,,,,,,
2008-11-08,2008,Kidderminster Harriers,Cambridge United,1-0,1.0,0.0,1,initial,,,,,,,,,,
2008-11-08,2008,Leicester City,Stevenage Borough,3-0,3.0,0.0,1,initial,,,,,,,,,,
2008-11-08,2008,Leiston,Fleetwood Town,0-0,0.0,0.0,1,initial,,,,,,,,,,
2008-11-08,2008,Luton Town,Altrincham,0-0,0.0,0.0,1,initial,,,,,,,,,,
2008-11-08,2008,Milton Keynes Dons,Bradford City,1-2,1.0,2.0,1,initial,,,,,,,,,,
2008-11-08,2008,Morecambe,Grimsby Town,2-1,2.0,1.0,1,initial,,,,,,,,,,
2008-11-08,2008,Oxford United,Dorchester Town,0-0,0.0,0.0,1,initial,,,,,,,,,,
2008-11-08,2008,Sutton United,Notts County,0-1,0.0,1.0,1,initial,,,,,,,,,,
2008-11-08,2008,Torquay United,Evesham United,2-0,2.0,0.0,1,initial,,,,,,,,,,
2008-11-08,2008,Walsall,Scunthorpe United,1-3,1.0,3.0,1,initial,,,,,,,,,,
2008-11-08,2008,Yeovil,Stockport County,1-1,1.0,1.0,1,initial,,,,,,,,,,
2008-11-09,2008,AFC Hornchurch,Peterborough United,0-1,0.0,1.0,1,initial,,,,,,,,,,
2008-11-09,2008,Havant & Waterlooville,Brentford,1-3,1.0,3.0,1,initial,,,,,,,,,,
2008-11-09,2008,Team Bath,Forest Green Rovers,0-1,0.0,1.0,1,initial,,,,,,,,,,
2008-11-10,2008,AFC Wimbledon,Wycombe Wanderers,1-4,1.0,4.0,1,initial,,,,,,,,,,
2008-11-13,2008,Tranmere Rovers,Accrington Stanley,1-0,1.0,0.0,1,replay,,,,,,,,,,
2008-11-17,2008,Northampton Town,Leeds United,2-5,2.0,5.0,1,replay,,,,,,,,,,
2008-11-18,2008,Altrincham,Luton Town,0-0,0.0,0.0,1,replay,yes,yes,4-2 Luton Town,2.0,4.0,,,,,
2008-11-18,2008,Barrow AFC,Eastbourne Borough,4-0,4.0,0.0,1,replay,,,,,,,,,,
2008-11-18,2008,Dagenham & Redbridge,Hereford Town,2-1,2.0,1.0,1,replay,,,,,,,,,,
2008-11-18,2008,Dorchester Town,Oxford United,1-3,1.0,3.0,1,replay,yes,,,,,,,,,
2008-11-18,2008,Droylsden,Darlington,1-0,1.0,0.0,1,replay,,,,,,,,,,
2008-11-18,2008,Fleetwood Town,Leiston,2-0,2.0,0.0,1,replay,,,,,,,,,,
2008-11-18,2008,Hartlepool United,Brighton & Hove Albion,2-1,2.0,1.0,1,replay,,,,,,,,,,
2008-11-18,2008,Lincoln City,Kettering Town,1-2,1.0,2.0,1,replay,,,,,,,,,,
2008-11-18,2008,Oldham Athletic,Cheltenham,0-1,0.0,1.0,1,replay,,,,,,,,,,
2008-11-18,2008,Rochdale,Barnet,3-2,3.0,2.0,1,replay,yes,,,,,,,,,
2008-11-18,2008,Rotherham United,Aldershot Town,0-3,0.0,3.0,1,replay,,,,,,,,,,
2008-11-18,2008,Southend United,AFC Telford United,2-0,2.0,0.0,1,replay,,,,,,,,,,
2008-11-18,2008,Stockport County,Yeovil,5-0,5.0,0.0,1,replay,,,,,,,,,,
2008-11-28,2008,Barrow AFC,Brentford,2-1,2.0,1.0,2,initial,,,,,,,,,,
2008-11-28,2008,Port Vale,Macclesfield Town,1-3,1.0,3.0,2,initial,,,,,,,,,,
2008-11-29,2008,Grays Athletic,Carlisle United,0-2,0.0,2.0,1,replay,,,,,,,,,,
2008-11-29,2008,AFC Bournemouth,Blyth Spartans,0-0,0.0,0.0,2,initial,,,,,,,,,,
2008-11-29,2008,Bradford City,Leyton Orient,1-2,1.0,2.0,2,initial,,,,,,,,,,
2008-11-29,2008,Eastwood Town,Wycombe Wanderers,2-0,2.0,0.0,2,initial,,,,,,,,,,
2008-11-29,2008,Fleetwood Town,Hartlepool United,2-3,2.0,3.0,2,initial,,,,,,,,,,
2008-11-29,2008,Forest Green Rovers,Rochdale,2-0,2.0,0.0,2,initial,,,,,,,,,,
2008-11-29,2008,Gillingham,Stockport County,0-0,0.0,0.0,2,initial,,,,,,,,,,
2008-11-29,2008,Kidderminster Harriers,Curzon Ashton,2-0,2.0,0.0,2,initial,,,,,,,,,,
2008-11-29,2008,Leicester City,Dagenham & Redbridge,3-2,3.0,2.0,2,initial,,,,,,,,,,
2008-11-29,2008,Millwall,Aldershot Town,3-0,3.0,0.0,2,initial,,,,,,,,,,
2008-11-29,2008,Peterborough United,Tranmere Rovers,0-0,0.0,0.0,2,initial,,,,,,,,,,
2008-11-29,2008,Scunthorpe United,Alfreton Town,4-0,4.0,0.0,2,initial,,,,,,,,,,
2008-11-29,2008,Southend United,Luton Town,3-1,3.0,1.0,2,initial,,,,,,,,,,
2008-11-29,2008,Torquay United,Oxford United,2-0,2.0,0.0,2,initial,,,,,,,,,,
2008-11-30,2008,Histon,Leeds United,1-0,1.0,0.0,2,initial,,,,,,,,,,
2008-11-30,2008,Notts County,Kettering Town,1-1,1.0,1.0,2,initial,,,,,,,,,,
2008-12-02,2008,Morecambe,Cheltenham,2-3,2.0,3.0,2,initial,,,,,,,,,,
2008-12-03,2008,Carlisle United,Crewe Alexandra,0-2,0.0,2.0,2,initial,,,,,,,,,,
2008-12-09,2008,Chesterfield,Droylsden,2-2,2.0,2.0,2,initial,,,,,,,,,,
2008-12-10,2008,Kettering Town,Notts County,2-1,2.0,1.0,2,replay,,,,,,,,,,
2008-12-16,2008,Blyth Spartans,AFC Bournemouth,1-0,1.0,0.0,2,replay,,,,,,,,,,
2008-12-23,2008,Droylsden,Chesterfield,2-1,2.0,1.0,2,replay,,,,,,,,,,
2009-01-02,2008,Tottenham Hotspur,Wigan Athletic,3-1,3.0,1.0,3,initial,,,,,,,,,,
2009-01-03,2008,Arsenal,Plymouth Argyle,3-1,3.0,1.0,3,initial,,,,,,,,,,
2009-01-03,2008,Cardiff City,Reading,2-0,2.0,0.0,3,initial,,,,,,,,,,
2009-01-03,2008,Charlton Athletic,Norwich City,1-1,1.0,1.0,3,initial,,,,,,,,,,
2009-01-03,2008,Chelsea,Southend United,1-1,1.0,1.0,3,initial,,,,,,,,,,
2009-01-03,2008,Coventry City,Kidderminster Harriers,2-0,2.0,0.0,3,initial,,,,,,,,,,
2009-01-03,2008,Forest Green Rovers,Derby County,3-4,3.0,4.0,3,initial,,,,,,,,,,
2009-01-03,2008,Hartlepool United,Stoke City,2-0,2.0,0.0,3,initial,,,,,,,,,,
2009-01-03,2008,Hull City,Newcastle United,0-0,0.0,0.0,3,initial,,,,,,,,,,
2009-01-03,2008,Ipswich Town,Chesterfield,3-0,3.0,0.0,3,initial,,,,,,,,,,
2009-01-03,2008,Kettering Town,Eastwood Town,2-1,2.0,1.0,3,initial,,,,,,,,,,
2009-01-03,2008,Leicester City,Crystal Palace,0-0,0.0,0.0,3,initial,,,,,,,,,,
2009-01-03,2008,Macclesfield Town,Everton,0-1,0.0,1.0,3,initial,,,,,,,,,,
2009-01-03,2008,Manchester City,Nottingham Forest,0-3,0.0,3.0,3,initial,,,,,,,,,,
2009-01-03,2008,Middlesbrough,Barrow AFC,2-1,2.0,1.0,3,initial,,,,,,,,,,
2009-01-03,2008,Millwall,Crewe Alexandra,2-2,2.0,2.0,3,initial,,,,,,,,,,
2009-01-03,2008,Portsmouth,Bristol City,0-0,0.0,0.0,3,initial,,,,,,,,,,
2009-01-03,2008,Preston North End,Liverpool,0-2,0.0,2.0,3,initial,,,,,,,,,,
2009-01-03,2008,Queens Park Rangers,Burnley,0-0,0.0,0.0,3,initial,,,,,,,,,,
2009-01-03,2008,Sheffield Wednesday,Fulham,1-2,1.0,2.0,3,initial,,,,,,,,,,
2009-01-03,2008,Sunderland,Bolton Wanderers,2-1,2.0,1.0,3,initial,,,,,,,,,,
2009-01-03,2008,Torquay United,Blackpool,1-0,1.0,0.0,3,initial,,,,,,,,,,
2009-01-03,2008,Watford,Scunthorpe United,1-0,1.0,0.0,3,initial,,,,,,,,,,
2009-01-03,2008,West Bromwich Albion,Peterborough United,1-1,1.0,1.0,3,initial,,,,,,,,,,
2009-01-03,2008,West Ham United,Barnsley,3-0,3.0,0.0,3,initial,,,,,,,,,,
2009-01-04,2008,Gillingham,Aston Villa,1-2,1.0,2.0,3,initial,,,,,,,,,,
2009-01-04,2008,Southampton,Manchester United,0-3,0.0,3.0,3,initial,,,,,,,,,,
2009-01-05,2008,Blyth Spartans,Blackburn Rovers,0-1,0.0,1.0,3,initial,,,,,,,,,,
2009-01-13,2008,Birmingham City,Wolverhampton Wanderers,0-2,0.0,2.0,3,initial,,,,,,,,,,
2009-01-13,2008,Cheltenham,Doncaster Rovers,0-0,0.0,0.0,3,initial,,,,,,,,,,
2009-01-13,2008,Histon,Swansea City,1-2,1.0,2.0,3,initial,,,,,,,,,,
2009-01-13,2008,Leyton Orient,Sheffield United,1-4,1.0,4.0,3,initial,,,,,,,,,,
2009-01-14,2008,Crystal Palace,Leicester City,2-1,2.0,1.0,3,replay,,,,,,,,,,
2009-01-14,2008,Newcastle United,Hull City,0-1,0.0,1.0,3,replay,,,,,,,,,,
2009-01-14,2008,Southend United,Chelsea,1-4,1.0,4.0,3,replay,,,,,,,,,,
2009-01-20,2008,Doncaster Rovers,Cheltenham,3-0,3.0,0.0,3,replay,,,,,,,,,,
2009-01-23,2008,Derby County,Nottingham Forest,1-1,1.0,1.0,4,initial,,,,,,,,,,
2009-01-24,2008,Chelsea,Ipswich Town,3-1,3.0,1.0,4,initial,,,,,,,,,,
2009-01-24,2008,Doncaster Rovers,Aston Villa,0-0,0.0,0.0,4,initial,,,,,,,,,,
2009-01-24,2008,Hartlepool United,West Ham United,0-2,0.0,2.0,4,initial,,,,,,,,,,
2009-01-24,2008,Hull City,Millwall,2-0,2.0,0.0,4,initial,,,,,,,,,,
2009-01-24,2008,Kettering Town,Fulham,2-4,2.0,4.0,4,initial,,,,,,,,,,
2009-01-24,2008,Manchester United,Tottenham Hotspur,2-1,2.0,1.0,4,initial,,,,,,,,,,
2009-01-24,2008,Portsmouth,Swansea City,0-2,0.0,2.0,4,initial,,,,,,,,,,
2009-01-24,2008,Sheffield United,Charlton Athletic,2-1,2.0,1.0,4,initial,,,,,,,,,,
2009-01-24,2008,Sunderland,Blackburn Rovers,0-0,0.0,0.0,4,initial,,,,,,,,,,
2009-01-24,2008,Torquay United,Coventry City,0-1,0.0,1.0,4,initial,,,,,,,,,,
2009-01-24,2008,Watford,Crystal Palace,4-3,4.0,3.0,4,initial,,,,,,,,,,
2009-01-24,2008,West Bromwich Albion,Burnley,2-2,2.0,2.0,4,initial,,,,,,,,,,
2009-01-24,2008,Wolverhampton Wanderers,Middlesbrough,1-2,1.0,2.0,4,initial,,,,,,,,,,
2009-01-25,2008,Cardiff City,Arsenal,0-0,0.0,0.0,4,initial,,,,,,,,,,
2009-01-25,2008,Liverpool,Everton,1-1,1.0,1.0,4,initial,,,,,,,,,,
2009-02-03,2008,Burnley,West Bromwich Albion,3-1,3.0,1.0,4,replay,,,,,,,,,,
2009-02-04,2008,Aston Villa,Doncaster Rovers,3-1,3.0,1.0,4,replay,,,,,,,,,,
2009-02-04,2008,Blackburn Rovers,Sunderland,2-1,2.0,1.0,4,replay,yes,,,,,,,,,
2009-02-04,2008,Everton,Liverpool,1-0,1.0,0.0,4,replay,yes,,,,,,,,,
2009-02-04,2008,Nottingham Forest,Derby County,2-3,2.0,3.0,4,replay,,,,,,,,,,
2009-02-14,2008,Blackburn Rovers,Coventry City,2-2,2.0,2.0,5,initial,,,,,,,,,,
2009-02-14,2008,Sheffield United,Hull City,1-1,1.0,1.0,5,initial,,,,,,,,,,
2009-02-14,2008,Swansea City,Fulham,1-1,1.0,1.0,5,initial,,,,,,,,,,
2009-02-14,2008,Watford,Chelsea,1-3,1.0,3.0,5,initial,,,,,,,,,,
2009-02-14,2008,West Ham United,Middlesbrough,1-1,1.0,1.0,5,initial,,,,,,,,,,
2009-02-15,2008,Derby County,Manchester United,1-4,1.0,4.0,5,initial,,,,,,,,,,
2009-02-15,2008,Everton,Aston Villa,3-1,3.0,1.0,5,initial,,,,,,,,,,
2009-02-16,2008,Arsenal,Cardiff City,4-0,4.0,0.0,4,replay,,,,,,,,,,
2009-02-24,2008,Coventry City,Blackburn Rovers,1-0,1.0,0.0,5,replay,,,,,,,,,,
2009-02-24,2008,Fulham,Swansea City,2-1,2.0,1.0,5,replay,,,,,,,,,,
2009-02-25,2008,Middlesbrough,West Ham United,2-0,2.0,0.0,5,replay,,,,,,,,,,
2009-02-26,2008,Hull City,Sheffield United,2-1,2.0,1.0,5,replay,,,,,,,,,,
2009-03-07,2008,Coventry City,Chelsea,0-2,0.0,2.0,6,initial,,,,,,,,,,
2009-03-07,2008,Fulham,Manchester United,0-4,0.0,4.0,6,initial,,,,,,,,,,
2009-03-08,2008,Arsenal,Burnley,3-0,3.0,0.0,5,initial,,,,,,,,,,
2009-03-08,2008,Everton,Middlesbrough,2-1,2.0,1.0,6,initial,,,,,,,,,,
2009-03-17,2008,Arsenal,Hull City,2-1,2.0,1.0,6,initial,,,,,,,,,,
2009-04-18,2008,Chelsea,Arsenal,2-1,2.0,1.0,s,initial,,,,,,"Wembley (new), London","88,103",,,yes
2009-04-19,2008,Everton,Manchester United,0-0,0.0,0.0,s,initial,yes,yes,4-2 Everton,4.0,2.0,"Wembley (new), London","88,141",,,yes
2009-05-30,2008,Chelsea,Everton,2-1,2.0,1.0,f,initial,,,,,,"Wembley (new), London","89,391",,,yes
2009-11-06,2009,Bristol Rovers,Southampton,2-3,2.0,3.0,1,initial,,,,,,,,,,
2009-11-06,2009,Huddersfield Town,Dagenham & Redbridge,6-1,6.0,1.0,1,initial,,,,,,,,,,
2009-11-06,2009,Notts County,Bradford City,2-1,2.0,1.0,1,initial,,,,,,,,,,
2009-11-07,2009,Accrington Stanley,Salisbury City,2-1,2.0,1.0,1,initial,,,,,,,,,,
2009-11-07,2009,AFC Telford United,Lincoln City,1-3,1.0,3.0,1,initial,,,,,,,,,,
2009-11-07,2009,Aldershot Town,Bury,2-0,2.0,0.0,1,initial,,,,,,,,,,
2009-11-07,2009,Barnet,Darlington,3-1,3.0,1.0,1,initial,,,,,,,,,,
2009-11-07,2009,Barrow AFC,Eastleigh,2-1,2.0,1.0,1,initial,,,,,,,,,,
2009-11-07,2009,Bromley,Colchester United,0-4,0.0,4.0,1,initial,,,,,,,,,,
2009-11-07,2009,Cambridge United,Ilkeston Town,4-0,4.0,0.0,1,initial,,,,,,,,,,
2009-11-07,2009,Carlisle United,Morecambe,2-2,2.0,2.0,1,initial,,,,,,,,,,
2009-11-07,2009,Chesterfield,AFC Bournemouth,1-3,1.0,3.0,1,initial,,,,,,,,,,
2009-11-07,2009,Forest Green Rovers,Mansfield Town,1-1,1.0,1.0,1,initial,,,,,,,,,,
2009-11-07,2009,Gateshead,Brentford,2-2,2.0,2.0,1,initial,,,,,,,,,,
2009-11-07,2009,Gillingham,Southend United,3-0,3.0,0.0,1,initial,,,,,,,,,,
2009-11-07,2009,Grimsby Town,Bath City,0-2,0.0,2.0,1,initial,,,,,,,,,,
2009-11-07,2009,Hartlepool United,Kettering Town,0-1,0.0,1.0,1,initial,,,,,,,,,,
2009-11-07,2009,Hereford United,Sutton United,2-0,2.0,0.0,1,initial,,,,,,,,,,
2009-11-07,2009,Luton Town,Rochdale,3-3,3.0,3.0,1,initial,,,,,,,,,,
2009-11-07,2009,Milton Keynes Dons,Macclesfield Town,1-0,1.0,0.0,1,initial,,,,,,,,,,
2009-11-07,2009,Northampton Town,Fleetwood Town,2-1,2.0,1.0,1,initial,,,,,,,,,,
2009-11-07,2009,Nuneaton Town,Exeter City,0-4,0.0,4.0,1,initial,,,,,,,,,,
2009-11-07,2009,Oldham Athletic,Leeds United,0-2,0.0,2.0,1,initial,,,,,,,,,,
2009-11-07,2009,Oxford United,Yeovil,1-0,1.0,0.0,1,initial,,,,,,,,,,
2009-11-07,2009,Paulton Rovers,Norwich City,0-7,0.0,7.0,1,initial,,,,,,,,,,
2009-11-07,2009,Port Vale,Stevenage Borough,1-1,1.0,1.0,1,initial,,,,,,,,,,
2009-11-07,2009,Rushden & Diamonds,Hinckley United,3-1,3.0,1.0,1,initial,,,,,,,,,,
2009-11-07,2009,Shrewsbury Town,Staines Town,0-1,0.0,1.0,1,initial,,,,,,,,,,
2009-11-07,2009,Stockport County,Tooting & Mitcham United,5-0,5.0,0.0,1,initial,,,,,,,,,,
2009-11-07,2009,Stourbridge,Walsall,0-1,0.0,1.0,1,initial,,,,,,,,,,
2009-11-07,2009,Swindon Town,Woking,1-0,1.0,0.0,1,initial,,,,,,,,,,
2009-11-07,2009,Torquay United,Cheltenham,3-1,3.0,1.0,1,initial,,,,,,,,,,
2009-11-07,2009,Tranmere Rovers,Leyton Orient,1-1,1.0,1.0,1,initial,,,,,,,,,,
2009-11-07,2009,Wrexham,Lowestoft Town,1-0,1.0,0.0,1,initial,,,,,,,,,,
2009-11-07,2009,Wycombe Wanderers,Brighton & Hove Albion,4-4,4.0,4.0,1,initial,,,,,,,,,,
2009-11-07,2009,York City,Crewe Alexandra,3-2,3.0,2.0,1,initial,,,,,,,,,,
2009-11-08,2009,Burton Albion,Oxford City,3-2,3.0,2.0,1,initial,,,,,,,,,,
2009-11-08,2009,Northwich Victoria,Charlton Athletic,1-0,1.0,0.0,1,initial,,,,,,,,,,
2009-11-08,2009,Wealdstone,Rotherham United,2-3,2.0,3.0,1,initial,,,,,,,,,,
2009-11-09,2009,Millwall,AFC Wimbledon,4-1,4.0,1.0,1,initial,,,,,,,,,,
2009-11-11,2009,Rochdale,Luton Town,0-2,0.0,2.0,1,replay,,,,,,,,,,
2009-11-17,2009,Brentford,Gateshead,5-2,5.0,2.0,1,replay,,,,,,,,,,
2009-11-17,2009,Leyton Orient,Tranmere Rovers,0-1,0.0,1.0,1,replay,,,,,,,,,,
2009-11-17,2009,Mansfield Town,Forest Green Rovers,1-2,1.0,2.0,1,replay,,,,,,,,,,
2009-11-17,2009,Morecambe,Carlisle United,0-1,0.0,1.0,1,replay,,,,,,,,,,
2009-11-17,2009,Stevenage Borough,Port Vale,0-1,0.0,1.0,1,replay,,,,,,,,,,
2009-11-18,2009,Brighton & Hove Albion,Wycombe Wanderers,2-0,2.0,0.0,1,replay,,,,,,,,,,
2009-11-28,2009,Accrington Stanley,Barnet,2-2,2.0,2.0,2,initial,,,,,,,,,,
2009-11-28,2009,AFC Bournemouth,Notts County,1-2,1.0,2.0,2,initial,,,,,,,,,,
2009-11-28,2009,Brentford,Walsall,1-0,1.0,0.0,2,initial,,,,,,,,,,
2009-11-28,2009,Brighton & Hove Albion,Rushden & Diamonds,3-2,3.0,2.0,2,initial,,,,,,,,,,
2009-11-28,2009,Cambridge United,York City,1-2,1.0,2.0,2,initial,,,,,,,,,,
2009-11-28,2009,Carlisle United,Norwich City,3-1,3.0,1.0,2,initial,,,,,,,,,,
2009-11-28,2009,Forest Green Rovers,Bath City,2-1,2.0,1.0,2,initial,,,,,,,,,,
2009-11-28,2009,Gillingham,Burton Albion,1-0,1.0,0.0,2,initial,,,,,,,,,,
2009-11-28,2009,Hereford United,Colchester United,0-1,0.0,1.0,2,initial,,,,,,,,,,
2009-11-28,2009,Milton Keynes Dons,Exeter City,4-3,4.0,3.0,2,initial,,,,,,,,,,
2009-11-28,2009,Northampton Town,Southampton,2-3,2.0,3.0,2,initial,,,,,,,,,,
2009-11-28,2009,Northwich Victoria,Lincoln City,1-3,1.0,3.0,2,initial,,,,,,,,,,
2009-11-28,2009,Oxford United,Barrow AFC,1-1,1.0,1.0,2,initial,,,,,,,,,,
2009-11-28,2009,Port Vale,Huddersfield Town,0-1,0.0,1.0,2,initial,,,,,,,,,,
2009-11-28,2009,Rotherham United,Luton Town,2-2,2.0,2.0,2,initial,,,,,,,,,,
2009-11-28,2009,Staines Town,Millwall,1-1,1.0,1.0,2,initial,,,,,,,,,,
2009-11-28,2009,Tranmere Rovers,Aldershot Town,0-0,0.0,0.0,2,initial,,,,,,,,,,
2009-11-28,2009,Wrexham,Swindon Town,0-1,0.0,1.0,2,initial,,,,,,,,,,
2009-11-29,2009,Kettering Town,Leeds United,1-1,1.0,1.0,2,initial,,,,,,,,,,
2009-12-08,2009,Aldershot Town,Tranmere Rovers,1-2,1.0,2.0,2,replay,,,,,,,,,,
2009-12-08,2009,Barnet,Accrington Stanley,0-1,0.0,1.0,2,replay,,,,,,,,,,
2009-12-08,2009,Barrow AFC,Oxford United,3-1,3.0,1.0,2,replay,,,,,,,,,,
2009-12-08,2009,Leeds United,Kettering Town,5-1,5.0,1.0,2,replay,yes,,,,,,,,,
2009-12-08,2009,Luton Town,Rotherham United,3-0,3.0,0.0,2,replay,,,,,,,,,,
2009-12-09,2009,Millwall,Staines Town,4-0,4.0,0.0,2,replay,,,,,,,,,,
2009-12-15,2009,Stockport County,Torquay United,0-4,0.0,4.0,2,initial,,,,,,,,,,
2010-01-02,2009,Aston Villa,Blackburn Rovers,3-1,3.0,1.0,3,initial,,,,,,,,,,
2010-01-02,2009,Blackpool,Ipswich Town,1-2,1.0,2.0,3,initial,,,,,,,,,,
2010-01-02,2009,Bolton Wanderers,Lincoln City,4-0,4.0,0.0,3,initial,,,,,,,,,,
2010-01-02,2009,Everton,Carlisle United,3-1,3.0,1.0,3,initial,,,,,,,,,,
2010-01-02,2009,Fulham,Swindon Town,1-0,1.0,0.0,3,initial,,,,,,,,,,
2010-01-02,2009,Huddersfield Town,West Bromwich Albion,0-2,0.0,2.0,3,initial,,,,,,,,,,
2010-01-02,2009,Leicester City,Swansea City,2-1,2.0,1.0,3,initial,,,,,,,,,,
2010-01-02,2009,Middlesbrough,Manchester City,0-1,0.0,1.0,3,initial,,,,,,,,,,
2010-01-02,2009,Millwall,Derby County,1-1,1.0,1.0,3,initial,,,,,,,,,,
2010-01-02,2009,Milton Keynes Dons,Burnley,1-2,1.0,2.0,3,initial,,,,,,,,,,
2010-01-02,2009,Nottingham Forest,Birmingham City,0-0,0.0,0.0,3,initial,,,,,,,,,,
2010-01-02,2009,Plymouth Argyle,Newcastle United,0-0,0.0,0.0,3,initial,,,,,,,,,,
2010-01-02,2009,Portsmouth,Coventry City,1-1,1.0,1.0,3,initial,,,,,,,,,,
2010-01-02,2009,Preston North End,Colchester United,7-0,7.0,0.0,3,initial,,,,,,,,,,
2010-01-02,2009,Reading,Liverpool,1-1,1.0,1.0,3,initial,,,,,,,,,,
2010-01-02,2009,Scunthorpe United,Barnsley,1-0,1.0,0.0,3,initial,,,,,,,,,,
2010-01-02,2009,Sheffield Wednesday,Crystal Palace,1-2,1.0,2.0,3,initial,,,,,,,,,,
2010-01-02,2009,Southampton,Luton Town,1-0,1.0,0.0,3,initial,,,,,,,,,,
2010-01-02,2009,Stoke City,York City,3-1,3.0,1.0,3,initial,,,,,,,,,,
2010-01-02,2009,Sunderland,Barrow AFC,3-0,3.0,0.0,3,initial,,,,,,,,,,
2010-01-02,2009,Torquay United,Brighton & Hove Albion,0-1,0.0,1.0,3,initial,,,,,,,,,,
2010-01-02,2009,Tottenham Hotspur,Peterborough United,4-0,4.0,0.0,3,initial,,,,,,,,,,
2010-01-02,2009,Wigan Athletic,Hull City,4-1,4.0,1.0,3,initial,,,,,,,,,,
2010-01-03,2009,Chelsea,Watford,5-0,5.0,0.0,3,initial,,,,,,,,,,
2010-01-03,2009,Manchester United,Leeds United,0-1,0.0,1.0,3,initial,,,,,,,,,,
2010-01-03,2009,Sheffield United,Queens Park Rangers,1-1,1.0,1.0,3,initial,,,,,,,,,,
2010-01-03,2009,Tranmere Rovers,Wolverhampton Wanderers,0-1,0.0,1.0,3,initial,,,,,,,,,,
2010-01-03,2009,West Ham United,Arsenal,1-2,1.0,2.0,3,initial,,,,,,,,,,
2010-01-12,2009,Bristol City,Cardiff City,1-1,1.0,1.0,3,initial,,,,,,,,,,
2010-01-12,2009,Birmingham City,Nottingham Forest,1-0,1.0,0.0,3,replay,,,,,,,,,,
2010-01-12,2009,Coventry City,Portsmouth,1-2,1.0,2.0,3,replay,yes,,,,,,,,,
2010-01-12,2009,Derby County,Millwall,1-1,1.0,1.0,3,replay,yes,yes,5-3 Derby County,5.0,3.0,,,,,
2010-01-12,2009,Queens Park Rangers,Sheffield United,2-3,2.0,3.0,3,replay,,,,,,,,,,
2010-01-13,2009,Liverpool,Reading,1-2,1.0,2.0,3,replay,yes,,,,,,,,,
2010-01-13,2009,Newcastle United,Plymouth Argyle,3-0,3.0,0.0,3,replay,,,,,,,,,,
2010-01-19,2009,Accrington Stanley,Gillingham,1-0,1.0,0.0,3,initial,,,,,,,,,,
2010-01-19,2009,Brentford,Doncaster Rovers,0-1,0.0,1.0,3,initial,,,,,,,,,,
2010-01-19,2009,Notts County,Forest Green Rovers,2-1,2.0,1.0,3,initial,,,,,,,,,,
2010-01-19,2009,Cardiff City,Bristol City,1-0,1.0,0.0,3,replay,,,,,,,,,,
2010-01-23,2009,Accrington Stanley,Fulham,1-3,1.0,3.0,4,initial,,,,,,,,,,
2010-01-23,2009,Aston Villa,Brighton & Hove Albion,3-2,3.0,2.0,4,initial,,,,,,,,,,
2010-01-23,2009,Bolton Wanderers,Sheffield United,2-0,2.0,0.0,4,initial,,,,,,,,,,
2010-01-23,2009,Cardiff City,Leicester City,4-2,4.0,2.0,4,initial,,,,,,,,,,
2010-01-23,2009,Derby County,Doncaster Rovers,1-0,1.0,0.0,4,initial,,,,,,,,,,
2010-01-23,2009,Everton,Birmingham City,1-2,1.0,2.0,4,initial,,,,,,,,,,
2010-01-23,2009,Notts County,Wigan Athletic,2-2,2.0,2.0,4,initial,,,,,,,,,,
2010-01-23,2009,Portsmouth,Sunderland,2-1,2.0,1.0,4,initial,,,,,,,,,,
2010-01-23,2009,Preston North End,Chelsea,0-2,0.0,2.0,4,initial,,,,,,,,,,
2010-01-23,2009,Reading,Burnley,1-0,1.0,0.0,4,initial,,,,,,,,,,
2010-01-23,2009,Southampton,Ipswich Town,2-1,2.0,1.0,4,initial,,,,,,,,,,
2010-01-23,2009,Tottenham Hotspur,Leeds United,2-2,2.0,2.0,4,initial,,,,,,,,,,
2010-01-23,2009,West Bromwich Albion,Newcastle United,4-2,4.0,2.0,4,initial,,,,,,,,,,
2010-01-23,2009,Wolverhampton Wanderers,Crystal Palace,2-2,2.0,2.0,4,initial,,,,,,,,,,
2010-01-24,2009,Scunthorpe United,Manchester City,2-4,2.0,4.0,4,initial,,,,,,,,,,
2010-01-24,2009,Stoke City,Arsenal,3-1,3.0,1.0,4,initial,,,,,,,,,,
2010-02-02,2009,Crystal Palace,Wolverhampton Wanderers,3-1,3.0,1.0,4,replay,,,,,,,,,,
2010-02-02,2009,Wigan Athletic,Notts County,0-2,0.0,2.0,4,replay,,,,,,,,,,
2010-02-03,2009,Leeds United,Tottenham Hotspur,1-3,1.0,3.0,4,replay,,,,,,,,,,
2010-02-13,2009,Chelsea,Cardiff City,4-1,4.0,1.0,5,initial,,,,,,,,,,
2010-02-13,2009,Derby County,Birmingham City,1-2,1.0,2.0,5,initial,,,,,,,,,,
2010-02-13,2009,Manchester City,Stoke City,1-1,1.0,1.0,5,initial,,,,,,,,,,
2010-02-13,2009,Reading,West Bromwich Albion,2-2,2.0,2.0,5,initial,,,,,,,,,,
2010-02-13,2009,Southampton,Portsmouth,1-4,1.0,4.0,5,initial,,,,,,,,,,
2010-02-14,2009,Bolton Wanderers,Tottenham Hotspur,1-1,1.0,1.0,5,initial,,,,,,,,,,
2010-02-14,2009,Crystal Palace,Aston Villa,2-2,2.0,2.0,5,initial,,,,,,,,,,
2010-02-14,2009,Fulham,Notts County,4-0,4.0,0.0,5,initial,,,,,,,,,,
2010-02-24,2009,Aston Villa,Crystal Palace,3-1,3.0,1.0,5,replay,,,,,,,,,,
2010-02-24,2009,Stoke City,Manchester City,3-1,3.0,1.0,5,replay,yes,,,,,,,,,
2010-02-24,2009,Tottenham Hotspur,Bolton Wanderers,4-0,4.0,0.0,5,replay,,,,,,,,,,
2010-02-24,2009,West Bromwich Albion,Reading,2-3,2.0,3.0,5,replay,yes,,,,,,,,,
2010-03-06,2009,Fulham,Tottenham Hotspur,0-0,0.0,0.0,6,initial,,,,,,,,,,
2010-03-06,2009,Portsmouth,Birmingham City,2-0,2.0,0.0,6,initial,,,,,,,,,,
2010-03-07,2009,Chelsea,Stoke City,2-0,2.0,0.0,6,initial,,,,,,,,,,
2010-03-07,2009,Reading,Aston Villa,2-4,2.0,4.0,6,initial,,,,,,,,,,
2010-03-24,2009,Tottenham Hotspur,Fulham,3-1,3.0,1.0,6,replay,,,,,,,,,,
2010-04-10,2009,Chelsea,Aston Villa,3-0,3.0,0.0,s,initial,,,,,,"Wembley (new), London","81,869",,,yes
2010-04-11,2009,Portsmouth,Tottenham Hotspur,2-0,2.0,0.0,s,initial,yes,,,,,"Wembley (new), London","84,602",,,yes
2010-05-15,2009,Chelsea,Portsmouth,1-0,1.0,0.0,f,initial,,,,,,"Wembley (new), London","88,335",,,yes
2010-11-05,2010,Rochdale,United of Manchester,2-3,2.0,3.0,1,initial,,,,,,,,,,
2010-11-06,2010,Accrington Stanley,Oldham Athletic,3-2,3.0,2.0,1,initial,,,,,,,,,,
2010-11-06,2010,AFC Bournemouth,Tranmere Rovers,5-3,5.0,3.0,1,initial,,,,,,,,,,
2010-11-06,2010,AFC Wimbledon,Ebbsfleet United,0-0,0.0,0.0,1,initial,,,,,,,,,,
2010-11-06,2010,Barnet,Charlton Athletic,0-0,0.0,0.0,1,initial,,,,,,,,,,
2010-11-06,2010,Brentford,Aldershot Town,1-1,1.0,1.0,1,initial,,,,,,,,,,
2010-11-06,2010,Brighton & Hove Albion,Woking,0-0,0.0,0.0,1,initial,,,,,,,,,,
2010-11-06,2010,Bury,Exeter City,2-0,2.0,0.0,1,initial,,,,,,,,,,
2010-11-06,2010,Cambridge United,Huddersfield Town,0-0,0.0,0.0,1,initial,,,,,,,,,,
2010-11-06,2010,Carlisle United,Tipton Town,6-0,6.0,0.0,1,initial,,,,,,,,,,
2010-11-06,2010,Chelmsford City,Hendon,3-2,3.0,2.0,1,initial,,,,,,,,,,
2010-11-06,2010,Cheltenham,Morecambe,1-0,1.0,0.0,1,initial,,,,,,,,,,
2010-11-06,2010,Colchester United,Bradford City,4-3,4.0,3.0,1,initial,,,,,,,,,,
2010-11-06,2010,Corby Town,Luton Town,1-1,1.0,1.0,1,initial,,,,,,,,,,
2010-11-06,2010,Dagenham & Redbridge,Leyton Orient,1-1,1.0,1.0,1,initial,,,,,,,,,,
2010-11-06,2010,Darlington,Bristol Rovers,2-1,2.0,1.0,1,initial,,,,,,,,,,
2010-11-06,2010,Dartford,Port Vale,1-1,1.0,1.0,1,initial,,,,,,,,,,
2010-11-06,2010,Fleetwood Town,Walsall,1-1,1.0,1.0,1,initial,,,,,,,,,,
2010-11-06,2010,Forest Green Rovers,Northampton Town,0-3,0.0,3.0,1,initial,,,,,,,,,,
2010-11-06,2010,Gillingham,Dover Athletic,0-2,0.0,2.0,1,initial,,,,,,,,,,
2010-11-06,2010,Guiseley AFC,Crawley Town,0-5,0.0,5.0,1,initial,,,,,,,,,,
2010-11-06,2010,Harrow Borough,Chesterfield,0-2,0.0,2.0,1,initial,,,,,,,,,,
2010-11-06,2010,Hartlepool United,Vauxhall Motors,0-0,0.0,0.0,1,initial,,,,,,,,,,
2010-11-06,2010,Havant & Waterlooville,Droylsden,0-2,0.0,2.0,1,initial,,,,,,,,,,
2010-11-06,2010,Hayes & Yeading,Wycombe Wanderers,1-2,1.0,2.0,1,initial,,,,,,,,,,
2010-11-06,2010,Hereford United,Hythe Town,5-1,5.0,1.0,1,initial,,,,,,,,,,
2010-11-06,2010,Lincoln City,Nuneaton Town,1-0,1.0,0.0,1,initial,,,,,,,,,,
2010-11-06,2010,Macclesfield Town,Southend United,2-2,2.0,2.0,1,initial,,,,,,,,,,
2010-11-06,2010,Mansfield Town,Torquay United,0-1,0.0,1.0,1,initial,,,,,,,,,,
2010-11-06,2010,Notts County,Gateshead,2-0,2.0,0.0,1,initial,,,,,,,,,,
2010-11-06,2010,Plymouth Argyle,Swindon Town,0-4,0.0,4.0,1,initial,,,,,,,,,,
2010-11-06,2010,Rotherham United,York City,0-0,0.0,0.0,1,initial,,,,,,,,,,
2010-11-06,2010,Rushden & Diamonds,Yeovil,0-1,0.0,1.0,1,initial,,,,,,,,,,
2010-11-06,2010,Southampton,Shrewsbury Town,2-0,2.0,0.0,1,initial,,,,,,,,,,
2010-11-06,2010,Stevenage Borough,Milton Keynes Dons,0-0,0.0,0.0,1,initial,,,,,,,,,,
2010-11-06,2010,Stockport County,Peterborough United,1-1,1.0,1.0,1,initial,,,,,,,,,,
2010-11-06,2010,Swindon Supermarine,Eastwood Town,2-1,2.0,1.0,1,initial,,,,,,,,,,
2010-11-06,2010,Tamworth,Crewe Alexandra,2-1,2.0,1.0,1,initial,,,,,,,,,,
2010-11-07,2010,Burton Albion,Oxford United,1-0,1.0,0.0,1,initial,,,,,,,,,,
2010-11-07,2010,Southport,Sheffield Wednesday,2-5,2.0,5.0,1,initial,,,,,,,,,,
2010-11-16,2010,Aldershot Town,Brentford,1-0,1.0,0.0,1,replay,,,,,,,,,,
2010-11-16,2010,Charlton Athletic,Barnet,1-0,1.0,0.0,1,replay,,,,,,,,,,
2010-11-16,2010,Huddersfield Town,Cambridge United,2-1,2.0,1.0,1,replay,,,,,,,,,,
2010-11-16,2010,Leyton Orient,Dagenham & Redbridge,3-2,3.0,2.0,1,replay,,,,,,,,,,
2010-11-16,2010,Milton Keynes Dons,Stevenage Borough,1-1,1.0,1.0,1,replay,yes,yes,7-6 Stevenage,6.0,7.0,,,,,
2010-11-16,2010,Peterborough United,Stockport County,4-1,4.0,1.0,1,replay,,,,,,,,,,
2010-11-16,2010,Port Vale,Dartford,4-0,4.0,0.0,1,replay,,,,,,,,,,
2010-11-16,2010,Southend United,Macclesfield Town,2-2,2.0,2.0,1,replay,yes,yes,5-3 Macclesfield Town,3.0,5.0,,,,,
2010-11-16,2010,Vauxhall Motors,Hartlepool United,0-1,0.0,1.0,1,replay,,,,,,,,,,
2010-11-16,2010,Walsall,Fleetwood Town,2-0,2.0,0.0,1,replay,,,,,,,,,,
2010-11-16,2010,Woking,Brighton & Hove Albion,2-2,2.0,2.0,1,replay,yes,yes,3-0 Brighton & Hove Albion,0.0,3.0,,,,,
2010-11-17,2010,Luton Town,Corby Town,4-2,4.0,2.0,1,replay,,,,,,,,,,
2010-11-17,2010,York City,Rotherham United,3-0,3.0,0.0,1,replay,,,,,,,,,,
2010-11-18,2010,Ebbsfleet United,AFC Wimbledon,2-3,2.0,3.0,1,replay,yes,,,,,,,,,
2010-11-26,2010,Crawley Town,Swindon Town,1-1,1.0,1.0,2,initial,,,,,,,,,,
2010-11-26,2010,Port Vale,Accrington Stanley,1-0,1.0,0.0,2,initial,,,,,,,,,,
2010-11-27,2010,AFC Wimbledon,Stevenage Borough,0-2,0.0,2.0,2,initial,,,,,,,,,,
2010-11-27,2010,Brighton & Hove Albion,United of Manchester,1-1,1.0,1.0,2,initial,,,,,,,,,,
2010-11-27,2010,Burton Albion,Chesterfield,3-1,3.0,1.0,2,initial,,,,,,,,,,
2010-11-27,2010,Bury,Peterborough United,1-2,1.0,2.0,2,initial,,,,,,,,,,
2010-11-27,2010,Carlisle United,Tamworth,3-2,3.0,2.0,2,initial,,,,,,,,,,
2010-11-27,2010,Charlton Athletic,Luton Town,2-2,2.0,2.0,2,initial,,,,,,,,,,
2010-11-27,2010,Colchester United,Swindon Supermarine,1-0,1.0,0.0,2,initial,,,,,,,,,,
2010-11-27,2010,Darlington,York City,0-2,0.0,2.0,2,initial,,,,,,,,,,
2010-11-27,2010,Dover Athletic,Aldershot Town,2-0,2.0,0.0,2,initial,,,,,,,,,,
2010-11-27,2010,Hereford United,Lincoln City,2-2,2.0,2.0,2,initial,,,,,,,,,,
2010-11-27,2010,Huddersfield Town,Macclesfield Town,6-0,6.0,0.0,2,initial,,,,,,,,,,
2010-11-27,2010,Sheffield Wednesday,Northampton Town,3-2,3.0,2.0,2,initial,,,,,,,,,,
2010-11-27,2010,Southampton,Cheltenham,3-0,3.0,0.0,2,initial,,,,,,,,,,
2010-11-27,2010,Torquay United,Walsall,1-0,1.0,0.0,2,initial,,,,,,,,,,
2010-11-27,2010,Wycombe Wanderers,Chelmsford City,3-1,3.0,1.0,2,initial,,,,,,,,,,
2010-11-29,2010,Droylsden,Leyton Orient,1-1,1.0,1.0,2,initial,,,,,,,,,,
2010-12-07,2010,Leyton Orient,Droylsden,8-2,8.0,2.0,2,replay,yes,,,,,,,,,
2010-12-07,2010,Swindon Town,Crawley Town,2-3,2.0,3.0,2,replay,yes,,,,,,,,,
2010-12-08,2010,United of Manchester,Brighton & Hove Albion,0-4,0.0,4.0,2,replay,,,,,,,,,,
2010-12-09,2010,Luton Town,Charlton Athletic,1-3,1.0,3.0,2,replay,,,,,,,,,,
2010-12-14,2010,Hartlepool United,Yeovil,4-2,4.0,2.0,2,initial,,,,,,,,,,
2010-12-14,2010,Notts County,AFC Bournemouth,3-1,3.0,1.0,2,initial,,,,,,,,,,
2011-01-08,2010,Lincoln City,Hereford United,3-4,3.0,4.0,2,replay,,,,,,,,,,
2011-01-08,2010,Arsenal,Leeds United,1-1,1.0,1.0,3,initial,,,,,,,,,,
2011-01-08,2010,Blackburn Rovers,Queens Park Rangers,1-0,1.0,0.0,3,initial,,,,,,,,,,
2011-01-08,2010,Bolton Wanderers,York City,2-0,2.0,0.0,3,initial,,,,,,,,,,
2011-01-08,2010,Brighton & Hove Albion,Portsmouth,3-1,3.0,1.0,3,initial,,,,,,,,,,
2011-01-08,2010,Bristol City,Sheffield Wednesday,0-3,0.0,3.0,3,initial,,,,,,,,,,
2011-01-08,2010,Burnley,Port Vale,4-2,4.0,2.0,3,initial,,,,,,,,,,
2011-01-08,2010,Burton Albion,Middlesbrough,2-1,2.0,1.0,3,initial,,,,,,,,,,
2011-01-08,2010,Coventry City,Crystal Palace,2-1,2.0,1.0,3,initial,,,,,,,,,,
2011-01-08,2010,Doncaster Rovers,Wolverhampton Wanderers,2-2,2.0,2.0,3,initial,,,,,,,,,,
2011-01-08,2010,Fulham,Peterborough United,6-2,6.0,2.0,3,initial,,,,,,,,,,
2011-01-08,2010,Huddersfield Town,Dover Athletic,2-0,2.0,0.0,3,initial,,,,,,,,,,
2011-01-08,2010,Hull City,Wigan Athletic,2-3,2.0,3.0,3,initial,,,,,,,,,,
2011-01-08,2010,Millwall,Birmingham City,1-4,1.0,4.0,3,initial,,,,,,,,,,
2011-01-08,2010,Norwich City,Leyton Orient,0-1,0.0,1.0,3,initial,,,,,,,,,,
2011-01-08,2010,Preston North End,Nottingham Forest,1-2,1.0,2.0,3,initial,,,,,,,,,,
2011-01-08,2010,Reading,West Bromwich Albion,1-0,1.0,0.0,3,initial,,,,,,,,,,
2011-01-08,2010,Scunthorpe United,Everton,1-5,1.0,5.0,3,initial,,,,,,,,,,
2011-01-08,2010,Sheffield United,Aston Villa,1-3,1.0,3.0,3,initial,,,,,,,,,,
2011-01-08,2010,Southampton,Blackpool,2-0,2.0,0.0,3,initial,,,,,,,,,,
2011-01-08,2010,Stevenage Borough,Newcastle United,3-1,3.0,1.0,3,initial,,,,,,,,,,
2011-01-08,2010,Stoke City,Cardiff City,1-1,1.0,1.0,3,initial,,,,,,,,,,
2011-01-08,2010,Sunderland,Notts County,1-2,1.0,2.0,3,initial,,,,,,,,,,
2011-01-08,2010,Swansea City,Colchester United,4-0,4.0,0.0,3,initial,,,,,,,,,,
2011-01-08,2010,Torquay United,Carlisle United,1-0,1.0,0.0,3,initial,,,,,,,,,,
2011-01-08,2010,Watford,Hartlepool United,4-1,4.0,1.0,3,initial,,,,,,,,,,
2011-01-08,2010,West Ham United,Barnsley,2-0,2.0,0.0,3,initial,,,,,,,,,,
2011-01-09,2010,Chelsea,Ipswich Town,7-0,7.0,0.0,3,initial,,,,,,,,,,
2011-01-09,2010,Leicester City,Manchester City,2-2,2.0,2.0,3,initial,,,,,,,,,,
2011-01-09,2010,Manchester United,Liverpool,1-0,1.0,0.0,3,initial,,,,,,,,,,
2011-01-09,2010,Tottenham Hotspur,Charlton Athletic,3-0,3.0,0.0,3,initial,,,,,,,,,,
2011-01-10,2010,Crawley Town,Derby County,2-1,2.0,1.0,3,initial,,,,,,,,,,
2011-01-11,2010,Wycombe Wanderers,Hereford United,0-1,0.0,1.0,3,initial,,,,,,,,,,
2011-01-18,2010,Cardiff City,Stoke City,0-2,0.0,2.0,3,replay,yes,,,,,,,,,
2011-01-18,2010,Manchester City,Leicester City,4-2,4.0,2.0,3,replay,,,,,,,,,,
2011-01-18,2010,Wolverhampton Wanderers,Doncaster Rovers,5-0,5.0,0.0,3,replay,,,,,,,,,,
2011-01-19,2010,Leeds United,Arsenal,1-3,1.0,3.0,3,replay,,,,,,,,,,
2011-01-29,2010,Aston Villa,Blackburn Rovers,3-1,3.0,1.0,4,initial,,,,,,,,,,
2011-01-29,2010,Birmingham City,Coventry City,3-2,3.0,2.0,4,initial,,,,,,,,,,
2011-01-29,2010,Bolton Wanderers,Wigan Athletic,0-0,0.0,0.0,4,initial,,,,,,,,,,
2011-01-29,2010,Burnley,Burton Albion,3-1,3.0,1.0,4,initial,,,,,,,,,,
2011-01-29,2010,Everton,Chelsea,1-1,1.0,1.0,4,initial,,,,,,,,,,
2011-01-29,2010,Sheffield Wednesday,Hereford United,4-1,4.0,1.0,4,initial,,,,,,,,,,
2011-01-29,2010,Southampton,Manchester United,1-2,1.0,2.0,4,initial,,,,,,,,,,
2011-01-29,2010,Stevenage Borough,Reading,1-2,1.0,2.0,4,initial,,,,,,,,,,
2011-01-29,2010,Swansea City,Leyton Orient,1-2,1.0,2.0,4,initial,,,,,,,,,,
2011-01-29,2010,Torquay United,Crawley Town,0-1,0.0,1.0,4,initial,,,,,,,,,,
2011-01-29,2010,Watford,Brighton & Hove Albion,0-1,0.0,1.0,4,initial,,,,,,,,,,
2011-01-30,2010,Arsenal,Huddersfield Town,2-1,2.0,1.0,4,initial,,,,,,,,,,
2011-01-30,2010,Fulham,Tottenham Hotspur,4-0,4.0,0.0,4,initial,,,,,,,,,,
2011-01-30,2010,Notts County,Manchester City,1-1,1.0,1.0,4,initial,,,,,,,,,,
2011-01-30,2010,West Ham United,Nottingham Forest,3-2,3.0,2.0,4,initial,,,,,,,,,,
2011-01-30,2010,Wolverhampton Wanderers,Stoke City,0-1,0.0,1.0,4,initial,,,,,,,,,,
2011-02-16,2010,Wigan Athletic,Bolton Wanderers,0-1,0.0,1.0,4,replay,,,,,,,,,,
2011-02-19,2010,Chelsea,Everton,1-1,1.0,1.0,4,replay,yes,yes,4-3 Everton,3.0,4.0,,,,,
2011-02-19,2010,Birmingham City,Sheffield Wednesday,3-0,3.0,0.0,5,initial,,,,,,,,,,
2011-02-19,2010,Manchester United,Crawley Town,1-0,1.0,0.0,5,initial,,,,,,,,,,
2011-02-19,2010,Stoke City,Brighton & Hove Albion,3-0,3.0,0.0,5,initial,,,,,,,,,,
2011-02-20,2010,Manchester City,Notts County,5-0,5.0,0.0,4,replay,,,,,,,,,,
2011-02-20,2010,Fulham,Bolton Wanderers,0-1,0.0,1.0,5,initial,,,,,,,,,,
2011-02-20,2010,Leyton Orient,Arsenal,1-1,1.0,1.0,5,initial,,,,,,,,,,
2011-02-21,2010,West Ham United,Burnley,5-1,5.0,1.0,5,initial,,,,,,,,,,
2011-03-01,2010,Everton,Reading,0-1,0.0,1.0,5,initial,,,,,,,,,,
2011-03-02,2010,Manchester City,Aston Villa,3-0,3.0,0.0,5,initial,,,,,,,,,,
2011-03-12,2010,Birmingham City,Bolton Wanderers,2-3,2.0,3.0,6,initial,,,,,,,,,,
2011-03-12,2010,Manchester United,Arsenal,2-0,2.0,0.0,6,initial,,,,,,,,,,
2011-03-13,2010,Manchester City,Reading,1-0,1.0,0.0,6,initial,,,,,,,,,,
2011-03-13,2010,Stoke City,West Ham United,2-1,2.0,1.0,6,initial,,,,,,,,,,
2011-04-16,2010,Manchester City,Manchester United,1-0,1.0,0.0,s,initial,,,,,,"Wembley (new), London","86,549",,,yes
2011-04-17,2010,Stoke City,Bolton Wanderers,5-0,5.0,0.0,s,initial,,,,,,"Wembley (new), London","75,064",,,yes
2011-05-14,2010,Manchester City,Stoke City,1-0,1.0,0.0,f,initial,,,,,,"Wembley (new), London","88,643",,,yes
2011-11-11,2011,Cambridge United,Wrexham,2-2,2.0,2.0,1,initial,,,,,,,,,,
2011-11-12,2011,AFC Bournemouth,Gillingham,3-3,3.0,3.0,1,initial,,,,,,,,,,
2011-11-12,2011,AFC Totton,Bradford Park Avenue,8-1,8.0,1.0,1,initial,,,,,,,,,,
2011-11-12,2011,AFC Wimbledon,Scunthorpe United,0-0,0.0,0.0,1,initial,,,,,,,,,,
2011-11-12,2011,Alfreton Town,Carlisle United,0-4,0.0,4.0,1,initial,,,,,,,,,,
2011-11-12,2011,Barrow AFC,Rotherham United,1-2,1.0,2.0,1,initial,,,,,,,,,,
2011-11-12,2011,Blyth Spartans,Gateshead,0-2,0.0,2.0,1,initial,,,,,,,,,,
2011-11-12,2011,Bradford City,Rochdale,1-0,1.0,0.0,1,initial,,,,,,,,,,
2011-11-12,2011,Brentford,Basingstoke Town,1-0,1.0,0.0,1,initial,,,,,,,,,,
2011-11-12,2011,Bristol Rovers,Corby Town,3-1,3.0,1.0,1,initial,,,,,,,,,,
2011-11-12,2011,Bury,Crawley Town,0-2,0.0,2.0,1,initial,,,,,,,,,,
2011-11-12,2011,Chelmsford City,AFC Telford United,4-0,4.0,0.0,1,initial,,,,,,,,,,
2011-11-12,2011,Chesterfield,Torquay United,1-3,1.0,3.0,1,initial,,,,,,,,,,
2011-11-12,2011,Crewe Alexandra,Colchester United,1-4,1.0,4.0,1,initial,,,,,,,,,,
2011-11-12,2011,Dagenham & Redbridge,Bath City,1-1,1.0,1.0,1,initial,,,,,,,,,,
2011-11-12,2011,East Thurrock United,Macclesfield Town,0-3,0.0,3.0,1,initial,,,,,,,,,,
2011-11-12,2011,Exeter City,Walsall,1-1,1.0,1.0,1,initial,,,,,,,,,,
2011-11-12,2011,Fleetwood Town,Wycombe Wanderers,2-0,2.0,0.0,1,initial,,,,,,,,,,
2011-11-12,2011,Hartlepool United,Stevenage Borough,0-1,0.0,1.0,1,initial,,,,,,,,,,
2011-11-12,2011,Hereford United,Yeovil,0-3,0.0,3.0,1,initial,,,,,,,,,,
2011-11-12,2011,Hinckley United,Tamworth,2-2,2.0,2.0,1,initial,,,,,,,,,,
2011-11-12,2011,Leyton Orient,Bromley,3-0,3.0,0.0,1,initial,,,,,,,,,,
2011-11-12,2011,Luton Town,Northampton Town,1-0,1.0,0.0,1,initial,,,,,,,,,,
2011-11-12,2011,Maidenhead United,Aldershot Town,1-1,1.0,1.0,1,initial,,,,,,,,,,
2011-11-12,2011,Milton Keynes Dons,Nantwich Town,6-0,6.0,0.0,1,initial,,,,,,,,,,
2011-11-12,2011,Newport County,Shrewsbury Town,0-1,0.0,1.0,1,initial,,,,,,,,,,
2011-11-12,2011,Notts County,Accrington Stanley,4-1,4.0,1.0,1,initial,,,,,,,,,,
2011-11-12,2011,Oldham Athletic,Burton Albion,3-1,3.0,1.0,1,initial,,,,,,,,,,
2011-11-12,2011,Plymouth Argyle,Stourbridge,3-3,3.0,3.0,1,initial,,,,,,,,,,
2011-11-12,2011,Port Vale,Grimsby Town,0-0,0.0,0.0,1,initial,,,,,,,,,,
2011-11-12,2011,Preston North End,Southend United,0-0,0.0,0.0,1,initial,,,,,,,,,,
2011-11-12,2011,Redbridge,Oxford City,0-0,0.0,0.0,1,initial,,,,,,,,,,
2011-11-12,2011,Salisbury City,Arlesey Town,3-1,3.0,1.0,1,initial,,,,,,,,,,
2011-11-12,2011,Sheffield United,Oxford United,3-0,3.0,0.0,1,initial,,,,,,,,,,
2011-11-12,2011,Southport,Barnet,1-2,1.0,2.0,1,initial,,,,,,,,,,
2011-11-12,2011,Sutton United,Kettering Town,1-0,1.0,0.0,1,initial,,,,,,,,,,
2011-11-12,2011,Swindon Town,Huddersfield Town,4-1,4.0,1.0,1,initial,,,,,,,,,,
2011-11-12,2011,Tranmere Rovers,Cheltenham,0-1,0.0,1.0,1,initial,,,,,,,,,,
2011-11-13,2011,Halifax Town,Charlton Athletic,0-4,0.0,4.0,1,initial,,,,,,,,,,
2011-11-13,2011,Morecambe,Sheffield Wednesday,1-2,1.0,2.0,1,initial,,,,,,,,,,
2011-11-22,2011,Aldershot Town,Maidenhead United,2-0,2.0,0.0,1,replay,,,,,,,,,,
2011-11-22,2011,Gillingham,AFC Bournemouth,3-2,3.0,2.0,1,replay,,,,,,,,,,
2011-11-22,2011,Grimsby Town,Port Vale,1-0,1.0,0.0,1,replay,,,,,,,,,,
2011-11-22,2011,Oxford City,Redbridge,1-2,1.0,2.0,1,replay,yes,,,,,,,,,
2011-11-22,2011,Scunthorpe United,AFC Wimbledon,0-1,0.0,1.0,1,replay,,,,,,,,,,
2011-11-22,2011,Southend United,Preston North End,1-0,1.0,0.0,1,replay,,,,,,,,,,
2011-11-22,2011,Stourbridge,Plymouth Argyle,2-0,2.0,0.0,1,replay,,,,,,,,,,
2011-11-22,2011,Tamworth,Hinckley United,1-0,1.0,0.0,1,replay,,,,,,,,,,
2011-11-22,2011,Wrexham,Cambridge United,2-1,2.0,1.0,1,replay,,,,,,,,,,
2011-11-23,2011,Bath City,Dagenham & Redbridge,1-3,1.0,3.0,1,replay,yes,,,,,,,,,
2011-11-23,2011,Walsall,Exeter City,3-2,3.0,2.0,1,replay,yes,,,,,,,,,
2011-12-02,2011,Fleetwood Town,Yeovil,2-2,2.0,2.0,2,initial,,,,,,,,,,
2011-12-03,2011,Barnet,Milton Keynes Dons,1-3,1.0,3.0,2,initial,,,,,,,,,,
2011-12-03,2011,Bradford City,AFC Wimbledon,3-1,3.0,1.0,2,initial,,,,,,,,,,
2011-12-03,2011,Brentford,Wrexham,0-1,0.0,1.0,2,initial,,,,,,,,,,
2011-12-03,2011,Charlton Athletic,Carlisle United,2-0,2.0,0.0,2,initial,,,,,,,,,,
2011-12-03,2011,Chelmsford City,Macclesfield Town,1-1,1.0,1.0,2,initial,,,,,,,,,,
2011-12-03,2011,Colchester United,Swindon Town,0-1,0.0,1.0,2,initial,,,,,,,,,,
2011-12-03,2011,Crawley Town,Redbridge,5-0,5.0,0.0,2,initial,,,,,,,,,,
2011-12-03,2011,Dagenham & Redbridge,Walsall,1-1,1.0,1.0,2,initial,,,,,,,,,,
2011-12-03,2011,Gateshead,Tamworth,1-2,1.0,2.0,2,initial,,,,,,,,,,
2011-12-03,2011,Leyton Orient,Gillingham,0-1,0.0,1.0,2,initial,,,,,,,,,,
2011-12-03,2011,Luton Town,Cheltenham,2-4,2.0,4.0,2,initial,,,,,,,,,,
2011-12-03,2011,Salisbury City,Grimsby Town,0-0,0.0,0.0,2,initial,,,,,,,,,,
2011-12-03,2011,Sheffield United,Torquay United,3-2,3.0,2.0,2,initial,,,,,,,,,,
2011-12-03,2011,Sheffield Wednesday,Aldershot Town,1-0,1.0,0.0,2,initial,,,,,,,,,,
2011-12-03,2011,Shrewsbury Town,Rotherham United,2-1,2.0,1.0,2,initial,,,,,,,,,,
2011-12-03,2011,Southend United,Oldham Athletic,1-1,1.0,1.0,2,initial,,,,,,,,,,
2011-12-03,2011,Stourbridge,Stevenage Borough,0-3,0.0,3.0,2,initial,,,,,,,,,,
2011-12-04,2011,AFC Totton,Bristol Rovers,1-6,1.0,6.0,2,initial,,,,,,,,,,
2011-12-04,2011,Sutton United,Notts County,0-2,0.0,2.0,2,initial,,,,,,,,,,
2011-12-13,2011,Grimsby Town,Salisbury City,2-3,2.0,3.0,2,replay,yes,,,,,,,,,
2011-12-13,2011,Oldham Athletic,Southend United,1-0,1.0,0.0,2,replay,,,,,,,,,,
2011-12-13,2011,Walsall,Dagenham & Redbridge,0-0,0.0,0.0,2,replay,yes,yes,3-2 Dagenham & Redbridge,2.0,3.0,,,,,
2011-12-13,2011,Yeovil,Fleetwood Town,0-2,0.0,2.0,2,replay,,,,,,,,,,
2011-12-14,2011,Macclesfield Town,Chelmsford City,1-0,1.0,0.0,2,replay,,,,,,,,,,
2012-01-06,2011,Liverpool,Oldham Athletic,5-1,5.0,1.0,3,initial,,,,,,,,,,
2012-01-07,2011,Barnsley,Swansea City,2-4,2.0,4.0,3,initial,,,,,,,,,,
2012-01-07,2011,Birmingham City,Wolverhampton Wanderers,0-0,0.0,0.0,3,initial,,,,,,,,,,
2012-01-07,2011,Brighton & Hove Albion,Wrexham,1-1,1.0,1.0,3,initial,,,,,,,,,,
2012-01-07,2011,Bristol Rovers,Aston Villa,1-3,1.0,3.0,3,initial,,,,,,,,,,
2012-01-07,2011,Coventry City,Southampton,1-2,1.0,2.0,3,initial,,,,,,,,,,
2012-01-07,2011,Crawley Town,Bristol City,1-0,1.0,0.0,3,initial,,,,,,,,,,
2012-01-07,2011,Dagenham & Redbridge,Millwall,0-0,0.0,0.0,3,initial,,,,,,,,,,
2012-01-07,2011,Derby County,Crystal Palace,1-0,1.0,0.0,3,initial,,,,,,,,,,
2012-01-07,2011,Doncaster Rovers,Notts County,0-2,0.0,2.0,3,initial,,,,,,,,,,
2012-01-07,2011,Everton,Tamworth,2-0,2.0,0.0,3,initial,,,,,,,,,,
2012-01-07,2011,Fleetwood Town,Blackpool,1-5,1.0,5.0,3,initial,,,,,,,,,,
2012-01-07,2011,Fulham,Charlton Athletic,4-0,4.0,0.0,3,initial,,,,,,,,,,
2012-01-07,2011,Gillingham,Stoke City,1-3,1.0,3.0,3,initial,,,,,,,,,,
2012-01-07,2011,Hull City,Ipswich Town,3-1,3.0,1.0,3,initial,,,,,,,,,,
2012-01-07,2011,Macclesfield Town,Bolton Wanderers,2-2,2.0,2.0,3,initial,,,,,,,,,,
2012-01-07,2011,Middlesbrough,Shrewsbury Town,1-0,1.0,0.0,3,initial,,,,,,,,,,
2012-01-07,2011,Milton Keynes Dons,Queens Park Rangers,1-1,1.0,1.0,3,initial,,,,,,,,,,
2012-01-07,2011,Newcastle United,Blackburn Rovers,2-1,2.0,1.0,3,initial,,,,,,,,,,
2012-01-07,2011,Norwich City,Burnley,4-1,4.0,1.0,3,initial,,,,,,,,,,
2012-01-07,2011,Nottingham Forest,Leicester City,0-0,0.0,0.0,3,initial,,,,,,,,,,
2012-01-07,2011,Reading,Stevenage Borough,0-1,0.0,1.0,3,initial,,,,,,,,,,
2012-01-07,2011,Sheffield United,Salisbury City,3-1,3.0,1.0,3,initial,,,,,,,,,,
2012-01-07,2011,Swindon Town,Wigan Athletic,2-1,2.0,1.0,3,initial,,,,,,,,,,
2012-01-07,2011,Tottenham Hotspur,Cheltenham,3-0,3.0,0.0,3,initial,,,,,,,,,,
2012-01-07,2011,Watford,Bradford City,4-2,4.0,2.0,3,initial,,,,,,,,,,
2012-01-07,2011,West Bromwich Albion,Cardiff City,4-2,4.0,2.0,3,initial,,,,,,,,,,
2012-01-08,2011,Chelsea,Portsmouth,4-0,4.0,0.0,3,initial,,,,,,,,,,
2012-01-08,2011,Manchester City,Manchester United,2-3,2.0,3.0,3,initial,,,,,,,,,,
2012-01-08,2011,Peterborough United,Sunderland,0-2,0.0,2.0,3,initial,,,,,,,,,,
2012-01-08,2011,Sheffield Wednesday,West Ham United,1-0,1.0,0.0,3,initial,,,,,,,,,,
2012-01-09,2011,Arsenal,Leeds United,1-0,1.0,0.0,3,initial,,,,,,,,,,
2012-01-17,2011,Bolton Wanderers,Macclesfield Town,2-0,2.0,0.0,3,replay,,,,,,,,,,
2012-01-17,2011,Leicester City,Nottingham Forest,4-0,4.0,0.0,3,replay,,,,,,,,,,
2012-01-17,2011,Millwall,Dagenham & Redbridge,5-0,5.0,0.0,3,replay,,,,,,,,,,
2012-01-17,2011,Queens Park Rangers,Milton Keynes Dons,1-0,1.0,0.0,3,replay,,,,,,,,,,
2012-01-18,2011,Wolverhampton Wanderers,Birmingham City,0-1,0.0,1.0,3,replay,,,,,,,,,,
2012-01-18,2011,Wrexham,Brighton & Hove Albion,1-1,1.0,1.0,3,replay,yes,yes,5-4 Brighton & Hove Albion,4.0,5.0,,,,,
2012-01-27,2011,Everton,Fulham,2-1,2.0,1.0,4,initial,,,,,,,,,,
2012-01-27,2011,Watford,Tottenham Hotspur,0-1,0.0,1.0,4,initial,,,,,,,,,,
2012-01-28,2011,Blackpool,Sheffield Wednesday,1-1,1.0,1.0,4,initial,,,,,,,,,,
2012-01-28,2011,Bolton Wanderers,Swansea City,2-1,2.0,1.0,4,initial,,,,,,,,,,
2012-01-28,2011,Brighton & Hove Albion,Newcastle United,1-0,1.0,0.0,4,initial,,,,,,,,,,
2012-01-28,2011,Derby County,Stoke City,0-2,0.0,2.0,4,initial,,,,,,,,,,
2012-01-28,2011,Hull City,Crawley Town,0-1,0.0,1.0,4,initial,,,,,,,,,,
2012-01-28,2011,Leicester City,Swindon Town,2-0,2.0,0.0,4,initial,,,,,,,,,,
2012-01-28,2011,Liverpool,Manchester United,2-1,2.0,1.0,4,initial,,,,,,,,,,
2012-01-28,2011,Millwall,Southampton,1-1,1.0,1.0,4,initial,,,,,,,,,,
2012-01-28,2011,Queens Park Rangers,Chelsea,0-1,0.0,1.0,4,initial,,,,,,,,,,
2012-01-28,2011,Sheffield United,Birmingham City,0-4,0.0,4.0,4,initial,,,,,,,,,,
2012-01-28,2011,Stevenage Borough,Notts County,1-0,1.0,0.0,4,initial,,,,,,,,,,
2012-01-28,2011,West Bromwich Albion,Norwich City,1-2,1.0,2.0,4,initial,,,,,,,,,,
2012-01-29,2011,Arsenal,Aston Villa,3-2,3.0,2.0,4,initial,,,,,,,,,,
2012-01-29,2011,Sunderland,Middlesbrough,1-1,1.0,1.0,4,initial,,,,,,,,,,
2012-02-07,2011,Sheffield Wednesday,Blackpool,0-3,0.0,3.0,4,replay,,,,,,,,,,
2012-02-07,2011,Southampton,Millwall,2-3,2.0,3.0,4,replay,,,,,,,,,,
2012-02-08,2011,Middlesbrough,Sunderland,1-2,1.0,2.0,4,replay,yes,,,,,,,,,
2012-02-18,2011,Chelsea,Birmingham City,1-1,1.0,1.0,5,initial,,,,,,,,,,
2012-02-18,2011,Everton,Blackpool,2-0,2.0,0.0,5,initial,,,,,,,,,,
2012-02-18,2011,Millwall,Bolton Wanderers,0-2,0.0,2.0,5,initial,,,,,,,,,,
2012-02-18,2011,Norwich City,Leicester City,1-2,1.0,2.0,5,initial,,,,,,,,,,
2012-02-18,2011,Sunderland,Arsenal,2-0,2.0,0.0,5,initial,,,,,,,,,,
2012-02-19,2011,Crawley Town,Stoke City,0-2,0.0,2.0,5,initial,,,,,,,,,,
2012-02-19,2011,Liverpool,Brighton & Hove Albion,6-1,6.0,1.0,5,initial,,,,,,,,,,
2012-02-19,2011,Stevenage Borough,Tottenham Hotspur,0-0,0.0,0.0,5,initial,,,,,,,,,,
2012-03-06,2011,Birmingham City,Chelsea,0-2,0.0,2.0,5,replay,,,,,,,,,,
2012-03-07,2011,Tottenham Hotspur,Stevenage Borough,3-1,3.0,1.0,5,replay,,,,,,,,,,
2012-03-17,2011,Everton,Sunderland,1-1,1.0,1.0,6,initial,,,,,,,,,,
2012-03-18,2011,Chelsea,Leicester City,5-2,5.0,2.0,6,initial,,,,,,,,,,
2012-03-18,2011,Liverpool,Stoke City,2-1,2.0,1.0,6,initial,,,,,,,,,,
2012-03-27,2011,Tottenham Hotspur,Bolton Wanderers,3-1,3.0,1.0,6,initial,,,,,,,,,,
2012-04-14,2011,Liverpool,Everton,2-1,2.0,1.0,s,initial,,,,,,"Wembley (new), London","87,231",,,yes
2012-04-15,2011,Chelsea,Tottenham Hotspur,5-1,5.0,1.0,s,initial,,,,,,"Wembley (new), London","85,731",,,yes
2012-05-05,2011,Chelsea,Liverpool,2-1,2.0,1.0,f,initial,,,,,,"Wembley (new), London","89,041",,,yes
2012-11-02,2012,Cambridge City,Milton Keynes Dons,0-0,0.0,0.0,1,initial,,,,,,,,,,
2012-11-03,2012,AFC Bournemouth,Dagenham & Redbridge,4-0,4.0,0.0,1,initial,,,,,,,,,,
2012-11-03,2012,AFC Fylde,Accrington Stanley,1-4,1.0,4.0,1,initial,,,,,,,,,,
2012-11-03,2012,Aldershot Town,Hendon,2-1,2.0,1.0,1,initial,,,,,,,,,,
2012-11-03,2012,Barnet,Oxford United,0-2,0.0,2.0,1,initial,,,,,,,,,,
2012-11-03,2012,Bishop's Stortford,Hastings United,1-2,1.0,2.0,1,initial,,,,,,,,,,
2012-11-03,2012,Boreham Wood,Brentford,0-2,0.0,2.0,1,initial,,,,,,,,,,
2012-11-03,2012,Bristol Rovers,Sheffield United,1-2,1.0,2.0,1,initial,,,,,,,,,,
2012-11-03,2012,Bury,Exeter City,1-0,1.0,0.0,1,initial,,,,,,,,,,
2012-11-03,2012,Carlisle United,Ebbsfleet United,4-2,4.0,2.0,1,initial,,,,,,,,,,
2012-11-03,2012,Chelmsford City,Colchester United,3-1,3.0,1.0,1,initial,,,,,,,,,,
2012-11-03,2012,Cheltenham,Yate Town,3-0,3.0,0.0,1,initial,,,,,,,,,,
2012-11-03,2012,Chesterfield,Hartlepool United,6-1,6.0,1.0,1,initial,,,,,,,,,,
2012-11-03,2012,Coventry City,Arlesey Town,3-0,3.0,0.0,1,initial,,,,,,,,,,
2012-11-03,2012,Crewe Alexandra,Wycombe Wanderers,4-1,4.0,1.0,1,initial,,,,,,,,,,
2012-11-03,2012,Doncaster Rovers,Bradford Park Avenue,3-1,3.0,1.0,1,initial,,,,,,,,,,
2012-11-03,2012,Fleetwood Town,Bromley,3-0,3.0,0.0,1,initial,,,,,,,,,,
2012-11-03,2012,Forest Green Rovers,Port Vale,2-3,2.0,3.0,1,initial,,,,,,,,,,
2012-11-03,2012,Gillingham,Scunthorpe United,4-0,4.0,0.0,1,initial,,,,,,,,,,
2012-11-03,2012,Guiseley AFC,Barrow AFC,2-2,2.0,2.0,1,initial,,,,,,,,,,
2012-11-03,2012,Hereford United,Shrewsbury Town,3-1,3.0,1.0,1,initial,,,,,,,,,,
2012-11-03,2012,Kidderminster Harriers,Oldham Athletic,0-2,0.0,2.0,1,initial,,,,,,,,,,
2012-11-03,2012,Lincoln City,Walsall,1-1,1.0,1.0,1,initial,,,,,,,,,,
2012-11-03,2012,Luton Town,Nuneaton Town,1-1,1.0,1.0,1,initial,,,,,,,,,,
2012-11-03,2012,Mansfield Town,Slough Town,0-0,0.0,0.0,1,initial,,,,,,,,,,
2012-11-03,2012,Metropolitan Police,Crawley Town,1-2,1.0,2.0,1,initial,,,,,,,,,,
2012-11-03,2012,Morecambe,Rochdale,1-1,1.0,1.0,1,initial,,,,,,,,,,
2012-11-03,2012,Northampton Town,Bradford City,1-1,1.0,1.0,1,initial,,,,,,,,,,
2012-11-03,2012,Portsmouth,Notts County,0-2,0.0,2.0,1,initial,,,,,,,,,,
2012-11-03,2012,Preston North End,Yeovil,3-0,3.0,0.0,1,initial,,,,,,,,,,
2012-11-03,2012,Rotherham United,Stevenage Borough,3-2,3.0,2.0,1,initial,,,,,,,,,,
2012-11-03,2012,Southend United,Stockport County,3-0,3.0,0.0,1,initial,,,,,,,,,,
2012-11-03,2012,Swindon Town,Macclesfield Town,0-2,0.0,2.0,1,initial,,,,,,,,,,
2012-11-03,2012,Torquay United,Harrogate Town,0-1,0.0,1.0,1,initial,,,,,,,,,,
2012-11-03,2012,Wrexham,Alfreton Town,2-4,2.0,4.0,1,initial,,,,,,,,,,
2012-11-03,2012,York City,AFC Wimbledon,1-1,1.0,1.0,1,initial,,,,,,,,,,
2012-11-04,2012,Burton Albion,Altrincham,3-3,3.0,3.0,1,initial,,,,,,,,,,
2012-11-04,2012,Dorchester Town,Plymouth Argyle,1-0,1.0,0.0,1,initial,,,,,,,,,,
2012-11-12,2012,AFC Wimbledon,York City,4-3,4.0,3.0,1,replay,yes,,,,,,,,,
2012-11-13,2012,Braintree Town,Tranmere Rovers,0-3,0.0,3.0,1,initial,,,,,,,,,,
2012-11-13,2012,Barrow AFC,Guiseley AFC,1-0,1.0,0.0,1,replay,,,,,,,,,,
2012-11-13,2012,Bradford City,Northampton Town,3-3,3.0,3.0,1,replay,yes,yes,4-2 Bradford City,4.0,2.0,,,,,
2012-11-13,2012,Milton Keynes Dons,Cambridge City,6-1,6.0,1.0,1,replay,,,,,,,,,,
2012-11-13,2012,Nuneaton Town,Luton Town,0-2,0.0,2.0,1,replay,,,,,,,,,,
2012-11-13,2012,Rochdale,Morecambe,0-1,0.0,1.0,1,replay,,,,,,,,,,
2012-11-13,2012,Slough Town,Mansfield Town,1-1,1.0,1.0,1,replay,yes,yes,4-1 Mansfield Town,1.0,4.0,,,,,
2012-11-13,2012,Walsall,Lincoln City,2-3,2.0,3.0,1,replay,yes,,,,,,,,,
2012-11-14,2012,Gloucester City,Leyton Orient,0-2,0.0,2.0,1,initial,,,,,,,,,,
2012-11-15,2012,Altrincham,Burton Albion,0-2,0.0,2.0,1,replay,,,,,,,,,,
2012-11-30,2012,Bradford City,Brentford,1-1,1.0,1.0,2,initial,,,,,,,,,,
2012-12-01,2012,Accrington Stanley,Oxford United,3-3,3.0,3.0,2,initial,,,,,,,,,,
2012-12-01,2012,Bury,Southend United,1-1,1.0,1.0,2,initial,,,,,,,,,,
2012-12-01,2012,Carlisle United,AFC Bournemouth,1-3,1.0,3.0,2,initial,,,,,,,,,,
2012-12-01,2012,Coventry City,Morecambe,2-1,2.0,1.0,2,initial,,,,,,,,,,
2012-12-01,2012,Crawley Town,Chelmsford City,3-0,3.0,0.0,2,initial,,,,,,,,,,
2012-12-01,2012,Crewe Alexandra,Burton Albion,0-1,0.0,1.0,2,initial,,,,,,,,,,
2012-12-01,2012,Fleetwood Town,Aldershot Town,2-3,2.0,3.0,2,initial,,,,,,,,,,
2012-12-01,2012,Harrogate Town,Hastings United,1-1,1.0,1.0,2,initial,,,,,,,,,,
2012-12-01,2012,Lincoln City,Mansfield Town,3-3,3.0,3.0,2,initial,,,,,,,,,,
2012-12-01,2012,Luton Town,Dorchester Town,2-1,2.0,1.0,2,initial,,,,,,,,,,
2012-12-01,2012,Oldham Athletic,Doncaster Rovers,3-1,3.0,1.0,2,initial,,,,,,,,,,
2012-12-01,2012,Preston North End,Gillingham,2-0,2.0,0.0,2,initial,,,,,,,,,,
2012-12-01,2012,Rotherham United,Notts County,1-1,1.0,1.0,2,initial,,,,,,,,,,
2012-12-01,2012,Sheffield United,Port Vale,2-1,2.0,1.0,2,initial,,,,,,,,,,
2012-12-01,2012,Tranmere Rovers,Chesterfield,2-1,2.0,1.0,2,initial,,,,,,,,,,
2012-12-02,2012,Alfreton Town,Leyton Orient,2-4,2.0,4.0,2,initial,,,,,,,,,,
2012-12-02,2012,Milton Keynes Dons,AFC Wimbledon,2-1,2.0,1.0,2,initial,,,,,,,,,,
2012-12-03,2012,Cheltenham,Hereford United,1-1,1.0,1.0,2,initial,,,,,,,,,,
2012-12-11,2012,Hereford United,Cheltenham,1-2,1.0,2.0,2,replay,yes,,,,,,,,,
2012-12-11,2012,Southend United,Bury,1-1,1.0,1.0,2,replay,yes,yes,3-2 Southend United,3.0,2.0,,,,,
2012-12-12,2012,Mansfield Town,Lincoln City,2-1,2.0,1.0,2,replay,,,,,,,,,,
2012-12-13,2012,Hastings United,Harrogate Town,1-1,1.0,1.0,2,replay,yes,yes,5-4 Hastings United,5.0,4.0,,,,,
2012-12-18,2012,Barrow AFC,Macclesfield Town,1-1,1.0,1.0,2,initial,,,,,,,,,,
2012-12-18,2012,Brentford,Bradford City,4-2,4.0,2.0,2,replay,yes,,,,,,,,,
2012-12-18,2012,Notts County,Rotherham United,0-3,0.0,3.0,2,replay,,,,,,,,,,
2012-12-18,2012,Oxford United,Accrington Stanley,2-0,2.0,0.0,2,replay,,,,,,,,,,
2012-12-29,2012,Macclesfield Town,Barrow AFC,4-1,4.0,1.0,2,replay,,,,,,,,,,
2013-01-05,2012,Aldershot Town,Rotherham United,3-1,3.0,1.0,3,initial,,,,,,,,,,
2013-01-05,2012,Aston Villa,Ipswich Town,2-1,2.0,1.0,3,initial,,,,,,,,,,
2013-01-05,2012,Barnsley,Burnley,1-0,1.0,0.0,3,initial,,,,,,,,,,
2013-01-05,2012,Blackburn Rovers,Bristol City,2-0,2.0,0.0,3,initial,,,,,,,,,,
2013-01-05,2012,Bolton Wanderers,Sunderland,2-2,2.0,2.0,3,initial,,,,,,,,,,
2013-01-05,2012,Brighton & Hove Albion,Newcastle United,2-0,2.0,0.0,3,initial,,,,,,,,,,
2013-01-05,2012,Charlton Athletic,Huddersfield Town,0-1,0.0,1.0,3,initial,,,,,,,,,,
2013-01-05,2012,Crawley Town,Reading,1-3,1.0,3.0,3,initial,,,,,,,,,,
2013-01-05,2012,Crystal Palace,Stoke City,0-0,0.0,0.0,3,initial,,,,,,,,,,
2013-01-05,2012,Derby County,Tranmere Rovers,5-0,5.0,0.0,3,initial,,,,,,,,,,
2013-01-05,2012,Fulham,Blackpool,1-1,1.0,1.0,3,initial,,,,,,,,,,
2013-01-05,2012,Hull City,Leyton Orient,1-1,1.0,1.0,3,initial,,,,,,,,,,
2013-01-05,2012,Leeds United,Birmingham City,1-1,1.0,1.0,3,initial,,,,,,,,,,
2013-01-05,2012,Leicester City,Burton Albion,2-0,2.0,0.0,3,initial,,,,,,,,,,
2013-01-05,2012,Luton Town,Wolverhampton Wanderers,1-0,1.0,0.0,3,initial,,,,,,,,,,
2013-01-05,2012,Macclesfield Town,Cardiff City,2-1,2.0,1.0,3,initial,,,,,,,,,,
2013-01-05,2012,Manchester City,Watford,3-0,3.0,0.0,3,initial,,,,,,,,,,
2013-01-05,2012,Middlesbrough,Hastings United,4-1,4.0,1.0,3,initial,,,,,,,,,,
2013-01-05,2012,Millwall,Preston North End,1-0,1.0,0.0,3,initial,,,,,,,,,,
2013-01-05,2012,Nottingham Forest,Oldham Athletic,2-3,2.0,3.0,3,initial,,,,,,,,,,
2013-01-05,2012,Oxford United,Sheffield United,0-3,0.0,3.0,3,initial,,,,,,,,,,
2013-01-05,2012,Peterborough United,Norwich City,0-3,0.0,3.0,3,initial,,,,,,,,,,
2013-01-05,2012,Queens Park Rangers,West Bromwich Albion,1-1,1.0,1.0,3,initial,,,,,,,,,,
2013-01-05,2012,Sheffield Wednesday,Milton Keynes Dons,0-0,0.0,0.0,3,initial,,,,,,,,,,
2013-01-05,2012,Southampton,Chelsea,1-5,1.0,5.0,3,initial,,,,,,,,,,
2013-01-05,2012,Southend United,Brentford,2-2,2.0,2.0,3,initial,,,,,,,,,,
2013-01-05,2012,Tottenham Hotspur,Coventry City,3-0,3.0,0.0,3,initial,,,,,,,,,,
2013-01-05,2012,West Ham United,Manchester United,2-2,2.0,2.0,3,initial,,,,,,,,,,
2013-01-05,2012,Wigan Athletic,AFC Bournemouth,1-1,1.0,1.0,3,initial,,,,,,,,,,
2013-01-06,2012,Mansfield Town,Liverpool,1-2,1.0,2.0,3,initial,,,,,,,,,,
2013-01-06,2012,Swansea City,Arsenal,2-2,2.0,2.0,3,initial,,,,,,,,,,
2013-01-07,2012,Cheltenham,Everton,1-5,1.0,5.0,3,initial,,,,,,,,,,
2013-01-15,2012,AFC Bournemouth,Wigan Athletic,0-1,0.0,1.0,3,replay,,,,,,,,,,
2013-01-15,2012,Birmingham City,Leeds United,1-2,1.0,2.0,3,replay,,,,,,,,,,
2013-01-15,2012,Blackpool,Fulham,1-2,1.0,2.0,3,replay,yes,,,,,,,,,
2013-01-15,2012,Brentford,Southend United,2-1,2.0,1.0,3,replay,,,,,,,,,,
2013-01-15,2012,Leyton Orient,Hull City,1-2,1.0,2.0,3,replay,yes,,,,,,,,,
2013-01-15,2012,Milton Keynes Dons,Sheffield Wednesday,2-0,2.0,0.0,3,replay,,,,,,,,,,
2013-01-15,2012,Stoke City,Crystal Palace,4-1,4.0,1.0,3,replay,yes,,,,,,,,,
2013-01-15,2012,Sunderland,Bolton Wanderers,0-2,0.0,2.0,3,replay,,,,,,,,,,
2013-01-15,2012,West Bromwich Albion,Queens Park Rangers,0-1,0.0,1.0,3,replay,,,,,,,,,,
2013-01-16,2012,Arsenal,Swansea City,1-0,1.0,0.0,3,replay,,,,,,,,,,
2013-01-16,2012,Manchester United,West Ham United,1-0,1.0,0.0,3,replay,,,,,,,,,,
2013-01-25,2012,Millwall,Aston Villa,2-1,2.0,1.0,4,initial,,,,,,,,,,
2013-01-26,2012,Bolton Wanderers,Everton,1-2,1.0,2.0,4,initial,,,,,,,,,,
2013-01-26,2012,Brighton & Hove Albion,Arsenal,2-3,2.0,3.0,4,initial,,,,,,,,,,
2013-01-26,2012,Derby County,Blackburn Rovers,0-3,0.0,3.0,4,initial,,,,,,,,,,
2013-01-26,2012,Huddersfield Town,Leicester City,1-1,1.0,1.0,4,initial,,,,,,,,,,
2013-01-26,2012,Hull City,Barnsley,0-1,0.0,1.0,4,initial,,,,,,,,,,
2013-01-26,2012,Macclesfield Town,Wigan Athletic,0-1,0.0,1.0,4,initial,,,,,,,,,,
2013-01-26,2012,Manchester United,Fulham,4-1,4.0,1.0,4,initial,,,,,,,,,,
2013-01-26,2012,Middlesbrough,Aldershot Town,2-1,2.0,1.0,4,initial,,,,,,,,,,
2013-01-26,2012,Norwich City,Luton Town,0-1,0.0,1.0,4,initial,,,,,,,,,,
2013-01-26,2012,Queens Park Rangers,Milton Keynes Dons,2-4,2.0,4.0,4,initial,,,,,,,,,,
2013-01-26,2012,Reading,Sheffield United,4-0,4.0,0.0,4,initial,,,,,,,,,,
2013-01-26,2012,Stoke City,Manchester City,0-1,0.0,1.0,4,initial,,,,,,,,,,
2013-01-27,2012,Brentford,Chelsea,2-2,2.0,2.0,4,initial,,,,,,,,,,
2013-01-27,2012,Leeds United,Tottenham Hotspur,2-1,2.0,1.0,4,initial,,,,,,,,,,
2013-01-27,2012,Oldham Athletic,Liverpool,3-2,3.0,2.0,4,initial,,,,,,,,,,
2013-02-12,2012,Leicester City,Huddersfield Town,1-2,1.0,2.0,4,replay,,,,,,,,,,
2013-02-16,2012,Arsenal,Blackburn Rovers,0-1,0.0,1.0,5,initial,,,,,,,,,,
2013-02-16,2012,Luton Town,Millwall,0-3,0.0,3.0,5,initial,,,,,,,,,,
2013-02-16,2012,Milton Keynes Dons,Barnsley,1-3,1.0,3.0,5,initial,,,,,,,,,,
2013-02-16,2012,Oldham Athletic,Everton,2-2,2.0,2.0,5,initial,,,,,,,,,,
2013-02-17,2012,Chelsea,Brentford,4-0,4.0,0.0,4,replay,,,,,,,,,,
2013-02-17,2012,Huddersfield Town,Wigan Athletic,1-4,1.0,4.0,5,initial,,,,,,,,,,
2013-02-17,2012,Manchester City,Leeds United,4-0,4.0,0.0,5,initial,,,,,,,,,,
2013-02-18,2012,Manchester United,Reading,2-1,2.0,1.0,5,initial,,,,,,,,,,
2013-02-26,2012,Everton,Oldham Athletic,3-1,3.0,1.0,5,replay,,,,,,,,,,
2013-02-27,2012,Middlesbrough,Chelsea,0-2,0.0,2.0,5,initial,,,,,,,,,,
2013-03-09,2012,Everton,Wigan Athletic,0-3,0.0,3.0,6,initial,,,,,,,,,,
2013-03-09,2012,Manchester City,Barnsley,5-0,5.0,0.0,6,initial,,,,,,,,,,
2013-03-10,2012,Manchester United,Chelsea,2-2,2.0,2.0,6,initial,,,,,,,,,,
2013-03-10,2012,Millwall,Blackburn Rovers,0-0,0.0,0.0,6,initial,,,,,,,,,,
2013-03-13,2012,Blackburn Rovers,Millwall,0-1,0.0,1.0,6,replay,,,,,,,,,,
2013-04-01,2012,Chelsea,Manchester United,1-0,1.0,0.0,6,replay,,,,,,,,,,
2013-04-13,2012,Wigan Athletic,Millwall,2-0,2.0,0.0,s,initial,,,,,,"Wembley (new), London","62,335",,,yes
2013-04-14,2012,Manchester City,Chelsea,2-1,2.0,1.0,s,initial,,,,,,"Wembley (new), London","85,621",,,yes
2013-05-11,2012,Wigan Athletic,Manchester City,1-0,1.0,0.0,f,initial,,,,,,"Wembley (new), London","86,254",,,yes
2013-11-08,2013,AFC Wimbledon,Coventry City,1-3,1.0,3.0,1,initial,,,,,,,,,,
2013-11-08,2013,Bristol Rovers,York City,3-3,3.0,3.0,1,initial,,,,,,,,,,
2013-11-09,2013,Accrington Stanley,Tranmere Rovers,0-1,0.0,1.0,1,initial,,,,,,,,,,
2013-11-09,2013,Boreham Wood,Carlisle United,0-0,0.0,0.0,1,initial,,,,,,,,,,
2013-11-09,2013,Braintree Town,Newport County,1-1,1.0,1.0,1,initial,,,,,,,,,,
2013-11-09,2013,Brentford,Staines Town,5-0,5.0,0.0,1,initial,,,,,,,,,,
2013-11-09,2013,Bristol City,Dagenham & Redbridge,3-0,3.0,0.0,1,initial,,,,,,,,,,
2013-11-09,2013,Chesterfield,Daventry Town,2-0,2.0,0.0,1,initial,,,,,,,,,,
2013-11-09,2013,Colchester United,Sheffield United,2-3,2.0,3.0,1,initial,,,,,,,,,,
2013-11-09,2013,Corby Town,Dover Athletic,1-2,1.0,2.0,1,initial,,,,,,,,,,
2013-11-09,2013,Gillingham,Brackley Town,1-1,1.0,1.0,1,initial,,,,,,,,,,
2013-11-09,2013,Gloucester City,Fleetwood Town,0-2,0.0,2.0,1,initial,,,,,,,,,,
2013-11-09,2013,Grimsby Town,Scunthorpe United,0-0,0.0,0.0,1,initial,,,,,,,,,,
2013-11-09,2013,Hartlepool United,Notts County,3-2,3.0,2.0,1,initial,,,,,,,,,,
2013-11-09,2013,Hednesford Town,Crawley Town,1-2,1.0,2.0,1,initial,,,,,,,,,,
2013-11-09,2013,Kidderminster Harriers,Sutton United,4-1,4.0,1.0,1,initial,,,,,,,,,,
2013-11-09,2013,Leyton Orient,Southport,5-2,5.0,2.0,1,initial,,,,,,,,,,
2013-11-09,2013,Lincoln City,Plymouth Argyle,0-0,0.0,0.0,1,initial,,,,,,,,,,
2013-11-09,2013,Macclesfield Town,Swindon Town,4-0,4.0,0.0,1,initial,,,,,,,,,,
2013-11-09,2013,Milton Keynes Dons,Halifax Town,4-1,4.0,1.0,1,initial,,,,,,,,,,
2013-11-09,2013,Morecambe,Southend United,0-3,0.0,3.0,1,initial,,,,,,,,,,
2013-11-09,2013,Oldham Athletic,Wolverhampton Wanderers,1-1,1.0,1.0,1,initial,,,,,,,,,,
2013-11-09,2013,Oxford United,Gateshead,2-2,2.0,2.0,1,initial,,,,,,,,,,
2013-11-09,2013,Peterborough United,Exeter City,2-0,2.0,0.0,1,initial,,,,,,,,,,
2013-11-09,2013,Preston North End,Barnet,6-0,6.0,0.0,1,initial,,,,,,,,,,
2013-11-09,2013,Rotherham United,Bradford City,3-0,3.0,0.0,1,initial,,,,,,,,,,
2013-11-09,2013,Salisbury City,Dartford,4-2,4.0,2.0,1,initial,,,,,,,,,,
2013-11-09,2013,St Albans City,Mansfield Town,1-8,1.0,8.0,1,initial,,,,,,,,,,
2013-11-09,2013,Stevenage Borough,Portsmouth,2-1,2.0,1.0,1,initial,,,,,,,,,,
2013-11-09,2013,Stourbridge,Biggleswade Town,4-1,4.0,1.0,1,initial,,,,,,,,,,
2013-11-09,2013,Tamworth,Cheltenham,1-0,1.0,0.0,1,initial,,,,,,,,,,
2013-11-09,2013,Torquay United,Rochdale,0-2,0.0,2.0,1,initial,,,,,,,,,,
2013-11-09,2013,Walsall,Shrewsbury Town,3-0,3.0,0.0,1,initial,,,,,,,,,,
2013-11-09,2013,Welling United,Luton Town,2-1,2.0,1.0,1,initial,,,,,,,,,,
2013-11-09,2013,Wrexham,Alfreton Town,3-1,3.0,1.0,1,initial,,,,,,,,,,
2013-11-09,2013,Wycombe Wanderers,Crewe Alexandra,1-1,1.0,1.0,1,initial,,,,,,,,,,
2013-11-10,2013,Bishop's Stortford,Northampton Town,1-2,1.0,2.0,1,initial,,,,,,,,,,
2013-11-10,2013,Burton Albion,Hereford United,2-0,2.0,0.0,1,initial,,,,,,,,,,
2013-11-11,2013,Shortwood United,Port Vale,0-4,0.0,4.0,1,initial,,,,,,,,,,
2013-11-18,2013,Brackley Town,Gillingham,1-0,1.0,0.0,1,replay,,,,,,,,,,
2013-11-19,2013,Bury,Cambridge United,0-0,0.0,0.0,1,initial,,,,,,,,,,
2013-11-19,2013,Carlisle United,Boreham Wood,2-1,2.0,1.0,1,replay,,,,,,,,,,
2013-11-19,2013,Crewe Alexandra,Wycombe Wanderers,0-2,0.0,2.0,1,replay,,,,,,,,,,
2013-11-19,2013,Newport County,Braintree Town,1-0,1.0,0.0,1,replay,,,,,,,,,,
2013-11-19,2013,Scunthorpe United,Grimsby Town,1-2,1.0,2.0,1,replay,,,,,,,,,,
2013-11-19,2013,Wolverhampton Wanderers,Oldham Athletic,1-2,1.0,2.0,1,replay,,,,,,,,,,
2013-11-19,2013,York City,Bristol Rovers,2-3,2.0,3.0,1,replay,,,,,,,,,,
2013-11-20,2013,Plymouth Argyle,Lincoln City,5-0,5.0,0.0,1,replay,,,,,,,,,,
2013-12-03,2013,Cambridge United,Bury,2-1,2.0,1.0,1,replay,,,,,,,,,,
2013-12-05,2013,Gateshead,Oxford United,0-1,0.0,1.0,1,replay,yes,,,,,,,,,
2013-12-06,2013,Port Vale,Salisbury City,4-1,4.0,1.0,2,initial,,,,,,,,,,
2013-12-07,2013,Bristol Rovers,Crawley Town,0-0,0.0,0.0,2,initial,,,,,,,,,,
2013-12-07,2013,Carlisle United,Brentford,3-2,3.0,2.0,2,initial,,,,,,,,,,
2013-12-07,2013,Chesterfield,Southend United,1-3,1.0,3.0,2,initial,,,,,,,,,,
2013-12-07,2013,Fleetwood Town,Burton Albion,1-1,1.0,1.0,2,initial,,,,,,,,,,
2013-12-07,2013,Grimsby Town,Northampton Town,2-0,2.0,0.0,2,initial,,,,,,,,,,
2013-12-07,2013,Hartlepool United,Coventry City,1-1,1.0,1.0,2,initial,,,,,,,,,,
2013-12-07,2013,Kidderminster Harriers,Newport County,4-2,4.0,2.0,2,initial,,,,,,,,,,
2013-12-07,2013,Leyton Orient,Walsall,1-0,1.0,0.0,2,initial,,,,,,,,,,
2013-12-07,2013,Macclesfield Town,Brackley Town,3-2,3.0,2.0,2,initial,,,,,,,,,,
2013-12-07,2013,Milton Keynes Dons,Dover Athletic,1-0,1.0,0.0,2,initial,,,,,,,,,,
2013-12-07,2013,Oldham Athletic,Mansfield Town,1-1,1.0,1.0,2,initial,,,,,,,,,,
2013-12-07,2013,Peterborough United,Tranmere Rovers,5-0,5.0,0.0,2,initial,,,,,,,,,,
2013-12-07,2013,Plymouth Argyle,Welling United,3-1,3.0,1.0,2,initial,,,,,,,,,,
2013-12-07,2013,Rotherham United,Rochdale,1-2,1.0,2.0,2,initial,,,,,,,,,,
2013-12-07,2013,Stevenage Borough,Stourbridge,4-0,4.0,0.0,2,initial,,,,,,,,,,
2013-12-07,2013,Wycombe Wanderers,Preston North End,0-1,0.0,1.0,2,initial,,,,,,,,,,
2013-12-08,2013,Cambridge United,Sheffield United,0-2,0.0,2.0,2,initial,,,,,,,,,,
2013-12-08,2013,Tamworth,Bristol City,1-2,1.0,2.0,2,initial,,,,,,,,,,
2013-12-09,2013,Wrexham,Oxford United,1-2,1.0,2.0,2,initial,,,,,,,,,,
2013-12-17,2013,Burton Albion,Fleetwood Town,1-0,1.0,0.0,2,replay,,,,,,,,,,
2013-12-17,2013,Coventry City,Hartlepool United,2-1,2.0,1.0,2,replay,,,,,,,,,,
2013-12-17,2013,Mansfield Town,Oldham Athletic,1-4,1.0,4.0,2,replay,,,,,,,,,,
2014-01-04,2013,Arsenal,Tottenham Hotspur,2-0,2.0,0.0,3,initial,,,,,,,,,,
2014-01-04,2013,Aston Villa,Sheffield United,1-2,1.0,2.0,3,initial,,,,,,,,,,
2014-01-04,2013,Barnsley,Coventry City,1-2,1.0,2.0,3,initial,,,,,,,,,,
2014-01-04,2013,Blackburn Rovers,Manchester City,1-1,1.0,1.0,3,initial,,,,,,,,,,
2014-01-04,2013,Bolton Wanderers,Blackpool,2-1,2.0,1.0,3,initial,,,,,,,,,,
2014-01-04,2013,Brighton & Hove Albion,Reading,1-0,1.0,0.0,3,initial,,,,,,,,,,
2014-01-04,2013,Bristol City,Watford,1-1,1.0,1.0,3,initial,,,,,,,,,,
2014-01-04,2013,Doncaster Rovers,Stevenage Borough,2-3,2.0,3.0,3,initial,,,,,,,,,,
2014-01-04,2013,Everton,Queens Park Rangers,4-0,4.0,0.0,3,initial,,,,,,,,,,
2014-01-04,2013,Grimsby Town,Huddersfield Town,2-3,2.0,3.0,3,initial,,,,,,,,,,
2014-01-04,2013,Ipswich Town,Preston North End,1-1,1.0,1.0,3,initial,,,,,,,,,,
2014-01-04,2013,Kidderminster Harriers,Peterborough United,0-0,0.0,0.0,3,initial,,,,,,,,,,
2014-01-04,2013,Macclesfield Town,Sheffield Wednesday,1-1,1.0,1.0,3,initial,,,,,,,,,,
2014-01-04,2013,Middlesbrough,Hull City,0-2,0.0,2.0,3,initial,,,,,,,,,,
2014-01-04,2013,Newcastle United,Cardiff City,1-2,1.0,2.0,3,initial,,,,,,,,,,
2014-01-04,2013,Norwich City,Fulham,1-1,1.0,1.0,3,initial,,,,,,,,,,
2014-01-04,2013,Rochdale,Leeds United,2-0,2.0,0.0,3,initial,,,,,,,,,,
2014-01-04,2013,Southampton,Burnley,4-3,4.0,3.0,3,initial,,,,,,,,,,
2014-01-04,2013,Southend United,Millwall,4-1,4.0,1.0,3,initial,,,,,,,,,,
2014-01-04,2013,Stoke City,Leicester City,2-1,2.0,1.0,3,initial,,,,,,,,,,
2014-01-04,2013,West Bromwich Albion,Crystal Palace,0-2,0.0,2.0,3,initial,,,,,,,,,,
2014-01-04,2013,Wigan Athletic,Milton Keynes Dons,3-3,3.0,3.0,3,initial,,,,,,,,,,
2014-01-04,2013,Yeovil,Leyton Orient,4-0,4.0,0.0,3,initial,,,,,,,,,,
2014-01-05,2013,Derby County,Chelsea,0-2,0.0,2.0,3,initial,,,,,,,,,,
2014-01-05,2013,Liverpool,Oldham Athletic,2-0,2.0,0.0,3,initial,,,,,,,,,,
2014-01-05,2013,Manchester United,Swansea City,1-2,1.0,2.0,3,initial,,,,,,,,,,
2014-01-05,2013,Nottingham Forest,West Ham United,5-0,5.0,0.0,3,initial,,,,,,,,,,
2014-01-05,2013,Port Vale,Plymouth Argyle,2-2,2.0,2.0,3,initial,,,,,,,,,,
2014-01-05,2013,Sunderland,Carlisle United,3-1,3.0,1.0,3,initial,,,,,,,,,,
2014-01-08,2013,Crawley Town,Bristol Rovers,1-2,1.0,2.0,2,replay,,,,,,,,,,
2014-01-14,2013,AFC Bournemouth,Burton Albion,4-1,4.0,1.0,3,initial,,,,,,,,,,
2014-01-14,2013,Birmingham City,Bristol Rovers,3-0,3.0,0.0,3,initial,,,,,,,,,,
2014-01-14,2013,Charlton Athletic,Oxford United,2-2,2.0,2.0,3,initial,,,,,,,,,,
2014-01-15,2013,Manchester City,Blackburn Rovers,5-0,5.0,0.0,3,replay,,,,,,,,,,
2014-01-21,2013,Oxford United,Charlton Athletic,0-3,0.0,3.0,3,replay,,,,,,,,,,
2014-01-24,2013,Arsenal,Coventry City,4-0,4.0,0.0,4,initial,,,,,,,,,,
2014-01-24,2013,Nottingham Forest,Preston North End,0-0,0.0,0.0,4,initial,,,,,,,,,,
2014-01-25,2013,AFC Bournemouth,Liverpool,0-2,0.0,2.0,4,initial,,,,,,,,,,
2014-01-25,2013,Birmingham City,Swansea City,1-2,1.0,2.0,4,initial,,,,,,,,,,
2014-01-25,2013,Bolton Wanderers,Cardiff City,0-1,0.0,1.0,4,initial,,,,,,,,,,
2014-01-25,2013,Huddersfield Town,Charlton Athletic,0-1,0.0,1.0,4,initial,,,,,,,,,,
2014-01-25,2013,Manchester City,Watford,4-2,4.0,2.0,4,initial,,,,,,,,,,
2014-01-25,2013,Port Vale,Brighton & Hove Albion,1-3,1.0,3.0,4,initial,,,,,,,,,,
2014-01-25,2013,Rochdale,Sheffield Wednesday,1-2,1.0,2.0,4,initial,,,,,,,,,,
2014-01-25,2013,Southampton,Yeovil,2-0,2.0,0.0,4,initial,,,,,,,,,,
2014-01-25,2013,Southend United,Hull City,0-2,0.0,2.0,4,initial,,,,,,,,,,
2014-01-25,2013,Stevenage Borough,Everton,0-4,0.0,4.0,4,initial,,,,,,,,,,
2014-01-25,2013,Sunderland,Kidderminster Harriers,1-0,1.0,0.0,4,initial,,,,,,,,,,
2014-01-25,2013,Wigan Athletic,Crystal Palace,2-1,2.0,1.0,4,initial,,,,,,,,,,
2014-01-26,2013,Chelsea,Stoke City,1-0,1.0,0.0,4,initial,,,,,,,,,,
2014-01-26,2013,Sheffield United,Fulham,1-1,1.0,1.0,4,initial,,,,,,,,,,
2014-02-04,2013,Fulham,Sheffield United,0-1,0.0,1.0,4,replay,yes,,,,,,,,,
2014-02-05,2013,Preston North End,Nottingham Forest,0-2,0.0,2.0,4,replay,,,,,,,,,,
2014-02-15,2013,Cardiff City,Wigan Athletic,1-2,1.0,2.0,5,initial,,,,,,,,,,
2014-02-15,2013,Manchester City,Chelsea,2-0,2.0,0.0,5,initial,,,,,,,,,,
2014-02-15,2013,Sunderland,Southampton,1-0,1.0,0.0,5,initial,,,,,,,,,,
2014-02-16,2013,Arsenal,Liverpool,2-1,2.0,1.0,5,initial,,,,,,,,,,
2014-02-16,2013,Everton,Swansea City,3-1,3.0,1.0,5,initial,,,,,,,,,,
2014-02-16,2013,Sheffield United,Nottingham Forest,3-1,3.0,1.0,5,initial,,,,,,,,,,
2014-02-17,2013,Brighton & Hove Albion,Hull City,1-1,1.0,1.0,5,initial,,,,,,,,,,
2014-02-24,2013,Sheffield Wednesday,Charlton Athletic,1-2,1.0,2.0,5,initial,,,,,,,,,,
2014-03-08,2013,Arsenal,Everton,4-1,4.0,1.0,6,initial,,,,,,,,,,
2014-03-09,2013,Hull City,Sunderland,3-0,3.0,0.0,6,initial,,,,,,,,,,
2014-03-09,2013,Manchester City,Wigan Athletic,1-2,1.0,2.0,6,initial,,,,,,,,,,
2014-03-09,2013,Sheffield United,Charlton Athletic,2-0,2.0,0.0,6,initial,,,,,,,,,,
2014-04-12,2013,Arsenal,Wigan Athletic,1-1,1.0,1.0,s,initial,yes,yes,4-2 Arsenal,4.0,2.0,"Wembley (new), London","82,185",,,yes
2014-04-13,2013,Hull City,Sheffield United,5-3,5.0,3.0,s,initial,,,,,,"Wembley (new), London","71,820",,,yes
2014-05-17,2013,Arsenal,Hull City,3-2,3.0,2.0,f,initial,yes,,,,,"Wembley (new), London","89,345",,,yes
2012-03-27,2011,Sunderland,Everton,0-2,0.0,2.0,6,replay,,,,,,,"43,140",,,
2015-04-18,2014,Reading,Arsenal,1-2,1.0,2.0,s,initial,yes,,,,,"Wembley (new), London","84,081",,,yes
2015-04-19,2014,Aston Villa,Liverpool,2-1,2.0,1.0,s,initial,,,,,,"Wembley (new), London","85,416",,,yes
2015-03-07,2014,Bradford City,Reading,0-0,0.0,0.0,6,initial,,,,,,,,,,
2015-03-07,2014,Aston Villa,West Bromwich Albion,2-0,2.0,0.0,6,initial,,,,,,,,,,
2015-03-08,2014,Liverpool,Blackburn Rovers,0-0,0.0,0.0,6,initial,,,,,,,,,,
2015-03-09,2014,Manchester United,Arsenal,1-2,1.0,2.0,6,initial,,,,,,,,,,
2015-03-16,2014,Reading,Bradford City,3-0,3.0,0.0,6,replay,,,,,,,,,,
2015-04-08,2014,Blackburn Rovers,Liverpool,0-1,0.0,1.0,6,replay,,,,,,,,,,
2015-02-14,2014,West Bromwich Albion,West Ham United,4-0,4.0,0.0,5,initial,,,,,,,,,,
2015-02-14,2014,Blackburn Rovers,Stoke City,4-1,4.0,1.0,5,initial,,,,,,,,,,
2015-02-14,2014,Derby County,Reading,1-2,1.0,2.0,5,initial,,,,,,,,,,
2015-02-14,2014,Crystal Palace,Liverpool,1-2,1.0,2.0,5,initial,,,,,,,,,,
2015-02-15,2014,Aston Villa,Leicester City,2-1,2.0,1.0,5,initial,,,,,,,,,,
2015-02-15,2014,Bradford City,Sunderland,2-0,2.0,0.0,5,initial,,,,,,,,,,
2015-02-15,2014,Arsenal,Middlesbrough,2-0,2.0,0.0,5,initial,,,,,,,,,,
2015-02-16,2014,Preston North End,Manchester United,1-3,1.0,3.0,5,initial,,,,,,,,,,
2015-01-23,2014,Cambridge United,Manchester United,0-0,0.0,0.0,4,initial,,,,,,,,,,
2015-01-24,2014,Blackburn Rovers,Swansea City,3-1,3.0,1.0,4,initial,,,,,,,,,,
2015-01-24,2014,Birmingham City,West Bromwich Albion,1-2,1.0,2.0,4,initial,,,,,,,,,,
2015-01-24,2014,Cardiff City,Reading,1-2,1.0,2.0,4,initial,,,,,,,,,,
2015-01-24,2014,Chelsea,Bradford City,2-4,2.0,4.0,4,initial,,,,,,,,,,
2015-01-24,2014,Derby County,Chesterfield,2-0,2.0,0.0,4,initial,,,,,,,,,,
2015-01-24,2014,Manchester City,Middlesbrough,0-2,0.0,2.0,4,initial,,,,,,,,,,
2015-01-24,2014,Preston North End,Sheffield United,1-1,1.0,1.0,4,initial,,,,,,,,,,
2015-01-24,2014,Sunderland,Fulham,0-0,0.0,0.0,4,initial,,,,,,,,,,
2015-01-24,2014,Tottenham Hotspur,Leicester City,1-2,1.0,2.0,4,initial,,,,,,,,,,
2015-01-24,2014,Southampton,Crystal Palace,2-3,2.0,3.0,4,initial,,,,,,,,,,
2015-01-24,2014,Liverpool,Bolton Wanderers,0-0,0.0,0.0,4,initial,,,,,,,,,,
2015-01-25,2014,Bristol City,West Ham United,0-1,0.0,1.0,4,initial,,,,,,,,,,
2015-01-25,2014,Aston Villa,AFC Bournemouth,2-1,2.0,1.0,4,initial,,,,,,,,,,
2015-01-25,2014,Brighton & Hove Albion,Arsenal,2-3,2.0,3.0,4,initial,,,,,,,,,,
2015-01-26,2014,Rochdale,Stoke City,1-4,1.0,4.0,4,initial,,,,,,,,,,
2015-02-03,2014,Fulham,Sunderland,1-3,1.0,3.0,4,replay,,,,,,,,,,
2015-02-03,2014,Sheffield United,Preston North End,1-3,1.0,3.0,4,replay,,,,,,,,,,
2015-02-03,2014,Manchester United,Cambridge United,3-0,3.0,0.0,4,replay,,,,,,,,,,
2015-02-04,2014,Bolton Wanderers,Liverpool,1-2,1.0,2.0,4,replay,,,,,,,,,,
2015-01-02,2014,Cardiff City,Colchester United,3-1,3.0,1.0,3,initial,,,,,,,,,,
2015-01-03,2014,Charlton Athletic,Blackburn Rovers,1-2,1.0,2.0,3,initial,,,,,,,,,,
2015-01-03,2014,Rochdale,Nottingham Forest,1-0,1.0,0.0,3,initial,,,,,,,,,,
2015-01-03,2014,West Bromwich Albion,Gateshead,7-0,7.0,0.0,3,initial,,,,,,,,,,
2015-01-03,2014,Blyth Spartans,Birmingham City,2-3,2.0,3.0,3,initial,,,,,,,,,,
2015-01-03,2014,Rotherham United,AFC Bournemouth,1-5,1.0,5.0,3,initial,,,,,,,,,,
2015-01-03,2014,Huddersfield Town,Reading,0-1,0.0,1.0,3,initial,,,,,,,,,,
2015-01-03,2014,Tranmere Rovers,Swansea City,2-6,2.0,6.0,3,initial,,,,,,,,,,
2015-01-03,2014,Bolton Wanderers,Wigan Athletic,1-0,1.0,0.0,3,initial,,,,,,,,,,
2015-01-03,2014,Millwall,Bradford City,3-3,3.0,3.0,3,initial,,,,,,,,,,
2015-01-03,2014,Derby County,Southport,1-0,1.0,0.0,3,initial,,,,,,,,,,
2015-01-03,2014,Brentford,Brighton & Hove Albion,0-2,0.0,2.0,3,initial,,,,,,,,,,
2015-01-03,2014,Fulham,Wolverhampton Wanderers,0-0,0.0,0.0,3,initial,,,,,,,,,,
2015-01-03,2014,Cambridge United,Luton Town,2-1,2.0,1.0,3,initial,,,,,,,,,,
2015-01-03,2014,Barnsley,Middlesbrough,0-2,0.0,2.0,3,initial,,,,,,,,,,
2015-01-03,2014,Preston North End,Norwich City,2-0,2.0,0.0,3,initial,,,,,,,,,,
2015-01-03,2014,Doncaster Rovers,Bristol City,1-1,1.0,1.0,3,initial,,,,,,,,,,
2015-01-03,2014,Leicester City,Newcastle United,1-0,1.0,0.0,3,initial,,,,,,,,,,
2015-01-04,2014,Dover Athletic,Crystal Palace,0-4,0.0,4.0,3,initial,,,,,,,,,,
2015-01-04,2014,Sunderland,Leeds United,1-0,1.0,0.0,3,initial,,,,,,,,,,
2015-01-04,2014,Queens Park Rangers,Sheffield United,0-3,0.0,3.0,3,initial,,,,,,,,,,
2015-01-04,2014,Southampton,Ipswich Town,1-1,1.0,1.0,3,initial,,,,,,,,,,
2015-01-04,2014,Stoke City,Wrexham,3-1,3.0,1.0,3,initial,,,,,,,,,,
2015-01-04,2014,Manchester City,Sheffield Wednesday,2-1,2.0,1.0,3,initial,,,,,,,,,,
2015-01-04,2014,Aston Villa,Blackpool,1-0,1.0,0.0,3,initial,,,,,,,,,,
2015-01-04,2014,Yeovil,Manchester United,0-2,0.0,2.0,3,initial,,,,,,,,,,
2015-01-04,2014,Chelsea,Watford,3-0,3.0,0.0,3,initial,,,,,,,,,,
2015-01-04,2014,Arsenal,Hull City,2-0,2.0,0.0,3,initial,,,,,,,,,,
2015-01-05,2014,Burnley,Tottenham Hotspur,1-1,1.0,1.0,3,initial,,,,,,,,,,
2015-01-05,2014,AFC Wimbledon,Liverpool,1-2,1.0,2.0,3,initial,,,,,,,,,,
2015-01-06,2014,Everton,West Ham United,1-1,1.0,1.0,3,initial,,,,,,,,,,
2015-01-06,2014,Scunthorpe United,Chesterfield,2-2,2.0,2.0,3,initial,,,,,,,,,,
2015-01-13,2014,Wolverhampton Wanderers,Fulham,3-3,3.0,3.0,3,replay,yes,yes,5-3 Fulham,3.0,5.0,,,,,
2015-01-13,2014,Bristol City,Doncaster Rovers,2-0,2.0,0.0,3,replay,,,,,,,,,,
2015-01-13,2014,Chesterfield,Scunthorpe United,2-0,2.0,0.0,3,replay,yes,,,,,,,,,
2015-01-13,2014,West Ham United,Everton,2-2,2.0,2.0,3,replay,yes,yes,9-8 West Ham United,9.0,8.0,,,,,
2015-01-14,2014,Bradford City,Millwall,4-0,4.0,0.0,3,replay,,,,,,,,,,
2015-01-14,2014,Ipswich Town,Southampton,0-1,0.0,1.0,3,replay,,,,,,,,,,
2015-01-14,2014,Tottenham Hotspur,Burnley,4-2,4.0,2.0,3,replay,,,,,,,,,,
2014-12-05,2014,Hartlepool United,Blyth Spartans,1-2,1.0,2.0,2,initial,,,,,,,,,,
2014-12-06,2014,Oxford United,Tranmere Rovers,2-2,2.0,2.0,2,initial,,,,,,,,,,
2014-12-06,2014,Bury,Luton Town,1-1,1.0,1.0,2,initial,,,,,,,,,,
2014-12-06,2014,Accrington,Yeovil,1-1,1.0,1.0,2,initial,,,,,,,,,,
2014-12-06,2014,Oldham Athletic,Doncaster Rovers,0-1,0.0,1.0,2,initial,,,,,,,,,,
2014-12-06,2014,Preston North End,Shrewsbury Town,1-0,1.0,0.0,2,initial,,,,,,,,,,
2014-12-06,2014,Sheffield United,Plymouth Argyle,3-0,3.0,0.0,2,initial,,,,,,,,,,
2014-12-06,2014,Cambridge United,Mansfield Town,2-2,2.0,2.0,2,initial,,,,,,,,,,
2014-12-06,2014,Wrexham,Maidstone United,3-1,3.0,1.0,2,initial,,,,,,,,,,
2014-12-07,2014,Gateshead,Warrington Town,2-0,2.0,0.0,2,initial,,,,,,,,,,
2014-12-07,2014,Scunthorpe United,Worcester City,1-1,1.0,1.0,2,initial,,,,,,,,,,
2014-12-07,2014,Southport,Eastleigh,2-1,2.0,1.0,2,initial,,,,,,,,,,
2014-12-07,2014,Barnsley,Chester,0-0,0.0,0.0,2,initial,,,,,,,,,,
2014-12-07,2014,Bradford City,Dartford,4-1,4.0,1.0,2,initial,,,,,,,,,,
2014-12-07,2014,Cheltenham,Dover Athletic,0-1,0.0,1.0,2,initial,,,,,,,,,,
2014-12-07,2014,Bristol City,AFC Telford United,1-0,1.0,0.0,2,initial,,,,,,,,,,
2014-12-07,2014,Wycombe Wanderers,AFC Wimbledon,0-1,0.0,1.0,2,initial,,,,,,,,,,
2014-12-07,2014,Aldershot Town,Rochdale,0-0,0.0,0.0,2,initial,,,,,,,,,,
2014-12-07,2014,Colchester United,Peterborough United,1-0,1.0,0.0,2,initial,,,,,,,,,,
2015-01-02,2014,Milton Keynes Dons,Chesterfield,0-1,0.0,1.0,2,initial,,,,,,,,,,
2014-12-16,2014,Tranmere Rovers,Oxford United,2-1,2.0,1.0,2,replay,,,,,,,,,,
2014-12-16,2014,Luton Town,Bury,1-0,1.0,0.0,2,replay,,,,,,,,,,
2014-12-16,2014,Yeovil,Accrington,2-0,2.0,0.0,2,replay,,,,,,,,,,
2014-12-16,2014,Chester,Barnsley,0-3,0.0,3.0,2,replay,,,,,,,,,,
2014-12-16,2014,Mansfield Town,Cambridge United,0-1,0.0,1.0,2,replay,,,,,,,,,,
2014-12-16,2014,Rochdale,Aldershot Town,4-1,4.0,1.0,2,replay,,,,,,,,,,
2014-12-17,2014,Worcester City,Scunthorpe United,1-1,1.0,1.0,2,replay,yes,yes,14-13 Scunthorpe United,13.0,14.0,,,,,
2014-11-07,2014,Warrington Town,Exeter City,1-0,1.0,0.0,1,initial,,,,,,,,,,
2014-11-08,2014,Yeovil,Crawley Town,1-0,1.0,0.0,1,initial,,,,,,,,,,
2014-11-08,2014,York City,AFC Wimbledon,1-1,1.0,1.0,1,initial,,,,,,,,,,
2014-11-08,2014,Walsall,Shrewsbury Town,2-2,2.0,2.0,1,initial,,,,,,,,,,
2014-11-08,2014,Eastleigh,Lincoln City,2-1,2.0,1.0,1,initial,,,,,,,,,,
2014-11-08,2014,Basingstoke Town,AFC Telford United,1-1,1.0,1.0,1,initial,,,,,,,,,,
2014-11-08,2014,Dagenham and Redbridge,Southport,0-0,0.0,0.0,1,initial,,,,,,,,,,
2014-11-08,2014,Peterborough United,Carlisle United,2-1,2.0,1.0,1,initial,,,,,,,,,,
2014-11-08,2014,Cheltenham,Swindon Town,5-0,5.0,0.0,1,initial,,,,,,,,,,
2014-11-08,2014,Bromley,Dartford,3-4,3.0,4.0,1,initial,,,,,,,,,,
2014-11-08,2014,Barnet,Wycombe Wanderers,1-3,1.0,3.0,1,initial,,,,,,,,,,
2014-11-08,2014,Gillingham,Bristol City,1-2,1.0,2.0,1,initial,,,,,,,,,,
2014-11-08,2014,Crewe Alexandra,Sheffield United,0-0,0.0,0.0,1,initial,,,,,,,,,,
2014-11-08,2014,Grimsby Town,Oxford United,1-3,1.0,3.0,1,initial,,,,,,,,,,
2014-11-08,2014,Tranmere Rovers,Bristol Rovers,1-0,1.0,0.0,1,initial,,,,,,,,,,
2014-11-08,2014,Southend United,Chester,1-2,1.0,2.0,1,initial,,,,,,,,,,
2014-11-08,2014,Luton Town,Newport County,4-2,4.0,2.0,1,initial,,,,,,,,,,
2014-11-08,2014,Bury,Hemel Hempstead Town,3-1,3.0,1.0,1,initial,,,,,,,,,,
2014-11-08,2014,Cambridge United,Fleetwood Town,1-0,1.0,0.0,1,initial,,,,,,,,,,
2014-11-08,2014,Northampton Town,Rochdale,0-0,0.0,0.0,1,initial,,,,,,,,,,
2014-11-08,2014,Dover Athletic,Morecambe,1-0,1.0,0.0,1,initial,,,,,,,,,,
2014-11-08,2014,Port Vale,Milton Keynes Dons,3-4,3.0,4.0,1,initial,,,,,,,,,,
2014-11-08,2014,Plymouth Argyle,AFC Fylde,2-0,2.0,0.0,1,initial,,,,,,,,,,
2014-11-08,2014,Barnsley,Burton Albion,5-0,5.0,0.0,1,initial,,,,,,,,,,
2014-11-08,2014,Hartlepool United,East Thurrock United,2-0,2.0,0.0,1,initial,,,,,,,,,,
2014-11-08,2014,Oldham Athletic,Leyton Orient,1-0,1.0,0.0,1,initial,,,,,,,,,,
2014-11-09,2014,Halifax Town,Bradford City,1-2,1.0,2.0,1,initial,,,,,,,,,,
2014-11-09,2014,Braintree Town,Chesterfield,0-6,0.0,6.0,1,initial,,,,,,,,,,
2014-11-09,2014,Portsmouth,Aldershot Town,2-2,2.0,2.0,1,initial,,,,,,,,,,
2014-11-09,2014,Stevenage Borough,Maidstone United,0-0,0.0,0.0,1,initial,,,,,,,,,,
2014-11-09,2014,Wrexham,Woking,3-0,3.0,0.0,1,initial,,,,,,,,,,
2014-11-09,2014,Coventry City,Worcester City,1-2,1.0,2.0,1,initial,,,,,,,,,,
2014-11-09,2014,Blyth Spartans,Altrincham,4-1,4.0,1.0,1,initial,,,,,,,,,,
2014-11-09,2014,Forest Green Rovers,Scunthorpe United,0-2,0.0,2.0,1,initial,,,,,,,,,,
2014-11-09,2014,Gosport Borough,Colchester United,3-6,3.0,6.0,1,initial,,,,,,,,,,
2014-11-09,2014,Norton United,Gateshead,0-4,0.0,4.0,1,initial,,,,,,,,,,
2014-11-09,2014,Notts County,Accrington,0-0,0.0,0.0,1,initial,,,,,,,,,,
2014-11-10,2014,Havant & Waterlooville,Preston North End,0-3,0.0,3.0,1,initial,,,,,,,,,,
2014-11-18,2014,Mansfield Town,Concord Rangers,1-1,1.0,1.0,1,initial,,,,,,,,,,
2014-11-18,2014,Weston-super-Mare,Doncaster Rovers,1-4,1.0,4.0,1,initial,,,,,,,,,,
2014-11-18,2014,AFC Wimbledon,York City,3-1,3.0,1.0,1,replay,,,,,,,,,,
2014-11-18,2014,Shrewsbury Town,Walsall,1-0,1.0,0.0,1,replay,,,,,,,,,,
2014-11-18,2014,Accrington,Notts County,2-1,2.0,1.0,1,replay,,,,,,,,,,
2014-11-18,2014,AFC Telford United,Basingstoke Town,2-1,2.0,1.0,1,replay,,,,,,,,,,
2014-11-18,2014,Southport,Dagenham and Redbridge,2-0,2.0,0.0,1,replay,,,,,,,,,,
2014-11-18,2014,Sheffield United,Crewe Alexandra,2-0,2.0,0.0,1,replay,,,,,,,,,,
2014-11-18,2014,Rochdale,Northampton Town,2-1,2.0,1.0,1,replay,,,,,,,,,,
2014-11-19,2014,Aldershot Town,Portsmouth,1-0,1.0,0.0,1,replay,,,,,,,,,,
2014-11-20,2014,Maidstone United,Stevenage Borough,2-1,2.0,1.0,1,replay,,,,,,,,,,
2014-11-25,2014,Concord Rangers,Mansfield Town,0-1,0.0,1.0,1,replay,,,,,,,,,,
2015-05-30,2014,Arsenal,Aston Villa,4-0,4.0,0.0,f,initial,,,,,,"Wembley (new), London","89,283",,,yes
2016-04-23,2015,Everton,Manchester United,1-2,1.0,2.0,s,initial,,,,,,"Wembley (new), London","86,064",,,yes
2016-04-24,2015,Crystal Palace,Watford,2-1,2.0,1.0,s,initial,,,,,,"Wembley (new), London","79,110",,,yes
2016-03-11,2015,Reading,Crystal Palace,0-2,0.0,2.0,6,initial,,,,,,,,,,
2016-03-12,2015,Everton,Chelsea,2-0,2.0,0.0,6,initial,,,,,,,,,,
2016-03-13,2015,Arsenal,Watford,1-2,1.0,2.0,6,initial,,,,,,,,,,
2016-03-13,2015,Manchester United,West Ham United,1-1,1.0,1.0,6,initial,,,,,,,,,,
2016-04-13,2015,West Ham United,Manchester United,1-2,1.0,2.0,6,replay,,,,,,,,,,
2016-02-20,2015,Arsenal,Hull City,0-0,0.0,0.0,5,initial,,,,,,,,,,
2016-02-20,2015,Reading,West Bromwich Albion,3-1,3.0,1.0,5,initial,,,,,,,,,,
2016-02-20,2015,Watford,Leeds United,1-0,1.0,0.0,5,initial,,,,,,,,,,
2016-02-20,2015,AFC Bournemouth,Everton,0-2,0.0,2.0,5,initial,,,,,,,,,,
2016-02-21,2015,Blackburn Rovers,West Ham United,1-5,1.0,5.0,5,initial,,,,,,,,,,
2016-02-21,2015,Tottenham Hotspur,Crystal Palace,0-1,0.0,1.0,5,initial,,,,,,,,,,
2016-02-21,2015,Chelsea,Manchester City,5-1,5.0,1.0,5,initial,,,,,,,,,,
2016-02-22,2015,Shrewsbury Town,Manchester United,0-3,0.0,3.0,5,initial,,,,,,,,,,
2016-03-08,2015,Hull City,Arsenal,0-4,0.0,4.0,5,replay,,,,,,,,,,
2016-01-29,2015,Derby County,Manchester United,1-3,1.0,3.0,4,initial,,,,,,,,,,
2016-01-30,2015,Colchester United,Tottenham Hotspur,1-4,1.0,4.0,4,initial,,,,,,,,,,
2016-01-30,2015,West Bromwich Albion,Peterborough United,2-2,2.0,2.0,4,initial,,,,,,,,,,
2016-01-30,2015,Bolton Wanderers,Leeds United,1-2,1.0,2.0,4,initial,,,,,,,,,,
2016-01-30,2015,Arsenal,Burnley,2-1,2.0,1.0,4,initial,,,,,,,,,,
2016-01-30,2015,Reading,Walsall,4-0,4.0,0.0,4,initial,,,,,,,,,,
2016-01-30,2015,Shrewsbury Town,Sheffield Wednesday,3-2,3.0,2.0,4,initial,,,,,,,,,,
2016-01-30,2015,Nottingham Forest,Watford,0-1,0.0,1.0,4,initial,,,,,,,,,,
2016-01-30,2015,Crystal Palace,Stoke City,1-0,1.0,0.0,4,initial,,,,,,,,,,
2016-01-30,2015,Oxford United,Blackburn Rovers,0-3,0.0,3.0,4,initial,,,,,,,,,,
2016-01-30,2015,Portsmouth,AFC Bournemouth,1-2,1.0,2.0,4,initial,,,,,,,,,,
2016-01-30,2015,Bury,Hull City,1-3,1.0,3.0,4,initial,,,,,,,,,,
2016-01-30,2015,Aston Villa,Manchester City,0-4,0.0,4.0,4,initial,,,,,,,,,,
2016-01-30,2015,Liverpool,West Ham United,0-0,0.0,0.0,4,initial,,,,,,,,,,
2016-01-31,2015,Carlisle United,Everton,0-3,0.0,3.0,4,initial,,,,,,,,,,
2016-01-31,2015,Milton Keynes Dons,Chelsea,1-5,1.0,5.0,4,initial,,,,,,,,,,
2016-02-09,2015,West Ham United,Liverpool,2-1,2.0,1.0,4,replay,yes,,,,,,,,,
2016-02-10,2015,Peterborough United,West Bromwich Albion,1-1,1.0,1.0,4,replay,yes,yes,4-3 West Bromwich Albion,3.0,4.0,,,,,
2016-01-08,2015,Exeter City,Liverpool,2-2,2.0,2.0,3,initial,,,,,,,,,,
2016-01-09,2015,Wycombe Wanderers,Aston Villa,1-1,1.0,1.0,3,initial,,,,,,,,,,
2016-01-09,2015,Watford,Newcastle United,1-0,1.0,0.0,3,initial,,,,,,,,,,
2016-01-09,2015,West Bromwich Albion,Bristol City,2-2,2.0,2.0,3,initial,,,,,,,,,,
2016-01-09,2015,West Ham United,Wolverhampton Wanderers,1-0,1.0,0.0,3,initial,,,,,,,,,,
2016-01-09,2015,Hartlepool United,Derby County,1-2,1.0,2.0,3,initial,,,,,,,,,,
2016-01-09,2015,Colchester United,Charlton Athletic,2-1,2.0,1.0,3,initial,,,,,,,,,,
2016-01-09,2015,Peterborough United,Preston North End,2-0,2.0,0.0,3,initial,,,,,,,,,,
2016-01-09,2015,Northampton Town,Milton Keynes Dons,2-2,2.0,2.0,3,initial,,,,,,,,,,
2016-01-09,2015,Arsenal,Sunderland,3-1,3.0,1.0,3,initial,,,,,,,,,,
2016-01-09,2015,Ipswich Town,Portsmouth,2-2,2.0,2.0,3,initial,,,,,,,,,,
2016-01-09,2015,Birmingham City,AFC Bournemouth,1-2,1.0,2.0,3,initial,,,,,,,,,,
2016-01-09,2015,Sheffield Wednesday,Fulham,2-1,2.0,1.0,3,initial,,,,,,,,,,
2016-01-09,2015,Brentford,Walsall,0-1,0.0,1.0,3,initial,,,,,,,,,,
2016-01-09,2015,Bury,Bradford City,0-0,0.0,0.0,3,initial,,,,,,,,,,
2016-01-09,2015,Everton,Dagenham and Redbridge,2-0,2.0,0.0,3,initial,,,,,,,,,,
2016-01-09,2015,Southampton,Crystal Palace,1-2,1.0,2.0,3,initial,,,,,,,,,,
2016-01-09,2015,Eastleigh,Bolton Wanderers,1-1,1.0,1.0,3,initial,,,,,,,,,,
2016-01-09,2015,Nottingham Forest,Queens Park Rangers,1-0,1.0,0.0,3,initial,,,,,,,,,,
2016-01-09,2015,Doncaster Rovers,Stoke City,1-2,1.0,2.0,3,initial,,,,,,,,,,
2016-01-09,2015,Leeds United,Rotherham United,2-0,2.0,0.0,3,initial,,,,,,,,,,
2016-01-09,2015,Huddersfield Town,Reading,2-2,2.0,2.0,3,initial,,,,,,,,,,
2016-01-09,2015,Middlesbrough,Burnley,1-2,1.0,2.0,3,initial,,,,,,,,,,
2016-01-09,2015,Norwich City,Manchester City,0-3,0.0,3.0,3,initial,,,,,,,,,,
2016-01-09,2015,Hull City,Brighton & Hove Albion,1-0,1.0,0.0,3,initial,,,,,,,,,,
2016-01-09,2015,Manchester United,Sheffield United,1-0,1.0,0.0,3,initial,,,,,,,,,,
2016-01-10,2015,Oxford United,Swansea City,3-2,3.0,2.0,3,initial,,,,,,,,,,
2016-01-10,2015,Carlisle United,Yeovil,2-2,2.0,2.0,3,initial,,,,,,,,,,
2016-01-10,2015,Chelsea,Scunthorpe United,2-0,2.0,0.0,3,initial,,,,,,,,,,
2016-01-10,2015,Tottenham Hotspur,Leicester City,2-2,2.0,2.0,3,initial,,,,,,,,,,
2016-01-10,2015,Cardiff City,Shrewsbury Town,0-1,0.0,1.0,3,initial,,,,,,,,,,
2016-01-18,2015,Newport County,Blackburn Rovers,1-2,1.0,2.0,3,initial,,,,,,,,,,
2016-01-19,2015,Aston Villa,Wycombe Wanderers,2-0,2.0,0.0,3,replay,,,,,,,,,,
2016-01-19,2015,Bristol City,West Bromwich Albion,0-1,0.0,1.0,3,replay,,,,,,,,,,
2016-01-19,2015,Milton Keynes Dons,Northampton Town,3-0,3.0,0.0,3,replay,,,,,,,,,,
2016-01-19,2015,Portsmouth,Ipswich Town,2-1,2.0,1.0,3,replay,,,,,,,,,,
2016-01-19,2015,Bradford City,Bury,0-0,0.0,0.0,3,replay,yes,yes,4-2 Bury,2.0,4.0,,,,,
2016-01-19,2015,Yeovil,Carlisle United,1-1,1.0,1.0,3,replay,yes,yes,5-4 Carlisle United,4.0,5.0,,,,,
2016-01-19,2015,Bolton Wanderers,Eastleigh,3-2,3.0,2.0,3,replay,,,,,,,,,,
2016-01-19,2015,Reading,Huddersfield Town,5-2,5.0,2.0,3,replay,,,,,,,,,,
2016-01-20,2015,Leicester City,Tottenham Hotspur,0-2,0.0,2.0,3,replay,,,,,,,,,,
2016-01-20,2015,Liverpool,Exeter City,3-0,3.0,0.0,3,replay,,,,,,,,,,
2015-12-04,2015,Salford City,Hartlepool United,1-1,1.0,1.0,2,initial,,,,,,,,,,
2015-12-05,2015,Barnet,Newport County,0-1,0.0,1.0,2,initial,,,,,,,,,,
2015-12-05,2015,Portsmouth,Accrington,1-0,1.0,0.0,2,initial,,,,,,,,,,
2015-12-05,2015,Stourbridge,Eastleigh,0-2,0.0,2.0,2,initial,,,,,,,,,,
2015-12-05,2015,Northampton Town,Northwich Victoria,3-2,3.0,2.0,2,initial,,,,,,,,,,
2015-12-05,2015,Yeovil,Stevenage Borough,1-0,1.0,0.0,2,initial,,,,,,,,,,
2015-12-05,2015,Millwall,Wycombe Wanderers,1-2,1.0,2.0,2,initial,,,,,,,,,,
2015-12-05,2015,Chesterfield,Walsall,1-1,1.0,1.0,2,initial,,,,,,,,,,
2015-12-05,2015,Sheffield United,Oldham Athletic,1-0,1.0,0.0,2,initial,,,,,,,,,,
2015-12-05,2015,Leyton Orient,Scunthorpe United,0-0,0.0,0.0,2,initial,,,,,,,,,,
2015-12-06,2015,Rochdale,Bury,0-1,0.0,1.0,2,initial,,,,,,,,,,
2015-12-06,2015,Bradford City,Chesham United,4-0,4.0,0.0,2,initial,,,,,,,,,,
2015-12-06,2015,Peterborough United,Luton Town,2-0,2.0,0.0,2,initial,,,,,,,,,,
2015-12-06,2015,Exeter City,Port Vale,2-0,2.0,0.0,2,initial,,,,,,,,,,
2015-12-06,2015,Cambridge United,Doncaster Rovers,1-3,1.0,3.0,2,initial,,,,,,,,,,
2015-12-06,2015,Welling United,Carlisle United,0-5,0.0,5.0,2,initial,,,,,,,,,,
2015-12-06,2015,Colchester United,Altrincham,3-2,3.0,2.0,2,initial,,,,,,,,,,
2015-12-06,2015,Dagenham and Redbridge,Whitehawk,1-1,1.0,1.0,2,initial,,,,,,,,,,
2015-12-06,2015,Oxford United,Forest Green Rovers,1-0,1.0,0.0,2,initial,,,,,,,,,,
2015-12-07,2015,Grimsby Town,Shrewsbury Town,0-0,0.0,0.0,2,initial,,,,,,,,,,
2015-12-15,2015,Scunthorpe United,Leyton Orient,3-0,3.0,0.0,2,replay,,,,,,,,,,
2015-12-15,2015,Walsall,Chesterfield,0-0,0.0,0.0,2,replay,yes,yes,5-3 Walsall,5.0,3.0,,,,,
2015-12-15,2015,Hartlepool United,Salford City,2-0,2.0,0.0,2,replay,yes,,,,,,,,,
2015-12-15,2015,Shrewsbury Town,Grimsby Town,1-0,1.0,0.0,2,replay,,,,,,,,,,
2015-12-16,2015,Whitehawk,Dagenham and Redbridge,2-3,2.0,3.0,2,replay,yes,,,,,,,,,
2015-11-06,2015,Salford City,Notts County,2-0,2.0,0.0,1,initial,,,,,,,,,,
2015-11-07,2015,Burton Albion,Peterborough United,0-3,0.0,3.0,1,initial,,,,,,,,,,
2015-11-07,2015,Barnet,Blackpool,2-0,2.0,0.0,1,initial,,,,,,,,,,
2015-11-07,2015,Mansfield Town,Oldham Athletic,0-0,0.0,0.0,1,initial,,,,,,,,,,
2015-11-07,2015,Cambridge United,Basingstoke Town,1-0,1.0,0.0,1,initial,,,,,,,,,,
2015-11-07,2015,Altrincham,Barnsley,1-0,1.0,0.0,1,initial,,,,,,,,,,
2015-11-07,2015,Crewe Alexandra,Eastleigh,0-1,0.0,1.0,1,initial,,,,,,,,,,
2015-11-07,2015,Northwich Victoria,Boreham Wood,1-1,1.0,1.0,1,initial,,,,,,,,,,
2015-11-07,2015,Coventry City,Northampton Town,1-2,1.0,2.0,1,initial,,,,,,,,,,
2015-11-07,2015,Grimsby Town,St. Albans City,5-1,5.0,1.0,1,initial,,,,,,,,,,
2015-11-07,2015,Hartlepool United,Cheltenham,1-0,1.0,0.0,1,initial,,,,,,,,,,
2015-11-07,2015,Dover Athletic,Stourbridge,1-2,1.0,2.0,1,initial,,,,,,,,,,
2015-11-07,2015,Stevenage Borough,Gillingham,3-0,3.0,0.0,1,initial,,,,,,,,,,
2015-11-07,2015,Millwall,AFC Fylde,3-1,3.0,1.0,1,initial,,,,,,,,,,
2015-11-07,2015,Walsall,Fleetwood Town,2-0,2.0,0.0,1,initial,,,,,,,,,,
2015-11-07,2015,Bury,Wigan Athletic,4-0,4.0,0.0,1,initial,,,,,,,,,,
2015-11-07,2015,Portsmouth,Macclesfield Town,2-1,2.0,1.0,1,initial,,,,,,,,,,
2015-11-07,2015,Sheffield United,Worcester City,3-0,3.0,0.0,1,initial,,,,,,,,,,
2015-11-07,2015,Barwell,Welling United,0-2,0.0,2.0,1,initial,,,,,,,,,,
2015-11-07,2015,Crawley Town,Luton Town,1-2,1.0,2.0,1,initial,,,,,,,,,,
2015-11-07,2015,Doncaster Rovers,Stalybridge Celtic,2-0,2.0,0.0,1,initial,,,,,,,,,,
2015-11-07,2015,Dagenham and Redbridge,Morecambe,0-0,0.0,0.0,1,initial,,,,,,,,,,
2015-11-07,2015,Leyton Orient,Staines Town,6-1,6.0,1.0,1,initial,,,,,,,,,,
2015-11-07,2015,Accrington,York City,3-2,3.0,2.0,1,initial,,,,,,,,,,
2015-11-07,2015,Scunthorpe United,Southend United,2-1,2.0,1.0,1,initial,,,,,,,,,,
2015-11-07,2015,AFC Wimbledon,Forest Green Rovers,1-2,1.0,2.0,1,initial,,,,,,,,,,
2015-11-07,2015,Plymouth Argyle,Carlisle United,0-2,0.0,2.0,1,initial,,,,,,,,,,
2015-11-07,2015,Rochdale,Swindon Town,3-1,3.0,1.0,1,initial,,,,,,,,,,
2015-11-07,2015,Wealdstone,Colchester United,2-6,2.0,6.0,1,initial,,,,,,,,,,
2015-11-08,2015,Didcot Town,Exeter City,0-3,0.0,3.0,1,initial,,,,,,,,,,
2015-11-08,2015,Bristol Rovers,Chesham United,0-1,0.0,1.0,1,initial,,,,,,,,,,
2015-11-08,2015,Brackley Town,Newport County,2-2,2.0,2.0,1,initial,,,,,,,,,,
2015-11-08,2015,Aldershot Town,Bradford City,0-0,0.0,0.0,1,initial,,,,,,,,,,
2015-11-08,2015,Halifax Town,Wycombe Wanderers,0-4,0.0,4.0,1,initial,,,,,,,,,,
2015-11-08,2015,Gainsborough Trinity,Shrewsbury Town,0-1,0.0,1.0,1,initial,,,,,,,,,,
2015-11-08,2015,Maidstone United,Yeovil,0-1,0.0,1.0,1,initial,,,,,,,,,,
2015-11-08,2015,Braintree Town,Oxford United,1-1,1.0,1.0,1,initial,,,,,,,,,,
2015-11-08,2015,Whitehawk,Lincoln City,5-3,5.0,3.0,1,initial,,,,,,,,,,
2015-11-08,2015,Port Vale,Maidenhead United,1-1,1.0,1.0,1,initial,,,,,,,,,,
2015-11-09,2015,United of Manchester,Chesterfield,1-4,1.0,4.0,1,initial,,,,,,,,,,
2015-11-16,2015,Boreham Wood,Northwich Victoria,1-2,1.0,2.0,1,replay,,,,,,,,,,
2015-11-17,2015,Oldham Athletic,Mansfield Town,2-0,2.0,0.0,1,replay,,,,,,,,,,
2015-11-17,2015,Newport County,Brackley Town,4-1,4.0,1.0,1,replay,,,,,,,,,,
2015-11-17,2015,Morecambe,Dagenham and Redbridge,2-4,2.0,4.0,1,replay,,,,,,,,,,
2015-11-17,2015,Oxford United,Braintree Town,3-1,3.0,1.0,1,replay,,,,,,,,,,
2015-11-18,2015,Bradford City,Aldershot Town,2-0,2.0,0.0,1,replay,,,,,,,,,,
2015-11-19,2015,Maidenhead United,Port Vale,1-3,1.0,3.0,1,replay,,,,,,,,,,
2016-05-21,2015,Manchester United,Crystal Palace,2-1,2.0,1.0,f,initial,yes,,,,,"Wembley (new), London","88,619",,,yes
2017-04-22,2016,Chelsea,Tottenham Hotspur,4-2,4.0,2.0,s,initial,,,,,,"Wembley (new), London",86355,,,yes
2017-04-23,2016,Arsenal,Manchester City,2-1,2.0,1.0,s,initial,yes,,,,,"Wembley (new), London",85725,,,yes
2017-03-11,2016,Middlesbrough,Manchester City,0-2,0.0,2.0,6,initial,,,,,,,,,,
2017-03-11,2016,Arsenal,Lincoln City,5-0,5.0,0.0,6,initial,,,,,,,,,,
2017-03-12,2016,Tottenham Hotspur,Millwall,6-0,6.0,0.0,6,initial,,,,,,,,,,
2017-03-13,2016,Chelsea,Manchester United,1-0,1.0,0.0,6,initial,,,,,,,,,,
2017-02-18,2016,Burnley,Lincoln City,0-1,0.0,1.0,5,initial,,,,,,,,,,
2017-02-18,2016,Middlesbrough,Oxford United,3-2,3.0,2.0,5,initial,,,,,,,,,,
2017-02-18,2016,Huddersfield Town,Manchester City,0-0,0.0,0.0,5,initial,,,,,,,,,,
2017-02-18,2016,Millwall,Leicester City,1-0,1.0,0.0,5,initial,,,,,,,,,,
2017-02-18,2016,Wolverhampton Wanderers,Chelsea,0-2,0.0,2.0,5,initial,,,,,,,,,,
2017-02-19,2016,Fulham,Tottenham Hotspur,0-3,0.0,3.0,5,initial,,,,,,,,,,
2017-02-19,2016,Blackburn Rovers,Manchester United,1-2,1.0,2.0,5,initial,,,,,,,,,,
2017-02-20,2016,Sutton United,Arsenal,0-2,0.0,2.0,5,initial,,,,,,,,,,
2017-03-01,2016,Manchester City,Huddersfield Town,5-1,5.0,1.0,5,replay,,,,,,,,,,
2017-01-27,2016,Derby County,Leicester City,2-2,2.0,2.0,4,initial,,,,,,,,,,
2017-01-28,2016,Liverpool,Wolverhampton Wanderers,1-2,1.0,2.0,4,initial,,,,,,,,,,
2017-01-28,2016,Tottenham Hotspur,Wycombe Wanderers,4-3,4.0,3.0,4,initial,,,,,,,,,,
2017-01-28,2016,Oxford United,Newcastle United,3-0,3.0,0.0,4,initial,,,,,,,,,,
2017-01-28,2016,Lincoln City,Brighton & Hove Albion,3-1,3.0,1.0,4,initial,,,,,,,,,,
2017-01-28,2016,Chelsea,Brentford,4-0,4.0,0.0,4,initial,,,,,,,,,,
2017-01-28,2016,Rochdale,Huddersfield Town,0-4,0.0,4.0,4,initial,,,,,,,,,,
2017-01-28,2016,Burnley,Bristol City,2-0,2.0,0.0,4,initial,,,,,,,,,,
2017-01-28,2016,Blackburn Rovers,Blackpool,2-0,2.0,0.0,4,initial,,,,,,,,,,
2017-01-28,2016,Crystal Palace,Manchester City,0-3,0.0,3.0,4,initial,,,,,,,,,,
2017-01-28,2016,Middlesbrough,Accrington,1-0,1.0,0.0,4,initial,,,,,,,,,,
2017-01-28,2016,Southampton,Arsenal,0-5,0.0,5.0,4,initial,,,,,,,,,,
2017-01-29,2016,Millwall,Watford,1-0,1.0,0.0,4,initial,,,,,,,,,,
2017-01-29,2016,Fulham,Hull City,4-1,4.0,1.0,4,initial,,,,,,,,,,
2017-01-29,2016,Sutton United,Leeds United,1-0,1.0,0.0,4,initial,,,,,,,,,,
2017-01-29,2016,Manchester United,Wigan Athletic,4-0,4.0,0.0,4,initial,,,,,,,,,,
2017-02-08,2016,Leicester City,Derby County,3-1,3.0,1.0,4,replay,yes,,,,,,,,,
2017-01-06,2016,West Ham United,Manchester City,0-5,0.0,5.0,3,initial,,,,,,,,,,
2017-01-07,2016,Manchester United,Reading,4-0,4.0,0.0,3,initial,,,,,,,,,,
2017-01-07,2016,Ipswich Town,Lincoln City,2-2,2.0,2.0,3,initial,,,,,,,,,,
2017-01-07,2016,Hull City,Swansea City,2-0,2.0,0.0,3,initial,,,,,,,,,,
2017-01-07,2016,Sunderland,Burnley,0-0,0.0,0.0,3,initial,,,,,,,,,,
2017-01-07,2016,Queens Park Rangers,Blackburn Rovers,1-2,1.0,2.0,3,initial,,,,,,,,,,
2017-01-07,2016,Brighton & Hove Albion,Milton Keynes Dons,2-0,2.0,0.0,3,initial,,,,,,,,,,
2017-01-07,2016,Millwall,AFC Bournemouth,3-0,3.0,0.0,3,initial,,,,,,,,,,
2017-01-07,2016,Blackpool,Barnsley,0-0,0.0,0.0,3,initial,,,,,,,,,,
2017-01-07,2016,Wigan Athletic,Nottingham Forest,2-0,2.0,0.0,3,initial,,,,,,,,,,
2017-01-07,2016,Rotherham United,Oxford United,2-3,2.0,3.0,3,initial,,,,,,,,,,
2017-01-07,2016,Norwich City,Southampton,2-2,2.0,2.0,3,initial,,,,,,,,,,
2017-01-07,2016,Barrow,Rochdale,0-2,0.0,2.0,3,initial,,,,,,,,,,
2017-01-07,2016,West Bromwich Albion,Derby County,1-2,1.0,2.0,3,initial,,,,,,,,,,
2017-01-07,2016,Everton,Leicester City,1-2,1.0,2.0,3,initial,,,,,,,,,,
2017-01-07,2016,Wycombe Wanderers,Stourbridge,2-1,2.0,1.0,3,initial,,,,,,,,,,
2017-01-07,2016,Watford,Burton Albion,2-0,2.0,0.0,3,initial,,,,,,,,,,
2017-01-07,2016,Stoke City,Wolverhampton Wanderers,0-2,0.0,2.0,3,initial,,,,,,,,,,
2017-01-07,2016,Bristol City,Fleetwood Town,0-0,0.0,0.0,3,initial,,,,,,,,,,
2017-01-07,2016,Huddersfield Town,Port Vale,4-0,4.0,0.0,3,initial,,,,,,,,,,
2017-01-07,2016,Brentford,Eastleigh,5-1,5.0,1.0,3,initial,,,,,,,,,,
2017-01-07,2016,Birmingham City,Newcastle United,1-1,1.0,1.0,3,initial,,,,,,,,,,
2017-01-07,2016,Bolton Wanderers,Crystal Palace,0-0,0.0,0.0,3,initial,,,,,,,,,,
2017-01-07,2016,Sutton United,AFC Wimbledon,0-0,0.0,0.0,3,initial,,,,,,,,,,
2017-01-07,2016,Accrington,Luton Town,2-1,2.0,1.0,3,initial,,,,,,,,,,
2017-01-07,2016,Preston North End,Arsenal,1-2,1.0,2.0,3,initial,,,,,,,,,,
2017-01-08,2016,Cardiff City,Fulham,1-2,1.0,2.0,3,initial,,,,,,,,,,
2017-01-08,2016,Liverpool,Plymouth Argyle,0-0,0.0,0.0,3,initial,,,,,,,,,,
2017-01-08,2016,Chelsea,Peterborough United,4-1,4.0,1.0,3,initial,,,,,,,,,,
2017-01-08,2016,Middlesbrough,Sheffield Wednesday,3-0,3.0,0.0,3,initial,,,,,,,,,,
2017-01-08,2016,Tottenham Hotspur,Aston Villa,2-0,2.0,0.0,3,initial,,,,,,,,,,
2017-01-09,2016,Cambridge United,Leeds United,1-2,1.0,2.0,3,initial,,,,,,,,,,
2017-01-17,2016,Burnley,Sunderland,2-0,2.0,0.0,3,replay,,,,,,,,,,
2017-01-17,2016,Barnsley,Blackpool,1-2,1.0,2.0,3,replay,yes,,,,,,,,,
2017-01-17,2016,Fleetwood Town,Bristol City,0-1,0.0,1.0,3,replay,,,,,,,,,,
2017-01-17,2016,AFC Wimbledon,Sutton United,1-3,1.0,3.0,3,replay,,,,,,,,,,
2017-01-17,2016,Crystal Palace,Bolton Wanderers,2-1,2.0,1.0,3,replay,,,,,,,,,,
2017-01-17,2016,Lincoln City,Ipswich Town,1-0,1.0,0.0,3,replay,,,,,,,,,,
2017-01-18,2016,Southampton,Norwich City,1-0,1.0,0.0,3,replay,,,,,,,,,,
2017-01-18,2016,Newcastle United,Birmingham City,3-1,3.0,1.0,3,replay,,,,,,,,,,
2017-01-18,2016,Plymouth Argyle,Liverpool,0-1,0.0,1.0,3,replay,,,,,,,,,,
2016-12-02,2016,Macclesfield,Oxford United,0-0,0.0,0.0,2,initial,,,,,,,,,,
2016-12-03,2016,Chesterfield,Wycombe Wanderers,0-5,0.0,5.0,2,initial,,,,,,,,,,
2016-12-03,2016,Blackpool,Brackley Town,1-0,1.0,0.0,2,initial,,,,,,,,,,
2016-12-03,2016,Luton Town,Solihull,6-2,6.0,2.0,2,initial,,,,,,,,,,
2016-12-03,2016,Sutton United,Cheltenham,2-1,2.0,1.0,2,initial,,,,,,,,,,
2016-12-03,2016,Shrewsbury Town,Fleetwood Town,0-0,0.0,0.0,2,initial,,,,,,,,,,
2016-12-03,2016,Charlton Athletic,Milton Keynes Dons,0-0,0.0,0.0,2,initial,,,,,,,,,,
2016-12-03,2016,Plymouth Argyle,Newport County,0-0,0.0,0.0,2,initial,,,,,,,,,,
2016-12-03,2016,Carlisle United,Rochdale,0-2,0.0,2.0,2,initial,,,,,,,,,,
2016-12-04,2016,Curzon Ashton,AFC Wimbledon,3-4,3.0,4.0,2,initial,,,,,,,,,,
2016-12-04,2016,Millwall,Braintree Town,5-2,5.0,2.0,2,initial,,,,,,,,,,
2016-12-04,2016,Bolton Wanderers,Sheffield United,3-2,3.0,2.0,2,initial,,,,,,,,,,
2016-12-04,2016,Notts County,Peterborough United,2-2,2.0,2.0,2,initial,,,,,,,,,,
2016-12-04,2016,Cambridge United,Coventry City,4-0,4.0,0.0,2,initial,,,,,,,,,,
2016-12-04,2016,Bristol Rovers,Barrow,1-2,1.0,2.0,2,initial,,,,,,,,,,
2016-12-04,2016,Woking,Accrington,0-3,0.0,3.0,2,initial,,,,,,,,,,
2016-12-04,2016,Eastleigh,Halifax Town,3-3,3.0,3.0,2,initial,,,,,,,,,,
2016-12-04,2016,Port Vale,Hartlepool United,4-0,4.0,0.0,2,initial,,,,,,,,,,
2016-12-05,2016,Lincoln City,Oldham Athletic,3-2,3.0,2.0,2,initial,,,,,,,,,,
2016-12-13,2016,Stourbridge,Northampton Town,1-0,1.0,0.0,2,initial,,,,,,,,,,
2016-12-13,2016,Oxford United,Macclesfield,3-0,3.0,0.0,2,replay,,,,,,,,,,
2016-12-13,2016,Fleetwood Town,Shrewsbury Town,3-2,3.0,2.0,2,replay,,,,,,,,,,
2016-12-13,2016,Milton Keynes Dons,Charlton Athletic,3-1,3.0,1.0,2,replay,yes,,,,,,,,,
2016-12-13,2016,Halifax Town,Eastleigh,0-2,0.0,2.0,2,replay,,,,,,,,,,
2016-12-20,2016,Peterborough United,Notts County,2-0,2.0,0.0,2,replay,,,,,,,,,,
2016-12-21,2016,Newport County,Plymouth Argyle,0-1,0.0,1.0,2,replay,yes,,,,,,,,,
2016-11-04,2016,Millwall,Southend United,1-0,1.0,0.0,1,initial,,,,,,,,,,
2016-11-04,2016,Eastleigh,Swindon Town,1-1,1.0,1.0,1,initial,,,,,,,,,,
2016-11-05,2016,Crawley Town,Bristol Rovers,1-1,1.0,1.0,1,initial,,,,,,,,,,
2016-11-05,2016,Merstham,Oxford United,0-5,0.0,5.0,1,initial,,,,,,,,,,
2016-11-05,2016,Dagenham and Redbridge,Halifax Town,0-0,0.0,0.0,1,initial,,,,,,,,,,
2016-11-05,2016,Yeovil,Solihull,2-2,2.0,2.0,1,initial,,,,,,,,,,
2016-11-05,2016,Stockport County,Woking,2-4,2.0,4.0,1,initial,,,,,,,,,,
2016-11-05,2016,Dartford,Sutton United,3-6,3.0,6.0,1,initial,,,,,,,,,,
2016-11-05,2016,Walsall,Macclesfield,0-1,0.0,1.0,1,initial,,,,,,,,,,
2016-11-05,2016,Port Vale,Stevenage Borough,1-0,1.0,0.0,1,initial,,,,,,,,,,
2016-11-05,2016,Northampton Town,Harrow Borough,6-0,6.0,0.0,1,initial,,,,,,,,,,
2016-11-05,2016,Cambridge United,Dover Athletic,1-1,1.0,1.0,1,initial,,,,,,,,,,
2016-11-05,2016,Westfields,Curzon Ashton,1-1,1.0,1.0,1,initial,,,,,,,,,,
2016-11-05,2016,Milton Keynes Dons,Spennymoor United,3-2,3.0,2.0,1,initial,,,,,,,,,,
2016-11-05,2016,Gillingham,Brackley Town,2-2,2.0,2.0,1,initial,,,,,,,,,,
2016-11-05,2016,Portsmouth,Wycombe Wanderers,1-2,1.0,2.0,1,initial,,,,,,,,,,
2016-11-05,2016,Bury,AFC Wimbledon,2-2,2.0,2.0,1,initial,,,,,,,,,,
2016-11-05,2016,Mansfield Town,Plymouth Argyle,1-2,1.0,2.0,1,initial,,,,,,,,,,
2016-11-05,2016,Braintree Town,Eastbourne Borough,7-0,7.0,0.0,1,initial,,,,,,,,,,
2016-11-05,2016,Bolton Wanderers,Grimsby Town,1-0,1.0,0.0,1,initial,,,,,,,,,,
2016-11-05,2016,Bradford City,Accrington,1-2,1.0,2.0,1,initial,,,,,,,,,,
2016-11-05,2016,Oldham Athletic,Doncaster Rovers,2-1,2.0,1.0,1,initial,,,,,,,,,,
2016-11-05,2016,Shrewsbury Town,Barnet,3-0,3.0,0.0,1,initial,,,,,,,,,,
2016-11-05,2016,Whitehawk,Stourbridge,1-1,1.0,1.0,1,initial,,,,,,,,,,
2016-11-05,2016,Colchester United,Chesterfield,1-2,1.0,2.0,1,initial,,,,,,,,,,
2016-11-05,2016,Lincoln City,Altrincham,2-1,2.0,1.0,1,initial,,,,,,,,,,
2016-11-05,2016,Exeter City,Luton Town,1-3,1.0,3.0,1,initial,,,,,,,,,,
2016-11-05,2016,Charlton Athletic,Scunthorpe United,3-1,3.0,1.0,1,initial,,,,,,,,,,
2016-11-05,2016,Cheltenham,Crewe Alexandra,1-1,1.0,1.0,1,initial,,,,,,,,,,
2016-11-05,2016,Peterborough United,Chesham United,2-1,2.0,1.0,1,initial,,,,,,,,,,
2016-11-06,2016,Sheffield United,Leyton Orient,6-0,6.0,0.0,1,initial,,,,,,,,,,
2016-11-06,2016,Taunton Town,Barrow,2-2,2.0,2.0,1,initial,,,,,,,,,,
2016-11-06,2016,Alfreton Town,Newport County,1-1,1.0,1.0,1,initial,,,,,,,,,,
2016-11-06,2016,Maidstone United,Rochdale,1-1,1.0,1.0,1,initial,,,,,,,,,,
2016-11-06,2016,St Albans,Carlisle United,3-5,3.0,5.0,1,initial,,,,,,,,,,
2016-11-06,2016,Boreham Wood,Notts County,2-2,2.0,2.0,1,initial,,,,,,,,,,
2016-11-06,2016,Hartlepool United,Stamford,3-0,3.0,0.0,1,initial,,,,,,,,,,
2016-11-06,2016,Morecambe,Coventry City,1-1,1.0,1.0,1,initial,,,,,,,,,,
2016-11-06,2016,Blackpool,Kidderminster Harriers,2-0,2.0,0.0,1,initial,,,,,,,,,,
2016-11-07,2016,Southport,Fleetwood Town,0-0,0.0,0.0,1,initial,,,,,,,,,,
2016-11-14,2016,Curzon Ashton,Westfields,3-1,3.0,1.0,1,replay,,,,,,,,,,
2016-11-14,2016,Stourbridge,Whitehawk,3-0,3.0,0.0,1,replay,,,,,,,,,,
2016-11-15,2016,Halifax Town,Dagenham and Redbridge,2-1,2.0,1.0,1,replay,,,,,,,,,,
2016-11-15,2016,Solihull,Yeovil,1-1,1.0,1.0,1,replay,yes,yes,4-2 Solihull,4.0,2.0,,,,,
2016-11-15,2016,AFC Wimbledon,Bury,5-0,5.0,0.0,1,replay,,,,,,,,,,
2016-11-15,2016,Swindon Town,Eastleigh,1-3,1.0,3.0,1,replay,,,,,,,,,,
2016-11-15,2016,Bristol Rovers,Crawley Town,4-2,4.0,2.0,1,replay,yes,,,,,,,,,
2016-11-15,2016,Crewe Alexandra,Cheltenham,1-4,1.0,4.0,1,replay,,,,,,,,,,
2016-11-15,2016,Barrow,Taunton Town,2-1,2.0,1.0,1,replay,,,,,,,,,,
2016-11-15,2016,Newport County,Alfreton Town,4-1,4.0,1.0,1,replay,yes,,,,,,,,,
2016-11-15,2016,Rochdale,Maidstone United,2-0,2.0,0.0,1,replay,,,,,,,,,,
2016-11-15,2016,Notts County,Boreham Wood,2-0,2.0,0.0,1,replay,,,,,,,,,,
2016-11-15,2016,Coventry City,Morecambe,2-1,2.0,1.0,1,replay,,,,,,,,,,
2016-11-15,2016,Fleetwood Town,Southport,4-1,4.0,1.0,1,replay,yes,,,,,,,,,
2016-11-16,2016,Brackley Town,Gillingham,4-3,4.0,3.0,1,replay,yes,,,,,,,,,
2016-11-17,2016,Dover Athletic,Cambridge United,2-4,2.0,4.0,1,replay,yes,,,,,,,,,
2017-05-27,2016,Arsenal,Chelsea,2-1,2.0,1.0,f,initial,,,,,,"Wembley (new), London",89472,,,yes
2017-11-03,2017,Hyde United,Milton Keynes Dons,0-4,0.0,4.0,1,initial,,,,,,"Ewen Fields, Hyde","3,123",,,
2017-11-03,2017,Notts County,Bristol Rovers,4-2,4.0,2.0,1,initial,,,,,,Meadow Lane,"4,228",,,
2017-11-03,2017,Port Vale,Oxford United,2-0,2.0,0.0,1,initial,,,,,,Vale Park,"3,443",,,
2017-11-04,2017,AFC Fylde,Kidderminster Harriers,4-2,4.0,2.0,1,initial,,,,,,"Mill Farm, Wesham","1,482",,,
2017-11-04,2017,AFC Wimbledon,Lincoln City,1-0,1.0,0.0,1,initial,,,,,,Cherry Red Records Fans Stadium,"3,394",,,
2017-11-04,2017,Blackburn Rovers,Barnet,3-1,3.0,1.0,1,initial,,,,,,Ewood Park,"3,710",,,
2017-11-04,2017,Boreham Wood,Blackpool,2-1,2.0,1.0,1,initial,,,,,,"Meadow Park, Boreham Wood","1,041",,,
2017-11-04,2017,Bradford City,Chesterfield,2-0,2.0,0.0,1,initial,,,,,,Northern Commercials Stadium,"4,747",,,
2017-11-04,2017,Carlisle United,Oldham Athletic,3-2,3.0,2.0,1,initial,,,,,,Brunton Park,"3,965",,,
2017-11-04,2017,Cheltenham,Maidstone United,2-4,2.0,4.0,1,initial,,,,,,LCI Rail Stadium,"2,799",,,
2017-11-04,2017,Colchester United,Oxford City,0-1,0.0,1.0,1,initial,,,,,,Weston Homes Community Stadium,"1,775",,,
2017-11-04,2017,Crewe Alexandra,Rotherham United,2-1,2.0,1.0,1,initial,,,,,,Gresty Road,"2,597",,,
2017-11-04,2017,Ebbsfleet United,Doncaster Rovers,2-6,2.0,6.0,1,initial,,,,,,"Kuflink Stadium, Northfleet","2,069",,,
2017-11-04,2017,Forest Green Rovers,Macclesfield Town,1-0,1.0,0.0,1,initial,,,,,,"The New Lawn, Nailsworth","1,387",,,
2017-11-04,2017,Gainsborough Trinity,Slough Town,0-6,0.0,6.0,1,initial,,,,,,"Gainsborough Martin & Co Arena, Gainsborough","1,630",,,
2017-11-04,2017,Gateshead,Chelmsford City,2-0,2.0,0.0,1,initial,,,,,,"International Stadium, Gateshead",732,,,
2017-11-04,2017,Gillingham,Leyton Orient,2-1,2.0,1.0,1,initial,,,,,,MEMS Priestfield Stadium,"3,659",,,
2017-11-04,2017,Hereford United,AFC Telford United,1-0,1.0,0.0,1,initial,,,,,,"Edgar Street, Hereford","4,712",,,
2017-11-04,2017,Luton Town,Portsmouth,1-0,1.0,0.0,1,initial,,,,,,Kenilworth Road,"5,333",,,
2017-11-04,2017,Morecambe,Hartlepool United,3-0,3.0,0.0,1,initial,,,,,,Globe Arena,"2,004",,,
2017-11-04,2017,Newport County,Walsall,2-1,2.0,1.0,1,initial,,,,,,Rodney Parade,"2,701",,,
2017-11-04,2017,Northampton Town,Scunthorpe United,0-0,0.0,0.0,1,initial,,,,,,Sixfields Stadium,"2,820",,,
2017-11-04,2017,Peterborough United,Tranmere Rovers,1-1,1.0,1.0,1,initial,,,,,,ABAX Stadium,"3,750",,,
2017-11-04,2017,Plymouth Argyle,Grimsby Town,1-0,1.0,0.0,1,initial,,,,,,Home Park,"5,137",,,
2017-11-04,2017,Rochdale,Bromley,4-0,4.0,0.0,1,initial,,,,,,Crown Oil Arena,"2,241",,,
2017-11-04,2017,Shaw Lane,Mansfield Town,1-3,1.0,3.0,1,initial,,,,,,Sheerien Park,"1,700",,,
2017-11-04,2017,Shrewsbury Town,Aldershot Town,5-0,5.0,0.0,1,initial,,,,,,Montgomery Waters Meadow,"3,859",,,
2017-11-04,2017,Stevenage Borough,Nantwich Town,5-0,5.0,0.0,1,initial,,,,,,Lamex Stadium,"1,436",,,
2017-11-04,2017,Wigan Athletic,Crawley Town,2-1,2.0,1.0,1,initial,,,,,,DW Stadium,"3,288",,,
2017-11-04,2017,Yeovil,Southend United,1-0,1.0,0.0,1,initial,,,,,,Huish Park,"2,079",,,
2017-11-05,2017,Cambridge United,Sutton United,1-0,1.0,0.0,1,initial,,,,,,Cambs Glass Stadium,"3,070",,,
2017-11-05,2017,Charlton Athletic,Truro City,3-1,3.0,1.0,1,initial,,,,,,The Valley,"4,494",,,
2017-11-05,2017,Coventry City,Maidenhead United,2-0,2.0,0.0,1,initial,,,,,,Ricoh Arena,"3,370",,,
2017-11-05,2017,Dartford,Swindon Town,1-5,1.0,5.0,1,initial,,,,,,"Princes Park Stadium, Dartford","2,705",,,
2017-11-05,2017,Exeter City,Heybridge Swifts,3-1,3.0,1.0,1,initial,,,,,,"St James Park, Exeter","3,004",,,
2017-11-05,2017,Guiseley AFC,Accrington Stanley,0-0,0.0,0.0,1,initial,,,,,,"Nethermoor Park, Guiseley","1,611",,,
2017-11-05,2017,Leatherhead,Billericay,1-1,1.0,1.0,1,initial,,,,,,"Fetcham Grove, Leatherhead","1,797",,,
2017-11-05,2017,Solihull,Wycombe Wanderers,0-2,0.0,2.0,1,initial,,,,,,"Automated Technology Group Stadium, Solihull","1,544",,,
2017-11-05,2017,Woking,Bury,1-1,1.0,1.0,1,initial,,,,,,"Laithwaite Community Stadium, Woking","1,858",,,
2017-11-06,2017,Chorley,Fleetwood Town,1-2,1.0,2.0,1,initial,,,,,,"Chorley Group Victory Park Stadium, Chorley","3,526",,,
2017-11-14,2017,Accrington Stanley,Guiseley AFC,1-1,1.0,1.0,1,replay,yes,yes,3-4,3.0,4.0,Wham Stadium,"1,116",,,
2017-11-14,2017,Bury,Woking,0-3,0.0,3.0,1,replay,,,,,,Energy Check Stadium at Gigg Lane,"1,513",,,
2017-11-14,2017,Scunthorpe United,Northampton Town,1-0,1.0,0.0,1,replay,,,,,,Glanford Park,"1,880",,,
2017-11-15,2017,Tranmere Rovers,Peterborough United,0-5,0.0,5.0,1,replay,,,,,,Prenton Park,"4,199",,,
2017-11-16,2017,Billericay,Leatherhead,1-3,1.0,3.0,1,replay,,,,,,"AGP Arena, Billericay","3,400",,,
2017-12-01,2017,AFC Fylde,Wigan Athletic,1-1,1.0,1.0,2,initial,,,,,,"Mill Farm, Wesham","3,351",,,
2017-12-02,2017,Bradford City,Plymouth Argyle,3-1,3.0,1.0,2,initial,,,,,,Northern Commercials Stadium,"4,957",,,
2017-12-02,2017,Fleetwood Town,Hereford United,1-1,1.0,1.0,2,initial,,,,,,"Highbury Stadium, Fleetwood","2,567",,,
2017-12-02,2017,Forest Green Rovers,Exeter City,3-3,3.0,3.0,2,initial,,,,,,"The New Lawn, Nailsworth","2,250",,,
2017-12-02,2017,Gillingham,Carlisle United,1-1,1.0,1.0,2,initial,,,,,,MEMS Priestfield Stadium,"3,178",,,
2017-12-02,2017,Milton Keynes Dons,Maidstone United,4-1,4.0,1.0,2,initial,,,,,,Stadium MK,"4,804",,,
2017-12-02,2017,Notts County,Oxford City,3-2,3.0,2.0,2,initial,,,,,,Meadow Lane,"5,092",,,
2017-12-02,2017,Port Vale,Yeovil,1-1,1.0,1.0,2,initial,,,,,,Vale Park,"3,316",,,
2017-12-02,2017,Shrewsbury Town,Morecambe,2-0,2.0,0.0,2,initial,,,,,,Montgomery Waters Meadow,"3,184",,,
2017-12-02,2017,Stevenage Borough,Swindon Town,5-2,5.0,2.0,2,initial,,,,,,Lamex Stadium,"1,883",,,
2017-12-03,2017,AFC Wimbledon,Charlton Athletic,3-1,3.0,1.0,2,initial,,,,,,Cherry Red Records Fans Stadium,"3,270",,,
2017-12-03,2017,Blackburn Rovers,Crewe Alexandra,3-3,3.0,3.0,2,initial,,,,,,Ewood Park,"4,472",,,
2017-12-03,2017,Coventry City,Boreham Wood,3-0,3.0,0.0,2,initial,,,,,,Ricoh Arena,"2,985",,,
2017-12-03,2017,Doncaster Rovers,Scunthorpe United,3-0,3.0,0.0,2,initial,,,,,,Keepmoat Stadium,"5,251",,,
2017-12-03,2017,Gateshead,Luton Town,0-5,0.0,5.0,2,initial,,,,,,"International Stadium, Gateshead","1,339",,,
2017-12-03,2017,Mansfield Town,Guiseley AFC,3-0,3.0,0.0,2,initial,,,,,,One Call Stadium,"4,081",,,
2017-12-03,2017,Newport County,Cambridge United,2-0,2.0,0.0,2,initial,,,,,,Rodney Parade,"2,748",,,
2017-12-03,2017,Woking,Peterborough United,1-1,1.0,1.0,2,initial,,,,,,"Laithwaite Community Stadium, Woking","3,072",,,
2017-12-03,2017,Wycombe Wanderers,Leatherhead,3-1,3.0,1.0,2,initial,,,,,,Adams Park,"3,835",,,
2017-12-04,2017,Slough Town,Rochdale,0-4,0.0,4.0,2,initial,,,,,,"Arbour Park, Slough","1,950",,,
2017-12-12,2017,Exeter City,Forest Green Rovers,2-1,2.0,1.0,2,replay,yes,,,,,"St James Park, Exeter","2,923",,,
2017-12-12,2017,Peterborough United,Woking,5-2,5.0,2.0,2,replay,,,,,,ABAX Stadium,"3,022",,,
2017-12-12,2017,Wigan Athletic,AFC Fylde,3-2,3.0,2.0,2,replay,,,,,,DW Stadium,"3,124",,,
2017-12-12,2017,Yeovil,Port Vale,3-2,3.0,2.0,2,replay,yes,,,,,Huish Park,"1,588",,,
2017-12-13,2017,Crewe Alexandra,Blackburn Rovers,0-1,0.0,1.0,2,replay,,,,,,Gresty Road,"2,241",,,
2017-12-14,2017,Hereford United,Fleetwood Town,0-2,0.0,2.0,2,replay,,,,,,"Edgar Street, Hereford","4,235",,,
2017-12-19,2017,Carlisle United,Gillingham,3-1,3.0,1.0,2,replay,,,,,,Brunton Park,"2,357",,,
2018-01-05,2017,Liverpool,Everton,2-1,2.0,1.0,3,initial,,,,,,Anfield,"52,513",,,
2018-01-05,2017,Manchester United,Derby County,2-0,2.0,0.0,3,initial,,,,,,Old Trafford,"73,899",,,
2018-01-06,2017,AFC Bournemouth,Wigan Athletic,2-2,2.0,2.0,3,initial,,,,,,Vitality Stadium,"9,894",,,
2018-01-06,2017,Aston Villa,Peterborough United,1-3,1.0,3.0,3,initial,,,,,,Villa Park,"21,677",,,
2018-01-06,2017,Birmingham City,Burton Albion,1-0,1.0,0.0,3,initial,,,,,,St Andrew's,"7,623",,,
2018-01-06,2017,Blackburn Rovers,Hull City,0-1,0.0,1.0,3,initial,,,,,,Ewood Park,"6,777",,,
2018-01-06,2017,Bolton Wanderers,Huddersfield Town,1-2,1.0,2.0,3,initial,,,,,,Macron Stadium,"11,574",,,
2018-01-06,2017,Brentford,Notts County,0-1,0.0,1.0,3,initial,,,,,,Griffin Park,"6,935",,,
2018-01-06,2017,Cardiff City,Mansfield Town,0-0,0.0,0.0,3,initial,,,,,,Cardiff City Stadium,"6,378",,,
2018-01-06,2017,Carlisle United,Sheffield Wednesday,0-0,0.0,0.0,3,initial,,,,,,Brunton Park,"7,793",,,
2018-01-06,2017,Coventry City,Stoke City,2-1,2.0,1.0,3,initial,,,,,,Ricoh Arena,"14,199",,,
2018-01-06,2017,Doncaster Rovers,Rochdale,0-1,0.0,1.0,3,initial,,,,,,Keepmoat Stadium,"4,513",,,
2018-01-06,2017,Exeter City,West Bromwich Albion,0-2,0.0,2.0,3,initial,,,,,,"St James Park, Exeter","5,638",,,
2018-01-06,2017,Fleetwood Town,Leicester City,0-0,0.0,0.0,3,initial,,,,,,"Highbury Stadium, Fleetwood","5,001",,,
2018-01-06,2017,Fulham,Southampton,0-1,0.0,1.0,3,initial,,,,,,Craven Cottage,"17,327",,,
2018-01-06,2017,Ipswich Town,Sheffield United,0-1,0.0,1.0,3,initial,,,,,,Portman Road,"12,057",,,
2018-01-06,2017,Manchester City,Burnley,4-1,4.0,1.0,3,initial,,,,,,Etihad Stadium,"53,356",,,
2018-01-06,2017,Middlesbrough,Sunderland,2-0,2.0,0.0,3,initial,,,,,,Riverside Stadium,"26,399",,,
2018-01-06,2017,Millwall,Barnsley,4-1,4.0,1.0,3,initial,,,,,,The New Den,"5,319",,,
2018-01-06,2017,Newcastle United,Luton Town,3-1,3.0,1.0,3,initial,,,,,,St James' Park,"47,069",,,
2018-01-06,2017,Norwich City,Chelsea,0-0,0.0,0.0,3,initial,,,,,,Carrow Road,"23,598",,,
2018-01-06,2017,Queens Park Rangers,Milton Keynes Dons,0-1,0.0,1.0,3,initial,,,,,,Loftus Road,"6,314",,,
2018-01-06,2017,Stevenage Borough,Reading,0-0,0.0,0.0,3,initial,,,,,,Lamex Stadium,"3,877",,,
2018-01-06,2017,Watford,Bristol City,3-0,3.0,0.0,3,initial,,,,,,Vicarage Road,"13,269",,,
2018-01-06,2017,Wolverhampton Wanderers,Swansea City,0-0,0.0,0.0,3,initial,,,,,,Molineux,"22,976",,,
2018-01-06,2017,Wycombe Wanderers,Preston North End,1-5,1.0,5.0,3,initial,,,,,,Adams Park,"4,928",,,
2018-01-06,2017,Yeovil,Bradford City,2-0,2.0,0.0,3,initial,,,,,,Huish Park,"3,040",,,
2018-01-07,2017,Newport County,Leeds United,2-1,2.0,1.0,3,initial,,,,,,Rodney Parade,"6,887",,,
2018-01-07,2017,Nottingham Forest,Arsenal,4-2,4.0,2.0,3,initial,,,,,,City Ground,"27,182",,,
2018-01-07,2017,Shrewsbury Town,West Ham United,0-0,0.0,0.0,3,initial,,,,,,Montgomery Waters Meadow,"9,535",,,
2018-01-07,2017,Tottenham Hotspur,AFC Wimbledon,3-0,3.0,0.0,3,initial,,,,,,Wembley Stadium,"47,527",,,
2018-01-08,2017,Brighton & Hove Albion,Crystal Palace,2-1,2.0,1.0,3,initial,,,,,,AMEX Stadium,"14,507",,,
2018-01-16,2017,Leicester City,Fleetwood Town,2-0,2.0,0.0,3,replay,,,,,,King Power Stadium,"17,237",,,
2018-01-16,2017,Mansfield Town,Cardiff City,1-4,1.0,4.0,3,replay,,,,,,One Call Stadium,"5,746",,,
2018-01-16,2017,Reading,Stevenage Borough,3-0,3.0,0.0,3,replay,,,,,,Madejski Stadium,"4,986",,,
2018-01-16,2017,Sheffield Wednesday,Carlisle United,2-0,2.0,0.0,3,replay,,,,,,Hillsborough,"12,003",,,
2018-01-16,2017,West Ham United,Shrewsbury Town,1-0,1.0,0.0,3,replay,yes,,,,,London Stadium,"39,867",,,
2018-01-17,2017,Chelsea,Norwich City,1-1,1.0,1.0,3,replay,yes,yes,5-3,5.0,3.0,Stamford Bridge,"39,684",,,
2018-01-17,2017,Swansea City,Wolverhampton Wanderers,2-1,2.0,1.0,3,replay,,,,,,Liberty Stadium,"8,294",,,
2018-01-17,2017,Wigan Athletic,AFC Bournemouth,3-0,3.0,0.0,3,replay,,,,,,DW Stadium,"4,709",,,
2018-01-26,2017,Sheffield Wednesday,Reading,3-1,3.0,1.0,4,initial,,,,,,Hillsborough,"14,848",,,
2018-01-26,2017,Yeovil,Manchester United,0-4,0.0,4.0,4,initial,,,,,,Huish Park,"9,195",,,
2018-01-27,2017,Huddersfield Town,Birmingham City,1-1,1.0,1.0,4,initial,,,,,,John Smith's Stadium,"12,683",,,
2018-01-27,2017,Hull City,Nottingham Forest,2-1,2.0,1.0,4,initial,,,,,,KCOM Stadium,"13,450",,,
2018-01-27,2017,Liverpool,West Bromwich Albion,2-3,2.0,3.0,4,initial,,,,,,Anfield,"53,342",,,
2018-01-27,2017,Middlesbrough,Brighton & Hove Albion,0-1,0.0,1.0,4,initial,,,,,,Riverside Stadium,"20,475",,,
2018-01-27,2017,Millwall,Rochdale,2-2,2.0,2.0,4,initial,,,,,,The New Den,"8,346",,,
2018-01-27,2017,Milton Keynes Dons,Coventry City,0-1,0.0,1.0,4,initial,,,,,,Stadium MK,"14,925",,,
2018-01-27,2017,Newport County,Tottenham Hotspur,1-1,1.0,1.0,4,initial,,,,,,Rodney Parade,"9,836",,,
2018-01-27,2017,Notts County,Swansea City,1-1,1.0,1.0,4,initial,,,,,,Meadow Lane,"9,802",,,
2018-01-27,2017,Peterborough United,Leicester City,1-5,1.0,5.0,4,initial,,,,,,ABAX Stadium,"13,193",,,
2018-01-27,2017,Sheffield United,Preston North End,1-0,1.0,0.0,4,initial,,,,,,Bramall Lane,"15,680",,,
2018-01-27,2017,Southampton,Watford,1-0,1.0,0.0,4,initial,,,,,,St Mary's Stadium,"25,195",,,
2018-01-27,2017,Wigan Athletic,West Ham United,2-0,2.0,0.0,4,initial,,,,,,DW Stadium,"14,194",,,
2018-01-28,2017,Cardiff City,Manchester City,0-2,0.0,2.0,4,initial,,,,,,Cardiff City Stadium,"32,339",,,
2018-01-28,2017,Chelsea,Newcastle United,3-0,3.0,0.0,4,initial,,,,,,Stamford Bridge,"41,049",,,
2018-02-06,2017,Birmingham City,Huddersfield Town,1-4,1.0,4.0,4,replay,yes,,,,,St Andrew's,"13,175",,,
2018-02-06,2017,Rochdale,Millwall,1-0,1.0,0.0,4,replay,,,,,,Crown Oil Arena,"2,790",,,
2018-02-06,2017,Swansea City,Notts County,8-1,8.0,1.0,4,replay,,,,,,Liberty Stadium,"7,822",,,
2018-02-07,2017,Tottenham Hotspur,Newport County,2-0,2.0,0.0,4,replay,,,,,,Wembley Stadium,"38,947",,,
2018-02-16,2017,Chelsea,Hull City,4-0,4.0,0.0,5,initial,,,,,,Stamford Bridge,"39,591",,,
2018-02-16,2017,Leicester City,Sheffield United,1-0,1.0,0.0,5,initial,,,,,,King Power Stadium,"28,336",,,
2018-02-17,2017,Brighton & Hove Albion,Coventry City,3-1,3.0,1.0,5,initial,,,,,,AMEX Stadium,"26,966",,,
2018-02-17,2017,Huddersfield Town,Manchester United,0-2,0.0,2.0,5,initial,,,,,,John Smith's Stadium,"17,861",,,
2018-02-17,2017,Sheffield Wednesday,Swansea City,0-0,0.0,0.0,5,initial,,,,,,Hillsborough,"19,427",,,
2018-02-17,2017,West Bromwich Albion,Southampton,1-2,1.0,2.0,5,initial,,,,,,The Hawthorns,"17,600",,,
2018-02-18,2017,Rochdale,Tottenham Hotspur,2-2,2.0,2.0,5,initial,,,,,,Crown Oil Arena,"8,480",,,
2018-02-19,2017,Wigan Athletic,Manchester City,1-0,1.0,0.0,5,initial,,,,,,DW Stadium,"19,242",,,
2018-02-27,2017,Swansea City,Sheffield Wednesday,2-0,2.0,0.0,5,replay,,,,,,Liberty Stadium,"8,198",,,
2018-02-28,2017,Tottenham Hotspur,Rochdale,6-1,6.0,1.0,5,replay,,,,,,Wembley Stadium,"24,627",,,
2018-03-17,2017,Manchester United,Brighton & Hove Albion,2-0,2.0,0.0,Quarter-final,initial,,,,,,Old Trafford,"74,241",,,
2018-03-17,2017,Swansea City,Tottenham Hotspur,0-3,0.0,3.0,Quarter-final,initial,,,,,,Liberty Stadium,"17,498",,,
2018-03-18,2017,Leicester City,Chelsea,1-2,1.0,2.0,Quarter-final,initial,yes,,,,,King Power Stadium,"31,792",,,
2018-03-18,2017,Wigan Athletic,Southampton,0-2,0.0,2.0,Quarter-final,initial,,,,,,DW Stadium,"17,110",,,
2018-04-21,2017,Manchester United,Tottenham Hotspur,2-1,2.0,1.0,Semi-final,initial,,,,,,Wembley Stadium,"84,667",,,yes
2018-04-22,2017,Chelsea,Southampton,2-0,2.0,0.0,Semi-final,initial,,,,,,Wembley Stadium,"73,416",,,yes
2018-05-19,2017,Chelsea,Manchester United,1-0,1.0,0.0,Final,initial,,,,,,Wembley Stadium,"87,647",,,yes
2018-11-09,2018,Haringey Borough,AFC Wimbledon,0-1,0.0,1.0,1,initial,,,,,,"Coles Park, Tottenham",,,,
2018-11-10,2018,Accrington Stanley,Colchester United,1-0,1.0,0.0,1,initial,,,,,,Wham Stadium,,,,
2018-11-10,2018,Aldershot Town,Bradford City,1-1,1.0,1.0,1,initial,,,,,,"EBB Stadium at the Recreation Ground, Aldershot",,,,
2018-11-10,2018,Barnsley,Notts County,4-0,4.0,0.0,1,initial,,,,,,Oakwell,,,,
2018-11-10,2018,Bromley,Peterborough United,1-3,1.0,3.0,1,initial,,,,,,"Westminster Waste Stadium, Bromley",,,,
2018-11-10,2018,Bury,Dover Athletic,5-0,5.0,0.0,1,initial,,,,,,Energy Check Stadium at Gigg Lane,,,,
2018-11-10,2018,Chesterfield,Billericay,1-1,1.0,1.0,1,initial,,,,,,Proact Stadium,,,,
2018-11-10,2018,Crewe Alexandra,Carlisle United,0-1,0.0,1.0,1,initial,,,,,,Gresty Road,,,,
2018-11-10,2018,Ebbsfleet United,Cheltenham,0-0,0.0,0.0,1,initial,,,,,,"Kuflink Stadium, Northfleet",,,,
2018-11-10,2018,Exeter City,Blackpool,2-3,2.0,3.0,1,initial,,,,,,"St James Park, Exeter",,,,
2018-11-10,2018,Gillingham,Hartlepool United,0-0,0.0,0.0,1,initial,,,,,,Medway Priestfield Stadium,,,,
2018-11-10,2018,Grimsby Town,Milton Keynes Dons,3-1,3.0,1.0,1,initial,,,,,,Blundell Park,,,,
2018-11-10,2018,Lincoln City,Northampton Town,3-2,3.0,2.0,1,initial,,,,,,Sincil Bank,,,,
2018-11-10,2018,Luton Town,Wycombe Wanderers,2-0,2.0,0.0,1,initial,,,,,,Kenilworth Road,,,,
2018-11-10,2018,Maidenhead United,Portsmouth,0-4,0.0,4.0,1,initial,,,,,,"York Road, Maidenhead",,,,
2018-11-10,2018,Maidstone United,Macclesfield Town,2-1,2.0,1.0,1,initial,,,,,,"Gallagher Stadium, Maidstone",,,,
2018-11-10,2018,Metropolitan Police,Newport County,0-2,0.0,2.0,1,initial,,,,,,"Imber Court, East Molesey",,,,
2018-11-10,2018,Morecambe,Halifax Town,0-0,0.0,0.0,1,initial,,,,,,Globe Arena,,,,
2018-11-10,2018,Oxford United,Forest Green Rovers,0-0,0.0,0.0,1,initial,,,,,,Kassam Stadium,,,,
2018-11-10,2018,Plymouth Argyle,Stevenage Borough,1-0,1.0,0.0,1,initial,,,,,,Home Park,,,,
2018-11-10,2018,Rochdale,Gateshead,2-1,2.0,1.0,1,initial,,,,,,Crown Oil Arena,,,,
2018-11-10,2018,Scunthorpe United,Burton Albion,2-1,2.0,1.0,1,initial,,,,,,Glanford Park,,,,
2018-11-10,2018,Southend United,Crawley Town,1-1,1.0,1.0,1,initial,,,,,,Roots Hall,,,,
2018-11-10,2018,Southport,Boreham Wood,2-0,2.0,0.0,1,initial,,,,,,"Merseyrail Community Stadium, Southport",,,,
2018-11-10,2018,Sutton United,Slough Town,0-0,0.0,0.0,1,initial,,,,,,"Borough Sports Ground, Sutton",,,,
2018-11-10,2018,Swindon Town,York City,2-1,2.0,1.0,1,initial,,,,,,Energy Check County Ground,,,,
2018-11-10,2018,Torquay United,Woking,0-1,0.0,1.0,1,initial,,,,,,"Plainmoor, Torquay",,,,
2018-11-10,2018,Tranmere Rovers,Oxford City,3-3,3.0,3.0,1,initial,,,,,,Prenton Park,,,,
2018-11-10,2018,Walsall,Coventry City,3-2,3.0,2.0,1,initial,,,,,,Banks's Stadium,,,,
2018-11-10,2018,Yeovil,Stockport County,1-3,1.0,3.0,1,initial,,,,,,Huish Park,,,,
2018-11-11,2018,Alfreton Town,Fleetwood Town,1-4,1.0,4.0,1,initial,,,,,,"Impact Arena, Alfreton",,,,
2018-11-11,2018,Barnet,Bristol Rovers,1-1,1.0,1.0,1,initial,,,,,,"The Hive, Edgware",,,,
2018-11-11,2018,Chorley,Doncaster Rovers,2-2,2.0,2.0,1,initial,,,,,,"Chorley Group Victory Park Stadium, Chorley",,,,
2018-11-11,2018,Guiseley AFC,Cambridge United,4-3,4.0,3.0,1,initial,,,,,,"Nethermoor Park, Guiseley",,,,
2018-11-11,2018,Hitchin Town,Solihull,0-2,0.0,2.0,1,initial,,,,,,"Top Field, Hitchin",,,,
2018-11-11,2018,Mansfield Town,Charlton Athletic,1-1,1.0,1.0,1,initial,,,,,,One Call Stadium,,,,
2018-11-11,2018,Port Vale,Sunderland,1-2,1.0,2.0,1,initial,,,,,,Vale Park,,,,
2018-11-11,2018,Shrewsbury Town,Salford City,1-1,1.0,1.0,1,initial,,,,,,Montgomery Waters Meadow,,,,
2018-11-11,2018,Weston-super-Mare,Wrexham,0-2,0.0,2.0,1,initial,,,,,,"Woodspring Stadium, Weston-super-Mare",,,,
2018-11-12,2018,Hampton & Richmond,Oldham Athletic,1-2,1.0,2.0,1,initial,,,,,,"Beveree Stadium, Hampton",,,,
2018-11-20,2018,Billericay,Chesterfield,1-3,1.0,3.0,1,replay,,,,,,"AGP Arena, Billericay",,,,
2018-11-20,2018,Bradford City,Aldershot Town,1-1,1.0,1.0,1,replay,yes,yes,4-1,4.0,1.0,Northern Commercials Stadium,,,,
2018-11-20,2018,Charlton Athletic,Mansfield Town,5-0,5.0,0.0,1,replay,,,,,,The Valley,,,,
2018-11-20,2018,Cheltenham,Ebbsfleet United,2-0,2.0,0.0,1,replay,,,,,,Jonny-Rocks Stadium,,,,
2018-11-20,2018,Crawley Town,Southend United,2-6,2.0,6.0,1,replay,yes,,,,,Checkatrade.com Stadium,,,,
2018-11-20,2018,Doncaster Rovers,Chorley,7-0,7.0,0.0,1,replay,,,,,,Keepmoat Stadium,,,,
2018-11-20,2018,Halifax Town,Morecambe,1-0,1.0,0.0,1,replay,,,,,,MBi Shay Stadium,,,,
2018-11-20,2018,Forest Green Rovers,Oxford United,0-3,0.0,3.0,1,replay,,,,,,"The New Lawn, Nailsworth",,,,
2018-11-20,2018,Oxford City,Tranmere Rovers,0-2,0.0,2.0,1,replay,,,,,,"Court Place Farm, Oxford",,,,
2018-11-20,2018,Slough Town,Sutton United,1-1,1.0,1.0,1,replay,yes,yes,8-7,8.0,7.0,"Arbour Park, Slough",,,,
2018-11-21,2018,Bristol Rovers,Barnet,1-2,1.0,2.0,1,replay,,,,,,Memorial Stadium,,,,
2018-11-21,2018,Hartlepool United,Gillingham,3-4,3.0,4.0,1,replay,yes,,,,,"Super 6 Stadium, Hartlepool",,,,
2018-11-21,2018,Salford City,Shrewsbury Town,1-3,1.0,3.0,1,replay,,,,,,"Peninsula Stadium, Salford",,,,
2018-11-30,2018,Solihull,Blackpool,0-0,0.0,0.0,2,initial,,,,,,"Automated Technology Group Stadium, Solihull",,,,
2018-12-01,2018,Accrington Stanley,Cheltenham,3-1,3.0,1.0,2,initial,,,,,,Wham Stadium,,,,
2018-12-01,2018,Charlton Athletic,Doncaster Rovers,0-2,0.0,2.0,2,initial,,,,,,The Valley,,,,
2018-12-01,2018,Halifax Town,AFC Wimbledon,1-3,1.0,3.0,2,initial,,,,,,MBi Shay Stadium,,,,
2018-12-01,2018,Lincoln City,Carlisle United,2-0,2.0,0.0,2,initial,,,,,,Sincil Bank,,,,
2018-12-01,2018,Maidstone United,Oldham Athletic,0-2,0.0,2.0,2,initial,,,,,,"Gallagher Stadium, Maidstone",,,,
2018-12-01,2018,Peterborough United,Bradford City,2-2,2.0,2.0,2,initial,,,,,,ABAX Stadium,,,,
2018-12-01,2018,Plymouth Argyle,Oxford United,1-2,1.0,2.0,2,initial,,,,,,Home Park,,,,
2018-12-01,2018,Southend United,Barnsley,2-4,2.0,4.0,2,initial,,,,,,Roots Hall,,,,
2018-12-01,2018,Walsall,Sunderland,1-1,1.0,1.0,2,initial,,,,,,Banks's Stadium,,,,
2018-12-01,2018,Wrexham,Newport County,0-0,0.0,0.0,2,initial,,,,,,"My Racecourse, Wrexham",,,,
2018-12-02,2018,Barnet,Stockport County,1-0,1.0,0.0,2,initial,,,,,,"The Hive, Edgware",,,,
2018-12-02,2018,Bury,Luton Town,0-1,0.0,1.0,2,initial,,,,,,Energy Check Stadium at Gigg Lane,,,,
2018-12-02,2018,Chesterfield,Grimsby Town,0-2,0.0,2.0,2,initial,,,,,,Proact Stadium,,,,
2018-12-02,2018,Rochdale,Portsmouth,0-1,0.0,1.0,2,initial,,,,,,Crown Oil Arena,,,,
2018-12-02,2018,Shrewsbury Town,Scunthorpe United,1-0,1.0,0.0,2,initial,,,,,,Montgomery Waters Meadow,,,,
2018-12-02,2018,Slough Town,Gillingham,0-1,0.0,1.0,2,initial,,,,,,"Arbour Park, Slough",,,,
2018-12-02,2018,Swindon Town,Woking,0-1,0.0,1.0,2,initial,,,,,,Energy Check County Ground,,,,
2018-12-02,2018,Tranmere Rovers,Southport,1-1,1.0,1.0,2,initial,,,,,,Prenton Park,,,,
2018-12-03,2018,Guiseley AFC,Fleetwood Town,1-2,1.0,2.0,2,initial,,,,,,"Nethermoor Park, Guiseley",,,,
2018-12-11,2018,Bradford City,Peterborough United,4-4,4.0,4.0,2,replay,yes,yes,2-3,2.0,3.0,Northern Commercials Stadium,,,,
2018-12-11,2018,Newport County,Wrexham,4-0,4.0,0.0,2,replay,,,,,,Rodney Parade,,,,
2018-12-11,2018,Sunderland,Walsall,0-1,0.0,1.0,2,replay,,,,,,Stadium of Light,,,,
2018-12-17,2018,Southport,Tranmere Rovers,0-2,0.0,2.0,2,replay,,,,,,"Merseyrail Community Stadium, Southport",,,,
2018-12-18,2018,Blackpool,Solihull,3-2,3.0,2.0,2,replay,yes,,,,,Bloomfield Road,,,,
2019-01-04,2018,Tranmere Rovers,Tottenham Hotspur,0-7,0.0,7.0,3,initial,,,,,,Prenton Park,"12,553",,,
2019-01-05,2018,Accrington Stanley,Ipswich Town,1-0,1.0,0.0,3,initial,,,,,,Wham Stadium,,,,
2019-01-05,2018,AFC Bournemouth,Brighton & Hove Albion,1-3,1.0,3.0,3,initial,,,,,,Vitality Stadium,"10,522",,,
2019-01-05,2018,Aston Villa,Swansea City,0-3,0.0,3.0,3,initial,,,,,,Villa Park,,,,
2019-01-05,2018,Blackpool,Arsenal,0-3,0.0,3.0,3,initial,,,,,,Bloomfield Road,"8,955",,,
2019-01-05,2018,Bolton Wanderers,Walsall,5-2,5.0,2.0,3,initial,,,,,,University of Bolton Stadium,,,,
2019-01-05,2018,Brentford,Oxford United,1-0,1.0,0.0,3,initial,,,,,,Griffin Park,,,,
2019-01-05,2018,Bristol City,Huddersfield Town,1-0,1.0,0.0,3,initial,,,,,,Ashton Gate,"12,178",,,
2019-01-05,2018,Burnley,Barnsley,1-0,1.0,0.0,3,initial,,,,,,Turf Moor,"11,053",,,
2019-01-05,2018,Chelsea,Nottingham Forest,2-0,2.0,0.0,3,initial,,,,,,Stamford Bridge,"40,544",,,
2019-01-05,2018,Crystal Palace,Grimsby Town,1-0,1.0,0.0,3,initial,,,,,,Selhurst Park,"19,967",,,
2019-01-05,2018,Derby County,Southampton,2-2,2.0,2.0,3,initial,,,,,,Pride Park,"17,095",,,
2019-01-05,2018,Everton,Lincoln City,2-1,2.0,1.0,3,initial,,,,,,Goodison Park,"37,900",,,
2019-01-05,2018,Fleetwood Town,AFC Wimbledon,2-3,2.0,3.0,3,initial,,,,,,"Highbury Stadium, Fleetwood",,,,
2019-01-05,2018,Gillingham,Cardiff City,1-0,1.0,0.0,3,initial,,,,,,Medway Priestfield Stadium,"7,090",,,
2019-01-05,2018,Manchester United,Reading,2-0,2.0,0.0,3,initial,,,,,,Old Trafford,"73,918",,,
2019-01-05,2018,Middlesbrough,Peterborough United,5-0,5.0,0.0,3,initial,,,,,,Riverside Stadium,,,,
2019-01-05,2018,Newcastle United,Blackburn Rovers,1-1,1.0,1.0,3,initial,,,,,,St James' Park,"36,440",,,
2019-01-05,2018,Norwich City,Portsmouth,0-1,0.0,1.0,3,initial,,,,,,Carrow Road,,,,
2019-01-05,2018,Sheffield Wednesday,Luton Town,0-0,0.0,0.0,3,initial,,,,,,Hillsborough,,,,
2019-01-05,2018,Shrewsbury Town,Stoke City,1-1,1.0,1.0,3,initial,,,,,,Montgomery Waters Meadow,,,,
2019-01-05,2018,West Bromwich Albion,Wigan Athletic,1-0,1.0,0.0,3,initial,,,,,,The Hawthorns,,,,
2019-01-05,2018,West Ham United,Birmingham City,2-0,2.0,0.0,3,initial,,,,,,London Stadium,"54,840",,,
2019-01-06,2018,Fulham,Oldham Athletic,1-2,1.0,2.0,3,initial,,,,,,Craven Cottage,"16,134",,,
2019-01-06,2018,Manchester City,Rotherham United,7-0,7.0,0.0,3,initial,,,,,,Etihad Stadium,"52,708",,,
2019-01-06,2018,Millwall,Hull City,2-1,2.0,1.0,3,initial,,,,,,The New Den,,,,
2019-01-06,2018,Newport County,Leicester City,2-1,2.0,1.0,3,initial,,,,,,Rodney Parade,"6,705",,,
2019-01-06,2018,Preston North End,Doncaster Rovers,1-3,1.0,3.0,3,initial,,,,,,Deepdale,,,,
2019-01-06,2018,Queens Park Rangers,Leeds United,2-1,2.0,1.0,3,initial,,,,,,Loftus Road,,,,
2019-01-06,2018,Sheffield United,Barnet,0-1,0.0,1.0,3,initial,,,,,,Bramall Lane,,,,
2019-01-06,2018,Woking,Watford,0-2,0.0,2.0,3,initial,,,,,,"Laithwaite Community Stadium, Woking","5,717",,,
2019-01-07,2018,Wolverhampton Wanderers,Liverpool,2-1,2.0,1.0,3,initial,,,,,,Molineux,"25,849",,,
2019-01-15,2018,Blackburn Rovers,Newcastle United,2-4,2.0,4.0,3,replay,yes,,,,,Ewood Park,"14,228",,,
2019-01-15,2018,Luton Town,Sheffield Wednesday,0-1,0.0,1.0,3,replay,,,,,,Kenilworth Road,,,,
2019-01-15,2018,Stoke City,Shrewsbury Town,2-3,2.0,3.0,3,replay,,,,,,bet365 Stadium,,,,
2019-01-16,2018,Southampton,Derby County,2-2,2.0,2.0,3,replay,yes,yes,3-5,3.0,5.0,St Mary's Stadium,"14,651",,,
2019-01-25,2018,Arsenal,Manchester United,1-3,1.0,3.0,4,initial,,,,,,Emirates Stadium,"59,571",,,
2019-01-25,2018,Bristol City,Bolton Wanderers,2-1,2.0,1.0,4,initial,,,,,,Ashton Gate,,,,
2019-01-26,2018,Accrington Stanley,Derby County,0-1,0.0,1.0,4,initial,,,,,,Wham Stadium,,,,
2019-01-26,2018,AFC Wimbledon,West Ham United,4-2,4.0,2.0,4,initial,,,,,,Cherry Red Records Fans Stadium,"4,777",,,
2019-01-26,2018,Brighton & Hove Albion,West Bromwich Albion,0-0,0.0,0.0,4,initial,,,,,,AMEX Stadium,"20,001",,,
2019-01-26,2018,Doncaster Rovers,Oldham Athletic,2-1,2.0,1.0,4,initial,,,,,,Keepmoat Stadium,,,,
2019-01-26,2018,Manchester City,Burnley,5-0,5.0,0.0,4,initial,,,,,,Etihad Stadium,"50,121",,,
2019-01-26,2018,Middlesbrough,Newport County,1-1,1.0,1.0,4,initial,,,,,,Riverside Stadium,,,,
2019-01-26,2018,Millwall,Everton,3-2,3.0,2.0,4,initial,,,,,,The New Den,"16,354",,,
2019-01-26,2018,Newcastle United,Watford,0-2,0.0,2.0,4,initial,,,,,,St James' Park,"34,604",,,
2019-01-26,2018,Portsmouth,Queens Park Rangers,1-1,1.0,1.0,4,initial,,,,,,Fratton Park,,,,
2019-01-26,2018,Shrewsbury Town,Wolverhampton Wanderers,2-2,2.0,2.0,4,initial,,,,,,Montgomery Waters Meadow,"9,503",,,
2019-01-26,2018,Swansea City,Gillingham,4-1,4.0,1.0,4,initial,,,,,,Liberty Stadium,,,,
2019-01-27,2018,Chelsea,Sheffield Wednesday,3-0,3.0,0.0,4,initial,,,,,,Stamford Bridge,"37,433",,,
2019-01-27,2018,Crystal Palace,Tottenham Hotspur,2-0,2.0,0.0,4,initial,,,,,,Selhurst Park,"19,491",,,
2019-01-28,2018,Barnet,Brentford,3-3,3.0,3.0,4,initial,,,,,,"The Hive, Edgware",,,,
2019-02-05,2018,Brentford,Barnet,3-1,3.0,1.0,4,replay,,,,,,Griffin Park,,,,
2019-02-05,2018,Newport County,Middlesbrough,2-0,2.0,0.0,4,replay,,,,,,Rodney Parade,,,,
2019-02-05,2018,Queens Park Rangers,Portsmouth,2-0,2.0,0.0,4,replay,,,,,,Loftus Road,,,,
2019-02-05,2018,Wolverhampton Wanderers,Shrewsbury Town,3-2,3.0,2.0,4,replay,,,,,,Molineux,"28,844",,,
2019-02-06,2018,West Bromwich Albion,Brighton & Hove Albion,1-3,1.0,3.0,4,replay,yes,,,,,The Hawthorns,"8,645",,,
2019-02-15,2018,Queens Park Rangers,Watford,0-1,0.0,1.0,5,initial,,,,,,Loftus Road,"17,212",,,
2019-02-16,2018,AFC Wimbledon,Millwall,0-1,0.0,1.0,5,initial,,,,,,Cherry Red Records Fans Stadium,,,,
2019-02-16,2018,Brighton & Hove Albion,Derby County,2-1,2.0,1.0,5,initial,,,,,,AMEX Stadium,"24,562",,,
2019-02-16,2018,Newport County,Manchester City,1-4,1.0,4.0,5,initial,,,,,,Rodney Parade,"9,680",,,
2019-02-17,2018,Bristol City,Wolverhampton Wanderers,0-1,0.0,1.0,5,initial,,,,,,Ashton Gate,"24,394",,,
2019-02-17,2018,Doncaster Rovers,Crystal Palace,0-2,0.0,2.0,5,initial,,,,,,Keepmoat Stadium,"14,010",,,
2019-02-17,2018,Swansea City,Brentford,4-1,4.0,1.0,5,initial,,,,,,Liberty Stadium,,,,
2019-02-18,2018,Chelsea,Manchester United,0-2,0.0,2.0,5,initial,,,,,,Stamford Bridge,"40,562",,,
2019-03-16,2018,Swansea City,Manchester City,2-3,2.0,3.0,Quarter-final,initial,,,,,,Liberty Stadium,"20,498",,,
2019-03-16,2018,Watford,Crystal Palace,2-1,2.0,1.0,Quarter-final,initial,,,,,,Vicarage Road,"18,104",,,
2019-03-16,2018,Wolverhampton Wanderers,Manchester United,2-0,2.0,0.0,Quarter-final,initial,,,,,,Molineux,"31,004",,,
2019-03-17,2018,Millwall,Brighton & Hove Albion,2-2,2.0,2.0,Quarter-final,initial,yes,yes,4-5,4.0,5.0,The New Den,"17,137",,,
2019-04-06,2018,Manchester City,Brighton & Hove Albion,1-0,1.0,0.0,Semi-final,initial,,,,,,Wembley Stadium,"71,521",,,yes
2019-04-07,2018,Watford,Wolverhampton Wanderers,3-2,3.0,2.0,Semi-final,initial,yes,,,,,Wembley Stadium,"80,092",,,yes
2019-05-18,2018,Manchester City,Watford,6-0,6.0,0.0,Final,initial,,,,,,Wembley Stadium,"85,854",,,yes
