Date,Season,home,visitor,FT,hgoal,vgoal,round,tie,leg,aet,pens,Venue,attendance,northsouth
1999-08-10,1999,AFC Bournemouth,Barnet,2-0,2,0,1,initial,1,,,,,
1999-08-10,1999,Birmingham City,Exeter City,3-0,3,0,1,initial,1,,,,,
1999-08-10,1999,Blackpool,Tranmere Rovers,2-1,2,1,1,initial,1,,,,,
1999-08-11,1999,Brentford,Ipswich Town,0-2,0,2,1,initial,1,,,,,
1999-08-10,1999,Brighton and Hove Albion,Gillingham,0-2,0,2,1,initial,1,,,,,
1999-08-10,1999,Bury,Notts County,1-0,1,0,1,initial,1,,,,,
1999-08-10,1999,Cambridge United,Bristol City,2-2,2,2,1,initial,1,,,,,
1999-08-10,1999,Cardiff City,Queens Park Rangers,1-2,1,2,1,initial,1,,,,,
1999-08-10,1999,Carlisle United,Grimsby Town,0-0,0,0,1,initial,1,,,,,
1999-08-10,1999,Chester,Port Vale,2-1,2,1,1,initial,1,,,,,
1999-08-10,1999,Colchester United,Crystal Palace,2-2,2,2,1,initial,1,,,,,
1999-08-10,1999,Darlington,Bolton Wanderers,1-1,1,1,1,initial,1,,,,,
1999-08-10,1999,Halifax Town,West Bromwich Albion,0-0,0,0,1,initial,1,,,,,
1999-08-10,1999,Hartlepool United,Crewe Alexandra,3-3,3,3,1,initial,1,,,,,
1999-08-10,1999,Lincoln City,Barnsley,2-4,2,4,1,initial,1,,,,,
1999-08-10,1999,Luton Town,Bristol Rovers,0-2,0,2,1,initial,1,,,,,
1999-08-10,1999,Macclesfield Town,Stoke City,1-1,1,1,1,initial,1,,,,,
1999-08-11,1999,Manchester City,Burnley,5-0,5,0,1,initial,1,,,,,
1999-08-10,1999,Northampton Town,Fulham,1-2,1,2,1,initial,1,,,,,
1999-08-10,1999,Norwich City,Cheltenham Town,2-0,2,0,1,initial,1,,,,,
1999-08-11,1999,Nottingham Forest,Mansfield Town,3-0,3,0,1,initial,1,,,,,
1999-08-10,1999,Preston North End,Wrexham,1-0,1,0,1,initial,1,,,,,
1999-08-11,1999,Reading,Peterborough United,0-0,0,0,1,initial,1,,,,,
1999-08-10,1999,Rochdale,Chesterfield,1-2,1,2,1,initial,1,,,,,
1999-08-10,1999,Rotherham United,Hull City,0-1,0,1,1,initial,1,,,,,
1999-08-10,1999,Scunthorpe United,Huddersfield Town,0-2,0,2,1,initial,1,,,,,
1999-08-10,1999,Sheffield United,Shrewsbury Town,3-0,3,0,1,initial,1,,,,,
1999-08-10,1999,Southend United,Oxford United,0-2,0,2,1,initial,1,,,,,
1999-08-10,1999,Stockport County,Oldham Athletic,2-0,2,0,1,initial,1,,,,,
1999-08-11,1999,Swansea City,Millwall,2-0,2,0,1,initial,1,,,,,
1999-08-10,1999,Swindon Town,Leyton Orient,0-1,0,1,1,initial,1,,,,,
1999-08-17,1999,Torquay United,Portsmouth,0-0,0,0,1,initial,1,,,,,
1999-08-10,1999,Walsall,Plymouth Argyle,4-1,4,1,1,initial,1,,,,,
1999-08-10,1999,Wycombe Wanderers,Wolverhampton Wanderers,0-1,0,1,1,initial,1,,,,,
1999-08-10,1999,York City,Wigan Athletic,0-1,0,1,1,initial,1,,,,,
1999-08-24,1999,Barnet,AFC Bournemouth,3-2,3,2,1,initial,2,,,,,
1999-08-24,1999,Barnsley,Lincoln City,2-2,2,2,1,initial,2,,,,,
1999-08-24,1999,Bolton Wanderers,Darlington,5-3,5,3,1,initial,2,,,,,
1999-08-24,1999,Bristol City,Cambridge United,2-1,2,1,1,initial,2,,,,,
1999-08-25,1999,Bristol Rovers,Luton Town,2-2,2,2,1,initial,2,,,,,
1999-08-24,1999,Burnley,Manchester City,0-1,0,1,1,initial,2,,,,,
1999-08-24,1999,Cheltenham Town,Norwich City,2-1,2,1,1,initial,2,,,,,
1999-08-24,1999,Chesterfield,Rochdale,2-1,2,1,1,initial,2,,,,,
1999-08-24,1999,Crewe Alexandra,Hartlepool United,1-0,1,0,1,initial,2,,,,,
1999-08-24,1999,Crystal Palace,Colchester United,3-1,3,1,1,initial,2,,,,,
1999-08-24,1999,Exeter City,Birmingham City,1-2,1,2,1,initial,2,,,,,
1999-08-24,1999,Fulham,Northampton Town,3-1,3,1,1,initial,2,,,,,
1999-08-24,1999,Gillingham,Brighton and Hove Albion,2-0,2,0,1,initial,2,,,,,
1999-08-24,1999,Grimsby Town,Carlisle United,6-0,6,0,1,initial,2,,,,,
1999-08-24,1999,Huddersfield Town,Scunthorpe United,0-0,0,0,1,initial,2,,,,,
1999-08-24,1999,Hull City,Rotherham United,2-0,2,0,1,initial,2,,,,,
1999-08-24,1999,Ipswich Town,Brentford,2-0,2,0,1,initial,2,,,,,
1999-08-24,1999,Leyton Orient,Swindon Town,1-1,1,1,1,initial,2,,,,,
1999-08-24,1999,Mansfield Town,Nottingham Forest,1-0,1,0,1,initial,2,,,,,
1999-08-24,1999,Millwall,Swansea City,1-1,1,1,1,initial,2,,,,,
1999-08-24,1999,Notts County,Bury,2-0,2,0,1,initial,2,,,,,
1999-08-24,1999,Oldham Athletic,Stockport County,1-1,1,1,1,initial,2,,,,,
1999-08-24,1999,Oxford United,Southend United,1-0,1,0,1,initial,2,,,,,
1999-08-24,1999,Peterborough United,Reading,1-2,1,2,1,initial,2,,,,,
1999-08-24,1999,Plymouth Argyle,Walsall,1-4,1,4,1,initial,2,,,,,
1999-08-24,1999,Port Vale,Chester,4-4,4,4,1,initial,2,,,,,
1999-08-24,1999,Portsmouth,Torquay United,3-0,3,0,1,initial,2,,,,,
1999-08-25,1999,Queens Park Rangers,Cardiff City,1-2,1,2,1,initial,2,,,,,
1999-08-24,1999,Shrewsbury Town,Sheffield United,0-3,0,3,1,initial,2,,,,,
1999-08-25,1999,Stoke City,Macclesfield Town,3-0,3,0,1,initial,2,,,,,
1999-08-24,1999,Tranmere Rovers,Blackpool,3-1,3,1,1,initial,2,,,,,
1999-08-24,1999,West Bromwich Albion,Halifax Town,5-1,5,1,1,initial,2,,,,,
1999-08-24,1999,Wigan Athletic,York City,2-1,2,1,1,initial,2,,,,,
1999-08-24,1999,Wolverhampton Wanderers,Wycombe Wanderers,2-4,2,4,1,initial,2,,,,,
1999-08-24,1999,Wrexham,Preston North End,0-2,0,2,1,initial,2,,,,,
1999-09-14,1999,Barnsley,Stockport County,1-1,1,1,2,initial,1,,,,,
1999-09-14,1999,Birmingham City,Bristol Rovers,2-0,2,0,2,initial,1,,,,,
1999-09-14,1999,Bradford City,Reading,1-1,1,1,2,initial,1,,,,,
1999-09-14,1999,Cardiff City,Wimbledon,1-1,1,1,2,initial,1,,,,,
1999-09-14,1999,Charlton Athletic,AFC Bournemouth,0-0,0,0,2,initial,1,,,,,
1999-09-14,1999,Chester,Aston Villa,0-1,0,1,2,initial,1,,,,,
1999-09-14,1999,Chesterfield,Middlesbrough,0-0,0,0,2,initial,1,,,,,
1999-09-14,1999,Crewe Alexandra,Ipswich Town,2-1,2,1,2,initial,1,,,,,
1999-09-14,1999,Crystal Palace,Leicester City,3-3,3,3,2,initial,1,,,,,
1999-09-14,1999,Gillingham,Bolton Wanderers,1-4,1,4,2,initial,1,,,,,
1999-09-14,1999,Grimsby Town,Leyton Orient,4-1,4,1,2,initial,1,,,,,
1999-09-14,1999,Huddersfield Town,Notts County,2-1,2,1,2,initial,1,,,,,
1999-09-14,1999,Hull City,Liverpool,1-5,1,5,2,initial,1,,,,,
1999-09-15,1999,Manchester City,Southampton,0-0,0,0,2,initial,1,,,,,
1999-09-14,1999,Norwich City,Fulham,0-4,0,4,2,initial,1,,,,,
1999-09-15,1999,Nottingham Forest,Bristol City,2-1,2,1,2,initial,1,,,,,
1999-09-14,1999,Oxford United,Everton,1-1,1,1,2,initial,1,,,,,
1999-09-14,1999,Portsmouth,Blackburn Rovers,0-3,0,3,2,initial,1,,,,,
1999-09-14,1999,Sheffield United,Preston North End,2-0,2,0,2,initial,1,,,,,
1999-09-14,1999,Stoke City,Sheffield Wednesday,0-0,0,0,2,initial,1,,,,,
1999-09-14,1999,Sunderland,Walsall,3-2,3,2,2,initial,1,,,,,
1999-09-14,1999,Swansea City,Derby County,0-0,0,0,2,initial,1,,,,,
1999-09-14,1999,Tranmere Rovers,Coventry City,5-1,5,1,2,initial,1,,,,,
1999-09-14,1999,Watford,Wigan Athletic,2-0,2,0,2,initial,1,,,,,
1999-09-14,1999,West Bromwich Albion,Wycombe Wanderers,1-1,1,1,2,initial,1,,,,,
1999-09-21,1999,AFC Bournemouth,Charlton Athletic,0-0,0,0,2,initial,2,,,,,
1999-09-21,1999,Aston Villa,Chester,5-0,5,0,2,initial,2,,,,,
1999-09-22,1999,Blackburn Rovers,Portsmouth,3-1,3,1,2,initial,2,,,,,
1999-09-21,1999,Bolton Wanderers,Gillingham,2-0,2,0,2,initial,2,,,,,
1999-09-22,1999,Bristol City,Nottingham Forest,0-0,0,0,2,initial,2,,,,,
1999-09-21,1999,Bristol Rovers,Birmingham City,0-1,0,1,2,initial,2,,,,,
1999-09-22,1999,Coventry City,Tranmere Rovers,3-1,3,1,2,initial,2,,,,,
1999-09-22,1999,Derby County,Swansea City,3-1,3,1,2,initial,2,,,,,
1999-09-22,1999,Everton,Oxford United,0-1,0,1,2,initial,2,,,,,
1999-09-21,1999,Fulham,Norwich City,2-0,2,0,2,initial,2,,,,,
1999-09-21,1999,Ipswich Town,Crewe Alexandra,1-1,1,1,2,initial,2,,,,,
1999-09-22,1999,Leicester City,Crystal Palace,4-2,4,2,2,initial,2,,,,,
1999-09-21,1999,Leyton Orient,Grimsby Town,1-0,1,0,2,initial,2,,,,,
1999-09-21,1999,Liverpool,Hull City,4-2,4,2,2,initial,2,,,,,
1999-09-21,1999,Middlesbrough,Chesterfield,2-1,2,1,2,initial,2,,,,,
1999-09-21,1999,Notts County,Huddersfield Town,2-2,2,2,2,initial,2,,,,,
1999-09-21,1999,Preston North End,Sheffield United,3-0,3,0,2,initial,2,,,,,
1999-09-22,1999,Reading,Bradford City,2-2,2,2,2,initial,2,,,,,
1999-09-22,1999,Sheffield Wednesday,Stoke City,3-1,3,1,2,initial,2,,,,,
1999-09-21,1999,Southampton,Manchester City,4-3,4,3,2,initial,2,,,,,
1999-09-21,1999,Stockport County,Barnsley,3-3,3,3,2,initial,2,,,,,
1999-09-21,1999,Walsall,Sunderland,0-5,0,5,2,initial,2,,,,,
1999-09-21,1999,Wigan Athletic,Watford,3-1,3,1,2,initial,2,,,,,
1999-09-21,1999,Wimbledon,Cardiff City,3-1,3,1,2,initial,2,,,,,
1999-09-21,1999,Wycombe Wanderers,West Bromwich Albion,3-4,3,4,2,initial,2,,,,,
1999-10-12,1999,Arsenal,Preston North End,2-1,2,1,3,initial,0,,,,,
1999-10-13,1999,Aston Villa,Manchester United,3-0,3,0,3,initial,0,,,,,
1999-10-12,1999,Birmingham City,Newcastle United,2-0,2,0,3,initial,0,,,,,
1999-10-12,1999,Bradford City,Barnsley,2-3,2,3,3,initial,0,,,,,
1999-10-13,1999,Chelsea,Huddersfield Town,0-1,0,1,3,initial,0,,,,,
1999-10-13,1999,Derby County,Bolton Wanderers,1-2,1,2,3,initial,0,,,,,
1999-10-13,1999,Leeds United,Blackburn Rovers,1-0,1,0,3,initial,0,,,,,
1999-10-13,1999,Leicester City,Grimsby Town,2-0,2,0,3,initial,0,,,,,
1999-10-13,1999,Middlesbrough,Watford,1-0,1,0,3,initial,0,,,,,
1999-10-13,1999,Sheffield Wednesday,Nottingham Forest,4-1,4,1,3,initial,0,,,,,
1999-10-13,1999,Southampton,Liverpool,2-1,2,1,3,initial,0,,,,,
1999-10-13,1999,Tottenham Hotspur,Crewe Alexandra,3-1,3,1,3,initial,0,,,,,
1999-10-12,1999,Tranmere Rovers,Oxford United,2-0,2,0,3,initial,0,,,,,
1999-10-12,1999,West Bromwich Albion,Fulham,1-2,1,2,3,initial,0,,,,,
1999-10-13,1999,West Ham United,AFC Bournemouth,2-0,2,0,3,initial,0,,,,,
1999-10-12,1999,Wimbledon,Sunderland,1-1,1,1,3,initial,0,,,,,
1999-12-01,1999,Aston Villa,Southampton,4-0,4,0,4,initial,0,,,,,
1999-11-30,1999,Birmingham City,West Ham United,2-3,2,3,4,initial,0,,,,,
1999-11-30,1999,Bolton Wanderers,Sheffield Wednesday,1-0,1,0,4,initial,0,,,,,
1999-12-01,1999,Fulham,Tottenham Hotspur,3-1,3,1,4,initial,0,,,,,
1999-11-30,1999,Huddersfield Town,Wimbledon,1-2,1,2,4,initial,0,,,,,
1999-12-15,1999,Leicester City,Leeds United,0-0,0,0,4,initial,0,,,,,
1999-11-30,1999,Middlesbrough,Arsenal,2-2,2,2,4,initial,0,,,,,
1999-11-30,1999,Tranmere Rovers,Barnsley,4-0,4,0,4,initial,0,,,,,
1999-12-14,1999,Bolton Wanderers,Wimbledon,2-1,2,1,5,initial,0,,,,,
2000-01-12,1999,Leicester City,Fulham,3-3,3,3,5,initial,0,,,,,
1999-12-14,1999,Tranmere Rovers,Middlesbrough,2-1,2,1,5,initial,0,,,,,
1999-12-15,1999,West Ham United,Aston Villa,2-2,2,2,5,initial,0,,,,,
2000-01-11,1999,West Ham United,Aston Villa,1-3,1,3,5,replay1,0,,,,,
2000-02-27,1999,Leicester City,Tranmere Rovers,2-1,2,1,final,initial,0,,,Wembley Stadium,74313.0,
2000-01-25,1999,Aston Villa,Leicester City,0-0,0,0,semi,initial,1,,,,,
2000-01-12,1999,Bolton Wanderers,Tranmere Rovers,0-1,0,1,semi,initial,1,,,,,
2000-02-02,1999,Leicester City,Aston Villa,1-0,1,0,semi,initial,2,,,,,
2000-01-26,1999,Tranmere Rovers,Bolton Wanderers,3-0,3,0,semi,initial,2,,,,,
2000-08-22,2000,Barnet,Wycombe Wanderers,2-1,2,1,1,initial,1,,,,,
2000-08-22,2000,Bolton Wanderers,Macclesfield Town,1-0,1,0,1,initial,1,,,,,
2000-08-22,2000,Brighton and Hove Albion,Millwall,1-2,1,2,1,initial,1,,,,,
2000-08-22,2000,Bristol City,Brentford,2-2,2,2,1,initial,1,,,,,
2000-08-22,2000,Burnley,Hartlepool United,4-1,4,1,1,initial,1,,,,,
2000-08-22,2000,Cambridge United,Portsmouth,0-0,0,0,1,initial,1,,,,,
2000-08-23,2000,Colchester United,Queens Park Rangers,0-1,0,1,1,initial,1,,,,,
2000-08-22,2000,Crewe Alexandra,Bury,2-2,2,2,1,initial,1,,,,,
2000-08-23,2000,Crystal Palace,Cardiff City,2-1,2,1,1,initial,1,,,,,
2000-08-22,2000,Darlington,Nottingham Forest,2-2,2,2,1,initial,1,,,,,
2000-08-22,2000,Gillingham,Torquay United,2-0,2,0,1,initial,1,,,,,
2000-08-22,2000,Grimsby Town,Carlisle United,2-0,2,0,1,initial,1,,,,,
2000-08-22,2000,Hull City,Notts County,1-0,1,0,1,initial,1,,,,,
2000-08-22,2000,Leyton Orient,Reading,1-1,1,1,1,initial,1,,,,,
2000-08-22,2000,Luton Town,Peterborough United,0-0,0,0,1,initial,1,,,,,
2000-08-22,2000,Mansfield Town,Wrexham,0-1,0,1,1,initial,1,,,,,
2000-08-22,2000,Northampton Town,Fulham,1-0,1,0,1,initial,1,,,,,
2000-08-22,2000,Norwich City,AFC Bournemouth,0-0,0,0,1,initial,1,,,,,
2000-08-22,2000,Oldham Athletic,Huddersfield Town,1-0,1,0,1,initial,1,,,,,
2000-08-23,2000,Plymouth Argyle,Bristol Rovers,1-2,1,2,1,initial,1,,,,,
2000-08-22,2000,Port Vale,Chesterfield,1-2,1,2,1,initial,1,,,,,
2000-08-22,2000,Rochdale,Blackburn Rovers,1-1,1,1,1,initial,1,,,,,
2000-08-22,2000,Rotherham United,Barnsley,0-1,0,1,1,initial,1,,,,,
2000-08-22,2000,Sheffield United,Lincoln City,6-1,6,1,1,initial,1,,,,,
2000-08-22,2000,Shrewsbury Town,Preston North End,1-0,1,0,1,initial,1,,,,,
2000-08-22,2000,Southend United,Birmingham City,0-5,0,5,1,initial,1,,,,,
2000-08-22,2000,Stockport County,Blackpool,0-1,0,1,1,initial,1,,,,,
2000-08-22,2000,Swansea City,West Bromwich Albion,0-0,0,0,1,initial,1,,,,,
2000-08-22,2000,Swindon Town,Exeter City,1-1,1,1,1,initial,1,,,,,
2000-08-22,2000,Tranmere Rovers,Halifax Town,3-0,3,0,1,initial,1,,,,,
2000-08-22,2000,Walsall,Kidderminster Harriers,1-1,1,1,1,initial,1,,,,,
2000-08-22,2000,Watford,Cheltenham Town,0-0,0,0,1,initial,1,,,,,
2000-08-22,2000,Wigan Athletic,Scunthorpe United,1-0,1,0,1,initial,1,,,,,
2000-08-22,2000,Wolverhampton Wanderers,Oxford United,0-1,0,1,1,initial,1,,,,,
2000-08-22,2000,York City,Stoke City,1-5,1,5,1,initial,1,,,,,
2000-09-05,2000,AFC Bournemouth,Norwich City,1-2,1,2,1,initial,2,,,,,
2000-09-05,2000,Barnsley,Rotherham United,3-2,3,2,1,initial,2,,,,,
2000-09-05,2000,Birmingham City,Southend United,0-0,0,0,1,initial,2,,,,,
2000-09-06,2000,Blackburn Rovers,Rochdale,6-1,6,1,1,initial,2,,,,,
2000-09-05,2000,Blackpool,Stockport County,3-2,3,2,1,initial,2,,,,,
2000-09-05,2000,Brentford,Bristol City,2-1,2,1,1,initial,2,,,,,
2000-09-05,2000,Bristol Rovers,Plymouth Argyle,1-1,1,1,1,initial,2,,,,,
2000-09-05,2000,Bury,Crewe Alexandra,1-2,1,2,1,initial,2,,,,,
2000-09-05,2000,Cardiff City,Crystal Palace,0-0,0,0,1,initial,2,,,,,
2000-09-05,2000,Carlisle United,Grimsby Town,1-1,1,1,1,initial,2,,,,,
2000-09-05,2000,Cheltenham Town,Watford,0-3,0,3,1,initial,2,,,,,
2000-09-05,2000,Chesterfield,Port Vale,2-2,2,2,1,initial,2,,,,,
2000-09-05,2000,Exeter City,Swindon Town,1-2,1,2,1,initial,2,,,,,
2000-09-05,2000,Fulham,Northampton Town,4-1,4,1,1,initial,2,,,,,
2000-09-06,2000,Halifax Town,Tranmere Rovers,1-2,1,2,1,initial,2,,,,,
2000-09-05,2000,Hartlepool United,Burnley,3-2,3,2,1,initial,2,,,,,
2000-09-05,2000,Huddersfield Town,Oldham Athletic,0-2,0,2,1,initial,2,,,,,
2000-09-05,2000,Kidderminster Harriers,Walsall,0-1,0,1,1,initial,2,,,,,
2000-09-05,2000,Lincoln City,Sheffield United,1-0,1,0,1,initial,2,,,,,
2000-09-05,2000,Macclesfield Town,Bolton Wanderers,3-1,3,1,1,initial,2,,,,,
2000-09-05,2000,Millwall,Brighton and Hove Albion,1-1,1,1,1,initial,2,,,,,
2000-09-06,2000,Nottingham Forest,Darlington,1-2,1,2,1,initial,2,,,,,
2000-09-05,2000,Notts County,Hull City,2-0,2,0,1,initial,2,,,,,
2000-09-05,2000,Oxford United,Wolverhampton Wanderers,1-3,1,3,1,initial,2,,,,,
2000-09-05,2000,Peterborough United,Luton Town,2-2,2,2,1,initial,2,,,,,
2000-09-05,2000,Portsmouth,Cambridge United,1-0,1,0,1,initial,2,,,,,
2000-09-05,2000,Preston North End,Shrewsbury Town,4-1,4,1,1,initial,2,,,,,
2000-09-06,2000,Queens Park Rangers,Colchester United,1-4,1,4,1,initial,2,,,,,
2000-09-05,2000,Reading,Leyton Orient,0-2,0,2,1,initial,2,,,,,
2000-09-05,2000,Scunthorpe United,Wigan Athletic,1-4,1,4,1,initial,2,,,,,
2000-09-06,2000,Stoke City,York City,0-0,0,0,1,initial,2,,,,,
2000-09-05,2000,Torquay United,Gillingham,3-2,3,2,1,initial,2,,,,,
2000-09-06,2000,West Bromwich Albion,Swansea City,2-1,2,1,1,initial,2,,,,,
2000-09-05,2000,Wrexham,Mansfield Town,0-3,0,3,1,initial,2,,,,,
2000-09-05,2000,Wycombe Wanderers,Barnet,3-1,3,1,1,initial,2,,,,,
2000-09-19,2000,Barnsley,Crewe Alexandra,4-0,4,0,2,initial,1,,,,,
2000-09-19,2000,Blackburn Rovers,Portsmouth,4-0,4,0,2,initial,1,,,,,
2000-09-19,2000,Brentford,Tottenham Hotspur,0-0,0,0,2,initial,1,,,,,
2000-09-19,2000,Burnley,Crystal Palace,2-2,2,2,2,initial,1,,,,,
2000-09-19,2000,Chesterfield,Fulham,1-0,1,0,2,initial,1,,,,,
2000-09-19,2000,Darlington,Bradford City,0-1,0,1,2,initial,1,,,,,
2000-09-19,2000,Derby County,West Bromwich Albion,1-2,1,2,2,initial,1,,,,,
2000-09-20,2000,Everton,Bristol Rovers,1-1,1,1,2,initial,1,,,,,
2000-09-26,2000,Grimsby Town,Wolverhampton Wanderers,3-2,3,2,2,initial,1,,,,,
2000-09-20,2000,Manchester City,Gillingham,1-1,1,1,2,initial,1,,,,,
2000-09-19,2000,Middlesbrough,Macclesfield Town,2-1,2,1,2,initial,1,,,,,
2000-09-19,2000,Millwall,Ipswich Town,2-0,2,0,2,initial,1,,,,,
2000-09-20,2000,Newcastle United,Leyton Orient,2-0,2,0,2,initial,1,,,,,
2000-09-19,2000,Norwich City,Blackpool,3-3,3,3,2,initial,1,,,,,
2000-09-19,2000,Notts County,Watford,1-3,1,3,2,initial,1,,,,,
2000-09-19,2000,Oldham Athletic,Sheffield Wednesday,1-3,1,3,2,initial,1,,,,,
2000-09-19,2000,Preston North End,Coventry City,1-3,1,3,2,initial,1,,,,,
2000-09-19,2000,Sheffield United,Colchester United,3-0,3,0,2,initial,1,,,,,
2000-09-20,2000,Southampton,Mansfield Town,2-1,2,1,2,initial,1,,,,,
2000-09-20,2000,Stoke City,Charlton Athletic,2-1,2,1,2,initial,1,,,,,
2000-09-19,2000,Sunderland,Luton Town,3-0,3,0,2,initial,1,,,,,
2000-09-19,2000,Tranmere Rovers,Swindon Town,1-1,1,1,2,initial,1,,,,,
2000-09-19,2000,Walsall,West Ham United,0-1,0,1,2,initial,1,,,,,
2000-09-19,2000,Wimbledon,Wigan Athletic,0-0,0,0,2,initial,1,,,,,
2000-09-19,2000,Wycombe Wanderers,Birmingham City,3-4,3,4,2,initial,1,,,,,
2000-09-26,2000,Birmingham City,Wycombe Wanderers,1-0,1,0,2,initial,2,,,,,
2000-09-26,2000,Blackpool,Norwich City,0-5,0,5,2,initial,2,,,,,
2000-09-25,2000,Bradford City,Darlington,7-2,7,2,2,initial,2,,,,,
2000-09-27,2000,Bristol Rovers,Everton,1-1,1,1,2,initial,2,,,,,
2000-09-26,2000,Charlton Athletic,Stoke City,4-3,4,3,2,initial,2,,,,,
2000-09-27,2000,Colchester United,Sheffield United,0-1,0,1,2,initial,2,,,,,
2000-09-27,2000,Coventry City,Preston North End,4-1,4,1,2,initial,2,,,,,
2000-09-26,2000,Crewe Alexandra,Barnsley,0-3,0,3,2,initial,2,,,,,
2000-09-26,2000,Crystal Palace,Burnley,1-1,1,1,2,initial,2,,,,,
2000-09-27,2000,Fulham,Chesterfield,4-0,4,0,2,initial,2,,,,,
2000-09-26,2000,Gillingham,Manchester City,2-4,2,4,2,initial,2,,,,,
2000-09-26,2000,Ipswich Town,Millwall,5-0,5,0,2,initial,2,,,,,
2000-09-26,2000,Leyton Orient,Newcastle United,1-1,1,1,2,initial,2,,,,,
2000-09-26,2000,Luton Town,Sunderland,1-2,1,2,2,initial,2,,,,,
2000-09-26,2000,Macclesfield Town,Middlesbrough,1-3,1,3,2,initial,2,,,,,
2000-09-26,2000,Mansfield Town,Southampton,1-3,1,3,2,initial,2,,,,,
2000-09-26,2000,Portsmouth,Blackburn Rovers,1-1,1,1,2,initial,2,,,,,
2000-09-27,2000,Sheffield Wednesday,Oldham Athletic,5-1,5,1,2,initial,2,,,,,
2000-09-26,2000,Swindon Town,Tranmere Rovers,0-1,0,1,2,initial,2,,,,,
2000-09-26,2000,Tottenham Hotspur,Brentford,2-0,2,0,2,initial,2,,,,,
2000-09-26,2000,Watford,Notts County,0-2,0,2,2,initial,2,,,,,
2000-09-26,2000,West Bromwich Albion,Derby County,2-4,2,4,2,initial,2,,,,,
2000-09-27,2000,West Ham United,Walsall,1-1,1,1,2,initial,2,,,,,
2000-09-26,2000,Wigan Athletic,Wimbledon,1-2,1,2,2,initial,2,,,,,
2000-09-26,2000,Wolverhampton Wanderers,Grimsby Town,2-0,2,0,2,initial,2,,,,,
2000-11-01,2000,Arsenal,Ipswich Town,1-2,1,2,3,initial,0,,,,,
2000-11-01,2000,Aston Villa,Manchester City,0-1,0,1,3,initial,0,,,,,
2000-10-31,2000,Bristol Rovers,Sunderland,1-2,1,2,3,initial,0,,,,,
2000-11-01,2000,Derby County,Norwich City,3-0,3,0,3,initial,0,,,,,
2000-11-01,2000,Fulham,Wolverhampton Wanderers,3-2,3,2,3,initial,0,,,,,
2000-11-01,2000,Leicester City,Crystal Palace,0-3,0,3,3,initial,0,,,,,
2000-11-01,2000,Liverpool,Chelsea,1-1,1,1,3,initial,0,,,,,
2000-11-01,2000,Newcastle United,Bradford City,4-3,4,3,3,initial,0,,,,,
2000-11-01,2000,Sheffield Wednesday,Sheffield United,1-1,1,1,3,initial,0,,,,,
2000-11-01,2000,Southampton,Coventry City,0-1,0,1,3,initial,0,,,,,
2000-11-01,2000,Stoke City,Barnsley,3-2,3,2,3,initial,0,,,,,
2000-10-31,2000,Tottenham Hotspur,Birmingham City,1-3,1,3,3,initial,0,,,,,
2000-10-31,2000,Tranmere Rovers,Leeds United,3-2,3,2,3,initial,0,,,,,
2000-10-31,2000,Watford,Manchester United,0-3,0,3,3,initial,0,,,,,
2000-10-31,2000,West Ham United,Blackburn Rovers,2-0,2,0,3,initial,0,,,,,
2000-10-31,2000,Wimbledon,Middlesbrough,1-0,1,0,3,initial,0,,,,,
2000-11-29,2000,Birmingham City,Newcastle United,2-1,2,1,4,initial,0,,,,,
2000-11-28,2000,Crystal Palace,Tranmere Rovers,0-0,0,0,4,initial,0,,,,,
2000-11-29,2000,Fulham,Derby County,3-2,3,2,4,initial,0,,,,,
2000-11-28,2000,Ipswich Town,Coventry City,2-1,2,1,4,initial,0,,,,,
2000-11-29,2000,Manchester City,Wimbledon,2-1,2,1,4,initial,0,,,,,
2000-11-29,2000,Stoke City,Liverpool,0-8,0,8,4,initial,0,,,,,
2000-11-28,2000,Sunderland,Manchester United,2-1,2,1,4,initial,0,,,,,
2000-11-29,2000,West Ham United,Sheffield Wednesday,1-2,1,2,4,initial,0,,,,,
2000-12-12,2000,Birmingham City,Sheffield Wednesday,2-0,2,0,5,initial,0,,,,,
2000-12-19,2000,Crystal Palace,Sunderland,2-1,2,1,5,initial,0,,,,,
2000-12-13,2000,Liverpool,Fulham,3-0,3,0,5,initial,0,,,,,
2000-12-19,2000,Manchester City,Ipswich Town,1-2,1,2,5,initial,0,,,,,
2001-02-25,2000,Liverpool,Birmingham City,1-1,1,1,final,initial,0,,,Millennium Stadium,73500.0,
2001-01-10,2000,Crystal Palace,Liverpool,2-1,2,1,semi,initial,1,,,,,
2001-01-09,2000,Ipswich Town,Birmingham City,1-0,1,0,semi,initial,1,,,,,
2001-01-31,2000,Birmingham City,Ipswich Town,4-1,4,1,semi,initial,2,,,,,
2001-01-24,2000,Liverpool,Crystal Palace,5-0,5,0,semi,initial,2,,,,,
2001-08-21,2001,AFC Bournemouth,Torquay United,0-2,0,2,1,initial,0,,,,,
2001-08-21,2001,Barnsley,Halifax Town,2-0,2,0,1,initial,0,,,,,
2001-08-22,2001,Birmingham City,Southend United,3-0,3,0,1,initial,0,,,,,
2001-08-21,2001,Blackpool,Wigan Athletic,3-2,3,2,1,initial,0,,,,,
2001-08-21,2001,Brentford,Norwich City,1-0,1,0,1,initial,0,,,,,
2001-08-21,2001,Brighton and Hove Albion,Wimbledon,2-1,2,1,1,initial,0,,,,,
2001-08-21,2001,Bristol City,Cheltenham Town,2-1,2,1,1,initial,0,,,,,
2001-08-21,2001,Burnley,Rushden and Diamonds,2-3,2,3,1,initial,0,,,,,
2001-08-21,2001,Bury,Sheffield Wednesday,1-3,1,3,1,initial,0,,,,,
2001-08-22,2001,Cambridge United,West Bromwich Albion,1-1,1,1,1,initial,0,,,,,
2001-08-20,2001,Darlington,Sheffield United,0-1,0,1,1,initial,0,,,,,
2001-08-21,2001,Exeter City,Walsall,0-1,0,1,1,initial,0,,,,,
2001-08-21,2001,Grimsby Town,Lincoln City,2-1,2,1,1,initial,0,,,,,
2001-08-20,2001,Hartlepool United,Nottingham Forest,0-2,0,2,1,initial,0,,,,,
2001-08-21,2001,Huddersfield Town,Rochdale,0-1,0,1,1,initial,0,,,,,
2001-08-21,2001,Kidderminster Harriers,Preston North End,2-2,2,2,1,initial,0,,,,,
2001-08-21,2001,Leyton Orient,Crystal Palace,2-4,2,4,1,initial,0,,,,,
2001-08-21,2001,Macclesfield Town,Bradford City,1-1,1,1,1,initial,0,,,,,
2001-08-21,2001,Mansfield Town,Notts County,3-4,3,4,1,initial,0,,,,,
2001-08-21,2001,Millwall,Cardiff City,2-1,2,1,1,initial,0,,,,,
2001-08-21,2001,Northampton Town,Queens Park Rangers,1-1,1,1,1,initial,0,,,,,
2001-08-21,2001,Oxford United,Gillingham,1-1,1,1,1,initial,0,,,,,
2001-08-21,2001,Port Vale,Chesterfield,2-1,2,1,1,initial,0,,,,,
2001-08-21,2001,Portsmouth,Colchester United,1-2,1,2,1,initial,0,,,,,
2001-08-21,2001,Reading,Luton Town,4-0,4,0,1,initial,0,,,,,
2001-08-20,2001,Scunthorpe United,Rotherham United,0-2,0,2,1,initial,0,,,,,
2001-08-21,2001,Stockport County,Carlisle United,3-0,3,0,1,initial,0,,,,,
2001-08-22,2001,Stoke City,Oldham Athletic,0-0,0,0,1,initial,0,,,,,
2001-08-21,2001,Swansea City,Peterborough United,0-2,0,2,1,initial,0,,,,,
2001-08-21,2001,Tranmere Rovers,Shrewsbury Town,3-1,3,1,1,initial,0,,,,,
2001-08-21,2001,Watford,Plymouth Argyle,1-0,1,0,1,initial,0,,,,,
2001-08-22,2001,Wolverhampton Wanderers,Swindon Town,1-2,1,2,1,initial,0,,,,,
2001-08-21,2001,Wrexham,Hull City,2-3,2,3,1,initial,0,,,,,
2001-08-21,2001,Wycombe Wanderers,Bristol Rovers,0-1,0,1,1,initial,0,,,,,
2001-08-21,2001,York City,Crewe Alexandra,1-1,1,1,1,initial,0,,,,,
2001-09-12,2001,Blackburn Rovers,Oldham Athletic,2-0,2,0,2,initial,0,,,,,
2001-09-10,2001,Blackpool,Leicester City,0-1,0,1,2,initial,0,,,,,
2001-09-11,2001,Bolton Wanderers,Walsall,3-3,3,3,2,initial,0,,,,,
2001-09-11,2001,Brighton and Hove Albion,Southampton,0-3,0,3,2,initial,0,,,,,
2001-09-12,2001,Bristol City,Watford,2-3,2,3,2,initial,0,,,,,
2001-09-11,2001,Bristol Rovers,Birmingham City,0-3,0,3,2,initial,0,,,,,
2001-09-12,2001,Charlton Athletic,Port Vale,2-0,2,0,2,initial,0,,,,,
2001-09-11,2001,Colchester United,Barnsley,1-3,1,3,2,initial,0,,,,,
2001-09-11,2001,Crewe Alexandra,Rushden and Diamonds,0-0,0,0,2,initial,0,,,,,
2001-09-12,2001,Derby County,Hull City,3-0,3,0,2,initial,0,,,,,
2001-09-12,2001,Everton,Crystal Palace,1-1,1,1,2,initial,0,,,,,
2001-09-11,2001,Gillingham,Millwall,2-1,2,1,2,initial,0,,,,,
2001-09-11,2001,Grimsby Town,Sheffield United,2-2,2,2,2,initial,0,,,,,
2001-09-11,2001,Middlesbrough,Northampton Town,3-1,3,1,2,initial,0,,,,,
2001-09-12,2001,Newcastle United,Brentford,1-1,1,1,2,initial,0,,,,,
2001-09-12,2001,Nottingham Forest,Stockport County,1-1,1,1,2,initial,0,,,,,
2001-09-11,2001,Notts County,Manchester City,2-2,2,2,2,initial,0,,,,,
2001-09-11,2001,Peterborough United,Coventry City,2-2,2,2,2,initial,0,,,,,
2001-09-11,2001,Reading,West Ham United,0-0,0,0,2,initial,0,,,,,
2001-09-11,2001,Rochdale,Fulham,1-1,1,1,2,initial,0,,,,,
2001-09-11,2001,Rotherham United,Bradford City,0-4,0,4,2,initial,0,,,,,
2001-09-12,2001,Sheffield Wednesday,Sunderland,2-2,2,2,2,initial,0,,,,,
2001-09-12,2001,Tottenham Hotspur,Torquay United,2-0,2,0,2,initial,0,,,,,
2001-09-11,2001,Tranmere Rovers,Preston North End,4-1,4,1,2,initial,0,,,,,
2001-09-11,2001,West Bromwich Albion,Swindon Town,0-0,0,0,2,initial,0,,,,,
2001-11-05,2001,Arsenal,Manchester United,4-0,4,0,3,initial,0,,,,,
2001-10-10,2001,Aston Villa,Reading,1-0,1,0,3,initial,0,,,,,
2001-10-09,2001,Barnsley,Newcastle United,0-1,0,1,3,initial,0,,,,,
2001-10-10,2001,Blackburn Rovers,Middlesbrough,1-1,1,1,3,initial,0,,,,,
2001-10-08,2001,Bolton Wanderers,Nottingham Forest,1-0,1,0,3,initial,0,,,,,
2001-10-09,2001,Coventry City,Chelsea,0-2,0,2,3,initial,0,,,,,
2001-10-09,2001,Crewe Alexandra,Ipswich Town,2-3,2,3,3,initial,0,,,,,
2001-10-10,2001,Fulham,Derby County,5-2,5,2,3,initial,0,,,,,
2001-10-09,2001,Gillingham,Southampton,0-2,0,2,3,initial,0,,,,,
2001-10-09,2001,Leicester City,Leeds United,0-6,0,6,3,initial,0,,,,,
2001-10-09,2001,Liverpool,Grimsby Town,0-0,0,0,3,initial,0,,,,,
2001-10-10,2001,Manchester City,Birmingham City,6-0,6,0,3,initial,0,,,,,
2001-10-10,2001,Sheffield Wednesday,Crystal Palace,1-1,1,1,3,initial,0,,,,,
2001-10-09,2001,Tranmere Rovers,Tottenham Hotspur,0-4,0,4,3,initial,0,,,,,
2001-10-09,2001,Watford,Bradford City,4-1,4,1,3,initial,0,,,,,
2001-10-09,2001,West Bromwich Albion,Charlton Athletic,0-1,0,1,3,initial,0,,,,,
2001-11-27,2001,Arsenal,Grimsby Town,2-0,2,0,4,initial,0,,,,16917.0,
2001-11-28,2001,Aston Villa,Sheffield Wednesday,0-1,0,1,4,initial,0,,,,26526.0,
2001-11-28,2001,Blackburn Rovers,Manchester City,2-0,2,0,4,initial,0,,,,17907.0,
2001-11-27,2001,Bolton Wanderers,Southampton,2-2,2,2,4,initial,0,,,,8404.0,
2001-11-29,2001,Fulham,Tottenham Hotspur,1-2,1,2,4,initial,0,,,,17006.0,
2001-11-28,2001,Leeds United,Chelsea,0-2,0,2,4,initial,0,,,,33841.0,
2001-11-27,2001,Newcastle United,Ipswich Town,4-1,4,1,4,initial,0,,,,32576.0,
2001-11-27,2001,Watford,Charlton Athletic,3-2,3,2,4,initial,0,,,,12621.0,
2001-12-11,2001,Blackburn Rovers,Arsenal,4-0,4,0,5,initial,0,,,,13278.0,
2001-12-12,2001,Chelsea,Newcastle United,1-0,1,0,5,initial,0,,,,27613.0,
2001-12-19,2001,Sheffield Wednesday,Watford,4-0,4,0,5,initial,0,,,,20319.0,
2001-12-11,2001,Tottenham Hotspur,Bolton Wanderers,6-0,6,0,5,initial,0,,,,28430.0,
2002-02-24,2001,Blackburn Rovers,Tottenham Hotspur,2-1,2,1,final,initial,0,,,,72500.0,
2002-01-09,2001,Chelsea,Tottenham Hotspur,2-1,2,1,semi,initial,1,,,,37264.0,
2002-01-08,2001,Sheffield Wednesday,Blackburn Rovers,1-2,1,2,semi,initial,1,,,,30883.0,
2002-01-22,2001,Blackburn Rovers,Sheffield Wednesday,4-2,4,2,semi,initial,2,,,,26844.0,
2002-01-23,2001,Tottenham Hotspur,Chelsea,5-1,5,1,semi,initial,2,,,,36100.0,
2002-09-10,2002,AFC Bournemouth,Brentford,3-3,3,3,1,initial,0,,,,,
2002-09-11,2002,Boston United,Cardiff City,1-5,1,5,1,initial,0,,,,,
2002-09-11,2002,Brighton and Hove Albion,Exeter City,1-1,1,1,1,initial,0,,,,,
2002-09-10,2002,Bristol City,Oxford United,0-1,0,1,1,initial,0,,,,,
2002-09-10,2002,Burnley,Blackpool,3-0,3,0,1,initial,0,,,,,
2002-09-10,2002,Bury,Stoke City,1-0,1,0,1,initial,0,,,,,
2002-09-10,2002,Cambridge United,Reading,3-1,3,1,1,initial,0,,,,,
2002-09-11,2002,Coventry City,Colchester United,3-0,3,0,1,initial,0,,,,,
2002-09-10,2002,Crystal Palace,Plymouth Argyle,1-1,1,1,1,initial,0,,,,,
2002-09-10,2002,Grimsby Town,Chesterfield,0-1,0,1,1,initial,0,,,,,
2002-09-10,2002,Hartlepool United,Tranmere Rovers,1-2,1,2,1,initial,0,,,,,
2002-09-10,2002,Huddersfield Town,Darlington,2-0,2,0,1,initial,0,,,,,
2002-09-10,2002,Hull City,Leicester City,1-1,1,1,1,initial,0,,,,,
2002-09-10,2002,Leyton Orient,Queens Park Rangers,3-2,3,2,1,initial,0,,,,,
2002-09-10,2002,Lincoln City,Stockport County,1-3,1,3,1,initial,0,,,,,
2002-09-11,2002,Macclesfield Town,Barnsley,1-1,1,1,1,initial,0,,,,,
2002-09-10,2002,Mansfield Town,Derby County,1-3,1,3,1,initial,0,,,,,
2002-09-10,2002,Northampton Town,Wigan Athletic,0-1,0,1,1,initial,0,,,,,
2002-09-10,2002,Norwich City,Cheltenham Town,0-3,0,3,1,initial,0,,,,,
2002-09-11,2002,Nottingham Forest,Kidderminster Harriers,4-0,4,0,1,initial,0,,,,,
2002-09-10,2002,Oldham Athletic,Notts County,3-2,3,2,1,initial,0,,,,,
2002-09-10,2002,Port Vale,Crewe Alexandra,0-2,0,2,1,initial,0,,,,,
2002-09-10,2002,Portsmouth,Peterborough United,2-0,2,0,1,initial,0,,,,,
2002-09-11,2002,Preston North End,Scunthorpe United,1-1,1,1,1,initial,0,,,,,
2002-09-10,2002,Rotherham United,Carlisle United,3-1,3,1,1,initial,0,,,,,
2002-09-10,2002,Rushden and Diamonds,Millwall,0-0,0,0,1,initial,0,,,,,
2002-09-10,2002,Sheffield United,York City,1-0,1,0,1,initial,0,,,,,
2002-09-11,2002,Sheffield Wednesday,Rochdale,1-0,1,0,1,initial,0,,,,,
2002-09-10,2002,Southend United,Milton Keynes Dons,1-4,1,4,1,initial,0,,,,,
2002-09-11,2002,Swansea City,Wolverhampton Wanderers,2-3,2,3,1,initial,0,,,,,
2002-09-11,2002,Swindon Town,Wycombe Wanderers,0-0,0,0,1,initial,0,,,,,
2002-09-10,2002,Torquay United,Gillingham,0-1,0,1,1,initial,0,,,,,
2002-09-10,2002,Walsall,Shrewsbury Town,1-0,1,0,1,initial,0,,,,,
2002-09-10,2002,Watford,Luton Town,1-2,1,2,1,initial,0,,,,,
2002-09-10,2002,Wrexham,Bradford City,2-1,2,1,1,initial,0,,,,,
2002-10-02,2002,Aston Villa,Luton Town,3-0,3,0,2,initial,0,,,,,
2002-10-02,2002,Bolton Wanderers,Bury,0-1,0,1,2,initial,0,,,,,
2002-10-01,2002,Brentford,Middlesbrough,1-4,1,4,2,initial,0,,,,,
2002-10-01,2002,Cambridge United,Sunderland,0-7,0,7,2,initial,0,,,,,
2002-10-01,2002,Charlton Athletic,Oxford United,0-0,0,0,2,initial,0,,,,,
2002-10-01,2002,Chesterfield,West Ham United,1-1,1,1,2,initial,0,,,,,
2002-10-02,2002,Coventry City,Rushden and Diamonds,8-0,8,0,2,initial,0,,,,,
2002-10-02,2002,Crystal Palace,Cheltenham Town,7-0,7,0,2,initial,0,,,,,
2002-10-02,2002,Derby County,Oldham Athletic,1-1,1,1,2,initial,0,,,,,
2002-10-01,2002,Huddersfield Town,Burnley,0-1,0,1,2,initial,0,,,,,
2002-09-24,2002,Ipswich Town,Brighton and Hove Albion,3-1,3,1,2,initial,0,,,,,
2002-10-02,2002,Leyton Orient,Birmingham City,2-3,2,3,2,initial,0,,,,,
2002-10-01,2002,Macclesfield Town,Preston North End,1-2,1,2,2,initial,0,,,,,
2002-10-01,2002,Manchester City,Crewe Alexandra,3-2,3,2,2,initial,0,,,,,
2002-10-02,2002,Nottingham Forest,Walsall,1-2,1,2,2,initial,0,,,,,
2002-10-01,2002,Portsmouth,Milton Keynes Dons,1-3,1,3,2,initial,0,,,,,
2002-10-01,2002,Rotherham United,Wolverhampton Wanderers,3-3,3,3,2,initial,0,,,,,
2002-10-01,2002,Sheffield United,Wycombe Wanderers,4-1,4,1,2,initial,0,,,,,
2002-10-02,2002,Sheffield Wednesday,Leicester City,1-1,1,1,2,initial,0,,,,,
2002-10-02,2002,Southampton,Tranmere Rovers,6-1,6,1,2,initial,0,,,,,
2002-10-01,2002,Stockport County,Gillingham,1-1,1,1,2,initial,0,,,,,
2002-10-01,2002,Tottenham Hotspur,Cardiff City,1-0,1,0,2,initial,0,,,,,
2002-10-02,2002,Wigan Athletic,West Bromwich Albion,3-1,3,1,2,initial,0,,,,,
2002-10-01,2002,Wrexham,Everton,0-3,0,3,2,initial,0,,,,,
2002-11-06,2002,Arsenal,Sunderland,2-3,2,3,3,initial,0,,,,,
2002-11-05,2002,Birmingham City,Preston North End,0-2,0,2,3,initial,0,,,,,
2002-11-06,2002,Blackburn Rovers,Walsall,1-1,1,1,3,initial,0,,,,,
2002-11-06,2002,Burnley,Tottenham Hotspur,2-1,2,1,3,initial,0,,,,,
2002-11-06,2002,Chelsea,Gillingham,2-1,2,1,3,initial,0,,,,,
2002-11-06,2002,Crystal Palace,Coventry City,3-0,3,0,3,initial,0,,,,,
2002-11-06,2002,Fulham,Bury,3-1,3,1,3,initial,0,,,,,
2002-11-06,2002,Ipswich Town,Middlesbrough,3-1,3,1,3,initial,0,,,,,
2002-11-06,2002,Liverpool,Southampton,3-1,3,1,3,initial,0,,,,,
2002-11-05,2002,Manchester United,Leicester City,2-0,2,0,3,initial,0,,,,,
2002-11-05,2002,Milton Keynes Dons,Rotherham United,1-3,1,3,3,initial,0,,,,,
2002-11-06,2002,Newcastle United,Everton,2-2,2,2,3,initial,0,,,,,
2002-11-06,2002,Oxford United,Aston Villa,0-3,0,3,3,initial,0,,,,,
2002-11-06,2002,Sheffield United,Leeds United,2-1,2,1,3,initial,0,,,,,
2002-11-06,2002,West Ham United,Oldham Athletic,0-1,0,1,3,initial,0,,,,,
2002-11-05,2002,Wigan Athletic,Manchester City,1-0,1,0,3,initial,0,,,,,
2002-12-04,2002,Aston Villa,Preston North End,5-0,5,0,4,initial,0,,,,23042.0,
2002-12-04,2002,Blackburn Rovers,Rotherham United,4-0,4,0,4,initial,0,,,,11220.0,
2002-12-03,2002,Burnley,Manchester United,0-2,0,2,4,initial,0,,,,22034.0,
2002-12-04,2002,Chelsea,Everton,4-1,4,1,4,initial,0,,,,32322.0,
2002-12-03,2002,Crystal Palace,Oldham Athletic,2-0,2,0,4,initial,0,,,,7431.0,
2002-12-04,2002,Liverpool,Ipswich Town,1-1,1,1,4,initial,0,,,,26305.0,
2002-12-03,2002,Sheffield United,Sunderland,2-0,2,0,4,initial,0,,,,27068.0,
2002-12-04,2002,Wigan Athletic,Fulham,2-1,2,1,4,initial,0,,,,7615.0,
2002-12-18,2002,Aston Villa,Liverpool,3-4,3,4,5,initial,0,,,,38530.0,
2002-12-17,2002,Manchester United,Chelsea,1-0,1,0,5,initial,0,,,,57985.0,
2002-12-17,2002,Sheffield United,Crystal Palace,3-1,3,1,5,initial,0,,,,22211.0,
2002-12-17,2002,Wigan Athletic,Blackburn Rovers,0-2,0,2,5,initial,0,,,,16922.0,
2003-03-02,2002,Liverpool,Manchester United,2-0,2,0,final,initial,0,,,,74500.0,
2002-08-20,2002,Bristol Rovers,Boston United,0-2,0,2,prelim,initial,0,,,,,
2003-01-07,2002,Manchester United,Blackburn Rovers,1-1,1,1,semi,initial,1,,,,62740.0,
2003-01-08,2002,Sheffield United,Liverpool,2-1,2,1,semi,initial,1,,,,30095.0,
2003-01-22,2002,Blackburn Rovers,Manchester United,1-3,1,3,semi,initial,2,,,,29048.0,
2003-01-21,2002,Liverpool,Sheffield United,2-0,2,0,semi,initial,2,,,,43837.0,
2003-08-12,2003,Barnsley,Blackpool,1-2,1,2,1,initial,0,,,,5378.0,
2003-09-13,2003,Boston United,Reading,1-3,1,3,1,initial,0,,,,2055.0,
2003-08-12,2003,Bradford City,Darlington,0-0,0,0,1,initial,0,,,,4077.0,
2003-09-13,2003,Bristol City,Swansea City,1-1,1,1,1,initial,0,,,,5807.0,
2003-08-12,2003,Bristol Rovers,Brighton & Hove Albion,0-1,0,1,1,initial,0,,,,5518.0,
2003-08-12,2003,Cambridge United,Gillingham,1-2,1,2,1,initial,0,,,,3044.0,
2003-08-12,2003,Cardiff City,Leyton Orient,4-1,4,1,1,initial,0,,,,4503.0,
2003-08-12,2003,Cheltenham Town,Queens Park Rangers,1-2,1,2,1,initial,0,,,,3697.0,
2003-08-12,2003,Chesterfield,Burnley,0-0,0,0,1,initial,0,,,,2928.0,
2003-08-12,2003,Colchester United,Plymouth Argyle,2-1,2,1,1,initial,0,,,,2367.0,
2003-09-13,2003,Coventry City,Peterborough United,2-0,2,0,1,initial,0,,,,8280.0,
2003-08-12,2003,Crewe Alexandra,Wrexham,2-0,2,0,1,initial,0,,,,3152.0,
2003-08-12,2003,Doncaster Rovers,Grimsby Town,3-2,3,2,1,initial,0,,,,6057.0,
2003-08-12,2003,Huddersfield Town,Derby County,2-1,2,1,1,initial,0,,,,6672.0,
2003-09-13,2003,Ipswich Town,Kidderminster Harriers,0-0,0,0,1,initial,0,,,,11118.0,
2003-08-12,2003,Lincoln City,Stockport County,0-1,0,1,1,initial,0,,,,2296.0,
2003-08-12,2003,Luton Town,Yeovil Town,4-1,4,1,1,initial,0,,,,4337.0,
2003-08-12,2003,Macclesfield Town,Sheffield United,1-2,1,2,1,initial,0,,,,2764.0,
2003-09-13,2003,Mansfield Town,Sunderland,1-2,1,2,1,initial,0,,,,,
2003-08-12,2003,Millwall,Oxford United,0-1,0,1,1,initial,0,,,,4781.0,
2003-08-12,2003,Northampton Town,Norwich City,1-0,1,0,1,initial,0,,,,5476.0,
2003-08-12,2003,Port Vale,Nottingham Forest,0-0,0,0,1,initial,0,,,,4950.0,
2003-08-12,2003,Preston North End,Notts County,0-0,0,0,1,initial,0,,,,5016.0,
2003-08-12,2003,Rotherham United,York City,2-1,2,1,1,initial,0,,,,2919.0,
2003-08-12,2003,Scunthorpe United,Oldham Athletic,2-1,2,1,1,initial,0,,,,2366.0,
2003-09-13,2003,Sheffield Wednesday,Hartlepool United,1-1,1,1,1,initial,0,,,,13410.0,
2003-08-12,2003,Southend United,Swindon Town,2-3,2,3,1,initial,0,,,,3385.0,
2003-08-19,2003,Stoke City,Rochdale,2-1,2,1,1,initial,0,,,,4678.0,
2003-08-12,2003,Torquay United,Crystal Palace,1-1,1,1,1,initial,0,,,,3366.0,
2003-08-12,2003,Tranmere Rovers,Bury,1-0,1,0,1,initial,0,,,,4272.0,
2003-08-12,2003,Walsall,Carlisle United,2-1,2,1,1,initial,0,,,,4665.0,
2003-08-12,2003,Watford,AFC Bournemouth,0-0,0,0,1,initial,0,,,,9561.0,
2003-08-12,2003,West Bromwich Albion,Brentford,4-0,4,0,1,initial,0,,,,10440.0,
2003-09-13,2003,West Ham United,Rushden & Diamonds,3-1,3,1,1,initial,0,,,,13715.0,
2003-08-12,2003,Wigan Athletic,Hull City,2-0,2,0,1,initial,0,,,,3295.0,
2003-08-12,2003,Wycombe Wanderers,Milton Keynes Dons,2-0,2,0,1,initial,0,,,,1986.0,
2003-09-23,2003,Blackpool,Birmingham City,1-0,1,0,2,initial,0,,,,7370.0,
2003-09-24,2003,Bolton Wanderers,Walsall,3-1,3,1,2,initial,0,,,,5229.0,
2003-09-23,2003,Bristol City,Watford,0-0,0,0,2,initial,0,,,,5213.0,
2003-09-23,2003,Cardiff City,West Ham United,2-3,2,3,2,initial,0,,,,10724.0,
2003-09-23,2003,Charlton Athletic,Luton Town,3-3,3,3,2,initial,0,,,,10905.0,
2003-09-24,2003,Coventry City,Tottenham Hotspur,0-3,0,3,2,initial,0,,,,15474.0,
2003-09-23,2003,Crystal Palace,Doncaster Rovers,2-1,2,1,2,initial,0,,,,4904.0,
2003-09-24,2003,Everton,Stockport County,3-0,3,0,2,initial,0,,,,19807.0,
2003-09-23,2003,Hartlepool United,West Bromwich Albion,1-2,1,2,2,initial,0,,,,5265.0,
2003-09-24,2003,Leeds United,Swindon Town,2-2,2,2,2,initial,0,,,,29211.0,
2003-09-23,2003,Leicester City,Crewe Alexandra,1-0,1,0,2,initial,0,,,,27675.0,
2003-09-24,2003,Middlesbrough,Brighton & Hove Albion,0-0,0,0,2,initial,0,,,,10435.0,
2003-09-23,2003,Notts County,Ipswich Town,2-1,2,1,2,initial,0,,,,4059.0,
2003-09-24,2003,Oxford United,Reading,1-3,1,3,2,initial,0,,,,9870.0,
2003-09-23,2003,Portsmouth,Northampton Town,5-2,5,2,2,initial,0,,,,11130.0,
2003-09-23,2003,Rotherham United,Colchester United,1-0,1,0,2,initial,0,,,,2474.0,
2003-09-23,2003,Scunthorpe United,Burnley,2-3,2,3,2,initial,0,,,,2915.0,
2003-09-23,2003,Sheffield United,Queens Park Rangers,0-2,0,2,2,initial,0,,,,9578.0,
2003-09-23,2003,Stoke City,Gillingham,0-2,0,2,2,initial,0,,,,4607.0,
2003-09-23,2003,Sunderland,Huddersfield Town,2-4,2,4,2,initial,0,,,,13516.0,
2003-09-23,2003,Tranmere Rovers,Nottingham Forest,0-0,0,0,2,initial,0,,,,4477.0,
2003-09-23,2003,Wigan Athletic,Fulham,1-0,1,0,2,initial,0,,,,4874.0,
2003-09-23,2003,Wolverhampton Wanderers,Darlington,2-0,2,0,2,initial,0,,,,10232.0,
2003-09-23,2003,Wycombe Wanderers,Aston Villa,0-5,0,5,2,initial,0,,,,6072.0,
2003-10-28,2003,Arsenal,Rotherham United,1-1,1,1,3,initial,0,,,,27451.0,
2003-10-29,2003,Aston Villa,Leicester City,1-0,1,0,3,initial,0,,,,26729.0,
2003-10-29,2003,Blackburn Rovers,Liverpool,3-4,3,4,3,initial,0,,,,16918.0,
2003-10-28,2003,Blackpool,Crystal Palace,1-3,1,3,3,initial,0,,,,6010.0,
2003-10-28,2003,Bolton Wanderers,Gillingham,2-1,2,1,3,initial,0,,,,5258.0,
2003-10-28,2003,Bristol City,Southampton,1-3,1,3,3,initial,0,,,,17408.0,
2003-10-29,2003,Chelsea,Notts County,4-2,4,2,3,initial,0,,,,35997.0,
2003-10-29,2003,Everton,Charlton Athletic,1-0,1,0,3,initial,0,,,,24863.0,
2003-10-28,2003,Leeds United,Manchester United,1-1,1,1,3,initial,0,,,,37546.0,
2003-10-29,2003,Newcastle United,West Bromwich Albion,1-1,1,1,3,initial,0,,,,46932.0,
2003-10-29,2003,Nottingham Forest,Portsmouth,2-4,2,4,3,initial,0,,,,20078.0,
2003-10-28,2003,Queens Park Rangers,Manchester City,0-3,0,3,3,initial,0,,,,16773.0,
2003-10-28,2003,Reading,Huddersfield Town,1-0,1,0,3,initial,0,,,,11892.0,
2003-10-29,2003,Tottenham Hotspur,West Ham United,0-0,0,0,3,initial,0,,,,,
2003-10-29,2003,Wigan Athletic,Middlesbrough,1-2,1,2,3,initial,0,,,,8046.0,
2003-10-28,2003,Wolverhampton Wanderers,Burnley,2-0,2,0,3,initial,0,,,,18548.0,
2003-12-02,2003,Arsenal,Wolverhampton Wanderers,5-1,5,1,4,initial,0,,,,28161.0,
2003-12-03,2003,Aston Villa,Crystal Palace,3-0,3,0,4,initial,0,,,,24258.0,
2003-12-03,2003,Liverpool,Bolton Wanderers,2-3,2,3,4,initial,0,,,,33185.0,
2003-12-03,2003,Middlesbrough,Everton,0-0,0,0,4,initial,0,,,,18568.0,
2003-12-03,2003,Reading,Chelsea,0-1,0,1,4,initial,0,,,,24107.0,
2003-12-02,2003,Southampton,Portsmouth,2-0,2,0,4,initial,0,,,,29201.0,
2003-12-03,2003,Tottenham Hotspur,Manchester City,3-1,3,1,4,initial,0,,,,31727.0,
2003-12-03,2003,West Bromwich Albion,Manchester United,2-0,2,0,4,initial,0,,,,25282.0,
2003-12-17,2003,Aston Villa,Chelsea,2-1,2,1,5,initial,0,,,,30414.0,
2003-12-16,2003,Bolton Wanderers,Southampton,1-0,1,0,5,initial,0,,,,13957.0,
2003-12-17,2003,Tottenham Hotspur,Middlesbrough,1-1,1,1,5,initial,0,,,,25307.0,
2003-12-16,2003,West Bromwich Albion,Arsenal,0-2,0,2,5,initial,0,,,,20369.0,
2004-02-29,2003,Bolton Wanderers,Middlesbrough,1-2,1,2,final,initial,0,,,,72634.0,
2004-01-20,2003,Arsenal,Middlesbrough,0-1,0,1,semi,initial,1,,,,31070.0,
2004-01-21,2003,Bolton Wanderers,Aston Villa,5-2,5,2,semi,initial,1,,,,16302.0,
2004-01-27,2003,Aston Villa,Bolton Wanderers,2-0,2,0,semi,initial,2,,,,36883.0,
2004-02-03,2003,Middlesbrough,Arsenal,2-1,2,1,semi,initial,2,,,,28781.0,
2004-09-07,2004,Boston United,Luton Town,3-3,3,3,1,initial,0,,,,,
2004-08-25,2004,Bradford City,Notts County,1-1,1,1,1,initial,0,,,,,
2004-08-24,2004,Brighton and Hove Albion,Bristol Rovers,1-2,1,2,1,initial,0,,,,,
2004-08-24,2004,Bury,Burnley,2-3,2,3,1,initial,0,,,,,
2004-08-24,2004,Colchester United,Cheltenham Town,2-1,2,1,1,initial,0,,,,,
2004-08-25,2004,Coventry City,Torquay United,4-1,4,1,1,initial,0,,,,,
2004-08-24,2004,Crewe Alexandra,Blackpool,4-1,4,1,1,initial,0,,,,,
2004-08-24,2004,Darlington,Barnsley,0-2,0,2,1,initial,0,,,,,
2004-08-24,2004,Doncaster Rovers,Port Vale,3-1,3,1,1,initial,0,,,,,
2004-08-24,2004,Gillingham,Northampton Town,1-2,1,2,1,initial,0,,,,,
2004-08-24,2004,Grimsby Town,Wigan Athletic,1-0,1,0,1,initial,0,,,,,
2004-08-24,2004,Hartlepool United,Macclesfield Town,2-1,2,1,1,initial,0,,,,,
2004-08-24,2004,Hull City,Wrexham,2-2,2,2,1,initial,0,,,,,
2004-08-24,2004,Ipswich Town,Brentford,2-0,2,0,1,initial,0,,,,,
2004-08-24,2004,Kidderminster Harriers,Cardiff City,1-1,1,1,1,initial,0,,,,,
2004-08-24,2004,Leeds United,Huddersfield Town,1-0,1,0,1,initial,0,,,,,
2004-08-24,2004,Leyton Orient,AFC Bournemouth,1-3,1,3,1,initial,0,,,,,
2004-08-24,2004,Lincoln City,Derby County,3-1,3,1,1,initial,0,,,,,
2004-09-21,2004,Mansfield Town,Preston North End,0-4,0,4,1,initial,0,,,,,
2004-08-25,2004,Nottingham Forest,Scunthorpe United,2-0,2,0,1,initial,0,,,,,
2004-08-24,2004,Oldham Athletic,Stoke City,2-1,2,1,1,initial,0,,,,,
2004-08-25,2004,Oxford United,Reading,0-2,0,2,1,initial,0,,,,,
2004-08-24,2004,Peterborough United,Milton Keynes Dons,0-3,0,3,1,initial,0,,,,,
2004-08-24,2004,Queens Park Rangers,Swansea City,3-0,3,0,1,initial,0,,,,,
2004-08-23,2004,Rochdale,Wolverhampton Wanderers,2-4,2,4,1,initial,0,,,,,
2004-08-24,2004,Rotherham United,Chesterfield,2-1,2,1,1,initial,0,,,,,
2004-08-24,2004,Rushden and Diamonds,Swindon Town,0-1,0,1,1,initial,0,,,,,
2004-08-24,2004,Sheffield United,Stockport County,1-1,1,1,1,initial,0,,,,,
2004-08-25,2004,Sheffield Wednesday,Walsall,1-0,1,0,1,initial,0,,,,,
2004-08-24,2004,Sunderland,Chester,3-0,3,0,1,initial,0,,,,,
2004-08-24,2004,Tranmere Rovers,Shrewsbury Town,2-1,2,1,1,initial,0,,,,,
2004-08-24,2004,Watford,Cambridge United,1-0,1,0,1,initial,0,,,,,
2004-08-24,2004,West Ham United,Southend United,2-0,2,0,1,initial,0,,,,,
2004-08-24,2004,Wycombe Wanderers,Bristol City,0-1,0,1,1,initial,0,,,,,
2004-08-24,2004,Yeovil Town,Plymouth Argyle,2-2,2,2,1,initial,0,,,,,
2004-09-22,2004,Aston Villa,Queens Park Rangers,3-1,3,1,2,initial,0,,,,,
2004-09-21,2004,Birmingham City,Lincoln City,3-1,3,1,2,initial,0,,,,,
2004-09-22,2004,Blackburn Rovers,AFC Bournemouth,2-2,2,2,2,initial,0,,,,,
2004-09-22,2004,Boston United,Fulham,1-4,1,4,2,initial,0,,,,,
2004-09-22,2004,Bristol City,Everton,2-2,2,2,2,initial,0,,,,,
2004-09-21,2004,Burnley,Wolverhampton Wanderers,1-1,1,1,2,initial,0,,,,,
2004-09-21,2004,Colchester United,West Bromwich Albion,1-1,1,1,2,initial,0,,,,,
2004-09-22,2004,Coventry City,Sheffield Wednesday,1-0,1,0,2,initial,0,,,,,
2004-09-21,2004,Crewe Alexandra,Sunderland,2-2,2,2,2,initial,0,,,,,
2004-09-21,2004,Crystal Palace,Hartlepool United,1-1,1,1,2,initial,0,,,,,
2004-09-21,2004,Doncaster Rovers,Ipswich Town,2-0,2,0,2,initial,0,,,,,
2004-09-21,2004,Grimsby Town,Charlton Athletic,0-2,0,2,2,initial,0,,,,,
2004-09-21,2004,Leeds United,Swindon Town,1-0,1,0,2,initial,0,,,,,
2004-10-04,2004,Leicester City,Preston North End,2-2,2,2,2,initial,0,,,,,
2004-09-21,2004,Manchester City,Barnsley,7-1,7,1,2,initial,0,,,,,
2004-09-21,2004,Milton Keynes Dons,Cardiff City,1-4,1,4,2,initial,0,,,,,
2004-09-22,2004,Northampton Town,Southampton,0-3,0,3,2,initial,0,,,,,
2004-09-21,2004,Norwich City,Bristol Rovers,1-0,1,0,2,initial,0,,,,,
2004-09-22,2004,Nottingham Forest,Rotherham United,1-1,1,1,2,initial,0,,,,,
2004-09-22,2004,Oldham Athletic,Tottenham Hotspur,0-6,0,6,2,initial,0,,,,,
2004-09-21,2004,Reading,Watford,0-3,0,3,2,initial,0,,,,,
2004-09-21,2004,Tranmere Rovers,Portsmouth,0-1,0,1,2,initial,0,,,,,
2004-09-21,2004,West Ham United,Notts County,3-2,3,2,2,initial,0,,,,,
2004-09-21,2004,Wrexham,Sheffield United,2-3,2,3,2,initial,0,,,,,
2004-09-21,2004,Yeovil Town,Bolton Wanderers,0-2,0,2,2,initial,0,,,,,
2004-10-26,2004,AFC Bournemouth,Cardiff City,2-2,2,2,3,initial,0,,,,,
2004-10-27,2004,Birmingham City,Fulham,0-1,0,1,3,initial,0,,,,,
2004-10-27,2004,Bolton Wanderers,Tottenham Hotspur,2-2,2,2,3,initial,0,,,,,
2004-10-26,2004,Burnley,Aston Villa,3-1,3,1,3,initial,0,,,,,
2004-10-27,2004,Charlton Athletic,Crystal Palace,1-2,1,2,3,initial,0,,,,,
2004-10-27,2004,Chelsea,West Ham United,1-0,1,0,3,initial,0,,,,,
2004-10-26,2004,Crewe Alexandra,Manchester United,0-3,0,3,3,initial,0,,,,,
2004-10-26,2004,Doncaster Rovers,Nottingham Forest,0-2,0,2,3,initial,0,,,,,
2004-10-27,2004,Everton,Preston North End,2-0,2,0,3,initial,0,,,,,
2004-10-27,2004,Manchester City,Arsenal,1-2,1,2,3,initial,0,,,,,
2004-10-27,2004,Middlesbrough,Coventry City,3-0,3,0,3,initial,0,,,,,
2004-10-26,2004,Millwall,Liverpool,0-3,0,3,3,initial,0,,,,,
2004-10-27,2004,Newcastle United,Norwich City,2-1,2,1,3,initial,0,,,,,
2004-10-26,2004,Portsmouth,Leeds United,2-1,2,1,3,initial,0,,,,,
2004-10-26,2004,Sheffield United,Watford,0-0,0,0,3,initial,0,,,,,
2004-10-27,2004,Southampton,Colchester United,3-2,3,2,3,initial,0,,,,,
2004-11-09,2004,Arsenal,Everton,3-1,3,1,4,initial,0,,,,27791.0,
2004-11-09,2004,Burnley,Tottenham Hotspur,0-3,0,3,4,initial,0,,,,10639.0,
2004-11-09,2004,Cardiff City,Portsmouth,0-2,0,2,4,initial,0,,,,13555.0,
2004-11-10,2004,Liverpool,Middlesbrough,2-0,2,0,4,initial,0,,,,28176.0,
2004-11-10,2004,Manchester United,Crystal Palace,2-0,2,0,4,initial,0,,,,48891.0,
2004-11-10,2004,Newcastle United,Chelsea,0-2,0,2,4,initial,0,,,,38055.0,
2004-11-10,2004,Nottingham Forest,Fulham,2-4,2,4,4,initial,0,,,,9252.0,
2004-11-09,2004,Watford,Southampton,5-2,5,2,4,initial,0,,,,13008.0,
2004-11-30,2004,Fulham,Chelsea,1-2,1,2,5,initial,0,,,,14531.0,
2004-12-01,2004,Manchester United,Arsenal,1-0,1,0,5,initial,0,,,,67103.0,
2004-12-01,2004,Tottenham Hotspur,Liverpool,1-1,1,1,5,initial,0,,,,36100.0,
2004-11-30,2004,Watford,Portsmouth,3-0,3,0,5,initial,0,,,,18877.0,
2005-02-27,2004,Liverpool,Chelsea,2-3,2,3,final,initial,0,,,,78000.0,
2005-01-12,2004,Chelsea,Manchester United,0-0,0,0,semi,initial,1,,,,41492.0,
2005-01-11,2004,Liverpool,Watford,1-0,1,0,semi,initial,1,,,,35739.0,
2005-01-26,2004,Manchester United,Chelsea,1-2,1,2,semi,initial,2,,,,67000.0,
2005-01-25,2004,Watford,Liverpool,0-1,0,1,semi,initial,2,,,,19797.0,
2005-08-23,2005,Blackpool,Hull City,2-1,2,1,1,initial,0,,,,,
2005-08-23,2005,Bristol City,Barnet,2-4,2,4,1,initial,0,,,,,
2005-08-23,2005,Burnley,Carlisle United,2-1,2,1,1,initial,0,,,,,
2005-08-23,2005,Bury,Leicester City,0-3,0,3,1,initial,0,,,,,
2005-08-23,2005,Cheltenham Town,Brentford,5-0,5,0,1,initial,0,,,,,
2005-08-24,2005,Chesterfield,Huddersfield Town,2-4,2,4,1,initial,0,,,,,
2005-08-24,2005,Colchester United,Cardiff City,0-2,0,2,1,initial,0,,,,,
2005-08-23,2005,Crystal Palace,Walsall,3-0,3,0,1,initial,0,,,,,
2005-08-24,2005,Derby County,Grimsby Town,0-1,0,1,1,initial,0,,,,,
2005-08-23,2005,Gillingham,Oxford United,1-0,1,0,1,initial,0,,,,,
2005-08-23,2005,Hartlepool United,Darlington,3-1,3,1,1,initial,0,,,,,
2005-08-23,2005,Ipswich Town,Yeovil Town,0-2,0,2,1,initial,0,,,,,
2005-08-23,2005,Leeds United,Oldham Athletic,2-0,2,0,1,initial,0,,,,,
2005-08-23,2005,Leyton Orient,Luton Town,1-3,1,3,1,initial,0,,,,,
2005-08-23,2005,Lincoln City,Crewe Alexandra,5-1,5,1,1,initial,0,,,,,
2005-08-23,2005,Mansfield Town,Stoke City,1-1,1,1,1,initial,0,,,,,
2005-08-23,2005,Millwall,Bristol Rovers,2-0,2,0,1,initial,0,,,,,
2005-08-23,2005,Milton Keynes Dons,Norwich City,0-1,0,1,1,initial,0,,,,,
2005-08-23,2005,Northampton Town,Queens Park Rangers,3-0,3,0,1,initial,0,,,,,
2005-08-23,2005,Nottingham Forest,Macclesfield Town,2-3,2,3,1,initial,0,,,,,
2005-08-23,2005,Plymouth Argyle,Peterborough United,2-1,2,1,1,initial,0,,,,,
2005-08-23,2005,Preston North End,Barnsley,1-1,1,1,1,initial,0,,,,,
2005-08-23,2005,Reading,Swansea City,3-1,3,1,1,initial,0,,,,,
2005-08-23,2005,Rochdale,Bradford City,0-5,0,5,1,initial,0,,,,,
2005-08-23,2005,Rotherham United,Port Vale,3-1,3,1,1,initial,0,,,,,
2005-08-24,2005,Rushden & Diamonds,Coventry City,0-3,0,3,1,initial,0,,,,,
2005-08-23,2005,Scunthorpe United,Tranmere Rovers,2-1,2,1,1,initial,0,,,,,
2005-08-23,2005,Sheffield United,Boston United,1-0,1,0,1,initial,0,,,,,
2005-08-23,2005,Shrewsbury Town,Brighton & Hove Albion,3-2,3,2,1,initial,0,,,,,
2005-08-22,2005,Southend United,Southampton,0-3,0,3,1,initial,0,,,,,
2005-08-23,2005,Stockport County,Sheffield Wednesday,2-4,2,4,1,initial,0,,,,,
2005-08-23,2005,Swindon Town,Wycombe Wanderers,1-3,1,3,1,initial,0,,,,,
2005-08-24,2005,Torquay United,AFC Bournemouth,0-0,0,0,1,initial,0,,,,,
2005-08-23,2005,Watford,Notts County,3-1,3,1,1,initial,0,,,,,
2005-08-23,2005,Wolverhampton Wanderers,Chester,5-1,5,1,1,initial,0,,,,,
2005-08-23,2005,Wrexham,Doncaster Rovers,0-1,0,1,1,initial,0,,,,,
2005-09-20,2005,Barnet,Plymouth Argyle,2-1,2,1,2,initial,0,,,,,
2005-09-21,2005,Blackburn Rovers,Huddersfield Town,3-1,3,1,2,initial,0,,,,,
2005-09-20,2005,Burnley,Barnsley,3-0,3,0,2,initial,0,,,,,
2005-09-20,2005,Cardiff City,Macclesfield Town,2-1,2,1,2,initial,0,,,,,
2005-09-20,2005,Charlton Athletic,Hartlepool United,3-1,3,1,2,initial,0,,,,,
2005-09-20,2005,Crystal Palace,Coventry City,1-0,1,0,2,initial,0,,,,,
2005-09-21,2005,Doncaster Rovers,Manchester City,1-1,1,1,2,initial,0,,,,,
2005-09-21,2005,Fulham,Lincoln City,5-4,5,4,2,initial,0,,,,,
2005-09-20,2005,Gillingham,Portsmouth,3-2,3,2,2,initial,0,,,,,
2005-09-20,2005,Grimsby Town,Tottenham Hotspur,1-0,1,0,2,initial,0,,,,,
2005-09-20,2005,Leicester City,Blackpool,2-1,2,1,2,initial,0,,,,,
2005-09-20,2005,Mansfield Town,Southampton,1-0,1,0,2,initial,0,,,,,
2005-09-20,2005,Norwich City,Northampton Town,2-0,2,0,2,initial,0,,,,,
2005-09-20,2005,Reading,Luton Town,1-0,1,0,2,initial,0,,,,,
2005-09-20,2005,Rotherham United,Leeds United,0-2,0,2,2,initial,0,,,,,
2005-09-20,2005,Scunthorpe United,Birmingham City,0-2,0,2,2,initial,0,,,,,
2005-09-20,2005,Sheffield Wednesday,West Ham United,2-4,2,4,2,initial,0,,,,,
2005-09-20,2005,Shrewsbury Town,Sheffield United,0-0,0,0,2,initial,0,,,,,
2005-09-20,2005,Sunderland,Cheltenham Town,1-0,1,0,2,initial,0,,,,,
2005-09-20,2005,Watford,Wolverhampton Wanderers,2-1,2,1,2,initial,0,,,,,
2005-09-20,2005,West Bromwich Albion,Bradford City,4-1,4,1,2,initial,0,,,,,
2005-09-20,2005,Wigan Athletic,AFC Bournemouth,1-0,1,0,2,initial,0,,,,,
2005-09-20,2005,Wycombe Wanderers,Aston Villa,3-8,3,8,2,initial,0,,,,,
2005-09-20,2005,Yeovil Town,Millwall,1-2,1,2,2,initial,0,,,,,
2005-10-25,2005,Aston Villa,Burnley,1-0,1,0,3,initial,0,,,,,
2005-10-26,2005,Birmingham City,Norwich City,2-1,2,1,3,initial,0,,,,,
2005-10-25,2005,Blackburn Rovers,Leeds United,3-0,3,0,3,initial,0,,,,,
2005-10-26,2005,Bolton Wanderers,West Ham United,1-0,1,0,3,initial,0,,,,,
2005-10-26,2005,Cardiff City,Leicester City,0-1,0,1,3,initial,0,,,,,
2005-10-26,2005,Chelsea,Charlton Athletic,1-1,1,1,3,initial,0,,,,,
2005-10-25,2005,Crystal Palace,Liverpool,2-1,2,1,3,initial,0,,,,,
2005-10-25,2005,Doncaster Rovers,Gillingham,2-0,2,0,3,initial,0,,,,,
2005-10-26,2005,Everton,Middlesbrough,0-1,0,1,3,initial,0,,,,,
2005-10-25,2005,Fulham,West Bromwich Albion,2-3,2,3,3,initial,0,,,,,
2005-10-26,2005,Grimsby Town,Newcastle United,0-1,0,1,3,initial,0,,,,,
2005-10-26,2005,Manchester United,Barnet,4-1,4,1,3,initial,0,,,,,
2005-10-25,2005,Mansfield Town,Millwall,2-3,2,3,3,initial,0,,,,,
2005-10-25,2005,Reading,Sheffield United,2-0,2,0,3,initial,0,,,,,
2005-10-25,2005,Sunderland,Arsenal,0-3,0,3,3,initial,0,,,,,
2005-10-25,2005,Wigan Athletic,Watford,3-0,3,0,3,initial,0,,,,,
2005-11-29,2005,Arsenal,Reading,3-0,3,0,4,initial,0,,,,36167.0,
2005-11-30,2005,Bolton Wanderers,Leicester City,2-1,2,1,4,initial,0,,,,13067.0,
2005-11-30,2005,Charlton Athletic,Blackburn Rovers,2-3,2,3,4,initial,0,,,,14093.0,
2005-11-29,2005,Doncaster Rovers,Aston Villa,3-0,3,0,4,initial,0,,,,10590.0,
2005-11-30,2005,Manchester United,West Bromwich Albion,3-1,3,1,4,initial,0,,,,48924.0,
2005-11-30,2005,Middlesbrough,Crystal Palace,2-1,2,1,4,initial,0,,,,10791.0,
2005-11-29,2005,Millwall,Birmingham City,2-2,2,2,4,initial,0,,,,7732.0,
2005-11-30,2005,Wigan Athletic,Newcastle United,1-0,1,0,4,initial,0,,,,11574.0,
2005-12-20,2005,Birmingham City,Manchester United,1-3,1,3,5,initial,0,,,,20454.0,
2005-12-21,2005,Doncaster Rovers,Arsenal,2-2,2,2,5,initial,0,,,,10006.0,
2005-12-21,2005,Middlesbrough,Blackburn Rovers,0-1,0,1,5,initial,0,,,,14710.0,
2005-12-20,2005,Wigan Athletic,Bolton Wanderers,2-0,2,0,5,initial,0,,,,13401.0,
2006-02-26,2005,Manchester United,Wigan Athletic,4-0,4,0,final,initial,0,,,,66866.0,
2006-01-11,2005,Blackburn Rovers,Manchester United,1-1,1,1,semi,initial,1,,,,24348.0,
2006-01-10,2005,Wigan Athletic,Arsenal,1-0,1,0,semi,initial,1,,,,12181.0,
2006-01-24,2005,Arsenal,Wigan Athletic,2-1,2,1,semi,initial,2,,,,34692.0,
2006-01-25,2005,Manchester United,Blackburn Rovers,2-1,2,1,semi,initial,2,,,,61637.0,
2007-08-14,2007,Accrington Stanley,Leicester City,0-1,0,1,1,initial,0,,,,2029.0,
2007-08-14,2007,Barnsley,Darlington,2-1,2,1,1,initial,0,,,,3780.0,
2007-08-14,2007,Blackpool,Huddersfield Town,1-0,1,0,1,initial,0,,,,6395.0,
2007-08-14,2007,Brentford,Bristol City,0-3,0,3,1,initial,0,,,,2213.0,
2007-08-14,2007,Bristol Rovers,Crystal Palace,1-1,1,1,1,initial,0,,,,5566.0,
2007-08-14,2007,Bury,Carlisle United,0-1,0,1,1,initial,0,,,,2213.0,
2007-08-14,2007,Cardiff City,Brighton & Hove Albion,0-0,0,0,1,initial,0,,,,3726.0,
2007-08-14,2007,Chester,Nottingham Forest,0-0,0,0,1,initial,0,,,,2720.0,
2007-08-14,2007,Coventry City,Notts County,3-0,3,0,1,initial,0,,,,6735.0,
2007-08-15,2007,Crewe Alexandra,Hull City,0-3,0,3,1,initial,0,,,,2862.0,
2007-08-14,2007,Dagenham and Redbridge,Luton Town,1-2,1,2,1,initial,0,,,,1754.0,
2007-08-14,2007,Doncaster Rovers,Lincoln City,4-1,4,1,1,initial,0,,,,5084.0,
2007-08-14,2007,Grimsby Town,Burnley,0-0,0,0,1,initial,0,,,,2431.0,
2007-08-14,2007,Hereford United,Yeovil Town,4-1,4,1,1,initial,0,,,,2085.0,
2007-08-14,2007,Macclesfield Town,Leeds United,0-1,0,1,1,initial,0,,,,3422.0,
2007-08-14,2007,Milton Keynes Dons,Ipswich Town,2-2,2,2,1,initial,0,,,,7496.0,
2007-08-14,2007,Northampton Town,Millwall,2-0,2,0,1,initial,0,,,,1735.0,
2007-08-14,2007,Norwich City,Barnet,5-2,5,2,1,initial,0,,,,13971.0,
2007-08-14,2007,Oldham Athletic,Mansfield Town,4-1,4,1,1,initial,0,,,,3155.0,
2007-08-13,2007,Peterborough United,Southampton,2-1,2,1,1,initial,0,,,,4087.0,
2007-08-14,2007,Plymouth Argyle,Wycombe Wanderers,2-1,2,1,1,initial,0,,,,5474.0,
2007-08-14,2007,Port Vale,Wrexham,1-1,1,1,1,initial,0,,,,2916.0,
2007-08-14,2007,Preston North End,Morecambe,1-2,1,2,1,initial,0,,,,7703.0,
2007-08-14,2007,Queens Park Rangers,Leyton Orient,1-2,1,2,1,initial,0,,,,5260.0,
2007-08-14,2007,Rochdale,Stoke City,1-1,1,1,1,initial,0,,,,2369.0,
2007-08-14,2007,Rotherham United,Sheffield Wednesday,1-3,1,3,1,initial,0,,,,6416.0,
2007-08-14,2007,Scunthorpe United,Hartlepool United,1-2,1,2,1,initial,0,,,,2965.0,
2007-08-14,2007,Sheffield United,Chesterfield,3-1,3,1,1,initial,0,,,,11170.0,
2007-08-14,2007,Shrewsbury Town,Colchester United,0-0,0,0,1,initial,0,,,,3069.0,
2007-08-14,2007,Southend United,Cheltenham Town,1-1,1,1,1,initial,0,,,,3084.0,
2007-08-14,2007,Stockport County,Tranmere Rovers,1-0,1,0,1,initial,0,,,,3944.0,
2007-08-14,2007,Swansea City,Walsall,2-0,2,0,1,initial,0,,,,6943.0,
2007-08-14,2007,Swindon Town,Charlton Athletic,0-2,0,2,1,initial,0,,,,6175.0,
2007-08-14,2007,Watford,Gillingham,3-0,3,0,1,initial,0,,,,8166.0,
2007-08-14,2007,West Bromwich Albion,AFC Bournemouth,1-0,1,0,1,initial,0,,,,10250.0,
2007-08-15,2007,Wolverhampton Wanderers,Bradford City,2-1,2,1,1,initial,0,,,,9625.0,
2007-08-28,2007,Birmingham City,Hereford United,2-1,2,1,2,initial,0,,,,10185.0,
2007-08-29,2007,Bristol City,Manchester City,1-2,1,2,2,initial,0,,,,19941.0,
2007-08-28,2007,Bristol Rovers,West Ham United,1-2,1,2,2,initial,0,,,,10831.0,
2007-08-28,2007,Burnley,Oldham Athletic,3-0,3,0,2,initial,0,,,,7317.0,
2007-08-28,2007,Cardiff City,Leyton Orient,1-0,1,0,2,initial,0,,,,6150.0,
2007-08-28,2007,Carlisle United,Coventry City,0-2,0,2,2,initial,0,,,,5744.0,
2007-08-28,2007,Charlton Athletic,Stockport County,4-3,4,3,2,initial,0,,,,8022.0,
2007-08-28,2007,Derby County,Blackpool,1-1,1,1,2,initial,0,,,,8658.0,
2007-08-28,2007,Luton Town,Sunderland,3-0,3,0,2,initial,0,,,,4401.0,
2007-08-29,2007,Middlesbrough,Northampton Town,2-0,2,0,2,initial,0,,,,11686.0,
2007-08-28,2007,Milton Keynes Dons,Sheffield United,2-2,2,2,2,initial,0,,,,7943.0,
2007-08-29,2007,Newcastle United,Barnsley,2-0,2,0,2,initial,0,,,,30523.0,
2007-09-18,2007,Nottingham Forest,Leicester City,2-3,2,3,2,initial,0,,,,15519.0,
2007-08-28,2007,Peterborough United,West Bromwich Albion,0-2,0,2,2,initial,0,,,,4917.0,
2007-08-28,2007,Plymouth Argyle,Doncaster Rovers,2-0,2,0,2,initial,0,,,,5133.0,
2007-08-28,2007,Portsmouth,Leeds United,3-0,3,0,2,initial,0,,,,8502.0,
2007-08-28,2007,Rochdale,Norwich City,1-1,1,1,2,initial,0,,,,2990.0,
2007-08-28,2007,Sheffield Wednesday,Hartlepool United,1-1,1,1,2,initial,0,,,,8751.0,
2007-08-28,2007,Shrewsbury Town,Fulham,0-1,0,1,2,initial,0,,,,6223.0,
2007-08-28,2007,Southend United,Watford,2-0,2,0,2,initial,0,,,,5554.0,
2007-08-28,2007,Swansea City,Reading,0-0,0,0,2,initial,0,,,,12027.0,
2007-08-28,2007,Wigan Athletic,Hull City,0-1,0,1,2,initial,0,,,,5440.0,
2007-08-28,2007,Wolverhampton Wanderers,Morecambe,1-1,1,1,2,initial,0,,,,11296.0,
2007-08-28,2007,Wrexham,Aston Villa,0-5,0,5,2,initial,0,,,,8221.0,
2007-09-25,2007,Arsenal,Newcastle United,2-0,2,0,3,initial,0,,,,60004.0,
2007-09-26,2007,Aston Villa,Leicester City,0-1,0,1,3,initial,0,,,,25956.0,
2007-09-26,2007,Blackburn Rovers,Birmingham City,3-0,3,0,3,initial,0,,,,9205.0,
2007-09-25,2007,Blackpool,Southend United,1-1,1,1,3,initial,0,,,,5022.0,
2007-09-25,2007,Burnley,Portsmouth,0-1,0,1,3,initial,0,,,,8202.0,
2007-09-26,2007,Fulham,Bolton Wanderers,1-1,1,1,3,initial,0,,,,10500.0,
2007-09-26,2007,Hull City,Chelsea,0-4,0,4,3,initial,0,,,,23543.0,
2007-09-25,2007,Luton Town,Charlton Athletic,1-1,1,1,3,initial,0,,,,4534.0,
2007-09-25,2007,Manchester City,Norwich City,1-0,1,0,3,initial,0,,,,20938.0,
2007-09-26,2007,Manchester United,Coventry City,0-2,0,2,3,initial,0,,,,74055.0,
2007-09-25,2007,Reading,Liverpool,2-4,2,4,3,initial,0,,,,23563.0,
2007-09-25,2007,Sheffield United,Morecambe,5-0,5,0,3,initial,0,,,,8854.0,
2007-09-26,2007,Sheffield Wednesday,Everton,0-3,0,3,3,initial,0,,,,16463.0,
2007-09-26,2007,Tottenham Hotspur,Middlesbrough,2-0,2,0,3,initial,0,,,,32280.0,
2007-09-25,2007,West Bromwich Albion,Cardiff City,2-4,2,4,3,initial,0,,,,14085.0,
2007-09-26,2007,West Ham United,Plymouth Argyle,1-0,1,0,3,initial,0,,,,25774.0,
2007-10-31,2007,Bolton Wanderers,Manchester City,0-1,0,1,4,initial,0,,,,15510.0,
2007-10-31,2007,Chelsea,Leicester City,4-3,4,3,4,initial,0,,,,40037.0,
2007-10-30,2007,Coventry City,West Ham United,1-2,1,2,4,initial,0,,,,23968.0,
2007-10-31,2007,Liverpool,Cardiff City,2-1,2,1,4,initial,0,,,,41780.0,
2007-10-31,2007,Luton Town,Everton,0-1,0,1,4,initial,0,,,,8944.0,
2007-10-31,2007,Portsmouth,Blackburn Rovers,1-2,1,2,4,initial,0,,,,11788.0,
2007-10-31,2007,Sheffield United,Arsenal,0-3,0,3,4,initial,0,,,,16971.0,
2007-10-31,2007,Tottenham Hotspur,Blackpool,2-0,2,0,4,initial,0,,,,32196.0,
2007-12-18,2007,Blackburn Rovers,Arsenal,2-3,2,3,5,initial,0,,,,16207.0,
2007-12-19,2007,Chelsea,Liverpool,2-0,2,0,5,initial,0,,,,41366.0,
2007-12-18,2007,Manchester City,Tottenham Hotspur,0-2,0,2,5,initial,0,,,,38564.0,
2007-12-12,2007,West Ham United,Everton,1-2,1,2,5,initial,0,,,,28777.0,
2008-02-24,2007,Tottenham Hotspur,Chelsea,2-1,2,1,final,initial,0,,,,87660.0,
2008-01-09,2007,Arsenal,Tottenham Hotspur,1-1,1,1,semi,initial,1,,,,53136.0,
2008-01-08,2007,Chelsea,Everton,2-1,2,1,semi,initial,1,,,,41178.0,
2008-01-23,2007,Everton,Chelsea,0-1,0,1,semi,initial,2,,,,37086.0,
2008-01-22,2007,Tottenham Hotspur,Arsenal,5-1,5,1,semi,initial,2,,,,35979.0,
2008-08-12,2008,AFC Bournemouth,Cardiff City,1-2,1,2,1,initial,0,,,,3399.0,
2008-08-12,2008,Brighton & Hove Albion,Barnet,4-0,4,0,1,initial,0,,,,2571.0,
2008-08-12,2008,Bristol City,Peterborough United,2-1,2,1,1,initial,0,,,,5684.0,
2008-08-12,2008,Bury,Burnley,0-2,0,2,1,initial,0,,,,4276.0,
2008-08-12,2008,Charlton Athletic,Yeovil Town,0-1,0,1,1,initial,0,,,,6239.0,
2008-08-12,2008,Chester,Leeds United,2-5,2,5,1,initial,0,,,,3644.0,
2008-08-13,2008,Coventry City,Aldershot Town,3-1,3,1,1,initial,0,,,,9293.0,
2008-08-12,2008,Crewe Alexandra,Barnsley,2-0,2,0,1,initial,0,,,,2492.0,
2008-08-12,2008,Crystal Palace,Hereford United,2-1,2,1,1,initial,0,,,,3094.0,
2008-08-12,2008,Dagenham and Redbridge,Reading,1-2,1,2,1,initial,0,,,,2360.0,
2008-08-12,2008,Derby County,Lincoln City,1-1,1,1,1,initial,0,,,,10091.0,
2008-08-12,2008,Exeter City,Southampton,1-3,1,3,1,initial,0,,,,6471.0,
2008-08-12,2008,Gillingham,Colchester United,0-1,0,1,1,initial,0,,,,2566.0,
2008-08-12,2008,Grimsby Town,Tranmere Rovers,2-0,2,0,1,initial,0,,,,1858.0,
2008-08-12,2008,Hartlepool United,Scunthorpe United,3-0,3,0,1,initial,0,,,,2076.0,
2008-08-12,2008,Huddersfield Town,Bradford City,4-0,4,0,1,initial,0,,,,8932.0,
2008-08-12,2008,Ipswich Town,Leyton Orient,4-1,4,1,1,initial,0,,,,10477.0,
2008-08-12,2008,Leicester City,Stockport County,1-0,1,0,1,initial,0,,,,7386.0,
2008-08-12,2008,Luton Town,Plymouth Argyle,2-0,2,0,1,initial,0,,,,2682.0,
2008-08-12,2008,Macclesfield Town,Blackpool,2-0,2,0,1,initial,0,,,,1631.0,
2008-08-12,2008,Millwall,Northampton Town,0-1,0,1,1,initial,0,,,,3525.0,
2008-08-12,2008,Milton Keynes Dons,Norwich City,1-0,1,0,1,initial,0,,,,6261.0,
2008-08-13,2008,Nottingham Forest,Morecambe,4-0,4,0,1,initial,0,,,,4030.0,
2008-08-12,2008,Notts County,Doncaster Rovers,0-0,0,0,1,initial,0,,,,3272.0,
2008-08-12,2008,Preston North End,Chesterfield,2-0,2,0,1,initial,0,,,,5150.0,
2008-08-12,2008,Rochdale,Oldham Athletic,0-0,0,0,1,initial,0,,,,5786.0,
2008-08-13,2008,Sheffield United,Port Vale,3-1,3,1,1,initial,0,,,,7694.0,
2008-08-12,2008,Sheffield Wednesday,Rotherham United,1-1,1,1,1,initial,0,,,,16298.0,
2008-08-12,2008,Shrewsbury Town,Carlisle United,0-1,0,1,1,initial,0,,,,3337.0,
2008-08-12,2008,Southend United,Cheltenham Town,0-0,0,0,1,initial,0,,,,2998.0,
2008-08-12,2008,Swansea City,Brentford,2-0,2,0,1,initial,0,,,,5366.0,
2008-08-12,2008,Swindon Town,Queens Park Rangers,2-3,2,3,1,initial,0,,,,7230.0,
2008-08-12,2008,Walsall,Darlington,1-2,1,2,1,initial,0,,,,2702.0,
2008-08-12,2008,Watford,Bristol Rovers,1-0,1,0,1,initial,0,,,,5574.0,
2008-08-12,2008,Wolverhampton Wanderers,Accrington Stanley,1-1,1,1,1,initial,0,,,,9424.0,
2008-08-13,2008,Wycombe Wanderers,Birmingham City,0-4,0,4,1,initial,0,,,,2735.0,
2008-08-27,2008,Blackburn Rovers,Grimsby Town,4-1,4,1,2,initial,0,,,,8379.0,
2008-08-26,2008,Bolton Wanderers,Northampton Town,1-2,1,2,2,initial,0,,,,7136.0,
2008-09-24,2008,Brighton & Hove Albion,Manchester City,1-1,1,1,2,initial,0,,,,8729.0,
2008-08-26,2008,Burnley,Oldham Athletic,3-0,3,0,2,initial,0,,,,5528.0,
2008-08-26,2008,Cardiff City,Milton Keynes Dons,2-1,2,1,2,initial,0,,,,6334.0,
2008-08-26,2008,Cheltenham Town,Stoke City,2-3,2,3,2,initial,0,,,,3600.0,
2008-08-26,2008,Coventry City,Newcastle United,2-2,2,2,2,initial,0,,,,19249.0,
2008-08-26,2008,Crewe Alexandra,Bristol City,2-1,2,1,2,initial,0,,,,3227.0,
2008-08-27,2008,Fulham,Leicester City,3-2,3,2,2,initial,0,,,,7584.0,
2008-08-26,2008,Hartlepool United,West Bromwich Albion,1-1,1,1,2,initial,0,,,,3387.0,
2008-08-27,2008,Huddersfield Town,Sheffield United,1-2,1,2,2,initial,0,,,,15189.0,
2008-08-26,2008,Ipswich Town,Colchester United,2-1,2,1,2,initial,0,,,,17084.0,
2008-08-26,2008,Leeds United,Crystal Palace,4-0,4,0,2,initial,0,,,,10765.0,
2008-08-26,2008,Middlesbrough,Yeovil Town,5-1,5,1,2,initial,0,,,,15651.0,
2008-08-27,2008,Nottingham Forest,Sunderland,1-1,1,1,2,initial,0,,,,9198.0,
2008-08-26,2008,Preston North End,Derby County,0-1,0,1,2,initial,0,,,,8037.0,
2008-08-26,2008,Queens Park Rangers,Carlisle United,4-0,4,0,2,initial,0,,,,8021.0,
2008-08-26,2008,Reading,Luton Town,5-1,5,1,2,initial,0,,,,7498.0,
2008-08-26,2008,Rotherham United,Wolverhampton Wanderers,0-0,0,0,2,initial,0,,,,5404.0,
2008-08-26,2008,Southampton,Birmingham City,2-0,2,0,2,initial,0,,,,11331.0,
2008-08-26,2008,Swansea City,Hull City,1-1,1,1,2,initial,0,,,,8622.0,
2008-08-26,2008,Watford,Darlington,1-1,1,1,2,initial,0,,,,5236.0,
2008-08-27,2008,West Ham United,Macclesfield Town,1-1,1,1,2,initial,0,,,,10055.0,
2008-08-26,2008,Wigan Athletic,Notts County,4-0,4,0,2,initial,0,,,,4100.0,
2008-09-23,2008,Arsenal,Sheffield United,6-0,6,0,3,initial,0,,,,56632.0,
2008-09-24,2008,Aston Villa,Queens Park Rangers,0-1,0,1,3,initial,0,,,,21541.0,
2008-09-24,2008,Blackburn Rovers,Everton,1-0,1,0,3,initial,0,,,,14366.0,
2008-11-04,2008,Brighton & Hove Albion,Derby County,1-4,1,4,3,initial,0,,,,6625.0,
2008-09-23,2008,Burnley,Fulham,1-0,1,0,3,initial,0,,,,7119.0,
2008-09-24,2008,Ipswich Town,Wigan Athletic,1-4,1,4,3,initial,0,,,,13803.0,
2008-09-23,2008,Leeds United,Hartlepool United,3-2,3,2,3,initial,0,,,,14599.0,
2008-09-23,2008,Liverpool,Crewe Alexandra,2-1,2,1,3,initial,0,,,,28591.0,
2008-09-23,2008,Manchester United,Middlesbrough,3-1,3,1,3,initial,0,,,,53729.0,
2008-09-24,2008,Newcastle United,Tottenham Hotspur,1-2,1,2,3,initial,0,,,,20577.0,
2008-09-24,2008,Portsmouth,Chelsea,0-4,0,4,3,initial,0,,,,15339.0,
2008-09-23,2008,Rotherham United,Southampton,3-1,3,1,3,initial,0,,,,5147.0,
2008-09-23,2008,Stoke City,Reading,2-2,2,2,3,initial,0,,,,9141.0,
2008-09-23,2008,Sunderland,Northampton Town,2-2,2,2,3,initial,0,,,,21082.0,
2008-09-23,2008,Swansea City,Cardiff City,1-0,1,0,3,initial,0,,,,17411.0,
2008-09-23,2008,Watford,West Ham United,1-0,1,0,3,initial,0,,,,12914.0,
2008-11-11,2008,Arsenal,Wigan Athletic,3-0,3,0,4,initial,0,,,,59665.0,
2008-11-12,2008,Chelsea,Burnley,1-1,1,1,4,initial,0,,,,41369.0,
2008-11-11,2008,Derby County,Leeds United,2-1,2,1,4,initial,0,,,,18540.0,
2008-11-11,2008,Manchester United,Queens Park Rangers,1-0,1,0,4,initial,0,,,,62539.0,
2008-11-11,2008,Stoke City,Rotherham United,2-0,2,0,4,initial,0,,,,15458.0,
2008-11-12,2008,Sunderland,Blackburn Rovers,1-2,1,2,4,initial,0,,,,18555.0,
2008-11-11,2008,Swansea City,Watford,0-1,0,1,4,initial,0,,,,9549.0,
2008-11-12,2008,Tottenham Hotspur,Liverpool,4-2,4,2,4,initial,0,,,,33242.0,
2008-12-02,2008,Burnley,Arsenal,2-0,2,0,5,initial,0,,,,19045.0,
2008-12-03,2008,Manchester United,Blackburn Rovers,5-3,5,3,5,initial,0,,,,53997.0,
2008-12-02,2008,Stoke City,Derby County,0-1,0,1,5,initial,0,,,,22034.0,
2008-12-03,2008,Watford,Tottenham Hotspur,1-2,1,2,5,initial,0,,,,16501.0,
2009-03-01,2008,Manchester United,Tottenham Hotspur,0-0,0,0,final,initial,0,,,,88217.0,
2009-01-07,2008,Derby County,Manchester United,1-0,1,0,semi,initial,1,,,,30194.0,
2009-01-06,2008,Tottenham Hotspur,Burnley,4-1,4,1,semi,initial,1,,,,31377.0,
2009-02-21,2008,Burnley,Tottenham Hotspur,3-2,3,2,semi,initial,2,,,,19533.0,
2009-01-20,2008,Manchester United,Derby County,4-2,4,2,semi,initial,2,,,,73374.0,
2009-08-11,2009,Accrington Stanley,Walsall,2-1,2,1,1,initial,0,,,,1041.0,
2009-08-11,2009,Barnet,Watford,0-0,0,0,1,initial,0,,,,3139.0,
2009-08-11,2009,Brentford,Bristol City,0-1,0,1,1,initial,0,,,,3024.0,
2009-08-11,2009,Bristol Rovers,Aldershot Town,2-1,2,1,1,initial,0,,,,3644.0,
2009-08-11,2009,Bury,West Bromwich Albion,0-2,0,2,1,initial,0,,,,3077.0,
2009-08-11,2009,Cardiff City,Dagenham and Redbridge,3-1,3,1,1,initial,0,,,,5545.0,
2009-08-11,2009,Carlisle United,Oldham Athletic,1-0,1,0,1,initial,0,,,,2509.0,
2009-08-11,2009,Cheltenham Town,Southend United,1-2,1,2,1,initial,0,,,,1918.0,
2009-08-11,2009,Colchester United,Leyton Orient,1-2,1,2,1,initial,0,,,,3308.0,
2009-08-12,2009,Coventry City,Hartlepool United,0-0,0,0,1,initial,0,,,,6055.0,
2009-08-11,2009,Crewe Alexandra,Blackpool,1-2,1,2,1,initial,0,,,,2991.0,
2009-08-11,2009,Crystal Palace,Torquay United,2-1,2,1,1,initial,0,,,,3140.0,
2009-08-10,2009,Darlington,Leeds United,0-1,0,1,1,initial,0,,,,4487.0,
2009-08-11,2009,Exeter City,Queens Park Rangers,0-5,0,5,1,initial,0,,,,4614.0,
2009-08-11,2009,Gillingham,Plymouth Argyle,2-1,2,1,1,initial,0,,,,3306.0,
2009-08-11,2009,Hereford United,Charlton Athletic,0-0,0,0,1,initial,0,,,,2017.0,
2009-08-11,2009,Huddersfield Town,Stockport County,3-1,3,1,1,initial,0,,,,5120.0,
2009-08-11,2009,Lincoln City,Barnsley,0-1,0,1,1,initial,0,,,,3635.0,
2009-08-12,2009,Macclesfield Town,Leicester City,0-2,0,2,1,initial,0,,,,2197.0,
2009-08-11,2009,Millwall,AFC Bournemouth,4-0,4,0,1,initial,0,,,,3552.0,
2009-08-11,2009,Milton Keynes Dons,Swindon Town,1-4,1,4,1,initial,0,,,,4812.0,
2009-08-12,2009,Nottingham Forest,Bradford City,3-0,3,0,1,initial,0,,,,4639.0,
2009-08-11,2009,Notts County,Doncaster Rovers,0-1,0,1,1,initial,0,,,,4893.0,
2009-08-11,2009,Preston North End,Morecambe,5-1,5,1,1,initial,0,,,,5407.0,
2009-08-11,2009,Reading,Burton Albion,5-1,5,1,1,initial,0,,,,5893.0,
2009-08-11,2009,Rotherham United,Derby County,2-1,2,1,1,initial,0,,,,4345.0,
2009-08-11,2009,Scunthorpe United,Chesterfield,2-1,2,1,1,initial,0,,,,2501.0,
2009-08-11,2009,Sheffield United,Port Vale,1-2,1,2,1,initial,0,,,,7627.0,
2009-08-11,2009,Sheffield Wednesday,Rochdale,3-0,3,0,1,initial,0,,,,6696.0,
2009-08-11,2009,Shrewsbury Town,Ipswich Town,3-3,3,3,1,initial,0,,,,4184.0,
2009-08-11,2009,Southampton,Northampton Town,2-0,2,0,1,initial,0,,,,10921.0,
2009-08-11,2009,Swansea City,Brighton & Hove Albion,3-0,3,0,1,initial,0,,,,6400.0,
2009-08-11,2009,Tranmere Rovers,Grimsby Town,4-0,4,0,1,initial,0,,,,3527.0,
2009-08-11,2009,Wycombe Wanderers,Peterborough United,0-4,0,4,1,initial,0,,,,2078.0,
2009-08-11,2009,Yeovil Town,Norwich City,0-4,0,4,1,initial,0,,,,3860.0,
2009-08-26,2009,Blackpool,Wigan Athletic,4-1,4,1,2,initial,0,,,,8089.0,
2009-08-26,2009,Bristol City,Carlisle United,0-2,0,2,2,initial,0,,,,6359.0,
2009-08-26,2009,Cardiff City,Bristol Rovers,3-1,3,1,2,initial,0,,,,9767.0,
2009-08-27,2009,Crystal Palace,Manchester City,0-2,0,2,2,initial,0,,,,14725.0,
2009-08-26,2009,Doncaster Rovers,Tottenham Hotspur,1-5,1,5,2,initial,0,,,,12923.0,
2009-08-25,2009,Gillingham,Blackburn Rovers,1-3,1,3,2,initial,0,,,,7203.0,
2009-08-25,2009,Hartlepool United,Burnley,1-1,1,1,2,initial,0,,,,3501.0,
2009-08-25,2009,Hull City,Southend United,3-1,3,1,2,initial,0,,,,7994.0,
2009-08-25,2009,Leeds United,Watford,1-1,1,1,2,initial,0,,,,14681.0,
2009-08-26,2009,Leyton Orient,Stoke City,0-0,0,0,2,initial,0,,,,2742.0,
2009-08-26,2009,Newcastle United,Huddersfield Town,4-3,4,3,2,initial,0,,,,23815.0,
2009-08-24,2009,Norwich City,Sunderland,1-4,1,4,2,initial,0,,,,12345.0,
2009-08-25,2009,Nottingham Forest,Middlesbrough,1-1,1,1,2,initial,0,,,,8838.0,
2009-08-25,2009,Peterborough United,Ipswich Town,2-1,2,1,2,initial,0,,,,5451.0,
2009-08-25,2009,Port Vale,Sheffield Wednesday,2-0,2,0,2,initial,0,,,,6667.0,
2009-08-25,2009,Portsmouth,Hereford United,4-1,4,1,2,initial,0,,,,6645.0,
2009-08-25,2009,Preston North End,Leicester City,2-1,2,1,2,initial,0,,,,6977.0,
2009-08-25,2009,Queens Park Rangers,Accrington Stanley,2-1,2,1,2,initial,0,,,,5203.0,
2009-08-25,2009,Reading,Barnsley,1-2,1,2,2,initial,0,,,,5576.0,
2009-08-25,2009,Southampton,Birmingham City,1-2,1,2,2,initial,0,,,,11753.0,
2009-08-25,2009,Swansea City,Scunthorpe United,1-2,1,2,2,initial,0,,,,7321.0,
2009-08-25,2009,Tranmere Rovers,Bolton Wanderers,0-1,0,1,2,initial,0,,,,5381.0,
2009-08-26,2009,West Bromwich Albion,Rotherham United,2-2,2,2,2,initial,0,,,,10659.0,
2009-08-25,2009,West Ham United,Millwall,1-1,1,1,2,initial,0,,,,24492.0,
2009-08-25,2009,Wolverhampton Wanderers,Swindon Town,0-0,0,0,2,initial,0,,,,11416.0,
2009-09-22,2009,Arsenal,West Bromwich Albion,2-0,2,0,3,initial,0,,,,56592.0,
2009-09-23,2009,Aston Villa,Cardiff City,1-0,1,0,3,initial,0,,,,22527.0,
2009-09-22,2009,Barnsley,Burnley,3-2,3,2,3,initial,0,,,,6270.0,
2009-09-22,2009,Bolton Wanderers,West Ham United,1-1,1,1,3,initial,0,,,,8050.0,
2009-09-22,2009,Carlisle United,Portsmouth,1-3,1,3,3,initial,0,,,,7042.0,
2009-09-23,2009,Chelsea,Queens Park Rangers,1-0,1,0,3,initial,0,,,,37781.0,
2009-09-23,2009,Hull City,Everton,0-4,0,4,3,initial,0,,,,13558.0,
2009-09-22,2009,Leeds United,Liverpool,0-1,0,1,3,initial,0,,,,38168.0,
2009-09-23,2009,Manchester City,Fulham,1-1,1,1,3,initial,0,,,,24507.0,
2009-09-23,2009,Manchester United,Wolverhampton Wanderers,1-0,1,0,3,initial,0,,,,51160.0,
2009-09-22,2009,Nottingham Forest,Blackburn Rovers,0-1,0,1,3,initial,0,,,,11553.0,
2009-09-22,2009,Peterborough United,Newcastle United,2-0,2,0,3,initial,0,,,,10298.0,
2009-09-23,2009,Preston North End,Tottenham Hotspur,1-5,1,5,3,initial,0,,,,16533.0,
2009-09-22,2009,Scunthorpe United,Port Vale,0-0,0,0,3,initial,0,,,,3383.0,
2009-09-22,2009,Stoke City,Blackpool,4-3,4,3,3,initial,0,,,,13957.0,
2009-09-22,2009,Sunderland,Birmingham City,2-0,2,0,3,initial,0,,,,20576.0,
2009-10-28,2009,Arsenal,Liverpool,2-1,2,1,4,initial,0,,,,60004.0,
2009-10-27,2009,Barnsley,Manchester United,0-2,0,2,4,initial,0,,,,20019.0,
2009-10-27,2009,Blackburn Rovers,Peterborough United,5-2,5,2,4,initial,0,,,,8419.0,
2009-10-28,2009,Chelsea,Bolton Wanderers,4-0,4,0,4,initial,0,,,,41538.0,
2009-10-28,2009,Manchester City,Scunthorpe United,5-1,5,1,4,initial,0,,,,36358.0,
2009-10-27,2009,Portsmouth,Stoke City,4-0,4,0,4,initial,0,,,,11251.0,
2009-10-27,2009,Sunderland,Aston Villa,0-0,0,0,4,initial,0,,,,27666.0,
2009-10-27,2009,Tottenham Hotspur,Everton,2-0,2,0,4,initial,0,,,,35843.0,
2009-12-02,2009,Blackburn Rovers,Chelsea,3-3,3,3,5,initial,0,,,,18136.0,
2009-12-02,2009,Manchester City,Arsenal,3-0,3,0,5,initial,0,,,,46015.0,
2009-12-01,2009,Manchester United,Tottenham Hotspur,2-0,2,0,5,initial,0,,,,57212.0,
2009-12-01,2009,Portsmouth,Aston Villa,2-4,2,4,5,initial,0,,,,17034.0,
2010-02-28,2009,Aston Villa,Manchester United,1-2,1,2,final,initial,0,,,,88596.0,
2010-01-14,2009,Blackburn Rovers,Aston Villa,0-1,0,1,semi,initial,1,,,,18595.0,
2010-01-19,2009,Manchester City,Manchester United,2-1,2,1,semi,initial,1,,,,46067.0,
2010-01-20,2009,Aston Villa,Blackburn Rovers,6-4,6,4,semi,initial,2,,,,40406.0,
2010-01-27,2009,Manchester United,Manchester City,3-1,3,1,semi,initial,2,,,,74576.0,
2010-08-10,2010,Aldershot Town,Watford,0-3,0,3,1,initial,0,,,,3292.0,
2010-08-10,2010,Barnsley,Rochdale,0-1,0,1,1,initial,0,,,,4107.0,
2010-08-10,2010,Bradford City,Nottingham Forest,1-1,1,1,1,initial,0,,,,5175.0,
2010-08-10,2010,Brentford,Cheltenham Town,2-1,2,1,1,initial,0,,,,2049.0,
2010-08-11,2010,Cardiff City,Burton Albion,1-1,1,1,1,initial,0,,,,6080.0,
2010-08-10,2010,Carlisle United,Huddersfield Town,0-1,0,1,1,initial,0,,,,3475.0,
2010-08-10,2010,Chesterfield,Middlesbrough,1-2,1,2,1,initial,0,,,,6509.0,
2010-08-10,2010,Crewe Alexandra,Derby County,1-0,1,0,1,initial,0,,,,3778.0,
2010-08-10,2010,Doncaster Rovers,Accrington Stanley,1-1,1,1,1,initial,0,,,,4603.0,
2010-08-10,2010,Exeter City,Ipswich Town,2-2,2,2,1,initial,0,,,,4520.0,
2010-08-11,2010,Hartlepool United,Sheffield United,2-0,2,0,1,initial,0,,,,2520.0,
2010-08-10,2010,Hereford United,Colchester United,0-3,0,3,1,initial,0,,,,1996.0,
2010-08-10,2010,Leeds United,Lincoln City,4-0,4,0,1,initial,0,,,,12602.0,
2010-08-10,2010,Leicester City,Macclesfield Town,4-3,4,3,1,initial,0,,,,6142.0,
2010-08-10,2010,Milton Keynes Dons,Dagenham and Redbridge,2-1,2,1,1,initial,0,,,,3502.0,
2010-08-10,2010,Morecambe,Coventry City,2-0,2,0,1,initial,0,,,,4002.0,
2010-08-10,2010,Northampton Town,Brighton & Hove Albion,2-0,2,0,1,initial,0,,,,2431.0,
2010-08-10,2010,Norwich City,Gillingham,4-1,4,1,1,initial,0,,,,13068.0,
2010-08-10,2010,Oxford United,Bristol Rovers,6-1,6,1,1,initial,0,,,,5008.0,
2010-08-10,2010,Peterborough United,Rotherham United,4-1,4,1,1,initial,0,,,,4145.0,
2010-08-10,2010,Plymouth Argyle,Notts County,0-1,0,1,1,initial,0,,,,5454.0,
2010-08-10,2010,Queens Park Rangers,Port Vale,1-3,1,3,1,initial,0,,,,6619.0,
2010-08-10,2010,Scunthorpe United,Oldham Athletic,2-1,2,1,1,initial,0,,,,2602.0,
2010-08-10,2010,Sheffield Wednesday,Bury,1-0,1,0,1,initial,0,,,,7390.0,
2010-08-10,2010,Shrewsbury Town,Charlton Athletic,4-3,4,3,1,initial,0,,,,3700.0,
2010-08-10,2010,Southampton,AFC Bournemouth,2-0,2,0,1,initial,0,,,,17135.0,
2010-08-10,2010,Southend United,Bristol City,2-2,2,2,1,initial,0,,,,2940.0,
2010-08-09,2010,Stevenage Borough,Portsmouth,1-2,1,2,1,initial,0,,,,4236.0,
2010-08-10,2010,Stockport County,Preston North End,0-5,0,5,1,initial,0,,,,3724.0,
2010-08-10,2010,Swansea City,Barnet,3-0,3,0,1,initial,0,,,,6644.0,
2010-08-10,2010,Swindon Town,Leyton Orient,1-2,1,2,1,initial,0,,,,4450.0,
2010-08-11,2010,Torquay United,Reading,0-0,0,0,1,initial,0,,,,2832.0,
2010-08-10,2010,Walsall,Tranmere Rovers,0-1,0,1,1,initial,0,,,,2253.0,
2010-08-10,2010,Wycombe Wanderers,Millwall,1-1,1,1,1,initial,0,,,,3028.0,
2010-08-10,2010,Yeovil Town,Crystal Palace,0-1,0,1,1,initial,0,,,,3720.0,
2010-08-25,2010,Accrington Stanley,Newcastle United,2-3,2,3,2,initial,0,,,,4098.0,
2010-08-26,2010,Birmingham City,Rochdale,3-2,3,2,2,initial,0,,,,6431.0,
2010-08-24,2010,Blackburn Rovers,Norwich City,3-1,3,1,2,initial,0,,,,9235.0,
2010-08-24,2010,Bradford City,Preston North End,1-1,1,1,2,initial,0,,,,4221.0,
2010-08-24,2010,Brentford,Hull City,2-1,2,1,2,initial,0,,,,3335.0,
2010-08-24,2010,Crewe Alexandra,Ipswich Town,0-0,0,0,2,initial,0,,,,3309.0,
2010-08-25,2010,Everton,Huddersfield Town,5-1,5,1,2,initial,0,,,,28901.0,
2010-08-25,2010,Fulham,Port Vale,6-0,6,0,2,initial,0,,,,9031.0,
2010-08-24,2010,Hartlepool United,Wigan Athletic,0-3,0,3,2,initial,0,,,,3196.0,
2010-08-24,2010,Leeds United,Leicester City,1-2,1,2,2,initial,0,,,,16509.0,
2010-08-24,2010,Leyton Orient,West Bromwich Albion,0-2,0,2,2,initial,0,,,,2349.0,
2010-08-24,2010,Millwall,Middlesbrough,2-1,2,1,2,initial,0,,,,6704.0,
2010-08-24,2010,Milton Keynes Dons,Blackpool,3-3,3,3,2,initial,0,,,,7458.0,
2010-08-24,2010,Morecambe,Burnley,1-3,1,3,2,initial,0,,,,5003.0,
2010-08-24,2010,Peterborough United,Cardiff City,2-1,2,1,2,initial,0,,,,3806.0,
2010-08-24,2010,Portsmouth,Crystal Palace,1-1,1,1,2,initial,0,,,,8412.0,
2010-08-24,2010,Reading,Northampton Town,2-2,2,2,2,initial,0,,,,6986.0,
2010-08-24,2010,Scunthorpe United,Sheffield Wednesday,4-2,4,2,2,initial,0,,,,4680.0,
2010-08-24,2010,Southampton,Bolton Wanderers,0-1,0,1,2,initial,0,,,,10251.0,
2010-08-24,2010,Stoke City,Shrewsbury Town,2-1,2,1,2,initial,0,,,,11995.0,
2010-08-24,2010,Sunderland,Colchester United,2-0,2,0,2,initial,0,,,,13532.0,
2010-08-24,2010,Tranmere Rovers,Swansea City,1-3,1,3,2,initial,0,,,,2450.0,
2010-08-24,2010,Watford,Notts County,1-2,1,2,2,initial,0,,,,6434.0,
2010-08-24,2010,West Ham United,Oxford United,1-0,1,0,2,initial,0,,,,20902.0,
2010-08-24,2010,Wolverhampton Wanderers,Southend United,1-1,1,1,2,initial,0,,,,10284.0,
2010-09-22,2010,Aston Villa,Blackburn Rovers,3-1,3,1,3,initial,0,,,,18753.0,
2010-09-21,2010,Birmingham City,Milton Keynes Dons,3-1,3,1,3,initial,0,,,,9450.0,
2010-09-21,2010,Brentford,Everton,1-1,1,1,3,initial,0,,,,8960.0,
2010-09-21,2010,Burnley,Bolton Wanderers,1-0,1,0,3,initial,0,,,,17602.0,
2010-09-22,2010,Chelsea,Newcastle United,3-4,3,4,3,initial,0,,,,41511.0,
2010-09-22,2010,Liverpool,Northampton Town,2-2,2,2,3,initial,0,,,,22577.0,
2010-09-21,2010,Millwall,Ipswich Town,1-2,1,2,3,initial,0,,,,5070.0,
2010-09-21,2010,Peterborough United,Swansea City,1-3,1,3,3,initial,0,,,,4164.0,
2010-09-21,2010,Portsmouth,Leicester City,1-2,1,2,3,initial,0,,,,8327.0,
2010-09-22,2010,Scunthorpe United,Manchester United,2-5,2,5,3,initial,0,,,,9077.0,
2010-09-21,2010,Stoke City,Fulham,2-0,2,0,3,initial,0,,,,12778.0,
2010-09-21,2010,Sunderland,West Ham United,1-2,1,2,3,initial,0,,,,21907.0,
2010-09-21,2010,Tottenham Hotspur,Arsenal,1-1,1,1,3,initial,0,,,,35883.0,
2010-09-22,2010,West Bromwich Albion,Manchester City,2-1,2,1,3,initial,0,,,,10418.0,
2010-09-22,2010,Wigan Athletic,Preston North End,2-1,2,1,3,initial,0,,,,6987.0,
2010-09-21,2010,Wolverhampton Wanderers,Notts County,1-1,1,1,3,initial,0,,,,11516.0,
2010-10-27,2010,Aston Villa,Burnley,1-1,1,1,4,initial,0,,,,34618.0,
2010-10-27,2010,Birmingham City,Brentford,1-1,1,1,4,initial,0,,,,15166.0,
2009-10-26,2010,Ipswich Town,Northampton Town,3-1,3,1,4,initial,0,,,,12929.0,
2009-10-26,2010,Leicester City,West Bromwich Albion,1-4,1,4,4,initial,0,,,,16957.0,
2009-10-26,2010,Manchester United,Wolverhampton Wanderers,3-2,3,2,4,initial,0,,,,46083.0,
2010-10-27,2010,Newcastle United,Arsenal,0-4,0,4,4,initial,0,,,,33157.0,
2010-10-27,2010,West Ham United,Stoke City,1-1,1,1,4,initial,0,,,,25304.0,
2009-10-26,2010,Wigan Athletic,Swansea City,2-0,2,0,4,initial,0,,,,11705.0,
2010-11-30,2010,Arsenal,Wigan Athletic,2-0,2,0,5,initial,0,,,,59525.0,
2010-12-01,2010,Birmingham City,Aston Villa,2-1,2,1,5,initial,0,,,,27679.0,
2010-12-01,2010,Ipswich Town,West Bromwich Albion,1-0,1,0,5,initial,0,,,,11363.0,
2010-11-30,2010,West Ham United,Manchester United,4-0,4,0,5,initial,0,,,,33551.0,
2011-02-27,2010,Arsenal,Birmingham City,1-2,1,2,final,initial,0,,,,88851.0,
2011-01-12,2010,Ipswich Town,Arsenal,1-0,1,0,semi,initial,1,,,,29146.0,
2011-01-11,2010,West Ham United,Birmingham City,2-1,2,1,semi,initial,1,,,,29034.0,
2011-01-25,2010,Arsenal,Ipswich Town,3-0,3,0,semi,initial,2,,,,59387.0,
2011-01-26,2010,Birmingham City,West Ham United,3-1,3,1,semi,initial,2,,,,27519.0,
2011-08-09,2011,Accrington Stanley,Scunthorpe United,0-2,0,2,1,initial,0,,,,1356.0,
2011-08-09,2011,AFC Bournemouth,Dagenham and Redbridge,5-0,5,0,1,initial,0,,,,3681.0,
2011-08-09,2011,Barnsley,Morecambe,0-2,0,2,1,initial,0,,,,4331.0,
2011-08-09,2011,Brighton & Hove Albion,Gillingham,1-0,1,0,1,initial,0,,,,16295.0,
2011-08-24,2011,Bristol City,Swindon Town,0-1,0,1,1,initial,0,,,,7708.0,
2011-08-23,2011,Bristol Rovers,Watford,1-1,1,1,1,initial,0,,,,4432.0,
2011-08-09,2011,Burnley,Burton Albion,6-3,6,3,1,initial,0,,,,4069.0,
2011-08-09,2011,Bury,Coventry City,3-1,3,1,1,initial,0,,,,2997.0,
2011-08-23,2011,Charlton Athletic,Reading,2-1,2,1,1,initial,0,,,,6668.0,
2011-08-09,2011,Cheltenham Town,Milton Keynes Dons,1-4,1,4,1,initial,0,,,,1625.0,
2011-08-23,2011,Crystal Palace,Crawley Town,2-0,2,0,1,initial,0,,,,8901.0,
2011-08-09,2011,Derby County,Shrewsbury Town,2-3,2,3,1,initial,0,,,,7073.0,
2011-08-09,2011,Doncaster Rovers,Tranmere Rovers,3-0,3,0,1,initial,0,,,,4339.0,
2011-08-09,2011,Exeter City,Yeovil Town,2-0,2,0,1,initial,0,,,,3856.0,
2011-08-09,2011,Hartlepool United,Sheffield United,1-1,1,1,1,initial,0,,,,2774.0,
2011-08-09,2011,Hereford United,Brentford,1-0,1,0,1,initial,0,,,,1767.0,
2011-08-09,2011,Hull City,Macclesfield Town,0-2,0,2,1,initial,0,,,,4826.0,
2011-08-09,2011,Ipswich Town,Northampton Town,1-2,1,2,1,initial,0,,,,9401.0,
2011-08-09,2011,Leeds United,Bradford City,3-2,3,2,1,initial,0,,,,17667.0,
2011-08-09,2011,Nottingham Forest,Notts County,3-3,3,3,1,initial,0,,,,21605.0,
2011-08-09,2011,Oldham Athletic,Carlisle United,1-1,1,1,1,initial,0,,,,1786.0,
2011-08-10,2011,Oxford United,Cardiff City,1-3,1,3,1,initial,0,,,,5435.0,
2011-08-09,2011,Plymouth Argyle,Millwall,0-1,0,1,1,initial,0,,,,4781.0,
2011-08-09,2011,Port Vale,Huddersfield Town,2-4,2,4,1,initial,0,,,,3014.0,
2011-08-09,2011,Portsmouth,Barnet,0-1,0,1,1,initial,0,,,,4464.0,
2011-08-09,2011,Preston North End,Crewe Alexandra,3-2,3,2,1,initial,0,,,,5401.0,
2011-08-09,2011,Rochdale,Chesterfield,3-2,3,2,1,initial,0,,,,1718.0,
2011-08-09,2011,Rotherham United,Leicester City,1-4,1,4,1,initial,0,,,,3717.0,
2011-08-11,2011,Sheffield Wednesday,Blackpool,0-0,0,0,1,initial,0,,,,5240.0,
2011-08-09,2011,Southampton,Torquay United,4-1,4,1,1,initial,0,,,,6541.0,
2011-08-09,2011,Southend United,Leyton Orient,1-1,1,1,1,initial,0,,,,4847.0,
2011-08-09,2011,Stevenage Borough,Peterborough United,3-4,3,4,1,initial,0,,,,2414.0,
2011-08-09,2011,Walsall,Middlesbrough,0-3,0,3,1,initial,0,,,,3564.0,
2011-08-24,2011,West Ham United,Aldershot Town,1-2,1,2,1,initial,0,,,,19879.0,
2011-08-09,2011,Wycombe Wanderers,Colchester United,3-3,3,3,1,initial,0,,,,1430.0,
2011-08-23,2011,AFC Bournemouth,West Bromwich Albion,1-4,1,4,2,initial,0,,,,6911.0,
2011-08-30,2011,Aldershot Town,Carlisle United,2-0,2,0,2,initial,0,,,,2809.0,
2011-08-23,2011,Aston Villa,Hereford United,2-0,2,0,2,initial,0,,,,21058.0,
2011-08-24,2011,Blackburn Rovers,Sheffield Wednesday,3-1,3,1,2,initial,0,,,,8607.0,
2011-08-24,2011,Bolton Wanderers,Macclesfield Town,2-1,2,1,2,initial,0,,,,6777.0,
2011-08-23,2011,Brighton & Hove Albion,Sunderland,1-0,1,0,2,initial,0,,,,17090.0,
2011-08-23,2011,Burnley,Barnet,3-2,3,2,2,initial,0,,,,4273.0,
2011-08-23,2011,Bury,Leicester City,2-4,2,4,2,initial,0,,,,3779.0,
2011-08-23,2011,Cardiff City,Huddersfield Town,5-3,5,3,2,initial,0,,,,6829.0,
2011-09-13,2011,Charlton Athletic,Preston North End,0-2,0,2,2,initial,0,,,,5130.0,
2011-09-13,2011,Crystal Palace,Wigan Athletic,2-1,2,1,2,initial,0,,,,7649.0,
2011-08-23,2011,Doncaster Rovers,Leeds United,1-2,1,2,2,initial,0,,,,8505.0,
2011-08-24,2011,Everton,Sheffield United,3-1,3,1,2,initial,0,,,,17173.0,
2011-08-24,2011,Exeter City,Liverpool,1-3,1,3,2,initial,0,,,,8290.0,
2011-08-30,2011,Leyton Orient,Bristol Rovers,3-2,3,2,2,initial,0,,,,1881.0,
2011-08-23,2011,Millwall,Morecambe,2-0,2,0,2,initial,0,,,,3443.0,
2011-08-23,2011,Northampton Town,Wolverhampton Wanderers,0-4,0,4,2,initial,0,,,,5512.0,
2011-08-23,2011,Norwich City,Milton Keynes Dons,0-4,0,4,2,initial,0,,,,13009.0,
2011-08-24,2011,Peterborough United,Middlesbrough,0-2,0,2,2,initial,0,,,,5012.0,
2011-08-23,2011,Queens Park Rangers,Rochdale,0-2,0,2,2,initial,0,,,,4755.0,
2011-08-25,2011,Scunthorpe United,Newcastle United,1-2,1,2,2,initial,0,,,,4408.0,
2011-08-23,2011,Shrewsbury Town,Swansea City,3-1,3,1,2,initial,0,,,,4063.0,
2011-08-30,2011,Swindon Town,Southampton,1-3,1,3,2,initial,0,,,,7452.0,
2011-08-23,2011,Wycombe Wanderers,Nottingham Forest,1-4,1,4,2,initial,0,,,,2866.0,
2011-09-20,2011,Aldershot Town,Rochdale,2-1,2,1,3,initial,0,,,,3334.0,
2011-09-20,2011,Arsenal,Shrewsbury Town,3-1,3,1,3,initial,0,,,,46539.0,
2011-09-20,2011,Aston Villa,Bolton Wanderers,0-2,0,2,3,initial,0,,,,22261.0,
2011-09-20,2011,Blackburn Rovers,Leyton Orient,3-2,3,2,3,initial,0,,,,7104.0,
2011-09-21,2011,Brighton & Hove Albion,Liverpool,1-2,1,2,3,initial,0,,,,21897.0,
2011-09-20,2011,Burnley,Milton Keynes Dons,2-1,2,1,3,initial,0,,,,4134.0,
2011-09-21,2011,Cardiff City,Leicester City,2-2,2,2,3,initial,0,,,,8697.0,
2011-09-21,2011,Chelsea,Fulham,0-0,0,0,3,initial,0,,,,37632.0,
2011-09-20,2011,Crystal Palace,Middlesbrough,2-1,2,1,3,initial,0,,,,5448.0,
2011-09-21,2011,Everton,West Bromwich Albion,2-1,2,1,3,initial,0,,,,17647.0,
2011-09-20,2011,Leeds United,Manchester United,0-3,0,3,3,initial,0,,,,31031.0,
2011-09-21,2011,Manchester City,Birmingham City,2-0,2,0,3,initial,0,,,,25070.0,
2011-09-20,2011,Nottingham Forest,Newcastle United,3-4,3,4,3,initial,0,,,,10208.0,
2011-09-21,2011,Southampton,Preston North End,2-1,2,1,3,initial,0,,,,7414.0,
2011-09-20,2011,Stoke City,Tottenham Hotspur,0-0,0,0,3,initial,0,,,,15023.0,
2011-09-20,2011,Wolverhampton Wanderers,Millwall,5-0,5,0,3,initial,0,,,,7749.0,
2011-10-25,2011,Aldershot Town,Manchester United,0-3,0,3,4,initial,0,,,,7044.0,
2011-10-25,2011,Arsenal,Bolton Wanderers,2-1,2,1,4,initial,0,,,,56628.0,
2011-10-26,2011,Blackburn Rovers,Newcastle United,4-3,4,3,4,initial,0,,,,10682.0,
2011-10-25,2011,Cardiff City,Burnley,1-0,1,0,4,initial,0,,,,11601.0,
2011-10-25,2011,Crystal Palace,Southampton,2-0,2,0,4,initial,0,,,,11865.0,
2011-10-26,2011,Everton,Chelsea,1-2,1,2,4,initial,0,,,,23170.0,
2011-10-26,2011,Stoke City,Liverpool,1-2,1,2,4,initial,0,,,,24934.0,
2011-10-26,2011,Wolverhampton Wanderers,Manchester City,2-5,2,5,4,initial,0,,,,12436.0,
2011-11-29,2011,Arsenal,Manchester City,0-1,0,1,5,initial,0,,,,60028.0,
2011-11-29,2011,Cardiff City,Blackburn Rovers,2-0,2,0,5,initial,0,,,,19436.0,
2011-11-29,2011,Chelsea,Liverpool,0-2,0,2,5,initial,0,,,,40511.0,
2011-11-30,2011,Manchester United,Crystal Palace,1-2,1,2,5,initial,0,,,,52624.0,
2012-02-26,2011,Cardiff City,Liverpool,2-2,2,2,final,initial,0,,,,89044.0,
2011-07-29,2011,Crawley Town,AFC Wimbledon,3-2,3,2,prelim,initial,0,,,,3204.0,
2012-01-10,2011,Crystal Palace,Cardiff City,1-0,1,0,semi,initial,1,,,,22147.0,
2012-01-11,2011,Manchester City,Liverpool,0-1,0,1,semi,initial,1,,,,36017.0,
2012-01-24,2011,Cardiff City,Crystal Palace,1-0,1,0,semi,initial,2,,,,25652.0,
2012-01-25,2011,Liverpool,Manchester City,2-2,2,2,semi,initial,2,,,,44590.0,
2012-08-14,2012,Birmingham City,Barnet,5-1,5,1,1,initial,0,,,,9905.0,
2012-08-12,2012,Blackpool,Morecambe,1-2,1,2,1,initial,0,,,,6083.0,
2012-08-14,2012,Bristol City,Gillingham,1-2,1,2,1,initial,0,,,,4339.0,
2012-08-11,2012,Bury,Middlesbrough,1-2,1,2,1,initial,0,,,,2964.0,
2012-08-11,2012,Carlisle United,Accrington Stanley,1-0,1,0,1,initial,0,,,,2924.0,
2012-08-14,2012,Charlton Athletic,Leyton Orient,1-1,1,1,1,initial,0,,,,5914.0,
2012-08-11,2012,Cheltenham Town,Milton Keynes Dons,1-1,1,1,1,initial,0,,,,1660.0,
2012-08-14,2012,Chesterfield,Tranmere Rovers,1-2,1,2,1,initial,0,,,,3088.0,
2012-08-11,2012,Crewe Alexandra,Hartlepool United,5-0,5,0,1,initial,0,,,,2501.0,
2012-08-14,2012,Dagenham and Redbridge,Coventry City,0-1,0,1,1,initial,0,,,,1904.0,
2012-08-14,2012,Derby County,Scunthorpe United,5-5,5,5,1,initial,0,,,,4724.0,
2012-08-11,2012,Doncaster Rovers,York City,1-1,1,1,1,initial,0,,,,4937.0,
2012-08-14,2012,Exeter City,Crystal Palace,1-2,1,2,1,initial,0,,,,3650.0,
2012-08-13,2012,Fleetwood Town,Nottingham Forest,0-1,0,1,1,initial,0,,,,3611.0,
2012-08-11,2012,Hull City,Rotherham United,1-1,1,1,1,initial,0,,,,,
2012-08-14,2012,Ipswich Town,Bristol Rovers,3-1,3,1,1,initial,0,,,,8645.0,
2012-08-11,2012,Leeds United,Shrewsbury Town,4-0,4,0,1,initial,0,,,,18194.0,
2012-08-14,2012,Millwall,Crawley Town,2-2,2,2,1,initial,0,,,,4050.0,
2012-08-14,2012,Northampton Town,Cardiff City,2-1,2,1,1,initial,0,,,,2819.0,
2012-08-11,2012,Notts County,Bradford City,0-1,0,1,1,initial,0,,,,3460.0,
2012-08-13,2012,Oldham Athletic,Sheffield Wednesday,2-4,2,4,1,initial,0,,,,3474.0,
2012-08-14,2012,Oxford United,AFC Bournemouth,0-0,0,0,1,initial,0,,,,3788.0,
2012-08-14,2012,Peterborough United,Southend United,4-0,4,0,1,initial,0,,,,3225.0,
2012-08-14,2012,Plymouth Argyle,Portsmouth,3-0,3,0,1,initial,0,,,,5318.0,
2012-08-14,2012,Port Vale,Burnley,1-3,1,3,1,initial,0,,,,4055.0,
2012-08-13,2012,Preston North End,Huddersfield Town,2-0,2,0,1,initial,0,,,,5750.0,
2012-08-11,2012,Rochdale,Barnsley,3-4,3,4,1,initial,0,,,,2709.0,
2012-08-11,2012,Sheffield United,Burton Albion,2-2,2,2,1,initial,0,,,,7073.0,
2012-08-14,2012,Stevenage Borough,AFC Wimbledon,3-1,3,1,1,initial,0,,,,2018.0,
2012-08-14,2012,Swindon Town,Brighton & Hove Albion,3-0,3,0,1,initial,0,,,,5737.0,
2012-08-14,2012,Torquay United,Leicester City,0-4,0,4,1,initial,0,,,,3367.0,
2012-08-11,2012,Walsall,Brentford,1-0,1,0,1,initial,0,,,,2248.0,
2012-08-11,2012,Watford,Wycombe Wanderers,1-0,1,0,1,initial,0,,,,5343.0,
2012-08-11,2012,Wolverhampton Wanderers,Aldershot Town,1-1,1,1,1,initial,0,,,,11555.0,
2012-08-14,2012,Yeovil Town,Colchester United,3-0,3,0,1,initial,0,,,,1907.0,
2012-08-28,2012,Aston Villa,Tranmere Rovers,3-0,3,0,2,initial,0,,,,15319.0,
2012-08-28,2012,Burnley,Plymouth Argyle,1-1,1,1,2,initial,0,,,,4119.0,
2012-08-28,2012,Carlisle United,Ipswich Town,2-1,2,1,2,initial,0,,,,3296.0,
2012-08-28,2012,Coventry City,Birmingham City,3-2,3,2,2,initial,0,,,,10859.0,
2012-08-28,2012,Crawley Town,Bolton Wanderers,2-1,2,1,2,initial,0,,,,2678.0,
2012-08-28,2012,Doncaster Rovers,Hull City,3-2,3,2,2,initial,0,,,,4703.0,
2012-08-29,2012,Everton,Leyton Orient,5-0,5,0,2,initial,0,,,,24124.0,
2012-08-28,2012,Gillingham,Middlesbrough,0-2,0,2,2,initial,0,,,,5146.0,
2012-08-28,2012,Leeds United,Oxford United,3-0,3,0,2,initial,0,,,,13713.0,
2012-08-28,2012,Leicester City,Burton Albion,2-4,2,4,2,initial,0,,,,8560.0,
2012-08-28,2012,Milton Keynes Dons,Blackburn Rovers,2-1,2,1,2,initial,0,,,,5873.0,
2012-08-30,2012,Northampton Town,Wolverhampton Wanderers,1-3,1,3,2,initial,0,,,,3758.0,
2012-08-28,2012,Norwich City,Scunthorpe United,2-1,2,1,2,initial,0,,,,13116.0,
2012-08-28,2012,Nottingham Forest,Wigan Athletic,1-4,1,4,2,initial,0,,,,7545.0,
2012-08-28,2012,Preston North End,Crystal Palace,4-1,4,1,2,initial,0,,,,5194.0,
2012-08-28,2012,Queens Park Rangers,Walsall,3-0,3,0,2,initial,0,,,,6129.0,
2012-08-28,2012,Reading,Peterborough United,3-2,3,2,2,initial,0,,,,7262.0,
2012-08-28,2012,Sheffield Wednesday,Fulham,1-0,1,0,2,initial,0,,,,14177.0,
2012-08-28,2012,Stevenage Borough,Southampton,1-4,1,4,2,initial,0,,,,3062.0,
2012-08-28,2012,Stoke City,Swindon Town,3-4,3,4,2,initial,0,,,,9147.0,
2012-08-28,2012,Sunderland,Morecambe,2-0,2,0,2,initial,0,,,,22871.0,
2012-08-28,2012,Swansea City,Barnsley,3-1,3,1,2,initial,0,,,,9025.0,
2012-08-28,2012,Watford,Bradford City,1-2,1,2,2,initial,0,,,,5560.0,
2012-08-28,2012,West Ham United,Crewe Alexandra,2-0,2,0,2,initial,0,,,,18053.0,
2012-08-28,2012,Yeovil Town,West Bromwich Albion,2-4,2,4,2,initial,0,,,,6228.0,
2012-09-26,2012,Arsenal,Coventry City,6-1,6,1,3,initial,0,,,,58351.0,
2012-09-25,2012,Bradford City,Burton Albion,3-2,3,2,3,initial,0,,,,4178.0,
2012-09-26,2012,Carlisle United,Tottenham Hotspur,0-3,0,3,3,initial,0,,,,12625.0,
2012-09-25,2012,Chelsea,Wolverhampton Wanderers,6-0,6,0,3,initial,0,,,,32569.0,
2012-09-25,2012,Crawley Town,Swansea City,2-3,2,3,3,initial,0,,,,3963.0,
2012-09-25,2012,Leeds United,Everton,2-1,2,1,3,initial,0,,,,21164.0,
2012-09-25,2012,Manchester City,Aston Villa,2-4,2,4,3,initial,0,,,,28015.0,
2012-09-26,2012,Manchester United,Newcastle United,2-1,2,1,3,initial,0,,,,46358.0,
2012-09-25,2012,Milton Keynes Dons,Sunderland,0-2,0,2,3,initial,0,,,,10489.0,
2012-09-26,2012,Norwich City,Doncaster Rovers,1-0,1,0,3,initial,0,,,,13902.0,
2012-09-25,2012,Preston North End,Middlesbrough,1-3,1,3,3,initial,0,,,,4959.0,
2012-09-26,2012,Queens Park Rangers,Reading,2-3,2,3,3,initial,0,,,,11562.0,
2012-09-25,2012,Southampton,Sheffield Wednesday,2-0,2,0,3,initial,0,,,,9890.0,
2012-09-25,2012,Swindon Town,Burnley,3-1,3,1,3,initial,0,,,,7353.0,
2012-09-26,2012,West Bromwich Albion,Liverpool,1-2,1,2,3,initial,0,,,,21164.0,
2012-09-25,2012,West Ham United,Wigan Athletic,1-4,1,4,3,initial,0,,,,25934.0,
2012-10-31,2012,Chelsea,Manchester United,5-4,5,4,4,initial,0,,,,41126.0,
2012-10-30,2012,Leeds United,Southampton,3-0,3,0,4,initial,0,,,,17002.0,
2012-10-31,2012,Liverpool,Swansea City,1-3,1,3,4,initial,0,,,,37521.0,
2012-10-31,2012,Norwich City,Tottenham Hotspur,2-1,2,1,4,initial,0,,,,16465.0,
2012-10-30,2012,Reading,Arsenal,5-7,5,7,4,initial,0,,,,23980.0,
2012-10-30,2012,Sunderland,Middlesbrough,0-1,0,1,4,initial,0,,,,32535.0,
2012-10-30,2012,Swindon Town,Aston Villa,2-3,2,3,4,initial,0,,,,14434.0,
2012-10-30,2012,Wigan Athletic,Bradford City,0-0,0,0,4,initial,0,,,,11777.0,
2012-12-11,2012,Bradford City,Arsenal,1-1,1,1,5,initial,0,,,,23971.0,
2012-12-19,2012,Leeds United,Chelsea,1-5,1,5,5,initial,0,,,,33816.0,
2012-12-11,2012,Norwich City,Aston Villa,1-4,1,4,5,initial,0,,,,26142.0,
2012-12-12,2012,Swansea City,Middlesbrough,1-0,1,0,5,initial,0,,,,15048.0,
2013-02-24,2012,Bradford City,Swansea City,0-5,0,5,final,initial,0,,,,82597.0,
2013-01-08,2012,Bradford City,Aston Villa,3-1,3,1,semi,initial,1,,,,22245.0,
2013-01-09,2012,Chelsea,Swansea City,0-2,0,2,semi,initial,1,,,,40172.0,
2013-01-22,2012,Aston Villa,Bradford City,2-1,2,1,semi,initial,2,,,,40193.0,
2013-01-23,2012,Swansea City,Chelsea,0-0,0,0,semi,initial,2,,,,19506.0,
2013-08-06,2013,AFC Bournemouth,Portsmouth,1-0,1,0,1,initial,0,,,,7620.0,
2013-08-06,2013,Barnsley,Scunthorpe United,0-0,0,0,1,initial,0,,,,5238.0,
2013-08-06,2013,Birmingham City,Plymouth Argyle,3-2,3,2,1,initial,0,,,,10178.0,
2013-08-06,2013,Brentford,Dagenham and Redbridge,3-2,3,2,1,initial,0,,,,3586.0,
2013-08-06,2013,Brighton & Hove Albion,Newport County,1-3,1,3,1,initial,0,,,,8409.0,
2013-08-06,2013,Bristol Rovers,Watford,1-3,1,3,1,initial,0,,,,4875.0,
2013-08-06,2013,Bury,Crewe Alexandra,3-2,3,2,1,initial,0,,,,2146.0,
2013-08-07,2013,Carlisle United,Blackburn Rovers,3-3,3,3,1,initial,0,,,,4372.0,
2013-08-06,2013,Charlton Athletic,Oxford United,4-0,4,0,1,initial,0,,,,4935.0,
2013-08-06,2013,Cheltenham Town,Crawley Town,4-3,4,3,1,initial,0,,,,1562.0,
2013-08-06,2013,Colchester United,Peterborough United,1-5,1,5,1,initial,0,,,,2368.0,
2013-08-06,2013,Doncaster Rovers,Rochdale,1-0,1,0,1,initial,0,,,,4368.0,
2013-08-06,2013,Exeter City,Queens Park Rangers,0-2,0,2,1,initial,0,,,,5253.0,
2013-08-06,2013,Gillingham,Bristol City,0-2,0,2,1,initial,0,,,,2585.0,
2013-08-06,2013,Huddersfield Town,Bradford City,2-1,2,1,1,initial,0,,,,11630.0,
2013-08-07,2013,Leeds United,Chesterfield,2-1,2,1,1,initial,0,,,,17466.0,
2013-08-06,2013,Leyton Orient,Coventry City,3-2,3,2,1,initial,0,,,,2871.0,
2013-08-06,2013,Middlesbrough,Accrington Stanley,1-2,1,2,1,initial,0,,,,6774.0,
2013-08-06,2013,Millwall,AFC Wimbledon,2-1,2,1,1,initial,0,,,,4443.0,
2013-08-06,2013,Morecambe,Wolverhampton Wanderers,1-0,1,0,1,initial,0,,,,2545.0,
2013-08-06,2013,Northampton Town,Milton Keynes Dons,1-2,1,2,1,initial,0,,,,3486.0,
2013-08-06,2013,Nottingham Forest,Hartlepool United,3-1,3,1,1,initial,0,,,,9081.0,
2013-08-07,2013,Notts County,Fleetwood Town,3-2,3,2,1,initial,0,,,,2115.0,
2013-08-06,2013,Oldham Athletic,Derby County,0-1,0,1,1,initial,0,,,,5000.0,
2013-08-06,2013,Port Vale,Walsall,1-2,1,2,1,initial,0,,,,4013.0,
2013-08-05,2013,Preston North End,Blackpool,1-0,1,0,1,initial,0,,,,17470.0,
2013-08-06,2013,Rotherham United,Sheffield Wednesday,2-1,2,1,1,initial,0,,,,11433.0,
2013-08-06,2013,Sheffield United,Burton Albion,1-2,1,2,1,initial,0,,,,6191.0,
2013-08-06,2013,Shrewsbury Town,Bolton Wanderers,1-3,1,3,1,initial,0,,,,3456.0,
2013-08-06,2013,Southend United,Yeovil Town,0-1,0,1,1,initial,0,,,,2971.0,
2013-08-06,2013,Stevenage Borough,Ipswich Town,2-0,2,0,1,initial,0,,,,3212.0,
2013-08-06,2013,Swindon Town,Torquay United,1-0,1,0,1,initial,0,,,,5662.0,
2013-08-06,2013,Tranmere Rovers,Mansfield Town,2-0,2,0,1,initial,0,,,,3067.0,
2013-08-06,2013,Wycombe Wanderers,Leicester City,1-2,1,2,1,initial,0,,,,3158.0,
2013-08-06,2013,York City,Burnley,0-4,0,4,1,initial,0,,,,3922.0,
2013-08-28,2013,Accrington Stanley,Cardiff City,0-2,0,2,2,initial,0,,,,1617.0,
2013-08-28,2013,Aston Villa,Rotherham United,3-0,3,0,2,initial,0,,,,22447.0,
2013-08-27,2013,Barnsley,Southampton,1-5,1,5,2,initial,0,,,,6574.0,
2013-08-27,2013,Bristol City,Crystal Palace,2-1,2,1,2,initial,0,,,,6816.0,
2013-08-27,2013,Burnley,Preston North End,2-0,2,0,2,initial,0,,,,10648.0,
2013-08-27,2013,Burton Albion,Fulham,2-2,2,2,2,initial,0,,,,4002.0,
2013-08-27,2013,Carlisle United,Leicester City,2-5,2,5,2,initial,0,,,,3308.0,
2013-08-27,2013,Derby County,Brentford,5-0,5,0,2,initial,0,,,,9076.0,
2013-08-27,2013,Doncaster Rovers,Leeds United,1-3,1,3,2,initial,0,,,,10890.0,
2013-08-28,2013,Everton,Stevenage Borough,2-1,2,1,2,initial,0,,,,22730.0,
2013-08-27,2013,Huddersfield Town,Charlton Athletic,3-2,3,2,2,initial,0,,,,6250.0,
2013-08-27,2013,Leyton Orient,Hull City,0-1,0,1,2,initial,0,,,,3181.0,
2013-08-27,2013,Liverpool,Notts County,4-2,4,2,2,initial,0,,,,42231.0,
2013-08-28,2013,Morecambe,Newcastle United,0-2,0,2,2,initial,0,,,,5375.0,
2013-08-27,2013,Norwich City,Bury,6-3,6,3,2,initial,0,,,,16107.0,
2013-08-28,2013,Nottingham Forest,Millwall,2-1,2,1,2,initial,0,,,,12201.0,
2013-08-27,2013,Peterborough United,Reading,6-0,6,0,2,initial,0,,,,4496.0,
2013-08-27,2013,Queens Park Rangers,Swindon Town,0-2,0,2,2,initial,0,,,,9715.0,
2013-08-28,2013,Stoke City,Walsall,3-1,3,1,2,initial,0,,,,,
2013-08-27,2013,Sunderland,Milton Keynes Dons,4-2,4,2,2,initial,0,,,,18992.0,
2013-08-27,2013,Tranmere Rovers,Bolton Wanderers,1-1,1,1,2,initial,0,,,,3379.0,
2013-08-28,2013,Watford,AFC Bournemouth,2-0,2,0,2,initial,0,,,,9824.0,
2013-08-27,2013,West Bromwich Albion,Newport County,3-0,3,0,2,initial,0,,,,8955.0,
2013-08-27,2013,West Ham United,Cheltenham Town,2-1,2,1,2,initial,0,,,,23440.0,
2013-08-27,2013,Yeovil Town,Birmingham City,3-3,3,3,2,initial,0,,,,3769.0,
2013-09-24,2013,Aston Villa,Tottenham Hotspur,0-4,0,4,3,initial,0,,,,22975.0,
2013-09-25,2013,Birmingham City,Swansea City,3-1,3,1,3,initial,0,,,,7470.0,
2013-09-24,2013,Burnley,Nottingham Forest,2-1,2,1,3,initial,0,,,,6405.0,
2013-09-24,2013,Fulham,Everton,2-1,2,1,3,initial,0,,,,14627.0,
2013-09-24,2013,Hull City,Huddersfield Town,1-0,1,0,3,initial,0,,,,7151.0,
2013-09-24,2013,Leicester City,Derby County,2-1,2,1,3,initial,0,,,,14043.0,
2013-09-24,2013,Manchester City,Wigan Athletic,5-0,5,0,3,initial,0,,,,25519.0,
2013-09-25,2013,Manchester United,Liverpool,1-0,1,0,3,initial,0,,,,,
2013-09-25,2013,Newcastle United,Leeds United,2-0,2,0,3,initial,0,,,,36220.0,
2013-09-24,2013,Southampton,Bristol City,2-0,2,0,3,initial,0,,,,8539.0,
2013-09-24,2013,Sunderland,Peterborough United,2-0,2,0,3,initial,0,,,,18126.0,
2013-09-24,2013,Swindon Town,Chelsea,0-2,0,2,3,initial,0,,,,14924.0,
2013-09-25,2013,Tranmere Rovers,Stoke City,0-2,0,2,3,initial,0,,,,5559.0,
2013-09-24,2013,Watford,Norwich City,2-3,2,3,3,initial,0,,,,11178.0,
2013-09-25,2013,West Bromwich Albion,Arsenal,1-1,1,1,3,initial,0,,,,18649.0,
2013-09-24,2013,West Ham United,Cardiff City,3-2,3,2,3,initial,0,,,,18611.0,
2013-10-29,2013,Arsenal,Chelsea,0-2,0,2,4,initial,0,,,,59455.0,
2013-10-29,2013,Birmingham City,Stoke City,4-4,4,4,4,initial,0,,,,13436.0,
2013-10-29,2013,Burnley,West Ham United,0-2,0,2,4,initial,0,,,,14376.0,
2013-10-29,2013,Leicester City,Fulham,4-3,4,3,4,initial,0,,,,17932.0,
2013-10-29,2013,Manchester United,Norwich City,4-0,4,0,4,initial,0,,,,,
2013-10-30,2013,Newcastle United,Manchester City,0-2,0,2,4,initial,0,,,,33846.0,
2013-11-06,2013,Sunderland,Southampton,2-1,2,1,4,initial,0,,,,15966.0,
2013-10-30,2013,Tottenham Hotspur,Hull City,2-2,2,2,4,initial,0,,,,35617.0,
2013-12-17,2013,Leicester City,Manchester City,1-3,1,3,5,initial,0,,,,31319.0,
2013-12-18,2013,Stoke City,Manchester United,0-2,0,2,5,initial,0,,,,25928.0,
2013-12-17,2013,Sunderland,Chelsea,2-1,2,1,5,initial,0,,,,20731.0,
2013-12-18,2013,Tottenham Hotspur,West Ham United,1-2,1,2,5,initial,0,,,,34080.0,
2014-03-02,2013,Manchester City,Sunderland,3-1,3,1,final,initial,0,,,,84697.0,
2014-01-08,2013,Manchester City,West Ham United,6-0,6,0,semi,initial,1,,,,38000.0,
2014-01-07,2013,Sunderland,Manchester United,2-1,2,1,semi,initial,1,,,,31547.0,
2014-01-22,2013,Manchester United,Sunderland,2-1,2,1,semi,initial,2,,,,,
2014-01-21,2013,West Ham United,Manchester City,0-3,0,3,semi,initial,2,,,,14390.0,
2006-08-21,2006,Accrington Stanley,Nottingham Forest,1-0,1,0,1,initial,1,,,"Fraser Eagle Stadium, Accrington",2146.0,
2006-08-22,2006,AFC Bournemouth,Southend United,1-3,1,3,1,initial,1,,,Fitness First Stadium,3764.0,
2006-08-22,2006,Birmingham City,Shrewsbury Town,1-0,1,0,1,initial,1,,,St Andrew's,12428.0,
2006-08-22,2006,Blackpool,Barnsley,2-2,2,2,1,initial,1,,,Bloomfield Road,3938.0,
2006-08-22,2006,Bristol Rovers,Luton Town,1-1,1,1,1,initial,1,,,Memorial Stadium,2882.0,
2006-08-22,2006,Burnley,Hartlepool United,0-1,0,1,1,initial,1,,,Turf Moor,3853.0,
2006-08-22,2006,Bury,Sunderland,2-0,2,0,1,initial,1,,,Gigg Lane,2930.0,
2006-08-22,2006,Cardiff City,Barnet,0-2,0,2,1,initial,1,,,"Ninian Park, Cardiff",3305.0,
2006-08-22,2006,Carlisle United,Bradford City,1-1,1,1,1,initial,1,,,Brunton Park,4757.0,
2006-08-22,2006,Cheltenham Town,Bristol City,2-1,2,1,1,initial,1,,,"Whaddon Road, Cheltenham",3713.0,
2006-08-22,2006,Crystal Palace,Notts County,1-2,1,2,1,initial,1,,,Selhurst Park,4481.0,
2006-08-22,2006,Doncaster Rovers,Rochdale,3-2,3,2,1,initial,1,,,"Earth Stadium, Doncaster",3690.0,
2006-08-22,2006,Grimsby Town,Crewe Alexandra,0-3,0,3,1,initial,1,,,Blundell Park,1635.0,
2006-08-22,2006,Hereford United,Coventry City,3-1,3,1,1,initial,1,,,"Edgar Street, Hereford",3404.0,
2006-08-22,2006,Huddersfield Town,Mansfield Town,0-2,0,2,1,initial,1,,,Galpharm Stadium,5111.0,
2006-08-22,2006,Hull City,Tranmere Rovers,2-1,2,1,1,initial,1,,,KC Stadium,6075.0,
2006-08-22,2006,Leeds United,Chester,1-0,1,0,1,initial,1,,,Elland Road,10013.0,
2006-08-22,2006,Leicester City,Macclesfield Town,2-0,2,0,1,initial,1,,,Walkers Stadium,6298.0,
2006-08-22,2006,Millwall,Gillingham,2-1,2,1,1,initial,1,,,The New Den,5040.0,
2006-08-22,2006,Milton Keynes Dons,Colchester United,1-0,1,0,1,initial,1,,,"National Hockey Stadium, Milton Keynes",2747.0,
2006-08-22,2006,Peterborough United,Ipswich Town,2-2,2,2,1,initial,1,,,London Road,4792.0,
2006-08-22,2006,Plymouth Argyle,Walsall,0-1,0,1,1,initial,1,,,Home Park,6407.0,
2006-08-22,2006,Queens Park Rangers,Northampton Town,3-2,3,2,1,initial,1,,,Loftus Road,4569.0,
2006-08-22,2006,Rotherham United,Oldham Athletic,3-1,3,1,1,initial,1,,,Millmoor,3065.0,
2006-08-22,2006,Scunthorpe United,Lincoln City,4-3,4,3,1,initial,1,,,Glanford Park,3455.0,
2006-08-22,2006,Stockport County,Derby County,0-1,0,1,1,initial,1,,,"Edgeley Park, Stockport",3394.0,
2006-08-22,2006,Stoke City,Darlington,1-2,1,2,1,initial,1,,,Britannia Stadium,3573.0,
2006-08-22,2006,Swansea City,Wycombe Wanderers,2-3,2,3,1,initial,1,,,Liberty Stadium,5892.0,
2006-08-22,2006,Swindon Town,Brentford,2-2,2,2,1,initial,1,,,County Ground,5582.0,
2006-08-23,2006,Brighton and Hove Albion,Boston United,1-0,1,0,1,initial,1,,,"Withdean Stadium, Brighton",2533.0,
2006-08-23,2006,Chesterfield,Wolverhampton Wanderers,0-0,0,0,1,initial,1,,,"Saltergate, Chesterfield",4136.0,
2006-08-23,2006,Port Vale,Preston North End,2-1,2,1,1,initial,1,,,Vale Park,3522.0,
2006-08-23,2006,Sheffield Wednesday,Wrexham,1-4,1,4,1,initial,1,,,Hillsborough,8047.0,
2006-08-23,2006,Southampton,Yeovil Town,5-2,5,2,1,initial,1,,,St Mary's Stadium,20653.0,
2006-08-23,2006,Torquay United,Norwich City,0-2,0,2,1,initial,1,,,"Plainmoor, Torquay",3100.0,
2006-08-24,2006,Leyton Orient,West Bromwich Albion,0-3,0,3,1,initial,1,,,Matchroom Stadium,3058.0,
2007-08-16,2006,Rotherham United,Sheffield Wednesday,1-3,1,3,1,initial,1,,,Millmoor,6416.0,
2006-09-19,2006,Barnsley,Milton Keynes Dons,1-2,1,2,2,initial,1,,,Oakwell,4411.0,
2006-09-19,2006,Birmingham City,Wrexham,4-1,4,1,2,initial,1,,,St Andrew's,10491.0,
2006-09-19,2006,Brentford,Luton Town,0-3,0,3,2,initial,1,,,Griffin Park,3005.0,
2006-09-19,2006,Charlton Athletic,Carlisle United,1-0,1,0,2,initial,1,,,The Valley,8190.0,
2006-09-19,2006,Crewe Alexandra,Wigan Athletic,2-0,2,0,2,initial,1,,,Gresty Road,3907.0,
2006-09-19,2006,Hereford United,Leicester City,1-3,1,3,2,initial,1,,,"Edgar Street, Hereford",4073.0,
2006-09-19,2006,Hull City,Hartlepool United,0-0,0,0,2,initial,1,,,KC Stadium,6392.0,
2006-09-19,2006,Leeds United,Barnet,3-1,3,1,2,initial,1,,,Elland Road,7220.0,
2006-09-19,2006,Mansfield Town,Portsmouth,1-2,1,2,2,initial,1,,,"Field Mill, Mansfield",6646.0,
2006-09-19,2006,Millwall,Southampton,0-4,0,4,2,initial,1,,,The New Den,5492.0,
2006-09-19,2006,Peterborough United,Everton,1-2,1,2,2,initial,1,,,London Road,10756.0,
2006-09-19,2006,Port Vale,Queens Park Rangers,3-2,3,2,2,initial,1,,,Vale Park,3550.0,
2006-09-19,2006,Reading,Darlington,3-3,3,3,2,initial,1,,,Madejski Stadium,10353.0,
2006-09-19,2006,Rotherham United,Norwich City,2-4,2,4,2,initial,1,,,Millmoor,3958.0,
2006-09-19,2006,Sheffield United,Bury,1-0,1,0,2,initial,1,,,Bramall Lane,6273.0,
2006-09-19,2006,Southend United,Brighton and Hove Albion,3-2,3,2,2,initial,1,,,Roots Hall,4819.0,
2006-09-19,2006,Walsall,Bolton Wanderers,1-3,1,3,2,initial,1,,,Bescot Stadium,6243.0,
2006-09-19,2006,Watford,Accrington Stanley,0-0,0,0,2,initial,1,,,Vicarage Road,8368.0,
2006-09-19,2006,West Bromwich Albion,Cheltenham Town,3-1,3,1,2,initial,1,,,The Hawthorns,10974.0,
2006-09-20,2006,Chesterfield,Manchester City,2-1,2,1,2,initial,1,,,"Saltergate, Chesterfield",7960.0,
2006-09-20,2006,Doncaster Rovers,Derby County,3-3,3,3,2,initial,1,,,"Earth Stadium, Doncaster",5598.0,
2006-09-20,2006,Fulham,Wycombe Wanderers,1-2,1,2,2,initial,1,,,Craven Cottage,6620.0,
2006-09-20,2006,Middlesbrough,Notts County,0-1,0,1,2,initial,1,,,Riverside Stadium,11148.0,
2006-09-20,2006,Scunthorpe United,Aston Villa,1-2,1,2,2,initial,1,,,Glanford Park,6502.0,
2006-10-24,2006,Chesterfield,West Ham United,2-1,2,1,3,initial,1,,,"Saltergate, Chesterfield",7787.0,
2006-10-24,2006,Everton,Luton Town,4-0,4,0,3,initial,1,,,Goodison Park,27149.0,
2006-10-24,2006,Leeds United,Southend United,1-3,1,3,3,initial,1,,,Elland Road,10449.0,
2006-10-24,2006,Leicester City,Aston Villa,2-3,2,3,3,initial,1,,,Walkers Stadium,27288.0,
2006-10-24,2006,Notts County,Southampton,2-0,2,0,3,initial,1,,,Meadow Lane,6731.0,
2006-10-24,2006,Port Vale,Norwich City,0-0,0,0,3,initial,1,,,Vale Park,4518.0,
2006-10-24,2006,Sheffield United,Birmingham City,2-4,2,4,3,initial,1,,,Bramall Lane,10584.0,
2006-10-24,2006,Watford,Hull City,2-1,2,1,3,initial,1,,,Vicarage Road,8274.0,
2006-10-24,2006,West Bromwich Albion,Arsenal,0-2,0,2,3,initial,1,,,The Hawthorns,21566.0,
2006-10-24,2006,Wycombe Wanderers,Doncaster Rovers,2-2,2,2,3,initial,1,,,Adams Park,3308.0,
2006-10-25,2006,Blackburn Rovers,Chelsea,0-2,0,2,3,initial,1,,,Ewood Park,14732.0,
2006-10-25,2006,Charlton Athletic,Bolton Wanderers,1-0,1,0,3,initial,1,,,The Valley,10788.0,
2006-10-25,2006,Crewe Alexandra,Manchester United,1-2,1,2,3,initial,1,,,Gresty Road,10046.0,
2006-10-25,2006,Liverpool,Reading,4-3,4,3,3,initial,1,,,Anfield,42445.0,
2006-10-25,2006,Milton Keynes Dons,Tottenham Hotspur,0-5,0,5,3,initial,1,,,"National Hockey Stadium, Milton Keynes",8306.0,
2006-10-25,2006,Newcastle United,Portsmouth,3-0,3,0,3,initial,1,,,St James' Park,25028.0,
2006-11-07,2006,Chesterfield,Charlton Athletic,3-3,3,3,4,initial,1,,,"Saltergate, Chesterfield",7000.0,
2006-11-07,2006,Notts County,Wycombe Wanderers,0-1,0,1,4,initial,1,,,Meadow Lane,7395.0,
2006-11-07,2006,Southend United,Manchester United,1-0,1,0,4,initial,1,,,Roots Hall,11532.0,
2006-11-07,2006,Watford,Newcastle United,2-2,2,2,4,initial,1,,,Vicarage Road,16791.0,
2006-11-08,2006,Birmingham City,Liverpool,0-1,0,1,4,initial,1,,,St Andrew's,23061.0,
2006-11-08,2006,Chelsea,Aston Villa,4-0,4,0,4,initial,1,,,Stamford Bridge,41516.0,
2006-11-08,2006,Everton,Arsenal,0-1,0,1,4,initial,1,,,Goodison Park,31045.0,
2006-11-08,2006,Tottenham Hotspur,Port Vale,3-1,3,1,4,initial,1,,,White Hart Lane,34560.0,
2006-12-19,2006,Charlton Athletic,Wycombe Wanderers,0-1,0,1,5,initial,1,,,The Valley,18940.0,
2006-12-20,2006,Newcastle United,Chelsea,0-1,0,1,5,initial,1,,,St James' Park,37406.0,
2006-12-20,2006,Tottenham Hotspur,Southend United,1-0,1,0,5,initial,1,,,White Hart Lane,35811.0,
2007-01-09,2006,Liverpool,Arsenal,3-6,3,6,5,initial,1,,,Anfield,42614.0,
2007-01-10,2006,Wycombe Wanderers,Chelsea,1-1,1,1,Semi-final,initial,1,,,Adams Park,9771.0,
2007-01-24,2006,Tottenham Hotspur,Arsenal,2-2,2,2,Semi-final,initial,1,,,White Hart Lane,35485.0,
2007-01-23,2006,Chelsea,Wycombe Wanderers,4-0,4,0,Semi-final,initial,2,,,Stamford Bridge,41591.0,
2007-01-31,2006,Arsenal,Tottenham Hotspur,3-1,3,1,Semi-final,initial,2,,,Emirates Stadium,55872.0,
2007-02-25,2006,Arsenal,Chelsea,1-2,1,2,Final,initial,1,,,"Millennium Stadium, Cardiff",70073.0,
2014-08-11,2014,Carlisle United,Derby County,0-2,0,2,1,initial,1,,,Brunton Park,3481.0,
2014-08-12,2014,Barnsley,Crewe Alexandra,0-2,0,2,1,initial,1,,,Oakwell,4391.0,
2014-08-12,2014,Birmingham City,Cambridge United,3-1,3,1,1,initial,1,,,St Andrew's,9816.0,
2014-08-12,2014,Blackburn Rovers,Scunthorpe United,0-1,0,1,1,initial,1,,,Ewood Park,5352.0,
2014-08-12,2014,Bolton Wanderers,Bury,3-2,3,2,1,initial,1,,,Macron Stadium,9249.0,
2014-08-12,2014,Brighton and Hove Albion,Cheltenham Town,2-0,2,0,1,initial,1,,,AMEX Stadium,6595.0,
2014-08-12,2014,Bristol City,Oxford United,1-2,1,2,1,initial,1,,,Ashton Gate,6145.0,
2014-08-12,2014,Burton Albion,Wigan Athletic,2-1,2,1,1,initial,1,,,Pirelli Stadium,2602.0,
2014-08-12,2014,Charlton Athletic,Colchester United,4-0,4,0,1,initial,1,,,The Valley,5752.0,
2014-08-12,2014,Chesterfield,Huddersfield Town,3-5,3,5,1,initial,1,,,Proact Stadium,4569.0,
2014-08-12,2014,Crawley Town,Ipswich Town,1-0,1,0,1,initial,1,,,Checkatrade.com Stadium,3043.0,
2014-08-12,2014,Dagenham and Redbridge,Brentford,6-6,6,6,1,initial,1,,,"London Borough of Barking and Dagenham Stadium, Dagenham",1576.0,
2014-08-12,2014,Exeter City,AFC Bournemouth,0-2,0,2,1,initial,1,,,"St James Park, Exeter",2648.0,
2014-08-12,2014,Leeds United,Accrington Stanley,2-1,2,1,1,initial,1,,,Elland Road,13407.0,
2014-08-12,2014,Luton Town,Swindon Town,1-2,1,2,1,initial,1,,,Kenilworth Road,4410.0,
2014-08-12,2014,Millwall,Wycombe Wanderers,1-0,1,0,1,initial,1,,,The New Den,3403.0,
2014-08-12,2014,Milton Keynes Dons,AFC Wimbledon,3-1,3,1,1,initial,1,,,Stadium MK,7174.0,
2014-08-12,2014,Morecambe,Bradford City,0-1,0,1,1,initial,1,,,Globe Arena,2395.0,
2014-08-12,2014,Oldham Athletic,Middlesbrough,0-3,0,3,1,initial,1,,,SportsDirect.com Park,4311.0,
2014-08-12,2014,Plymouth Argyle,Leyton Orient,3-3,3,3,1,initial,1,,,Home Park,3343.0,
2014-08-12,2014,Port Vale,Hartlepool United,6-2,6,2,1,initial,1,,,Vale Park,2824.0,
2014-08-12,2014,Portsmouth,Peterborough United,1-0,1,0,1,initial,1,,,Fratton Park,7726.0,
2014-08-12,2014,Reading,Newport County,3-1,3,1,1,initial,1,,,Madejski Stadium,6459.0,
2014-08-12,2014,Rochdale,Preston North End,0-2,0,2,1,initial,1,,,Spotland,2348.0,
2014-08-12,2014,Rotherham United,Fleetwood Town,1-0,1,0,1,initial,1,,,New York Stadium,4487.0,
2014-08-12,2014,Sheffield Wednesday,Notts County,3-0,3,0,1,initial,1,,,Hillsborough,12851.0,
2014-08-12,2014,Shrewsbury Town,Blackpool,1-0,1,0,1,initial,1,,,Greenhous Meadow,4524.0,
2014-08-12,2014,Southend United,Walsall,1-2,1,2,1,initial,1,,,Roots Hall,3146.0,
2014-08-12,2014,Stevenage Borough,Watford,0-1,0,1,1,initial,1,,,Lamex Stadium,3989.0,
2014-08-12,2014,Tranmere Rovers,Nottingham Forest,0-1,0,1,1,initial,1,,,Prenton Park,4374.0,
2014-08-12,2014,Wolverhampton Wanderers,Northampton Town,2-3,2,3,1,initial,1,,,Molineux,6171.0,
2014-08-12,2014,Yeovil Town,Gillingham,1-2,1,2,1,initial,1,,,Huish Park,2283.0,
2014-08-12,2014,York City,Doncaster Rovers,0-1,0,1,1,initial,1,,,"Bootham Crescent, York",3357.0,
2014-08-13,2014,Coventry City,Cardiff City,1-2,1,2,1,initial,1,,,Sixfields Stadium,1382.0,
2014-08-13,2014,Sheffield United,Mansfield Town,2-1,2,1,1,initial,1,,,Bramall Lane,7929.0,
2014-08-26,2014,AFC Bournemouth,Northampton Town,3-0,3,0,2,initial,1,,,Goldsands Stadium,5250.0,
2014-08-26,2014,Brentford,Fulham,0-1,0,1,2,initial,1,,,Griffin Park,7563.0,
2014-08-26,2014,Burnley,Sheffield Wednesday,0-1,0,1,2,initial,1,,,Turf Moor,4979.0,
2014-08-26,2014,Crewe Alexandra,Bolton Wanderers,2-3,2,3,2,initial,1,,,Gresty Road,2642.0,
2014-08-26,2014,Derby County,Charlton Athletic,1-0,1,0,2,initial,1,,,iPro Stadium,16367.0,
2014-08-26,2014,Gillingham,Newcastle United,0-1,0,1,2,initial,1,,,MEMS Priestfield Stadium,10204.0,
2014-08-26,2014,Huddersfield Town,Nottingham Forest,0-2,0,2,2,initial,1,,,John Smith's Stadium,6509.0,
2014-08-26,2014,Leicester City,Shrewsbury Town,0-1,0,1,2,initial,1,,,King Power Stadium,8017.0,
2014-08-26,2014,Middlesbrough,Preston North End,3-1,3,1,2,initial,1,,,Riverside Stadium,10727.0,
2014-08-26,2014,Millwall,Southampton,0-2,0,2,2,initial,1,,,The New Den,6014.0,
2014-08-26,2014,Milton Keynes Dons,Manchester United,4-0,4,0,2,initial,1,,,Stadium MK,26969.0,
2014-08-26,2014,Norwich City,Crawley Town,3-1,3,1,2,initial,1,,,Carrow Road,14414.0,
2014-08-26,2014,Port Vale,Cardiff City,2-3,2,3,2,initial,1,,,Vale Park,4390.0,
2014-08-26,2014,Scunthorpe United,Reading,0-1,0,1,2,initial,1,,,Glanford Park,2657.0,
2014-08-26,2014,Swansea City,Rotherham United,1-0,1,0,2,initial,1,,,Liberty Stadium,12987.0,
2014-08-26,2014,Swindon Town,Brighton and Hove Albion,2-4,2,4,2,initial,1,,,County Ground,5414.0,
2014-08-26,2014,Walsall,Crystal Palace,0-3,0,3,2,initial,1,,,Banks's Stadium,3987.0,
2014-08-26,2014,Watford,Doncaster Rovers,1-2,1,2,2,initial,1,,,Vicarage Road,7318.0,
2014-08-26,2014,West Bromwich Albion,Oxford United,1-1,1,1,2,initial,1,,,The Hawthorns,10939.0,
2014-08-26,2014,West Ham United,Sheffield United,1-1,1,1,2,initial,1,,,Upton Park,28930.0,
2014-08-27,2014,Aston Villa,Leyton Orient,0-1,0,1,2,initial,1,,,Villa Park,17918.0,
2014-08-27,2014,Birmingham City,Sunderland,0-3,0,3,2,initial,1,,,St Andrew's,11245.0,
2014-08-27,2014,Bradford City,Leeds United,2-1,2,1,2,initial,1,,,Coral Windows Stadium,18750.0,
2014-08-27,2014,Burton Albion,Queens Park Rangers,1-0,1,0,2,initial,1,,,Pirelli Stadium,3999.0,
2014-08-27,2014,Stoke City,Portsmouth,3-0,3,0,2,initial,1,,,Britannia Stadium,10312.0,
2014-09-23,2014,Arsenal,Southampton,1-2,1,2,3,initial,1,,,Emirates Stadium,59621.0,
2014-09-23,2014,Cardiff City,AFC Bournemouth,0-3,0,3,3,initial,1,,,Cardiff City Stadium,6491.0,
2014-09-23,2014,Derby County,Reading,2-0,2,0,3,initial,1,,,iPro Stadium,18409.0,
2014-09-23,2014,Fulham,Doncaster Rovers,2-1,2,1,3,initial,1,,,Craven Cottage,8070.0,
2014-09-23,2014,Leyton Orient,Sheffield United,0-1,0,1,3,initial,1,,,Matchroom Stadium,3223.0,
2014-09-23,2014,Liverpool,Middlesbrough,2-2,2,2,3,initial,1,,,Anfield,41857.0,
2014-09-23,2014,Milton Keynes Dons,Bradford City,2-0,2,0,3,initial,1,,,Stadium MK,5707.0,
2014-09-23,2014,Shrewsbury Town,Norwich City,1-0,1,0,3,initial,1,,,Greenhous Meadow,6187.0,
2014-09-23,2014,Sunderland,Stoke City,1-2,1,2,3,initial,1,,,Stadium of Light,17353.0,
2014-09-23,2014,Swansea City,Everton,3-0,3,0,3,initial,1,,,Liberty Stadium,20397.0,
2014-09-24,2014,Burton Albion,Brighton and Hove Albion,0-3,0,3,3,initial,1,,,Pirelli Stadium,3253.0,
2014-09-24,2014,Chelsea,Bolton Wanderers,2-1,2,1,3,initial,1,,,Stamford Bridge,40988.0,
2014-09-24,2014,Crystal Palace,Newcastle United,2-3,2,3,3,initial,1,,,Selhurst Park,13773.0,
2014-09-24,2014,Manchester City,Sheffield Wednesday,7-0,7,0,3,initial,1,,,Etihad Stadium,32346.0,
2014-09-24,2014,Tottenham Hotspur,Nottingham Forest,3-1,3,1,3,initial,1,,,White Hart Lane,31912.0,
2014-09-24,2014,West Bromwich Albion,Hull City,3-2,3,2,3,initial,1,,,The Hawthorns,10496.0,
2014-10-28,2014,AFC Bournemouth,West Bromwich Albion,2-1,2,1,4,initial,1,,,Goldsands Stadium,11296.0,
2014-10-28,2014,Fulham,Derby County,2-5,2,5,4,initial,1,,,Craven Cottage,15156.0,
2014-10-28,2014,Liverpool,Swansea City,2-1,2,1,4,initial,1,,,Anfield,42582.0,
2014-10-28,2014,Milton Keynes Dons,Sheffield United,1-2,1,2,4,initial,1,,,Stadium MK,8520.0,
2014-10-28,2014,Shrewsbury Town,Chelsea,1-2,1,2,4,initial,1,,,Greenhous Meadow,10210.0,
2014-10-29,2014,Manchester City,Newcastle United,0-2,0,2,4,initial,1,,,Etihad Stadium,40752.0,
2014-10-29,2014,Stoke City,Southampton,2-3,2,3,4,initial,1,,,Britannia Stadium,16340.0,
2014-10-29,2014,Tottenham Hotspur,Brighton and Hove Albion,2-0,2,0,4,initial,1,,,White Hart Lane,33537.0,
2014-12-16,2014,Derby County,Chelsea,1-3,1,3,5,initial,1,,,iPro Stadium,30639.0,
2014-12-16,2014,Sheffield United,Southampton,1-0,1,0,5,initial,1,,,Bramall Lane,21906.0,
2014-12-17,2014,AFC Bournemouth,Liverpool,1-3,1,3,5,initial,1,,,Goldsands Stadium,11347.0,
2014-12-17,2014,Tottenham Hotspur,Newcastle United,4-0,4,0,5,initial,1,,,White Hart Lane,34677.0,
2015-01-20,2014,Liverpool,Chelsea,1-1,1,1,Semi-final,initial,1,,,Anfield,44573.0,
2015-01-21,2014,Tottenham Hotspur,Sheffield United,1-0,1,0,Semi-final,initial,1,,,White Hart Lane,35323.0,
2015-01-27,2014,Chelsea,Liverpool,1-0,1,0,Semi-final,initial,2,,,Stamford Bridge,40659.0,
2015-01-28,2014,Sheffield United,Tottenham Hotspur,2-2,2,2,Semi-final,initial,2,,,Bramall Lane,30236.0,
2015-03-01,2014,Chelsea,Tottenham Hotspur,2-0,2,0,Final,initial,1,,,Wembley Stadium,89294.0,
2015-08-11,2015,Accrington Stanley,Hull City,2-2,2,2,1,initial,1,,,Wham Stadium,2118.0,
2015-08-11,2015,Blackburn Rovers,Shrewsbury Town,1-2,1,2,1,initial,1,,,Ewood Park,5280.0,
2015-08-11,2015,Bolton Wanderers,Burton Albion,0-1,0,1,1,initial,1,,,Macron Stadium,5842.0,
2015-08-11,2015,Brentford,Oxford United,0-4,0,4,1,initial,1,,,Griffin Park,5177.0,
2015-08-11,2015,Bristol Rovers,Birmingham City,1-2,1,2,1,initial,1,,,Memorial Stadium,5650.0,
2015-08-11,2015,Cardiff City,AFC Wimbledon,1-0,1,0,1,initial,1,,,Cardiff City Stadium,6314.0,
2015-08-11,2015,Carlisle United,Chesterfield,3-1,3,1,1,initial,1,,,Brunton Park,2950.0,
2015-08-11,2015,Charlton Athletic,Dagenham and Redbridge,4-1,4,1,1,initial,1,,,The Valley,5100.0,
2015-08-11,2015,Colchester United,Reading,0-1,0,1,1,initial,1,,,Weston Homes Community Stadium,2706.0,
2015-08-11,2015,Fleetwood Town,Hartlepool United,0-1,0,1,1,initial,1,,,"Highbury Stadium, Fleetwood",1892.0,
2015-08-11,2015,Huddersfield Town,Notts County,1-2,1,2,1,initial,1,,,John Smith's Stadium,4238.0,
2015-08-11,2015,Ipswich Town,Stevenage Borough,2-1,2,1,1,initial,1,,,Portman Road,10449.0,
2015-08-11,2015,Luton Town,Bristol City,3-1,3,1,1,initial,1,,,Kenilworth Road,3948.0,
2015-08-11,2015,Millwall,Barnet,1-2,1,2,1,initial,1,,,The New Den,4454.0,
2015-08-11,2015,Milton Keynes Dons,Leyton Orient,2-1,2,1,1,initial,1,,,Stadium MK,5444.0,
2015-08-11,2015,Morecambe,Sheffield United,0-1,0,1,1,initial,1,,,Globe Arena,2168.0,
2015-08-11,2015,Northampton Town,Blackpool,3-0,3,0,1,initial,1,,,Sixfields Stadium,2549.0,
2015-08-11,2015,Nottingham Forest,Walsall,3-4,3,4,1,initial,1,,,City Ground,5237.0,
2015-08-11,2015,Peterborough United,Crawley Town,2-0,2,0,1,initial,1,,,ABAX Stadium,2500.0,
2015-08-11,2015,Plymouth Argyle,Gillingham,1-2,1,2,1,initial,1,,,Home Park,5120.0,
2015-08-11,2015,Port Vale,Burnley,1-0,1,0,1,initial,1,,,Vale Park,4634.0,
2015-08-11,2015,Rochdale,Coventry City,1-1,1,1,1,initial,1,,,Spotland,1986.0,
2015-08-11,2015,Rotherham United,Cambridge United,1-0,1,0,1,initial,1,,,AESSEAL New York Stadium,4568.0,
2015-08-11,2015,Scunthorpe United,Barnsley,1-1,1,1,1,initial,1,,,Glanford Park,3003.0,
2015-08-11,2015,Sheffield Wednesday,Mansfield Town,4-1,4,1,1,initial,1,,,Hillsborough,14021.0,
2015-08-11,2015,Southend United,Brighton and Hove Albion,0-1,0,1,1,initial,1,,,Roots Hall,4485.0,
2015-08-11,2015,Swindon Town,Exeter City,1-2,1,2,1,initial,1,,,County Ground,4693.0,
2015-08-11,2015,Wigan Athletic,Bury,1-2,1,2,1,initial,1,,,DW Stadium,5484.0,
2015-08-11,2015,Wolverhampton Wanderers,Newport County,2-1,2,1,1,initial,1,,,Molineux,9586.0,
2015-08-11,2015,Wycombe Wanderers,Fulham,0-1,0,1,1,initial,1,,,Adams Park,4012.0,
2015-08-11,2015,Yeovil Town,Queens Park Rangers,0-3,0,3,1,initial,1,,,Huish Park,4058.0,
2015-08-11,2015,York City,Bradford City,2-2,2,2,1,initial,1,,,"Bootham Crescent, York",4201.0,
2015-08-12,2015,Crewe Alexandra,Preston North End,1-3,1,3,1,initial,1,,,Gresty Road,2852.0,
2015-08-12,2015,Oldham Athletic,Middlesbrough,1-3,1,3,1,initial,1,,,SportsDirect.com Park,4182.0,
2015-08-12,2015,Portsmouth,Derby County,2-1,2,1,1,initial,1,,,Fratton Park,11753.0,
2015-08-13,2015,Doncaster Rovers,Leeds United,1-1,1,1,1,initial,1,,,Keepmoat Stadium,8361.0,
2015-08-25,2015,Aston Villa,Notts County,5-3,5,3,2,initial,1,,,Villa Park,21430.0,
2015-08-25,2015,Birmingham City,Gillingham,2-0,2,0,2,initial,1,,,St Andrew's,9275.0,
2015-08-25,2015,Burton Albion,Middlesbrough,1-2,1,2,2,initial,1,,,Pirelli Stadium,3414.0,
2015-08-25,2015,Bury,Leicester City,1-4,1,4,2,initial,1,,,Gigg Lane,4914.0,
2015-08-25,2015,Crystal Palace,Shrewsbury Town,4-1,4,1,2,initial,1,,,Selhurst Park,10978.0,
2015-08-25,2015,Doncaster Rovers,Ipswich Town,1-4,1,4,2,initial,1,,,Keepmoat Stadium,3729.0,
2015-08-25,2015,Fulham,Sheffield United,3-0,3,0,2,initial,1,,,Craven Cottage,5927.0,
2015-08-25,2015,Hartlepool United,AFC Bournemouth,0-4,0,4,2,initial,1,,,Victoria Park,4890.0,
2015-08-25,2015,Hull City,Rochdale,1-0,1,0,2,initial,1,,,KC Stadium,10430.0,
2015-08-25,2015,Luton Town,Stoke City,1-1,1,1,2,initial,1,,,Kenilworth Road,6099.0,
2015-08-25,2015,Milton Keynes Dons,Cardiff City,2-1,2,1,2,initial,1,,,Stadium MK,5617.0,
2015-08-25,2015,Newcastle United,Northampton Town,4-1,4,1,2,initial,1,,,St James' Park,26923.0,
2015-08-25,2015,Peterborough United,Charlton Athletic,1-4,1,4,2,initial,1,,,ABAX Stadium,2771.0,
2015-08-25,2015,Portsmouth,Reading,1-2,1,2,2,initial,1,,,Fratton Park,18190.0,
2015-08-25,2015,Preston North End,Watford,1-0,1,0,2,initial,1,,,Deepdale,6250.0,
2015-08-25,2015,Queens Park Rangers,Carlisle United,1-2,1,2,2,initial,1,,,Loftus Road,5501.0,
2015-08-25,2015,Rotherham United,Norwich City,1-2,1,2,2,initial,1,,,AESSEAL New York Stadium,5648.0,
2015-08-25,2015,Sheffield Wednesday,Oxford United,1-0,1,0,2,initial,1,,,Hillsborough,11799.0,
2015-08-25,2015,Sunderland,Exeter City,6-3,6,3,2,initial,1,,,Stadium of Light,14360.0,
2015-08-25,2015,Swansea City,York City,3-0,3,0,2,initial,1,,,Liberty Stadium,10174.0,
2015-08-25,2015,Walsall,Brighton and Hove Albion,2-1,2,1,2,initial,1,,,Banks's Stadium,2968.0,
2015-08-25,2015,West Bromwich Albion,Port Vale,0-0,0,0,2,initial,1,,,The Hawthorns,13915.0,
2015-08-25,2015,Wolverhampton Wanderers,Barnet,2-1,2,1,2,initial,1,,,Molineux,7384.0,
2015-08-26,2015,Barnsley,Everton,3-5,3,5,2,initial,1,,,Oakwell,12290.0,
2015-09-22,2015,Aston Villa,Birmingham City,1-0,1,0,3,initial,1,,,Villa Park,34442.0,
2015-09-22,2015,Fulham,Stoke City,0-1,0,1,3,initial,1,,,Craven Cottage,9100.0,
2015-09-22,2015,Hull City,Swansea City,1-0,1,0,3,initial,1,,,KC Stadium,16286.0,
2015-09-22,2015,Leicester City,West Ham United,2-1,2,1,3,initial,1,,,King Power Stadium,21268.0,
2015-09-22,2015,Middlesbrough,Wolverhampton Wanderers,3-0,3,0,3,initial,1,,,Riverside Stadium,13368.0,
2015-09-22,2015,Preston North End,AFC Bournemouth,2-2,2,2,3,initial,1,,,Deepdale,5643.0,
2015-09-22,2015,Reading,Everton,1-2,1,2,3,initial,1,,,Madejski Stadium,19435.0,
2015-09-22,2015,Sunderland,Manchester City,1-4,1,4,3,initial,1,,,Stadium of Light,21644.0,
2015-09-23,2015,Crystal Palace,Charlton Athletic,4-1,4,1,3,initial,1,,,Selhurst Park,16576.0,
2015-09-23,2015,Liverpool,Carlisle United,1-1,1,1,3,initial,1,,,Anfield,42518.0,
2015-09-23,2015,Manchester United,Ipswich Town,3-0,3,0,3,initial,1,,,Old Trafford,56607.0,
2015-09-23,2015,Milton Keynes Dons,Southampton,0-6,0,6,3,initial,1,,,Stadium MK,10189.0,
2015-09-23,2015,Newcastle United,Sheffield Wednesday,0-1,0,1,3,initial,1,,,St James' Park,33986.0,
2015-09-23,2015,Norwich City,West Bromwich Albion,3-0,3,0,3,initial,1,,,Carrow Road,19015.0,
2015-09-23,2015,Tottenham Hotspur,Arsenal,1-2,1,2,3,initial,1,,,White Hart Lane,35687.0,
2015-09-23,2015,Walsall,Chelsea,1-4,1,4,3,initial,1,,,Banks's Stadium,10525.0,
2015-10-27,2015,Everton,Norwich City,1-1,1,1,4,initial,1,,,Goodison Park,31694.0,
2015-10-27,2015,Hull City,Leicester City,1-1,1,1,4,initial,1,,,KC Stadium,16818.0,
2015-10-27,2015,Sheffield Wednesday,Arsenal,3-0,3,0,4,initial,1,,,Hillsborough,35065.0,
2015-10-27,2015,Stoke City,Chelsea,1-1,1,1,4,initial,1,,,Britannia Stadium,24886.0,
2015-10-28,2015,Liverpool,AFC Bournemouth,1-0,1,0,4,initial,1,,,Anfield,41948.0,
2015-10-28,2015,Manchester City,Crystal Palace,5-1,5,1,4,initial,1,,,Etihad Stadium,40585.0,
2015-10-28,2015,Manchester United,Middlesbrough,0-0,0,0,4,initial,1,,,Old Trafford,67258.0,
2015-10-28,2015,Southampton,Aston Villa,2-1,2,1,4,initial,1,,,St Mary's Stadium,31314.0,
2015-12-01,2015,Manchester City,Hull City,4-1,4,1,5,initial,1,,,Etihad Stadium,38246.0,
2015-12-01,2015,Middlesbrough,Everton,0-2,0,2,5,initial,1,,,Riverside Stadium,31628.0,
2015-12-01,2015,Stoke City,Sheffield Wednesday,2-0,2,0,5,initial,1,,,Britannia Stadium,26779.0,
2015-12-02,2015,Southampton,Liverpool,1-6,1,6,5,initial,1,,,St Mary's Stadium,31592.0,
2016-01-05,2015,Stoke City,Liverpool,0-1,0,1,Semi-final,initial,1,,,Britannia Stadium,27369.0,
2016-01-06,2015,Everton,Manchester City,2-1,2,1,Semi-final,initial,1,,,Goodison Park,35314.0,
2016-01-26,2015,Liverpool,Stoke City,0-1,0,1,Semi-final,initial,2,,,Anfield,43091.0,
2016-01-27,2015,Manchester City,Everton,3-1,3,1,Semi-final,initial,2,,,Etihad Stadium,50048.0,
2016-02-28,2015,Liverpool,Manchester City,1-1,1,1,Final,initial,1,,,Wembley Stadium,86206.0,
2016-08-09,2016,Accrington Stanley,Bradford City,0-0,0,0,1,initial,1,,,Wham Stadium,1936.0,
2016-08-09,2016,Barnet,Millwall,0-4,0,4,1,initial,1,,,"The Hive, Edgware",1410.0,
2016-08-09,2016,Barnsley,Northampton Town,1-2,1,2,1,initial,1,,,Oakwell,4455.0,
2016-08-09,2016,Birmingham City,Oxford United,0-1,0,1,1,initial,1,,,St Andrew's,7202.0,
2016-08-09,2016,Blackpool,Bolton Wanderers,4-2,4,2,1,initial,1,,,Bloomfield Road,3633.0,
2016-08-09,2016,Brighton and Hove Albion,Colchester United,4-0,4,0,1,initial,1,,,AMEX Stadium,6895.0,
2016-08-09,2016,Cambridge United,Sheffield Wednesday,2-1,2,1,1,initial,1,,,Cambs Glass Stadium,4170.0,
2016-08-09,2016,Carlisle United,Port Vale,2-1,2,1,1,initial,1,,,Brunton Park,3363.0,
2016-08-09,2016,Cheltenham Town,Charlton Athletic,1-0,1,0,1,initial,1,,,LCI Rail Stadium,2106.0,
2016-08-09,2016,Coventry City,Portsmouth,3-2,3,2,1,initial,1,,,Ricoh Arena,4976.0,
2016-08-09,2016,Derby County,Grimsby Town,1-0,1,0,1,initial,1,,,iPro Stadium,11692.0,
2016-08-09,2016,Doncaster Rovers,Nottingham Forest,1-2,1,2,1,initial,1,,,Keepmoat Stadium,5160.0,
2016-08-09,2016,Exeter City,Brentford,1-0,1,0,1,initial,1,,,"St James Park, Exeter",2633.0,
2016-08-09,2016,Ipswich Town,Stevenage Borough,0-1,0,1,1,initial,1,,,Portman Road,6858.0,
2016-08-09,2016,Leyton Orient,Fulham,2-3,2,3,1,initial,1,,,Matchroom Stadium,3855.0,
2016-08-09,2016,Mansfield Town,Blackburn Rovers,1-3,1,3,1,initial,1,,,One Call Stadium,2885.0,
2016-08-09,2016,Newport County,Milton Keynes Dons,2-3,2,3,1,initial,1,,,Rodney Parade,1402.0,
2016-08-09,2016,Oldham Athletic,Wigan Athletic,2-1,2,1,1,initial,1,,,SportsDirect.com Park,2554.0,
2016-08-09,2016,Peterborough United,AFC Wimbledon,3-2,3,2,1,initial,1,,,ABAX Stadium,2850.0,
2016-08-09,2016,Preston North End,Hartlepool United,1-0,1,0,1,initial,1,,,Deepdale,4509.0,
2016-08-09,2016,Reading,Plymouth Argyle,2-0,2,0,1,initial,1,,,Madejski Stadium,6979.0,
2016-08-09,2016,Rochdale,Chesterfield,3-1,3,1,1,initial,1,,,Crown Oil Arena,1436.0,
2016-08-09,2016,Rotherham United,Morecambe,4-5,4,5,1,initial,1,,,AESSEAL New York Stadium,3793.0,
2016-08-09,2016,Scunthorpe United,Notts County,2-0,2,0,1,initial,1,,,Glanford Park,2158.0,
2016-08-09,2016,Sheffield United,Crewe Alexandra,1-2,1,2,1,initial,1,,,Bramall Lane,8305.0,
2016-08-09,2016,Shrewsbury Town,Huddersfield Town,2-1,2,1,1,initial,1,,,Greenhous Meadow,2862.0,
2016-08-09,2016,Southend United,Gillingham,1-3,1,3,1,initial,1,,,Roots Hall,2816.0,
2016-08-09,2016,Walsall,Yeovil Town,0-2,0,2,1,initial,1,,,Banks's Stadium,2699.0,
2016-08-09,2016,Wolverhampton Wanderers,Crawley Town,2-1,2,1,1,initial,1,,,Molineux,8252.0,
2016-08-09,2016,Wycombe Wanderers,Bristol City,0-1,0,1,1,initial,1,,,Adams Park,1842.0,
2016-08-10,2016,Burton Albion,Bury,3-2,3,2,1,initial,1,,,Pirelli Stadium,1523.0,
2016-08-10,2016,Fleetwood Town,Leeds United,2-2,2,2,1,initial,1,,,"Highbury Stadium, Fleetwood",3332.0,
2016-08-10,2016,Luton Town,Aston Villa,3-1,3,1,1,initial,1,,,Kenilworth Road,7412.0,
2016-08-10,2016,Queens Park Rangers,Swindon Town,2-2,2,2,1,initial,1,,,Loftus Road,5440.0,
2016-08-11,2016,Bristol Rovers,Cardiff City,1-0,1,0,1,initial,1,,,Memorial Stadium,4851.0,
2016-08-23,2016,Blackburn Rovers,Crewe Alexandra,4-3,4,3,2,initial,1,,,Ewood Park,3448.0,
2016-08-23,2016,Burton Albion,Liverpool,0-5,0,5,2,initial,1,,,Pirelli Stadium,6450.0,
2016-08-23,2016,Chelsea,Bristol Rovers,3-2,3,2,2,initial,1,,,Stamford Bridge,39276.0,
2016-08-23,2016,Crystal Palace,Blackpool,2-0,2,0,2,initial,1,,,Selhurst Park,7533.0,
2016-08-23,2016,Derby County,Carlisle United,1-1,1,1,2,initial,1,,,iPro Stadium,9860.0,
2016-08-23,2016,Everton,Yeovil Town,4-0,4,0,2,initial,1,,,Goodison Park,24617.0,
2016-08-23,2016,Exeter City,Hull City,1-3,1,3,2,initial,1,,,"St James Park, Exeter",4037.0,
2016-08-23,2016,Luton Town,Leeds United,0-1,0,1,2,initial,1,,,Kenilworth Road,7498.0,
2016-08-23,2016,Millwall,Nottingham Forest,1-2,1,2,2,initial,1,,,The New Den,4009.0,
2016-08-23,2016,Newcastle United,Cheltenham Town,2-0,2,0,2,initial,1,,,St James' Park,21972.0,
2016-08-23,2016,Northampton Town,West Bromwich Albion,2-2,2,2,2,initial,1,,,Sixfields Stadium,5516.0,
2016-08-23,2016,Norwich City,Coventry City,6-1,6,1,2,initial,1,,,Carrow Road,10510.0,
2016-08-23,2016,Oxford United,Brighton and Hove Albion,2-4,2,4,2,initial,1,,,Kassam Stadium,3189.0,
2016-08-23,2016,Peterborough United,Swansea City,1-3,1,3,2,initial,1,,,ABAX Stadium,4727.0,
2016-08-23,2016,Preston North End,Oldham Athletic,2-0,2,0,2,initial,1,,,Deepdale,5075.0,
2016-08-23,2016,Queens Park Rangers,Rochdale,2-1,2,1,2,initial,1,,,Loftus Road,3928.0,
2016-08-23,2016,Reading,Milton Keynes Dons,2-2,2,2,2,initial,1,,,Madejski Stadium,6848.0,
2016-08-23,2016,Scunthorpe United,Bristol City,1-2,1,2,2,initial,1,,,Glanford Park,2397.0,
2016-08-23,2016,Stevenage Borough,Stoke City,0-4,0,4,2,initial,1,,,Lamex Stadium,3363.0,
2016-08-23,2016,Watford,Gillingham,1-2,1,2,2,initial,1,,,Vicarage Road,7004.0,
2016-08-23,2016,Wolverhampton Wanderers,Cambridge United,2-1,2,1,2,initial,1,,,Molineux,9500.0,
2016-08-24,2016,Accrington Stanley,Burnley,1-0,1,0,2,initial,1,,,Wham Stadium,3170.0,
2016-08-24,2016,Fulham,Middlesbrough,2-1,2,1,2,initial,1,,,Craven Cottage,8522.0,
2016-08-24,2016,Morecambe,AFC Bournemouth,1-2,1,2,2,initial,1,,,Globe Arena,2542.0,
2016-08-24,2016,Sunderland,Shrewsbury Town,1-0,1,0,2,initial,1,,,Stadium of Light,13979.0,
2016-09-20,2016,AFC Bournemouth,Preston North End,2-3,2,3,3,initial,1,,,Vitality Stadium,7595.0,
2016-09-20,2016,Brighton and Hove Albion,Reading,1-2,1,2,3,initial,1,,,AMEX Stadium,6235.0,
2016-09-20,2016,Derby County,Liverpool,0-3,0,3,3,initial,1,,,iPro Stadium,26245.0,
2016-09-20,2016,Everton,Norwich City,0-2,0,2,3,initial,1,,,Goodison Park,29550.0,
2016-09-20,2016,Leeds United,Blackburn Rovers,1-0,1,0,3,initial,1,,,Elland Road,8488.0,
2016-09-20,2016,Leicester City,Chelsea,2-4,2,4,3,initial,1,,,King Power Stadium,29899.0,
2016-09-20,2016,Newcastle United,Wolverhampton Wanderers,2-0,2,0,3,initial,1,,,St James' Park,34735.0,
2016-09-20,2016,Nottingham Forest,Arsenal,0-4,0,4,3,initial,1,,,City Ground,28567.0,
2016-09-21,2016,Fulham,Bristol City,1-2,1,2,3,initial,1,,,Craven Cottage,6017.0,
2016-09-21,2016,Northampton Town,Manchester United,1-3,1,3,3,initial,1,,,Sixfields Stadium,7798.0,
2016-09-21,2016,Queens Park Rangers,Sunderland,1-2,1,2,3,initial,1,,,Loftus Road,14301.0,
2016-09-21,2016,Southampton,Crystal Palace,2-0,2,0,3,initial,1,,,St Mary's Stadium,14080.0,
2016-09-21,2016,Stoke City,Hull City,1-2,1,2,3,initial,1,,,bet365 Stadium,10550.0,
2016-09-21,2016,Swansea City,Manchester City,1-2,1,2,3,initial,1,,,Liberty Stadium,18237.0,
2016-09-21,2016,Tottenham Hotspur,Gillingham,5-0,5,0,3,initial,1,,,White Hart Lane,26244.0,
2016-09-21,2016,West Ham United,Accrington Stanley,1-0,1,0,3,initial,1,,,London Stadium,39877.0,
2016-10-25,2016,Arsenal,Reading,2-0,2,0,4,initial,1,,,Emirates Stadium,59865.0,
2016-10-25,2016,Bristol City,Hull City,1-2,1,2,4,initial,1,,,Ashton Gate,16149.0,
2016-10-25,2016,Leeds United,Norwich City,2-2,2,2,4,initial,1,,,Elland Road,22222.0,
2016-10-25,2016,Liverpool,Tottenham Hotspur,2-1,2,1,4,initial,1,,,Anfield,53051.0,
2016-10-25,2016,Newcastle United,Preston North End,6-0,6,0,4,initial,1,,,St James' Park,49042.0,
2016-10-26,2016,Manchester United,Manchester City,1-0,1,0,4,initial,1,,,Old Trafford,74196.0,
2016-10-26,2016,Southampton,Sunderland,1-0,1,0,4,initial,1,,,St Mary's Stadium,21460.0,
2016-10-26,2016,West Ham United,Chelsea,2-1,2,1,4,initial,1,,,London Stadium,45957.0,
2016-11-29,2016,Hull City,Newcastle United,1-1,1,1,5,initial,1,,,KCOM Stadium,16243.0,
2016-11-29,2016,Liverpool,Leeds United,2-0,2,0,5,initial,1,,,Anfield,52012.0,
2016-11-30,2016,Arsenal,Southampton,0-2,0,2,5,initial,1,,,Emirates Stadium,59013.0,
2016-11-30,2016,Manchester United,West Ham United,4-1,4,1,5,initial,1,,,Old Trafford,65269.0,
2017-01-10,2016,Manchester United,Hull City,2-0,2,0,Semi-final,initial,1,,,Old Trafford,65798.0,
2017-01-11,2016,Southampton,Liverpool,1-0,1,0,Semi-final,initial,1,,,St Mary's Stadium,31480.0,
2017-01-25,2016,Liverpool,Southampton,0-1,0,1,Semi-final,initial,2,,,Anfield,52238.0,
2017-01-26,2016,Hull City,Manchester United,2-1,2,1,Semi-final,initial,2,,,KCOM Stadium,16831.0,
2017-02-26,2016,Manchester United,Southampton,3-2,3,2,Final,initial,1,,,Wembley Stadium,85264.0,
2017-08-08,2017,Accrington Stanley,Preston North End,3-2,3,2,1,initial,1,,,Wham Stadium,2879.0,
2017-08-08,2017,AFC Wimbledon,Brentford,1-3,1,3,1,initial,1,,,Cherry Red Records Fans Stadium,3229.0,
2017-08-08,2017,Barnsley,Morecambe,4-3,4,3,1,initial,1,,,Oakwell,4062.0,
2017-08-08,2017,Birmingham City,Crawley Town,5-1,5,1,1,initial,1,,,St Andrew's,7814.0,
2017-08-08,2017,Bradford City,Doncaster Rovers,2-3,2,3,1,initial,1,,,Northern Commercials Stadium,3175.0,
2017-08-08,2017,Bristol City,Plymouth Argyle,5-0,5,0,1,initial,1,,,Ashton Gate,9838.0,
2017-08-08,2017,Bristol Rovers,Cambridge United,4-1,4,1,1,initial,1,,,Memorial Stadium,4114.0,
2017-08-08,2017,Cardiff City,Portsmouth,2-1,2,1,1,initial,1,,,Cardiff City Stadium,6592.0,
2017-08-08,2017,Coventry City,Blackburn Rovers,1-3,1,3,1,initial,1,,,Ricoh Arena,5372.0,
2017-08-08,2017,Exeter City,Charlton Athletic,1-2,1,2,1,initial,1,,,"St James Park, Exeter",2699.0,
2017-08-08,2017,Fleetwood Town,Carlisle United,1-2,1,2,1,initial,1,,,"Highbury Stadium, Fleetwood",1711.0,
2017-08-08,2017,Forest Green Rovers,Milton Keynes Dons,0-1,0,1,1,initial,1,,,"The New Lawn, Nailsworth",1608.0,
2017-08-08,2017,Luton Town,Ipswich Town,0-2,0,2,1,initial,1,,,Kenilworth Road,4610.0,
2017-08-08,2017,Mansfield Town,Rochdale,0-1,0,1,1,initial,1,,,One Call Stadium,1457.0,
2017-08-08,2017,Millwall,Stevenage Borough,2-0,2,0,1,initial,1,,,The New Den,3096.0,
2017-08-08,2017,Norwich City,Swindon Town,3-2,3,2,1,initial,1,,,Carrow Road,13166.0,
2017-08-08,2017,Nottingham Forest,Shrewsbury Town,2-1,2,1,1,initial,1,,,City Ground,7546.0,
2017-08-08,2017,Oxford United,Cheltenham Town,3-4,3,4,1,initial,1,,,Kassam Stadium,3179.0,
2017-08-08,2017,Peterborough United,Barnet,1-3,1,3,1,initial,1,,,ABAX Stadium,2725.0,
2017-08-08,2017,Queens Park Rangers,Northampton Town,1-0,1,0,1,initial,1,,,Loftus Road,4317.0,
2017-08-08,2017,Reading,Gillingham,2-0,2,0,1,initial,1,,,Madejski Stadium,5936.0,
2017-08-08,2017,Rotherham United,Lincoln City,2-1,2,1,1,initial,1,,,AESSEAL New York Stadium,5489.0,
2017-08-08,2017,Scunthorpe United,Notts County,3-3,3,3,1,initial,1,,,Glanford Park,1874.0,
2017-08-08,2017,Sheffield Wednesday,Chesterfield,4-1,4,1,1,initial,1,,,Hillsborough,11682.0,
2017-08-08,2017,Southend United,Newport County,0-2,0,2,1,initial,1,,,Roots Hall,2998.0,
2017-08-08,2017,Wigan Athletic,Blackpool,2-1,2,1,1,initial,1,,,DW Stadium,3391.0,
2017-08-08,2017,Wolverhampton Wanderers,Yeovil Town,1-0,1,0,1,initial,1,,,Molineux,9478.0,
2017-08-08,2017,Wycombe Wanderers,Fulham,0-2,0,2,1,initial,1,,,Adams Park,3639.0,
2017-08-09,2017,Colchester United,Aston Villa,1-2,1,2,1,initial,1,,,Weston Homes Community Stadium,6603.0,
2017-08-09,2017,Crewe Alexandra,Bolton Wanderers,1-2,1,2,1,initial,1,,,Gresty Road,3167.0,
2017-08-09,2017,Leeds United,Port Vale,4-1,4,1,1,initial,1,,,Elland Road,15431.0,
2017-08-09,2017,Oldham Athletic,Burton Albion,2-3,2,3,1,initial,1,,,SportsDirect.com Park,2176.0,
2017-08-09,2017,Sheffield United,Walsall,3-2,3,2,1,initial,1,,,Bramall Lane,5210.0,
2017-08-10,2017,Bury,Sunderland,0-1,0,1,1,initial,1,,,Energy Check Stadium at Gigg Lane,3470.0,
2017-08-22,2017,Grimsby Town,Derby County,0-1,0,1,1,initial,1,,,Blundell Park,3033.0,
2017-08-22,2017,Accrington Stanley,West Bromwich Albion,1-3,1,3,2,initial,1,,,Wham Stadium,2699.0,
2017-08-22,2017,Aston Villa,Wigan Athletic,4-1,4,1,2,initial,1,,,Villa Park,18108.0,
2017-08-22,2017,Birmingham City,AFC Bournemouth,1-2,1,2,2,initial,1,,,St Andrew's,8245.0,
2017-08-22,2017,Bolton Wanderers,Sheffield Wednesday,3-2,3,2,2,initial,1,,,Macron Stadium,6385.0,
2017-08-22,2017,Brighton and Hove Albion,Barnet,1-0,1,0,2,initial,1,,,AMEX Stadium,11414.0,
2017-08-22,2017,Cardiff City,Burton Albion,1-2,1,2,2,initial,1,,,Cardiff City Stadium,5820.0,
2017-08-22,2017,Carlisle United,Sunderland,1-2,1,2,2,initial,1,,,Brunton Park,8187.0,
2017-08-22,2017,Crystal Palace,Ipswich Town,2-1,2,1,2,initial,1,,,Selhurst Park,9837.0,
2017-08-22,2017,Doncaster Rovers,Hull City,2-0,2,0,2,initial,1,,,Keepmoat Stadium,7139.0,
2017-08-22,2017,Fulham,Bristol Rovers,0-1,0,1,2,initial,1,,,Craven Cottage,6243.0,
2017-08-22,2017,Leeds United,Newport County,5-1,5,1,2,initial,1,,,Elland Road,17098.0,
2017-08-22,2017,Middlesbrough,Scunthorpe United,3-0,3,0,2,initial,1,,,Riverside Stadium,12679.0,
2017-08-22,2017,Milton Keynes Dons,Swansea City,1-4,1,4,2,initial,1,,,Stadium MK,5162.0,
2017-08-22,2017,Norwich City,Charlton Athletic,4-1,4,1,2,initial,1,,,Carrow Road,12521.0,
2017-08-22,2017,Queens Park Rangers,Brentford,1-4,1,4,2,initial,1,,,Loftus Road,9719.0,
2017-08-22,2017,Reading,Millwall,3-1,3,1,2,initial,1,,,Madejski Stadium,7148.0,
2017-08-22,2017,Sheffield United,Leicester City,1-4,1,4,2,initial,1,,,Bramall Lane,11280.0,
2017-08-22,2017,Watford,Bristol City,2-3,2,3,2,initial,1,,,Vicarage Road,9003.0,
2017-08-23,2017,Blackburn Rovers,Burnley,0-2,0,2,2,initial,1,,,Ewood Park,16313.0,
2017-08-23,2017,Cheltenham Town,West Ham United,0-2,0,2,2,initial,1,,,LCI Rail Stadium,6259.0,
2017-08-23,2017,Huddersfield Town,Rotherham United,2-1,2,1,2,initial,1,,,John Smith's Stadium,8290.0,
2017-08-23,2017,Newcastle United,Nottingham Forest,2-3,2,3,2,initial,1,,,St James' Park,27709.0,
2017-08-23,2017,Southampton,Wolverhampton Wanderers,0-2,0,2,2,initial,1,,,St Mary's Stadium,17931.0,
2017-08-23,2017,Stoke City,Rochdale,4-0,4,0,2,initial,1,,,bet365 Stadium,9930.0,
2017-09-12,2017,Barnsley,Derby County,3-2,3,2,2,initial,1,,,Oakwell,7163.0,
2017-09-19,2017,AFC Bournemouth,Brighton and Hove Albion,1-0,1,0,3,initial,1,,,Vitality Stadium,10372.0,
2017-09-19,2017,Aston Villa,Middlesbrough,0-2,0,2,3,initial,1,,,Villa Park,11197.0,
2017-09-19,2017,Brentford,Norwich City,1-3,1,3,3,initial,1,,,Griffin Park,4568.0,
2017-09-19,2017,Bristol City,Stoke City,2-0,2,0,3,initial,1,,,Ashton Gate,13826.0,
2017-09-19,2017,Burnley,Leeds United,2-2,2,2,3,initial,1,,,Turf Moor,11799.0,
2017-09-19,2017,Crystal Palace,Huddersfield Town,1-0,1,0,3,initial,1,,,Selhurst Park,6607.0,
2017-09-19,2017,Leicester City,Liverpool,2-0,2,0,3,initial,1,,,King Power Stadium,31609.0,
2017-09-19,2017,Reading,Swansea City,0-2,0,2,3,initial,1,,,Madejski Stadium,8729.0,
2017-09-19,2017,Tottenham Hotspur,Barnsley,1-0,1,0,3,initial,1,,,Wembley Stadium,23826.0,
2017-09-19,2017,West Ham United,Bolton Wanderers,3-0,3,0,3,initial,1,,,London Stadium,35806.0,
2017-09-19,2017,Wolverhampton Wanderers,Bristol Rovers,1-0,1,0,3,initial,1,,,Molineux,12740.0,
2017-09-20,2017,Arsenal,Doncaster Rovers,1-0,1,0,3,initial,1,,,Emirates Stadium,44064.0,
2017-09-20,2017,Chelsea,Nottingham Forest,5-1,5,1,3,initial,1,,,Stamford Bridge,40621.0,
2017-09-20,2017,Everton,Sunderland,3-0,3,0,3,initial,1,,,Goodison Park,23000.0,
2017-09-20,2017,Manchester United,Burton Albion,4-1,4,1,3,initial,1,,,Old Trafford,54256.0,
2017-09-20,2017,West Bromwich Albion,Manchester City,1-2,1,2,3,initial,1,,,The Hawthorns,14953.0,
2017-10-24,2017,AFC Bournemouth,Middlesbrough,3-1,3,1,4,initial,1,,,Vitality Stadium,10254.0,
2017-10-24,2017,Arsenal,Norwich City,2-1,2,1,4,initial,1,,,Emirates Stadium,58444.0,
2017-10-24,2017,Bristol City,Crystal Palace,4-1,4,1,4,initial,1,,,Ashton Gate,21901.0,
2017-10-24,2017,Leicester City,Leeds United,3-1,3,1,4,initial,1,,,King Power Stadium,31516.0,
2017-10-24,2017,Manchester City,Wolverhampton Wanderers,0-0,0,0,4,initial,1,,,Etihad Stadium,50755.0,
2017-10-24,2017,Swansea City,Manchester United,0-2,0,2,4,initial,1,,,Liberty Stadium,20083.0,
2017-10-25,2017,Chelsea,Everton,2-1,2,1,4,initial,1,,,Stamford Bridge,40655.0,
2017-10-25,2017,Tottenham Hotspur,West Ham United,2-3,2,3,4,initial,1,,,Wembley Stadium,36168.0,
2017-12-19,2017,Arsenal,West Ham United,1-0,1,0,5,initial,1,,,Emirates Stadium,44741.0,
2017-12-19,2017,Leicester City,Manchester City,1-1,1,1,5,initial,1,,,King Power Stadium,31562.0,
2017-12-20,2017,Bristol City,Manchester United,2-1,2,1,5,initial,1,,,Ashton Gate,26088.0,
2017-12-20,2017,Chelsea,AFC Bournemouth,2-1,2,1,5,initial,1,,,Stamford Bridge,41168.0,
2018-01-09,2017,Manchester City,Bristol City,2-1,2,1,Semi-final,initial,1,,,Etihad Stadium,43426.0,
2018-01-10,2017,Chelsea,Arsenal,0-0,0,0,Semi-final,initial,1,,,Stamford Bridge,40097.0,
2018-01-23,2017,Bristol City,Manchester City,2-3,2,3,Semi-final,initial,2,,,Ashton Gate,26003.0,
2018-01-24,2017,Arsenal,Chelsea,2-1,2,1,Semi-final,initial,2,,,Emirates Stadium,58964.0,
2018-02-25,2017,Arsenal,Manchester City,0-3,0,3,Final,initial,1,,,Wembley Stadium,85671.0,
2018-08-14,2018,Blackpool,Barnsley,3-1,3,1,1,initial,1,,,Bloomfield Road,1937.0,
2018-08-14,2018,Bristol City,Plymouth Argyle,0-1,0,1,1,initial,1,,,Ashton Gate,9865.0,
2018-08-14,2018,Bristol Rovers,Crawley Town,2-1,2,1,1,initial,1,,,Memorial Stadium,2336.0,
2018-08-14,2018,Cambridge United,Newport County,1-4,1,4,1,initial,1,,,Abbey Stadium,1618.0,
2018-08-14,2018,Carlisle United,Blackburn Rovers,1-5,1,5,1,initial,1,,,Brunton Park,3156.0,
2018-08-14,2018,Cheltenham Town,Colchester United,2-2,2,2,1,initial,1,,,Jonny-Rocks Stadium,1179.0,
2018-08-14,2018,Crewe Alexandra,Fleetwood Town,1-1,1,1,1,initial,1,,,Gresty Road,1783.0,
2018-08-14,2018,Exeter City,Ipswich Town,1-1,1,1,1,initial,1,,,"St James Park, Exeter",3675.0,
2018-08-14,2018,Grimsby Town,Rochdale,0-2,0,2,1,initial,1,,,Blundell Park,1781.0,
2018-08-14,2018,Leeds United,Bolton Wanderers,2-1,2,1,1,initial,1,,,Elland Road,19617.0,
2018-08-14,2018,Macclesfield Town,Bradford City,1-1,1,1,1,initial,1,,,Moss Rose,1422.0,
2018-08-14,2018,Mansfield Town,Accrington Stanley,6-1,6,1,1,initial,1,,,One Call Stadium,1565.0,
2018-08-14,2018,Middlesbrough,Notts County,3-3,3,3,1,initial,1,,,Riverside Stadium,9942.0,
2018-08-14,2018,Millwall,Gillingham,0-0,0,0,1,initial,1,,,The New Den,4401.0,
2018-08-14,2018,Milton Keynes Dons,Charlton Athletic,3-0,3,0,1,initial,1,,,Stadium MK,3052.0,
2018-08-14,2018,Norwich City,Stevenage Borough,3-1,3,1,1,initial,1,,,Carrow Road,11687.0,
2018-08-14,2018,Nottingham Forest,Bury,1-1,1,1,1,initial,1,,,City Ground,8172.0,
2018-08-14,2018,Oldham Athletic,Derby County,0-2,0,2,1,initial,1,,,Boundary Park,3376.0,
2018-08-14,2018,Oxford United,Coventry City,2-0,2,0,1,initial,1,,,Kassam Stadium,3551.0,
2018-08-14,2018,Port Vale,Lincoln City,0-4,0,4,1,initial,1,,,Vale Park,2440.0,
2018-08-14,2018,Portsmouth,AFC Wimbledon,1-2,1,2,1,initial,1,,,Fratton Park,6588.0,
2018-08-14,2018,Preston North End,Morecambe,3-1,3,1,1,initial,1,,,Deepdale,6077.0,
2018-08-14,2018,Queens Park Rangers,Peterborough United,2-0,2,0,1,initial,1,,,Loftus Road,4021.0,
2018-08-14,2018,Reading,Birmingham City,2-0,2,0,1,initial,1,,,Madejski Stadium,6934.0,
2018-08-14,2018,Rotherham United,Wigan Athletic,3-1,3,1,1,initial,1,,,AESSEAL New York Stadium,3017.0,
2018-08-14,2018,Scunthorpe United,Doncaster Rovers,1-2,1,2,1,initial,1,,,Glanford Park,3272.0,
2018-08-14,2018,Sheffield United,Hull City,1-1,1,1,1,initial,1,,,Bramall Lane,6327.0,
2018-08-14,2018,Shrewsbury Town,Burton Albion,1-2,1,2,1,initial,1,,,Montgomery Waters Meadow,2708.0,
2018-08-14,2018,Southend United,Brentford,2-4,2,4,1,initial,1,,,Roots Hall,3055.0,
2018-08-14,2018,Swindon Town,Forest Green Rovers,0-1,0,1,1,initial,1,,,Energy Check County Ground,3451.0,
2018-08-14,2018,Tranmere Rovers,Walsall,1-3,1,3,1,initial,1,,,Prenton Park,3817.0,
2018-08-14,2018,West Bromwich Albion,Luton Town,1-0,1,0,1,initial,1,,,The Hawthorns,10404.0,
2018-08-14,2018,Wycombe Wanderers,Northampton Town,1-1,1,1,1,initial,1,,,Adams Park,1999.0,
2018-08-14,2018,Yeovil Town,Aston Villa,0-1,0,1,1,initial,1,,,Huish Park,6123.0,
2018-08-16,2018,Sunderland,Sheffield Wednesday,0-2,0,2,1,initial,1,,,Stadium of Light,13890.0,
2018-08-28,2018,AFC Bournemouth,Milton Keynes Dons,3-0,3,0,2,initial,1,,,League Cup 2nd round,,
2018-08-28,2018,AFC Wimbledon,West Ham United,1-3,1,3,2,initial,1,,,League Cup 2nd round,,
2018-08-28,2018,Blackburn Rovers,Lincoln City,4-1,4,1,2,initial,1,,,Ewood Park,5211.0,
2018-08-28,2018,Brentford,Cheltenham Town,1-0,1,0,2,initial,1,,,Griffin Park,4384.0,
2018-08-28,2018,Brighton and Hove Albion,Southampton,0-1,0,1,2,initial,1,,,League Cup 2nd round,,
2018-08-28,2018,Burton Albion,Aston Villa,1-0,1,0,2,initial,1,,,Pirelli Stadium,3411.0,
2018-08-28,2018,Cardiff City,Norwich City,1-3,1,3,2,initial,1,,,League Cup 2nd round,,
2018-08-28,2018,Doncaster Rovers,Blackpool,1-2,1,2,2,initial,1,,,Keepmoat Stadium,3188.0,
2018-08-28,2018,Fulham,Exeter City,2-0,2,0,2,initial,1,,,League Cup 2nd round,,
2018-08-28,2018,Hull City,Derby County,0-4,0,4,2,initial,1,,,KCOM Stadium,4666.0,
2018-08-28,2018,Leeds United,Preston North End,0-2,0,2,2,initial,1,,,Elland Road,18652.0,
2018-08-28,2018,Leicester City,Fleetwood Town,4-0,4,0,2,initial,1,,,League Cup 2nd round,,
2018-08-28,2018,Middlesbrough,Rochdale,2-1,2,1,2,initial,1,,,Riverside Stadium,10344.0,
2018-08-28,2018,Newport County,Oxford United,0-3,0,3,2,initial,1,,,Rodney Parade,2228.0,
2018-08-28,2018,Queens Park Rangers,Bristol Rovers,3-1,3,1,2,initial,1,,,Loftus Road,5007.0,
2018-08-28,2018,Sheffield Wednesday,Wolverhampton Wanderers,0-2,0,2,2,initial,1,,,League Cup 2nd round,,
2018-08-28,2018,Stoke City,Huddersfield Town,2-0,2,0,2,initial,1,,,League Cup 2nd round,365.0,
2018-08-28,2018,Swansea City,Crystal Palace,0-1,0,1,2,initial,1,,,League Cup 2nd round,,
2018-08-28,2018,Walsall,Macclesfield Town,3-3,3,3,2,initial,1,,,Banks's Stadium,2352.0,
2018-08-28,2018,West Bromwich Albion,Mansfield Town,2-1,2,1,2,initial,1,,,The Hawthorns,10574.0,
2018-08-28,2018,Wycombe Wanderers,Forest Green Rovers,2-2,2,2,2,initial,1,,,Adams Park,1934.0,
2018-08-29,2018,Everton,Rotherham United,3-1,3,1,2,initial,1,,,League Cup 2nd round,,
2018-08-29,2018,Millwall,Plymouth Argyle,3-2,3,2,2,initial,1,,,The New Den,3645.0,
2018-08-29,2018,Nottingham Forest,Newcastle United,3-1,3,1,2,initial,1,,,League Cup 2nd round,,
2018-08-29,2018,Reading,Watford,0-2,0,2,2,initial,1,,,League Cup 2nd round,,
2018-09-25,2018,AFC Bournemouth,Blackburn Rovers,3-2,3,2,3,initial,1,,,League Cup 3rd round,,
2018-09-25,2018,Blackpool,Queens Park Rangers,2-0,2,0,3,initial,1,,,Bloomfield Road,1910.0,
2018-09-25,2018,Burton Albion,Burnley,2-1,2,1,3,initial,1,,,League Cup 3rd round,,
2018-09-25,2018,Manchester United,Derby County,2-2,2,2,3,initial,1,,,League Cup 3rd round,,
2018-09-25,2018,Millwall,Fulham,1-3,1,3,3,initial,1,,,League Cup 3rd round,,
2018-09-25,2018,Oxford United,Manchester City,0-3,0,3,3,initial,1,,,League Cup 3rd round,,
2018-09-25,2018,Preston North End,Middlesbrough,2-2,2,2,3,initial,1,,,Deepdale,5095.0,
2018-09-25,2018,West Bromwich Albion,Crystal Palace,0-3,0,3,3,initial,1,,,League Cup 3rd round,,
2018-09-25,2018,Wolverhampton Wanderers,Leicester City,0-0,0,0,3,initial,1,,,League Cup 3rd round,,
2018-09-25,2018,Wycombe Wanderers,Norwich City,3-4,3,4,3,initial,1,,,Adams Park,3947.0,
2018-09-26,2018,Arsenal,Brentford,3-1,3,1,3,initial,1,,,League Cup 3rd round,,
2018-09-26,2018,Liverpool,Chelsea,1-2,1,2,3,initial,1,,,League Cup 3rd round,,
2018-09-26,2018,Nottingham Forest,Stoke City,3-2,3,2,3,initial,1,,,City Ground,12915.0,
2018-09-26,2018,Tottenham Hotspur,Watford,2-2,2,2,3,initial,1,,,League Cup 3rd round,,
2018-09-26,2018,West Ham United,Macclesfield Town,8-0,8,0,3,initial,1,,,League Cup 3rd round,,
2018-10-02,2018,Everton,Southampton,1-1,1,1,3,initial,1,,,League Cup 3rd round,,
2018-10-30,2018,AFC Bournemouth,Norwich City,2-1,2,1,4,initial,1,,,League Cup 4th round,,
2018-10-30,2018,Burton Albion,Nottingham Forest,3-2,3,2,4,initial,1,,,Pirelli Stadium,4284.0,
2018-10-31,2018,Arsenal,Blackpool,2-1,2,1,4,initial,1,,,League Cup 4th round,,
2018-10-31,2018,Chelsea,Derby County,3-2,3,2,4,initial,1,,,League Cup 4th round,,
2018-10-31,2018,Middlesbrough,Crystal Palace,1-0,1,0,4,initial,1,,,League Cup 4th round,,
2018-10-31,2018,West Ham United,Tottenham Hotspur,1-3,1,3,4,initial,1,,,League Cup 4th round,,
2018-11-01,2018,Manchester City,Fulham,2-0,2,0,4,initial,1,,,League Cup 4th round,,
2018-11-27,2018,Leicester City,Southampton,0-0,0,0,4,initial,1,,,League Cup 4th round,,
2018-12-18,2018,Leicester City,Manchester City,1-1,1,1,5,initial,1,,,League Cup 5th round,,
2018-12-18,2018,Middlesbrough,Burton Albion,0-1,0,1,5,initial,1,,,Riverside Stadium,17342.0,
2018-12-19,2018,Arsenal,Tottenham Hotspur,0-2,0,2,5,initial,1,,,League Cup 5th round,,
2018-12-19,2018,Chelsea,AFC Bournemouth,1-0,1,0,5,initial,1,,,League Cup 5th round,,
2019-01-08,2018,Tottenham Hotspur,Chelsea,1-0,1,0,Semi-final,initial,1,,,League Cup Semi-final 1st leg,,
2019-01-09,2018,Manchester City,Burton Albion,9-0,9,0,Semi-final,initial,1,,,League Cup Semi-final 1st leg,,
2019-01-23,2018,Burton Albion,Manchester City,0-1,0,1,Semi-final,initial,2,,,League Cup Semi-final 2nd leg,,
2019-01-24,2018,Chelsea,Tottenham Hotspur,2-1,2,1,Semi-final,initial,2,,,League Cup Semi-final 2nd leg,,
2019-02-24,2018,Chelsea,Manchester City,0-0,0,0,Final,initial,1,,,League Cup Final,,
