MatchDate,HomeTeam,AwayTeam,FTResult,OddHome,OddDraw,OddAway
2000-08-19,Charlton,Man City,H,2.0,3.0,3.2
2000-08-19,Chelsea,West Ham,H,1.47,3.4,5.2
2000-08-19,Coventry,Middlesbrough,A,2.15,3.0,3.0
2000-08-19,Derby,Southampton,D,2.0,3.1,3.2
2000-08-19,Leeds,Everton,H,1.65,3.3,4.3
2000-08-19,Leicester,Aston Villa,D,2.15,3.1,2.9
2000-08-19,Liverpool,Bradford,H,1.25,4.1,7.2
2000-08-19,Sunderland,Arsenal,H,2.85,3.25,2.1
2000-08-19,Tottenham,Ipswich,H,1.45,3.6,7.0
2000-08-20,Man United,Newcastle,H,1.38,3.5,7.0
2000-08-21,Arsenal,Liverpool,H,2.0,3.2,3.0
2000-08-22,Bradford,Chelsea,H,4.8,3.3,1.61
2000-08-22,Ipswich,Man United,D,7.0,3.8,1.35
2000-08-22,Middlesbrough,Tottenham,D,2.15,3.05,3.1
2000-08-23,Everton,Charlton,H,1.71,3.4,4.0
2000-08-23,Man City,Sunderland,H,2.4,3.1,2.6
2000-08-23,Newcastle,Derby,H,1.6,3.3,4.5
2000-08-23,Southampton,Coventry,A,1.9,2.9,3.2
2000-08-23,West Ham,Leicester,A,1.8,3.35,3.8
2000-08-26,Arsenal,Charlton,H,1.3,4.3,8.2
2000-08-26,Bradford,Leicester,D,2.15,3.3,2.8
2000-08-26,Everton,Derby,D,1.66,3.5,4.1
2000-08-26,Ipswich,Sunderland,H,2.3,3.2,2.65
2000-08-26,Man City,Coventry,A,1.95,3.5,3.1
2000-08-26,Middlesbrough,Leeds,A,2.3,3.2,2.65
2000-08-26,Newcastle,Tottenham,H,1.95,3.4,3.25
2000-08-26,Southampton,Liverpool,D,4.0,3.4,1.7
2000-08-26,West Ham,Man United,D,4.2,3.5,1.65
2000-08-27,Aston Villa,Chelsea,D,2.7,3.3,2.2
2000-09-05,Leeds,Man City,A,1.33,4.2,6.8
2000-09-05,Man United,Bradford,H,1.2,5.5,9.0
2000-09-05,Sunderland,West Ham,D,2.0,3.2,3.3
2000-09-05,Tottenham,Everton,H,1.75,3.3,4.0
2000-09-06,Charlton,Southampton,D,2.0,3.1,3.2
2000-09-06,Chelsea,Arsenal,D,2.3,3.1,2.8
2000-09-06,Coventry,Newcastle,A,2.4,3.1,2.6
2000-09-06,Derby,Middlesbrough,D,2.4,3.1,2.6
2000-09-06,Leicester,Ipswich,H,1.7,3.4,4.15
2000-09-06,Liverpool,Aston Villa,H,1.66,3.4,4.5
2000-09-09,Bradford,Arsenal,D,4.6,3.4,1.6
2000-09-09,Coventry,Leeds,D,3.05,3.2,2.1
2000-09-09,Ipswich,Aston Villa,A,2.65,3.2,2.3
2000-09-09,Leicester,Southampton,H,1.71,3.4,4.2
2000-09-09,Liverpool,Man City,H,1.3,3.9,9.2
2000-09-09,Man United,Sunderland,H,1.25,4.1,9.0
2000-09-09,Middlesbrough,Everton,A,2.0,3.3,3.2
2000-09-09,Newcastle,Chelsea,D,2.35,3.25,2.6
2000-09-10,Derby,Charlton,D,2.0,3.3,3.2
2000-09-11,Tottenham,West Ham,H,1.85,3.3,3.7
2000-09-16,Arsenal,Coventry,H,1.25,4.8,9.0
2000-09-16,Aston Villa,Bradford,H,1.53,3.8,5.0
2000-09-16,Charlton,Tottenham,H,2.6,3.3,2.3
2000-09-16,Everton,Man United,A,4.4,3.4,1.66
2000-09-16,Leeds,Ipswich,A,1.35,3.9,8.0
2000-09-16,Southampton,Newcastle,H,2.75,3.35,2.2
2000-09-16,Sunderland,Derby,H,1.65,3.4,4.1
2000-09-17,Chelsea,Leicester,A,1.45,3.65,6.2
2000-09-17,Man City,Middlesbrough,D,2.1,3.3,2.9
2000-09-17,West Ham,Liverpool,D,3.0,3.3,2.0
2000-09-23,Bradford,Southampton,A,2.05,3.2,3.1
2000-09-23,Coventry,West Ham,A,2.2,3.15,2.85
2000-09-23,Derby,Leeds,D,2.75,3.05,2.25
2000-09-23,Ipswich,Arsenal,D,4.2,3.25,1.75
2000-09-23,Liverpool,Sunderland,D,1.33,4.1,7.5
2000-09-23,Man United,Chelsea,D,1.55,3.5,5.1
2000-09-23,Middlesbrough,Aston Villa,D,2.3,3.35,2.6
2000-09-23,Newcastle,Charlton,A,1.45,3.7,6.3
2000-09-23,Tottenham,Man City,D,1.55,3.5,5.2
2000-09-24,Leicester,Everton,D,1.85,3.25,3.65
2000-09-30,Aston Villa,Derby,H,1.5,3.45,5.3
2000-09-30,Charlton,Coventry,D,1.8,3.3,3.7
2000-09-30,Everton,Ipswich,A,1.7,3.2,4.3
2000-09-30,Leeds,Tottenham,H,1.66,3.4,4.2
2000-09-30,Man City,Newcastle,A,2.4,3.3,2.5
2000-09-30,Southampton,Middlesbrough,A,2.15,3.2,2.85
2000-09-30,West Ham,Bradford,D,1.5,3.55,6.1
2000-10-01,Arsenal,Man United,H,2.55,3.2,2.45
2000-10-01,Chelsea,Liverpool,H,2.0,3.3,3.15
2000-10-01,Sunderland,Leicester,D,2.05,3.2,3.15
2000-10-14,Arsenal,Aston Villa,H,1.47,3.5,6.0
2000-10-14,Coventry,Tottenham,H,2.6,3.1,2.4
2000-10-14,Everton,Southampton,D,1.85,3.25,3.7
2000-10-14,Ipswich,West Ham,D,2.2,3.2,2.9
2000-10-14,Leeds,Charlton,H,1.5,3.25,6.3
2000-10-14,Leicester,Man United,A,3.7,3.3,1.85
2000-10-14,Man City,Bradford,H,1.7,3.35,4.2
2000-10-14,Sunderland,Chelsea,H,3.05,3.05,2.15
2000-10-15,Derby,Liverpool,A,3.3,3.2,1.95
2000-10-16,Middlesbrough,Newcastle,A,2.45,3.1,2.55
2000-10-21,Bradford,Ipswich,A,2.3,3.15,2.75
2000-10-21,Charlton,Middlesbrough,H,2.2,3.25,2.8
2000-10-21,Chelsea,Coventry,H,1.4,3.8,6.5
2000-10-21,Liverpool,Leicester,H,1.5,3.5,5.5
2000-10-21,Man United,Leeds,H,1.5,3.55,6.0
2000-10-21,Newcastle,Everton,A,1.6,3.4,5.0
2000-10-21,Tottenham,Derby,H,1.55,3.4,5.65
2000-10-21,West Ham,Arsenal,A,3.35,3.2,1.95
2000-10-22,Aston Villa,Sunderland,D,1.75,3.35,4.0
2000-10-23,Southampton,Man City,A,1.95,3.2,3.4
2000-10-28,Arsenal,Man City,H,1.31,4.25,8.0
2000-10-28,Aston Villa,Charlton,H,1.7,4.3,3.2
2000-10-28,Chelsea,Tottenham,H,1.66,3.2,4.7
2000-10-28,Ipswich,Middlesbrough,H,2.2,3.2,2.85
2000-10-28,Leicester,Derby,H,1.6,3.35,4.9
2000-10-28,Man United,Southampton,H,1.2,5.3,10.0
2000-10-28,Sunderland,Coventry,H,1.8,3.2,3.9
2000-10-28,West Ham,Newcastle,H,2.5,3.05,2.6
2000-10-29,Bradford,Leeds,D,3.1,3.15,2.1
2000-10-29,Liverpool,Everton,H,1.75,3.3,4.1
2000-11-04,Charlton,Bradford,H,1.7,3.25,4.5
2000-11-04,Coventry,Man United,A,4.55,3.35,1.66
2000-11-04,Leeds,Liverpool,H,2.3,3.0,2.85
2000-11-04,Man City,Leicester,A,2.3,3.1,2.75
2000-11-04,Middlesbrough,Arsenal,A,3.55,3.2,1.9
2000-11-04,Newcastle,Ipswich,H,1.75,3.2,4.35
2000-11-04,Southampton,Chelsea,H,3.4,3.1,2.0
2000-11-04,Tottenham,Sunderland,H,1.85,3.25,3.6
2000-11-05,Everton,Aston Villa,A,2.3,3.0,2.9
2000-11-06,Derby,West Ham,D,2.6,3.15,2.4
2000-11-11,Arsenal,Derby,D,1.2,5.5,10.0
2000-11-11,Aston Villa,Tottenham,H,1.8,3.15,3.9
2000-11-11,Bradford,Everton,A,2.55,3.15,2.45
2000-11-11,Ipswich,Charlton,H,1.9,3.15,3.6
2000-11-11,Leicester,Newcastle,D,2.15,3.05,3.1
2000-11-11,Man United,Middlesbrough,H,1.21,5.15,10.0
2000-11-11,Sunderland,Southampton,D,1.66,3.3,4.7
2000-11-11,West Ham,Man City,H,1.8,3.2,3.9
2000-11-12,Chelsea,Leeds,D,1.85,3.25,3.55
2000-11-12,Liverpool,Coventry,H,1.3,4.5,8.0
2000-11-18,Charlton,Chelsea,H,3.2,3.1,2.05
2000-11-18,Derby,Bradford,H,1.85,3.25,3.55
2000-11-18,Everton,Arsenal,H,3.7,3.2,1.85
2000-11-18,Leeds,West Ham,A,1.6,3.4,5.0
2000-11-18,Man City,Man United,A,5.2,3.35,1.6
2000-11-18,Middlesbrough,Leicester,A,2.55,3.1,2.45
2000-11-18,Newcastle,Sunderland,A,1.85,3.25,3.65
2000-11-18,Southampton,Aston Villa,H,2.65,3.05,2.4
2000-11-19,Tottenham,Liverpool,H,2.65,3.25,2.3
2000-11-20,Coventry,Ipswich,A,2.4,2.95,2.75
2000-11-25,Charlton,Sunderland,A,2.1,3.2,3.0
2000-11-25,Coventry,Aston Villa,D,2.75,3.15,2.3
2000-11-25,Derby,Man United,A,6.0,3.6,1.45
2000-11-25,Everton,Chelsea,H,2.55,3.1,2.5
2000-11-25,Man City,Ipswich,A,2.25,3.15,2.8
2000-11-25,Middlesbrough,Bradford,D,1.65,3.5,4.3
2000-11-25,Southampton,West Ham,A,2.3,3.2,2.7
2000-11-25,Tottenham,Leicester,H,1.95,3.35,3.2
2000-11-26,Leeds,Arsenal,H,2.5,3.2,2.5
2000-11-26,Newcastle,Liverpool,H,2.6,3.15,2.4
2000-12-02,Arsenal,Southampton,H,1.25,5.0,8.5
2000-12-02,Aston Villa,Newcastle,D,2.0,3.15,3.3
2000-12-02,Bradford,Coventry,H,2.3,3.15,2.75
2000-12-02,Ipswich,Derby,A,1.57,3.5,5.0
2000-12-02,Leicester,Leeds,H,2.35,3.15,2.65
2000-12-02,Liverpool,Charlton,H,1.33,4.3,7.5
2000-12-02,Man United,Tottenham,H,1.3,4.3,8.0
2000-12-02,West Ham,Middlesbrough,H,1.6,3.4,5.0
2000-12-03,Chelsea,Man City,H,1.43,3.6,7.0
2000-12-04,Sunderland,Everton,H,1.8,3.25,3.9
2000-12-09,Arsenal,Newcastle,H,1.45,3.5,6.5
2000-12-09,Bradford,Tottenham,D,2.75,3.15,2.3
2000-12-09,Charlton,Man United,D,5.5,3.4,1.57
2000-12-09,Chelsea,Derby,H,1.43,3.7,6.5
2000-12-09,Man City,Everton,H,2.4,3.1,2.65
2000-12-09,Southampton,Leeds,H,2.6,3.0,2.5
2000-12-09,Sunderland,Middlesbrough,H,1.65,3.4,4.5
2000-12-09,West Ham,Aston Villa,D,2.1,3.1,3.2
2000-12-10,Coventry,Leicester,H,2.75,3.15,2.3
2000-12-10,Liverpool,Ipswich,A,1.45,3.6,6.5
2000-12-16,Aston Villa,Man City,D,1.6,3.2,5.5
2000-12-16,Derby,Coventry,H,2.0,3.1,3.4
2000-12-16,Everton,West Ham,D,2.2,2.9,3.1
2000-12-16,Ipswich,Southampton,H,1.7,3.2,4.6
2000-12-16,Leeds,Sunderland,H,1.65,3.2,4.5
2000-12-16,Leicester,Charlton,H,1.6,3.4,5.0
2000-12-16,Middlesbrough,Chelsea,H,2.9,3.1,2.2
2000-12-16,Newcastle,Bradford,H,1.45,3.6,6.8
2000-12-17,Man United,Liverpool,A,1.6,3.3,5.2
2000-12-18,Tottenham,Arsenal,D,2.75,3.2,2.25
2000-12-22,Coventry,Southampton,D,2.1,3.2,2.9
2000-12-23,Charlton,Everton,H,1.9,3.2,3.4
2000-12-23,Chelsea,Bradford,H,1.33,3.8,8.5
2000-12-23,Derby,Newcastle,H,2.6,3.0,2.4
2000-12-23,Leeds,Aston Villa,A,1.67,3.2,4.5
2000-12-23,Leicester,West Ham,H,1.95,3.1,3.4
2000-12-23,Liverpool,Arsenal,H,2.15,3.1,2.95
2000-12-23,Man United,Ipswich,H,1.3,4.2,8.5
2000-12-23,Sunderland,Man City,H,1.6,3.5,4.6
2000-12-23,Tottenham,Middlesbrough,D,1.55,3.5,5.0
2000-12-26,Arsenal,Leicester,H,1.45,3.6,6.0
2000-12-26,Aston Villa,Man United,A,3.8,3.2,1.81
2000-12-26,Bradford,Sunderland,A,2.6,3.2,2.3
2000-12-26,Everton,Coventry,A,1.7,3.4,4.0
2000-12-26,Ipswich,Chelsea,D,2.15,3.2,2.75
2000-12-26,Man City,Derby,D,1.85,3.2,3.6
2000-12-26,Middlesbrough,Liverpool,H,3.5,3.3,1.85
2000-12-26,Newcastle,Leeds,H,2.3,3.2,2.6
2000-12-26,West Ham,Charlton,H,1.63,3.6,4.2
2000-12-27,Southampton,Tottenham,H,2.3,3.1,2.65
2000-12-30,Arsenal,Sunderland,D,1.4,3.8,7.5
2000-12-30,Ipswich,Tottenham,H,1.95,3.4,3.0
2000-12-30,Man City,Charlton,A,1.9,3.1,3.6
2000-12-30,Middlesbrough,Coventry,D,1.85,3.2,3.6
2000-12-30,Newcastle,Man United,D,3.7,3.3,1.75
2000-12-30,Southampton,Derby,H,1.9,3.1,3.6
2001-01-01,Charlton,Arsenal,H,3.5,3.2,1.85
2001-01-01,Chelsea,Aston Villa,H,1.63,3.4,4.3
2001-01-01,Coventry,Man City,D,1.85,3.2,3.5
2001-01-01,Derby,Everton,H,1.85,3.2,3.5
2001-01-01,Leeds,Middlesbrough,D,1.6,3.4,4.4
2001-01-01,Leicester,Bradford,A,1.45,3.6,6.0
2001-01-01,Liverpool,Southampton,H,1.32,4.0,6.9
2001-01-01,Man United,West Ham,H,1.3,4.2,7.0
2001-01-01,Sunderland,Ipswich,H,1.85,3.2,3.5
2001-01-02,Tottenham,Newcastle,H,1.85,3.2,3.5
2001-01-13,Arsenal,Chelsea,D,1.7,3.2,4.6
2001-01-13,Aston Villa,Liverpool,A,2.6,3.2,2.4
2001-01-13,Bradford,Man United,A,7.2,3.7,1.4
2001-01-13,Everton,Tottenham,D,2.1,3.1,3.0
2001-01-13,Man City,Leeds,A,2.6,3.2,2.4
2001-01-13,Middlesbrough,Derby,H,1.7,3.3,4.1
2001-01-13,Newcastle,Coventry,H,1.55,3.4,5.8
2001-01-13,Southampton,Charlton,D,1.8,3.35,3.7
2001-01-13,West Ham,Sunderland,A,2.1,3.2,2.9
2001-01-14,Ipswich,Leicester,H,1.9,3.3,3.45
2001-01-20,Chelsea,Ipswich,H,1.6,3.45,4.7
2001-01-20,Coventry,Everton,A,1.9,3.15,3.5
2001-01-20,Derby,Man City,D,1.85,3.25,3.65
2001-01-20,Leeds,Newcastle,A,1.6,3.5,4.5
2001-01-20,Leicester,Arsenal,D,3.1,3.25,2.0
2001-01-20,Liverpool,Middlesbrough,D,1.4,3.8,6.7
2001-01-20,Man United,Aston Villa,H,1.25,4.6,9.5
2001-01-20,Tottenham,Southampton,D,1.6,3.45,5.0
2001-01-21,Sunderland,Bradford,D,1.3,4.2,8.0
2001-01-22,Charlton,West Ham,D,2.25,3.05,2.9
2001-01-24,Aston Villa,Leeds,A,2.15,3.2,2.9
2001-01-30,Arsenal,Bradford,H,1.23,4.8,10.0
2001-01-30,Charlton,Derby,H,1.75,3.4,4.0
2001-01-31,Chelsea,Newcastle,H,1.6,3.5,4.8
2001-01-31,Everton,Middlesbrough,D,2.3,3.3,2.6
2001-01-31,Leeds,Coventry,H,1.45,3.6,6.5
2001-01-31,Man City,Liverpool,D,3.8,3.3,1.8
2001-01-31,Southampton,Leicester,H,2.1,3.0,3.3
2001-01-31,Sunderland,Man United,A,3.6,3.25,1.85
2001-01-31,West Ham,Tottenham,D,1.91,3.2,3.6
2001-02-03,Bradford,Aston Villa,A,2.7,3.0,2.4
2001-02-03,Coventry,Arsenal,A,4.05,3.2,1.75
2001-02-03,Derby,Sunderland,H,2.67,3.1,2.35
2001-02-03,Ipswich,Leeds,A,2.1,3.1,3.12
2001-02-03,Leicester,Chelsea,H,2.32,3.0,2.82
2001-02-03,Liverpool,West Ham,H,1.46,3.55,6.4
2001-02-03,Man United,Everton,H,1.2,5.0,11.0
2001-02-03,Middlesbrough,Man City,D,1.7,3.2,4.4
2001-02-03,Tottenham,Charlton,D,1.68,3.3,4.6
2001-02-07,Everton,Leeds,D,2.75,3.2,2.25
2001-02-10,Arsenal,Ipswich,H,1.4,3.9,6.75
2001-02-10,Aston Villa,Middlesbrough,D,1.95,3.0,3.7
2001-02-10,Chelsea,Man United,D,2.7,3.05,2.35
2001-02-10,Everton,Leicester,H,2.4,2.9,2.8
2001-02-10,Leeds,Derby,D,1.4,3.65,6.5
2001-02-10,Man City,Tottenham,A,2.35,3.0,2.75
2001-02-10,Southampton,Bradford,H,1.5,3.6,5.7
2001-02-10,Sunderland,Liverpool,D,2.5,2.95,2.6
2001-02-11,Charlton,Newcastle,H,2.2,3.0,3.0
2001-02-12,West Ham,Coventry,D,1.55,3.4,5.6
2001-02-24,Bradford,West Ham,A,2.82,3.1,2.25
2001-02-24,Coventry,Charlton,D,2.28,3.15,2.75
2001-02-24,Derby,Aston Villa,H,2.37,3.1,2.65
2001-02-24,Ipswich,Everton,H,1.82,3.2,3.85
2001-02-24,Leicester,Sunderland,H,2.1,3.1,2.85
2001-02-24,Middlesbrough,Southampton,A,1.85,3.2,3.7
2001-02-24,Newcastle,Man City,A,1.55,3.4,5.5
2001-02-24,Tottenham,Leeds,A,2.27,3.1,2.82
2001-02-25,Man United,Arsenal,H,1.77,3.2,4.1
2001-03-03,Arsenal,West Ham,H,1.5,3.55,6.2
2001-03-03,Coventry,Chelsea,D,2.7,3.0,2.4
2001-03-03,Derby,Tottenham,H,2.33,3.1,2.7
2001-03-03,Everton,Newcastle,D,2.28,3.1,2.8
2001-03-03,Leeds,Man United,D,2.73,3.1,2.32
2001-03-03,Leicester,Liverpool,H,2.63,3.15,2.38
2001-03-03,Man City,Southampton,A,2.25,3.2,2.8
2001-03-03,Middlesbrough,Charlton,D,2.25,3.2,2.9
2001-03-04,Ipswich,Bradford,H,1.43,3.65,6.8
2001-03-05,Sunderland,Aston Villa,D,1.92,3.15,3.55
2001-03-07,West Ham,Chelsea,A,2.25,3.15,2.8
2001-03-10,Aston Villa,Ipswich,H,2.1,3.1,3.1
2001-03-17,Bradford,Man City,D,2.45,3.1,2.6
2001-03-17,Charlton,Leeds,A,2.5,3.05,2.57
2001-03-17,Chelsea,Sunderland,A,1.55,3.5,5.25
2001-03-17,Man United,Leicester,H,1.27,4.55,9.0
2001-03-17,Newcastle,Middlesbrough,A,1.8,3.2,4.05
2001-03-17,Southampton,Everton,H,1.82,3.25,3.9
2001-03-17,Tottenham,Coventry,H,1.6,3.3,5.3
2001-03-17,West Ham,Ipswich,A,2.05,3.1,3.3
2001-03-18,Aston Villa,Arsenal,D,2.8,3.1,2.28
2001-03-18,Liverpool,Derby,D,1.35,4.25,7.0
2001-03-31,Arsenal,Tottenham,H,1.52,3.45,5.38
2001-03-31,Bradford,Newcastle,D,2.9,3.15,2.2
2001-03-31,Chelsea,Middlesbrough,H,1.55,3.45,5.5
2001-03-31,Coventry,Derby,H,2.3,3.0,2.9
2001-03-31,Liverpool,Man United,H,2.5,3.0,2.6
2001-03-31,Man City,Aston Villa,A,2.4,3.1,2.7
2001-03-31,Sunderland,Leeds,A,2.35,3.0,2.8
2001-03-31,West Ham,Everton,A,1.83,3.2,3.8
2001-04-01,Charlton,Leicester,H,2.15,3.15,3.0
2001-04-02,Southampton,Ipswich,A,2.15,3.1,3.05
2001-04-04,Aston Villa,Leicester,H,1.95,3.2,3.4
2001-04-07,Aston Villa,West Ham,D,1.82,3.2,3.9
2001-04-07,Derby,Chelsea,A,2.5,3.15,2.45
2001-04-07,Leeds,Southampton,H,1.5,3.6,5.75
2001-04-07,Leicester,Coventry,A,1.67,3.4,4.45
2001-04-08,Everton,Man City,H,1.88,3.15,3.75
2001-04-09,Middlesbrough,Sunderland,D,2.37,3.15,2.65
2001-04-10,Ipswich,Liverpool,D,2.5,3.1,2.55
2001-04-10,Man United,Charlton,H,1.3,4.4,8.5
2001-04-10,Tottenham,Bradford,H,1.4,3.9,6.3
2001-04-11,Man City,Arsenal,A,4.1,3.35,1.72
2001-04-13,Bradford,Charlton,H,2.85,3.05,2.3
2001-04-13,Liverpool,Leeds,A,2.05,3.05,3.35
2001-04-14,Arsenal,Middlesbrough,A,1.35,4.15,7.5
2001-04-14,Aston Villa,Everton,H,1.75,3.25,4.2
2001-04-14,Chelsea,Southampton,H,1.42,3.75,6.8
2001-04-14,Ipswich,Newcastle,H,1.75,3.25,4.2
2001-04-14,Leicester,Man City,A,1.7,3.4,4.3
2001-04-14,Man United,Coventry,H,1.25,4.75,9.5
2001-04-14,Sunderland,Tottenham,A,1.77,3.25,4.1
2001-04-14,West Ham,Derby,H,1.82,3.2,3.95
2001-04-16,Coventry,Sunderland,H,2.45,3.05,2.63
2001-04-16,Derby,Leicester,H,2.05,3.2,3.2
2001-04-16,Everton,Liverpool,A,2.9,3.05,2.25
2001-04-16,Middlesbrough,Ipswich,A,2.4,3.1,2.65
2001-04-16,Newcastle,West Ham,H,1.97,3.2,3.4
2001-04-17,Charlton,Aston Villa,D,2.1,3.1,3.15
2001-04-17,Tottenham,Chelsea,A,2.55,3.15,2.45
2001-04-21,Arsenal,Everton,H,1.35,3.6,7.8
2001-04-21,Aston Villa,Southampton,D,1.6,3.4,4.6
2001-04-21,Bradford,Derby,H,2.6,3.0,2.5
2001-04-21,Chelsea,Charlton,A,1.37,3.7,6.8
2001-04-21,Ipswich,Coventry,H,1.6,3.4,5.1
2001-04-21,Leicester,Middlesbrough,A,2.4,3.2,2.6
2001-04-21,Man United,Man City,D,1.27,4.2,7.5
2001-04-21,Sunderland,Newcastle,D,1.9,3.15,3.65
2001-04-21,West Ham,Leeds,A,2.75,3.2,2.25
2001-04-22,Liverpool,Tottenham,H,1.5,3.6,5.8
2001-04-28,Coventry,Liverpool,A,3.55,3.2,1.91
2001-04-28,Derby,Arsenal,A,3.75,3.3,1.82
2001-04-28,Everton,Bradford,H,1.5,3.7,5.8
2001-04-28,Leeds,Chelsea,H,1.87,3.25,3.7
2001-04-28,Man City,West Ham,H,2.22,3.1,2.92
2001-04-28,Middlesbrough,Man United,A,3.2,3.15,2.05
2001-04-28,Newcastle,Leicester,H,1.67,3.35,4.55
2001-04-28,Southampton,Sunderland,A,2.22,3.15,2.87
2001-04-28,Tottenham,Aston Villa,D,2.05,3.15,3.2
2001-04-30,Charlton,Ipswich,H,2.65,3.2,2.35
2001-05-01,Bradford,Liverpool,A,6.0,3.85,1.45
2001-05-01,Newcastle,Southampton,D,1.67,3.45,4.35
2001-05-05,Arsenal,Leeds,H,1.85,3.2,3.7
2001-05-05,Aston Villa,Coventry,H,1.82,3.4,3.55
2001-05-05,Bradford,Middlesbrough,D,3.4,3.2,1.91
2001-05-05,Chelsea,Everton,H,1.4,3.7,6.4
2001-05-05,Leicester,Tottenham,H,2.35,3.1,2.67
2001-05-05,Liverpool,Newcastle,H,1.35,3.75,7.0
2001-05-05,Man United,Derby,A,1.3,4.4,7.7
2001-05-05,Sunderland,Charlton,H,1.8,3.2,3.8
2001-05-05,West Ham,Southampton,H,1.78,3.25,3.95
2001-05-07,Ipswich,Man City,H,1.55,3.65,5.0
2001-05-08,Liverpool,Chelsea,D,1.63,3.4,4.75
2001-05-13,Leeds,Bradford,H,1.2,5.4,10.2
2001-05-13,Southampton,Man United,H,4.25,3.2,1.75
2001-05-15,Newcastle,Arsenal,D,3.2,3.1,2.08
2001-05-19,Charlton,Liverpool,A,3.8,3.5,1.74
2001-05-19,Coventry,Bradford,D,1.7,3.4,4.2
2001-05-19,Derby,Ipswich,D,3.7,3.5,1.75
2001-05-19,Everton,Sunderland,D,2.75,3.25,2.25
2001-05-19,Leeds,Leicester,H,1.24,4.85,8.65
2001-05-19,Man City,Chelsea,A,3.6,3.25,1.82
2001-05-19,Middlesbrough,West Ham,H,1.9,3.25,3.5
2001-05-19,Newcastle,Aston Villa,H,2.2,3.2,2.82
2001-05-19,Southampton,Arsenal,H,2.82,3.15,2.2
2001-05-19,Tottenham,Man United,H,2.75,3.2,2.24
2001-08-18,Charlton,Everton,A,,,
2001-08-18,Derby,Blackburn,H,,,
2001-08-18,Leeds,Southampton,H,,,
2001-08-18,Leicester,Bolton,A,,,
2001-08-18,Liverpool,West Ham,H,,,
2001-08-18,Middlesbrough,Arsenal,A,,,
2001-08-18,Sunderland,Ipswich,H,,,
2001-08-18,Tottenham,Aston Villa,D,,,
2001-08-19,Chelsea,Newcastle,D,,,
2001-08-19,Man United,Fulham,H,,,
2001-08-20,Everton,Tottenham,D,,,
2001-08-21,Arsenal,Leeds,A,,,
2001-08-21,Bolton,Middlesbrough,H,,,
2001-08-21,Ipswich,Derby,H,,,
2001-08-22,Blackburn,Man United,D,,,
2001-08-22,Fulham,Sunderland,H,,,
2001-08-25,Arsenal,Leicester,H,,,
2001-08-25,Blackburn,Tottenham,H,,,
2001-08-25,Everton,Middlesbrough,H,,,
2001-08-25,Fulham,Derby,D,,,
2001-08-25,Ipswich,Charlton,A,,,
2001-08-25,Southampton,Chelsea,A,,,
2001-08-25,West Ham,Leeds,D,,,
2001-08-26,Aston Villa,Man United,D,,,
2001-08-26,Newcastle,Sunderland,D,,,
2001-08-27,Bolton,Liverpool,H,,,
2001-09-08,Chelsea,Arsenal,D,,,
2001-09-08,Derby,West Ham,D,,,
2001-09-08,Leeds,Bolton,D,,,
2001-09-08,Leicester,Ipswich,D,,,
2001-09-08,Liverpool,Aston Villa,A,,,
2001-09-08,Man United,Everton,H,,,
2001-09-08,Middlesbrough,Newcastle,A,,,
2001-09-08,Sunderland,Blackburn,H,,,
2001-09-09,Charlton,Fulham,D,,,
2001-09-09,Tottenham,Southampton,H,,,
2001-09-15,Bolton,Southampton,A,,,
2001-09-15,Derby,Leicester,A,,,
2001-09-15,Everton,Liverpool,A,,,
2001-09-15,Fulham,Arsenal,A,,,
2001-09-15,Middlesbrough,West Ham,H,,,
2001-09-15,Newcastle,Man United,H,,,
2001-09-16,Aston Villa,Sunderland,D,,,
2001-09-16,Charlton,Leeds,A,,,
2001-09-16,Ipswich,Blackburn,D,,,
2001-09-16,Tottenham,Chelsea,A,,,
2001-09-17,Leicester,Middlesbrough,A,,,
2001-09-19,Blackburn,Bolton,D,,,
2001-09-19,Sunderland,Tottenham,A,,,
2001-09-22,Arsenal,Bolton,D,,,
2001-09-22,Blackburn,Everton,H,,,
2001-09-22,Leicester,Fulham,D,,,
2001-09-22,Liverpool,Tottenham,H,,,
2001-09-22,Man United,Ipswich,H,,,
2001-09-22,Sunderland,Charlton,D,,,
2001-09-23,Chelsea,Middlesbrough,D,,,
2001-09-23,Leeds,Derby,H,,,
2001-09-23,West Ham,Newcastle,H,,,
2001-09-24,Southampton,Aston Villa,A,,,
2001-09-26,Newcastle,Leicester,H,,,
2001-09-29,Bolton,Sunderland,A,,,
2001-09-29,Charlton,Leicester,H,,,
2001-09-29,Derby,Arsenal,A,,,
2001-09-29,Everton,West Ham,H,,,
2001-09-29,Middlesbrough,Southampton,A,,,
2001-09-29,Tottenham,Man United,A,,,
2001-09-30,Aston Villa,Blackburn,H,,,
2001-09-30,Fulham,Chelsea,D,,,
2001-09-30,Ipswich,Leeds,A,,,
2001-09-30,Newcastle,Liverpool,A,,,
2001-10-13,Bolton,Newcastle,A,,,
2001-10-13,Charlton,Middlesbrough,D,,,
2001-10-13,Chelsea,Leicester,H,,,
2001-10-13,Ipswich,Everton,D,,,
2001-10-13,Liverpool,Leeds,D,,,
2001-10-13,Southampton,Arsenal,A,,,
2001-10-13,Sunderland,Man United,A,,,
2001-10-14,Aston Villa,Fulham,H,,,
2001-10-14,Blackburn,West Ham,H,,,
2001-10-15,Tottenham,Derby,H,,,
2001-10-20,Arsenal,Blackburn,D,1.34,4.0,8.0
2001-10-20,Derby,Charlton,D,2.3,3.0,2.9
2001-10-20,Everton,Aston Villa,H,2.5,3.1,2.55
2001-10-20,Leicester,Liverpool,A,4.35,3.35,1.7
2001-10-20,Man United,Bolton,A,1.17,5.25,13.0
2001-10-20,West Ham,Southampton,H,1.9,3.3,3.55
2001-10-21,Fulham,Ipswich,D,1.8,3.2,4.0
2001-10-21,Leeds,Chelsea,D,1.85,3.2,3.8
2001-10-21,Newcastle,Tottenham,A,1.85,3.2,3.8
2001-10-22,Middlesbrough,Sunderland,H,2.45,3.1,2.55
2001-10-24,Aston Villa,Charlton,H,1.6,3.45,5.0
2001-10-24,Southampton,Ipswich,D,2.3,3.2,2.7
2001-10-24,West Ham,Chelsea,H,2.95,3.2,2.15
2001-10-27,Aston Villa,Bolton,H,1.65,3.35,4.85
2001-10-27,Charlton,Liverpool,A,,,
2001-10-27,Everton,Newcastle,A,2.2,3.2,2.9
2001-10-27,Fulham,Southampton,H,1.7,3.3,4.5
2001-10-27,Man United,Leeds,D,1.75,3.3,4.15
2001-10-27,Sunderland,Arsenal,D,3.4,3.25,1.95
2001-10-27,Tottenham,Middlesbrough,H,1.65,3.3,4.8
2001-10-28,Derby,Chelsea,D,3.85,3.3,1.75
2001-10-28,Ipswich,West Ham,A,1.9,3.2,3.65
2001-10-29,Blackburn,Leicester,D,1.45,3.75,6.25
2001-11-03,Bolton,Everton,D,2.15,3.1,3.05
2001-11-03,Leicester,Sunderland,H,2.5,3.2,2.47
2001-11-03,Middlesbrough,Derby,H,1.7,3.35,4.35
2001-11-03,Newcastle,Aston Villa,H,2.25,3.15,2.82
2001-11-03,Southampton,Blackburn,A,2.4,3.1,2.65
2001-11-03,West Ham,Fulham,A,2.05,3.15,3.25
2001-11-04,Arsenal,Charlton,A,1.3,4.45,8.1
2001-11-04,Chelsea,Ipswich,H,1.4,3.8,7.0
2001-11-04,Leeds,Tottenham,H,1.55,3.45,5.4
2001-11-04,Liverpool,Man United,H,2.45,2.9,2.75
2001-11-17,Aston Villa,Middlesbrough,D,1.62,3.4,4.9
2001-11-17,Blackburn,Liverpool,D,3.4,3.1,2.0
2001-11-17,Derby,Southampton,H,2.1,3.1,3.15
2001-11-17,Fulham,Newcastle,H,2.33,3.05,2.8
2001-11-17,Man United,Leicester,H,1.22,5.2,9.5
2001-11-17,Tottenham,Arsenal,D,2.8,3.05,2.28
2001-11-18,Everton,Chelsea,D,2.6,3.0,2.5
2001-11-18,Ipswich,Bolton,A,2.12,3.1,3.1
2001-11-18,Sunderland,Leeds,H,2.8,3.25,2.2
2001-11-19,Charlton,West Ham,D,2.3,3.1,2.8
2001-11-24,Bolton,Fulham,D,2.3,3.1,2.8
2001-11-24,Chelsea,Blackburn,D,1.6,3.4,5.1
2001-11-24,Leicester,Everton,D,2.45,3.0,2.7
2001-11-24,Newcastle,Derby,H,1.45,3.6,6.7
2001-11-24,Southampton,Charlton,H,2.3,3.15,2.75
2001-11-24,West Ham,Tottenham,A,2.55,3.1,2.5
2001-11-25,Arsenal,Man United,H,2.45,3.0,2.7
2001-11-25,Leeds,Aston Villa,D,1.85,3.1,3.95
2001-11-25,Liverpool,Sunderland,H,1.4,3.9,7.0
2001-11-25,Middlesbrough,Ipswich,D,1.75,3.2,4.3
2001-12-01,Aston Villa,Leicester,A,1.47,3.6,6.6
2001-12-01,Blackburn,Middlesbrough,A,1.85,3.2,3.8
2001-12-01,Charlton,Newcastle,D,2.62,3.05,2.47
2001-12-01,Derby,Liverpool,A,4.4,3.35,1.7
2001-12-01,Ipswich,Arsenal,A,3.9,3.3,1.8
2001-12-01,Man United,Chelsea,A,1.62,3.4,4.9
2001-12-01,Sunderland,West Ham,H,1.8,3.25,3.95
2001-12-02,Everton,Southampton,H,1.8,3.35,3.8
2001-12-02,Fulham,Leeds,D,2.7,3.15,2.35
2001-12-03,Tottenham,Bolton,H,1.55,3.5,5.4
2001-12-05,Chelsea,Charlton,A,1.42,3.65,7.3
2001-12-05,West Ham,Aston Villa,D,2.25,3.25,2.75
2001-12-08,Charlton,Tottenham,H,2.75,3.15,2.3
2001-12-08,Derby,Bolton,H,2.35,3.1,2.73
2001-12-08,Fulham,Everton,H,1.75,3.3,4.15
2001-12-08,Leicester,Southampton,A,1.95,3.2,3.45
2001-12-08,Liverpool,Middlesbrough,H,1.4,4.0,6.7
2001-12-08,Man United,West Ham,A,1.3,4.5,8.2
2001-12-09,Arsenal,Aston Villa,H,1.45,3.6,6.6
2001-12-09,Blackburn,Leeds,A,2.85,3.1,2.26
2001-12-09,Ipswich,Newcastle,A,2.8,3.15,2.27
2001-12-09,Sunderland,Chelsea,D,2.55,3.1,2.5
2001-12-12,Liverpool,Fulham,D,1.45,3.8,6.2
2001-12-12,Man United,Derby,H,1.25,5.0,9.0
2001-12-15,Bolton,Charlton,D,2.2,3.1,2.95
2001-12-15,Everton,Derby,H,1.71,3.35,4.3
2001-12-15,Middlesbrough,Man United,A,4.3,3.35,1.71
2001-12-15,Newcastle,Blackburn,H,1.68,3.4,4.4
2001-12-15,Southampton,Sunderland,H,2.4,3.1,2.65
2001-12-15,Tottenham,Fulham,H,1.85,3.25,3.75
2001-12-15,West Ham,Arsenal,D,3.8,3.3,1.82
2001-12-16,Chelsea,Liverpool,H,2.45,3.15,2.55
2001-12-16,Leeds,Leicester,D,1.28,4.4,9.3
2001-12-17,Aston Villa,Ipswich,H,1.5,3.65,5.7
2001-12-18,Arsenal,Newcastle,A,1.5,3.5,6.1
2001-12-19,Leeds,Everton,H,1.43,3.7,6.8
2001-12-22,Charlton,Blackburn,A,2.05,3.1,3.25
2001-12-22,Derby,Aston Villa,H,2.68,3.1,2.38
2001-12-22,Leeds,Newcastle,A,,,
2001-12-22,Leicester,West Ham,D,2.3,3.2,2.7
2001-12-22,Man United,Southampton,H,1.25,4.8,9.25
2001-12-22,Sunderland,Everton,H,1.7,3.4,4.4
2001-12-22,Tottenham,Ipswich,A,1.42,3.75,6.8
2001-12-23,Chelsea,Bolton,H,1.4,3.85,7.0
2001-12-23,Liverpool,Arsenal,A,2.1,3.15,3.1
2001-12-26,Arsenal,Chelsea,H,1.85,3.2,3.8
2001-12-26,Aston Villa,Liverpool,A,2.85,3.25,2.2
2001-12-26,Blackburn,Sunderland,A,2.0,3.2,3.3
2001-12-26,Bolton,Leeds,A,3.6,3.2,1.9
2001-12-26,Everton,Man United,A,4.8,3.55,1.6
2001-12-26,Fulham,Charlton,D,1.8,3.25,3.95
2001-12-26,Ipswich,Leicester,H,1.9,3.2,3.6
2001-12-26,Newcastle,Middlesbrough,H,1.6,3.5,4.9
2001-12-26,Southampton,Tottenham,H,2.67,3.1,2.4
2001-12-26,West Ham,Derby,H,1.65,3.5,4.5
2001-12-29,Arsenal,Middlesbrough,H,1.26,4.5,10.0
2001-12-29,Aston Villa,Tottenham,D,2.23,3.15,2.85
2001-12-29,Blackburn,Derby,A,1.62,3.4,4.9
2001-12-29,Bolton,Leicester,D,2.1,3.2,3.05
2001-12-29,Everton,Charlton,A,1.9,3.2,3.65
2001-12-29,Ipswich,Sunderland,H,2.3,3.2,2.7
2001-12-29,Newcastle,Chelsea,A,2.0,3.2,3.3
2001-12-29,Southampton,Leeds,A,3.45,3.2,1.95
2001-12-29,West Ham,Liverpool,D,3.5,3.3,1.9
2001-12-30,Fulham,Man United,A,4.5,3.5,1.65
2002-01-01,Charlton,Ipswich,H,1.95,3.2,3.55
2002-01-01,Chelsea,Southampton,A,1.4,3.9,7.0
2002-01-01,Leeds,West Ham,H,1.5,3.6,6.0
2002-01-01,Liverpool,Bolton,D,1.3,4.5,8.0
2002-01-01,Middlesbrough,Everton,H,1.9,3.25,3.55
2002-01-01,Sunderland,Aston Villa,D,2.15,3.0,3.15
2002-01-01,Tottenham,Blackburn,H,1.63,3.45,4.75
2002-01-02,Derby,Fulham,A,2.4,3.1,2.65
2002-01-02,Man United,Newcastle,H,1.45,3.6,6.0
2002-01-09,Southampton,Liverpool,H,3.9,3.4,1.76
2002-01-12,Aston Villa,Derby,H,1.53,3.5,5.65
2002-01-12,Blackburn,Charlton,H,2.1,3.1,3.15
2002-01-12,Bolton,Chelsea,D,3.25,3.35,1.95
2002-01-12,Everton,Sunderland,H,2.2,3.1,2.95
2002-01-12,Fulham,Middlesbrough,H,1.71,3.3,4.4
2002-01-12,Ipswich,Tottenham,H,2.4,3.25,2.55
2002-01-12,Newcastle,Leeds,H,,,
2002-01-12,West Ham,Leicester,H,1.6,3.5,5.0
2002-01-13,Arsenal,Liverpool,D,1.9,3.25,3.55
2002-01-13,Southampton,Man United,A,5.15,3.6,1.55
2002-01-19,Derby,Ipswich,A,2.3,3.15,2.75
2002-01-19,Leicester,Newcastle,D,3.95,3.25,1.7
2002-01-19,Liverpool,Southampton,D,1.34,4.2,7.8
2002-01-19,Man United,Blackburn,H,1.25,5.0,9.0
2002-01-19,Middlesbrough,Bolton,D,1.95,3.2,3.45
2002-01-19,Sunderland,Fulham,D,2.15,3.1,3.05
2002-01-19,Tottenham,Everton,D,1.6,3.4,5.2
2002-01-20,Chelsea,West Ham,H,1.55,3.4,5.65
2002-01-20,Leeds,Arsenal,D,2.6,3.15,2.42
2002-01-21,Charlton,Aston Villa,A,2.28,3.15,2.8
2002-01-22,Man United,Liverpool,A,1.7,3.35,4.2
2002-01-23,Leicester,Arsenal,A,5.85,3.6,1.5
2002-01-29,Bolton,Man United,A,5.75,3.6,1.51
2002-01-29,Charlton,Derby,H,1.7,3.35,4.4
2002-01-29,Sunderland,Middlesbrough,A,1.9,3.2,3.6
2002-01-30,Aston Villa,Everton,D,1.65,3.3,4.85
2002-01-30,Blackburn,Arsenal,A,3.65,3.25,1.88
2002-01-30,Chelsea,Leeds,H,2.28,3.15,2.8
2002-01-30,Ipswich,Fulham,H,2.2,3.2,2.9
2002-01-30,Liverpool,Leicester,H,1.25,4.75,9.5
2002-01-30,Southampton,West Ham,H,2.05,3.15,3.25
2002-01-30,Tottenham,Newcastle,A,2.2,3.2,2.9
2002-02-02,Arsenal,Southampton,D,1.3,4.5,8.0
2002-02-02,Derby,Tottenham,H,2.82,3.25,2.2
2002-02-02,Everton,Ipswich,A,2.02,3.3,3.15
2002-02-02,Fulham,Aston Villa,D,2.05,3.1,3.25
2002-02-02,Leicester,Chelsea,A,3.9,3.35,1.78
2002-02-02,Man United,Sunderland,H,1.22,5.1,10.0
2002-02-02,Newcastle,Bolton,H,1.42,3.7,7.0
2002-02-02,West Ham,Blackburn,H,1.9,3.25,3.55
2002-02-03,Leeds,Liverpool,A,2.25,3.2,2.78
2002-02-03,Middlesbrough,Charlton,D,2.02,3.25,3.2
2002-02-09,Aston Villa,Chelsea,D,2.48,3.1,2.55
2002-02-09,Bolton,West Ham,H,2.2,3.2,2.9
2002-02-09,Derby,Sunderland,A,2.25,3.15,2.85
2002-02-09,Fulham,Blackburn,H,1.85,3.2,3.8
2002-02-09,Ipswich,Liverpool,A,3.35,3.25,1.95
2002-02-09,Middlesbrough,Leeds,D,3.05,3.2,2.1
2002-02-09,Newcastle,Southampton,H,1.48,3.7,5.85
2002-02-09,Tottenham,Leicester,H,1.42,3.65,7.25
2002-02-10,Charlton,Man United,A,7.0,3.8,1.4
2002-02-10,Everton,Arsenal,A,3.9,3.15,1.85
2002-02-19,Middlesbrough,Fulham,H,2.35,3.2,2.65
2002-02-23,Arsenal,Fulham,H,1.4,3.75,7.45
2002-02-23,Leicester,Derby,A,2.1,3.25,3.0
2002-02-23,Liverpool,Everton,D,1.47,3.5,6.7
2002-02-23,Man United,Aston Villa,H,1.35,4.0,8.0
2002-02-23,Southampton,Bolton,D,1.9,3.2,3.6
2002-02-23,West Ham,Middlesbrough,H,1.9,3.15,3.7
2002-02-24,Leeds,Charlton,D,1.45,3.6,6.7
2002-02-24,Sunderland,Newcastle,A,2.75,3.1,2.33
2002-03-02,Aston Villa,West Ham,H,1.68,3.35,4.55
2002-03-02,Bolton,Blackburn,D,2.25,3.15,2.8
2002-03-02,Charlton,Chelsea,H,3.05,3.15,2.12
2002-03-02,Fulham,Liverpool,A,3.05,3.1,2.15
2002-03-02,Ipswich,Southampton,A,1.95,3.15,3.5
2002-03-02,Middlesbrough,Leicester,H,1.55,3.5,5.5
2002-03-02,Newcastle,Arsenal,A,2.5,3.05,2.6
2002-03-02,Tottenham,Sunderland,H,1.73,3.3,4.25
2002-03-03,Derby,Man United,D,6.8,3.75,1.4
2002-03-03,Everton,Leeds,D,2.87,3.1,2.25
2002-03-05,Arsenal,Derby,H,1.2,5.2,11.0
2002-03-05,Blackburn,Aston Villa,H,2.15,3.2,2.95
2002-03-05,Sunderland,Bolton,H,1.85,3.25,3.75
2002-03-06,Chelsea,Fulham,H,1.6,3.25,5.5
2002-03-06,Leeds,Ipswich,H,1.5,3.5,6.1
2002-03-06,Liverpool,Newcastle,H,1.77,3.4,3.9
2002-03-06,Man United,Tottenham,H,1.3,4.4,8.0
2002-03-06,Southampton,Middlesbrough,D,1.9,3.3,3.55
2002-03-06,West Ham,Everton,H,1.95,3.2,3.4
2002-03-09,Leicester,Charlton,D,2.7,3.2,2.3
2002-03-13,Blackburn,Ipswich,H,1.73,3.3,4.2
2002-03-13,Chelsea,Tottenham,H,1.57,3.6,5.0
2002-03-16,Bolton,Derby,A,2.1,3.05,3.2
2002-03-16,Chelsea,Sunderland,H,1.43,3.7,6.6
2002-03-16,Everton,Fulham,H,2.32,3.0,2.85
2002-03-16,Middlesbrough,Liverpool,A,3.8,3.2,1.85
2002-03-16,Newcastle,Ipswich,D,1.42,3.8,6.7
2002-03-16,Southampton,Leicester,D,1.47,3.6,6.5
2002-03-16,West Ham,Man United,A,5.1,3.4,1.6
2002-03-17,Aston Villa,Arsenal,A,3.35,3.1,2.0
2002-03-17,Leeds,Blackburn,H,1.54,3.45,5.65
2002-03-18,Tottenham,Charlton,A,1.9,3.1,3.7
2002-03-23,Charlton,Bolton,A,1.78,3.25,4.05
2002-03-23,Derby,Everton,A,2.0,3.2,3.3
2002-03-23,Ipswich,Aston Villa,D,2.27,3.1,2.85
2002-03-23,Leicester,Leeds,A,5.5,3.6,1.52
2002-03-23,Man United,Middlesbrough,A,1.21,5.0,11.0
2002-03-23,Sunderland,Southampton,D,1.92,3.15,3.65
2002-03-24,Fulham,Tottenham,A,2.15,3.15,2.95
2002-03-24,Liverpool,Chelsea,H,1.86,3.15,3.85
2002-03-29,Newcastle,Everton,H,1.58,3.4,5.2
2002-03-30,Arsenal,Sunderland,H,1.26,4.7,9.0
2002-03-30,Bolton,Aston Villa,H,2.3,3.1,2.8
2002-03-30,Chelsea,Derby,H,1.35,4.1,7.8
2002-03-30,Leeds,Man United,A,2.9,3.15,2.2
2002-03-30,Leicester,Blackburn,H,3.25,3.15,2.05
2002-03-30,Liverpool,Charlton,H,1.3,4.5,8.0
2002-03-30,Middlesbrough,Tottenham,D,2.2,3.15,2.9
2002-03-30,Southampton,Fulham,D,2.05,3.1,3.25
2002-03-30,West Ham,Ipswich,H,1.82,3.25,3.9
2002-04-01,Blackburn,Southampton,H,1.84,3.25,3.7
2002-04-01,Charlton,Arsenal,A,5.4,3.5,1.55
2002-04-01,Derby,Middlesbrough,A,2.08,3.2,3.1
2002-04-01,Everton,Bolton,H,1.87,3.2,3.75
2002-04-01,Fulham,West Ham,A,2.0,3.15,3.35
2002-04-01,Ipswich,Chelsea,D,3.12,3.2,2.07
2002-04-01,Sunderland,Leicester,H,1.5,3.6,6.0
2002-04-01,Tottenham,Leeds,H,2.85,3.2,2.2
2002-04-02,Aston Villa,Newcastle,D,2.7,3.2,2.32
2002-04-06,Arsenal,Tottenham,H,1.5,3.6,5.8
2002-04-06,Bolton,Ipswich,H,2.02,3.2,3.25
2002-04-06,Chelsea,Everton,H,1.4,3.9,6.8
2002-04-06,Leicester,Man United,A,10.0,4.6,1.25
2002-04-06,Middlesbrough,Aston Villa,H,2.15,3.05,3.1
2002-04-06,Southampton,Derby,H,1.84,3.3,3.7
2002-04-06,West Ham,Charlton,H,1.86,3.2,3.75
2002-04-07,Leeds,Sunderland,H,1.4,3.9,6.8
2002-04-08,Newcastle,Fulham,D,1.45,3.7,6.35
2002-04-10,Blackburn,Chelsea,D,2.8,3.3,2.2
2002-04-13,Aston Villa,Leeds,A,2.77,3.1,2.33
2002-04-13,Charlton,Southampton,D,2.0,3.15,3.4
2002-04-13,Derby,Newcastle,A,3.5,3.25,1.91
2002-04-13,Everton,Leicester,D,1.41,3.8,6.9
2002-04-13,Sunderland,Liverpool,A,4.3,3.3,1.75
2002-04-13,Tottenham,West Ham,D,1.91,3.25,3.5
2002-04-20,Bolton,Tottenham,D,2.2,3.0,3.05
2002-04-20,Chelsea,Man United,A,2.65,3.1,2.36
2002-04-20,Leeds,Fulham,A,1.45,3.8,6.2
2002-04-20,Leicester,Aston Villa,D,2.95,3.1,2.22
2002-04-20,Liverpool,Derby,H,1.22,5.5,9.0
2002-04-20,Middlesbrough,Blackburn,A,2.1,3.15,3.1
2002-04-20,Newcastle,Charlton,H,1.36,4.0,7.6
2002-04-20,Southampton,Everton,A,1.92,3.15,3.6
2002-04-20,West Ham,Sunderland,H,1.73,3.3,4.3
2002-04-21,Arsenal,Ipswich,H,1.2,5.25,11.0
2002-04-23,Blackburn,Newcastle,D,2.53,3.0,2.6
2002-04-23,Fulham,Bolton,H,2.0,3.0,3.55
2002-04-24,Arsenal,West Ham,H,1.25,4.65,10.0
2002-04-24,Ipswich,Middlesbrough,H,1.7,3.5,4.1
2002-04-27,Aston Villa,Southampton,H,1.87,3.15,3.8
2002-04-27,Charlton,Sunderland,D,2.35,3.15,2.65
2002-04-27,Derby,Leeds,A,3.75,3.4,1.8
2002-04-27,Fulham,Leicester,D,1.45,3.5,7.0
2002-04-27,Ipswich,Man United,A,6.0,4.25,1.4
2002-04-27,Middlesbrough,Chelsea,A,2.72,3.1,2.35
2002-04-27,Newcastle,West Ham,H,1.5,3.7,5.7
2002-04-27,Tottenham,Liverpool,H,4.0,3.4,1.75
2002-04-28,Everton,Blackburn,A,2.25,3.1,2.85
2002-04-29,Bolton,Arsenal,A,7.5,3.9,1.37
2002-05-08,Liverpool,Blackburn,H,1.3,4.65,7.65
2002-05-08,Man United,Arsenal,A,2.0,3.1,3.4
2002-05-11,Arsenal,Everton,H,1.27,4.8,8.5
2002-05-11,Blackburn,Fulham,H,1.9,3.25,3.55
2002-05-11,Chelsea,Aston Villa,A,1.6,3.4,5.0
2002-05-11,Leeds,Middlesbrough,H,1.57,3.45,5.1
2002-05-11,Leicester,Tottenham,H,2.85,3.15,2.25
2002-05-11,Liverpool,Ipswich,H,1.3,4.6,7.8
2002-05-11,Man United,Charlton,D,1.22,5.1,10.0
2002-05-11,Southampton,Newcastle,H,2.75,3.15,2.3
2002-05-11,Sunderland,Derby,D,1.45,3.6,6.7
2002-05-11,West Ham,Bolton,H,1.6,3.5,4.85
2002-08-17,Blackburn,Sunderland,D,1.73,3.25,4.33
2002-08-17,Charlton,Chelsea,A,2.8,3.25,2.2
2002-08-17,Everton,Tottenham,D,2.25,3.25,2.75
2002-08-17,Fulham,Bolton,H,1.73,3.25,4.33
2002-08-17,Leeds,Man City,H,1.67,3.4,4.5
2002-08-17,Man United,West Brom,H,1.2,5.0,12.0
2002-08-17,Southampton,Middlesbrough,D,2.25,3.25,2.75
2002-08-18,Arsenal,Birmingham,H,1.22,5.0,10.0
2002-08-18,Aston Villa,Liverpool,A,3.0,3.25,2.1
2002-08-19,Newcastle,West Ham,H,1.57,3.4,5.5
2002-08-23,Chelsea,Man United,D,2.75,3.25,2.25
2002-08-24,Birmingham,Blackburn,A,2.63,3.2,2.38
2002-08-24,Bolton,Charlton,A,2.1,3.25,3.0
2002-08-24,Liverpool,Southampton,H,1.33,4.33,7.5
2002-08-24,Man City,Newcastle,H,2.5,3.2,2.5
2002-08-24,Middlesbrough,Fulham,D,2.0,3.25,3.25
2002-08-24,Sunderland,Everton,A,2.1,3.0,3.25
2002-08-24,Tottenham,Aston Villa,H,1.83,3.25,3.75
2002-08-24,West Brom,Leeds,A,3.75,3.25,1.83
2002-08-24,West Ham,Arsenal,D,4.0,3.5,1.73
2002-08-27,Arsenal,West Brom,H,1.17,5.5,13.0
2002-08-27,Charlton,Tottenham,A,2.4,3.2,2.6
2002-08-28,Aston Villa,Man City,H,2.2,3.25,2.8
2002-08-28,Blackburn,Liverpool,D,3.0,3.25,2.1
2002-08-28,Everton,Birmingham,D,1.67,3.4,4.5
2002-08-28,Leeds,Sunderland,A,1.5,3.4,6.5
2002-08-28,Southampton,Chelsea,D,3.0,3.25,2.1
2002-08-31,Birmingham,Leeds,H,4.0,3.25,1.8
2002-08-31,Man City,Everton,H,1.73,3.25,4.33
2002-08-31,Middlesbrough,Blackburn,H,2.2,3.25,2.8
2002-08-31,Sunderland,Man United,D,5.0,3.4,1.62
2002-08-31,Tottenham,Southampton,H,1.67,3.4,4.5
2002-08-31,West Brom,Fulham,H,2.63,3.2,2.38
2002-08-31,West Ham,Charlton,A,1.73,3.5,4.0
2002-09-01,Bolton,Aston Villa,H,2.5,3.0,2.63
2002-09-01,Chelsea,Arsenal,D,3.0,3.0,2.25
2002-09-02,Liverpool,Newcastle,D,1.62,3.4,5.0
2002-09-03,Man United,Middlesbrough,H,1.33,4.0,9.0
2002-09-10,Arsenal,Man City,H,1.33,4.33,7.5
2002-09-10,Middlesbrough,Sunderland,H,2.1,3.0,3.25
2002-09-11,Aston Villa,Charlton,H,1.8,3.25,4.0
2002-09-11,Blackburn,Chelsea,A,2.5,3.2,2.5
2002-09-11,Fulham,Tottenham,H,2.38,3.2,2.63
2002-09-11,Liverpool,Birmingham,D,1.25,4.5,11.0
2002-09-11,Man United,Bolton,A,1.2,5.5,10.0
2002-09-11,Newcastle,Leeds,A,2.1,3.25,3.0
2002-09-11,Southampton,Everton,H,2.0,3.25,3.25
2002-09-11,West Ham,West Brom,A,1.57,3.4,5.5
2002-09-14,Bolton,Liverpool,A,4.33,3.25,1.73
2002-09-14,Charlton,Arsenal,A,5.0,3.4,1.62
2002-09-14,Chelsea,Newcastle,H,1.91,3.25,3.5
2002-09-14,Everton,Middlesbrough,H,2.3,3.2,2.7
2002-09-14,Leeds,Man United,H,2.75,3.0,2.38
2002-09-14,Sunderland,Fulham,A,2.1,3.25,3.0
2002-09-14,West Brom,Southampton,H,2.25,3.25,2.75
2002-09-15,Man City,Blackburn,D,1.91,3.25,3.5
2002-09-15,Tottenham,West Ham,H,1.67,3.4,4.5
2002-09-16,Birmingham,Aston Villa,H,2.5,3.0,2.63
2002-09-21,Arsenal,Bolton,H,1.2,5.5,10.0
2002-09-21,Liverpool,West Brom,H,1.25,4.5,11.0
2002-09-21,Man United,Tottenham,H,1.44,3.75,6.5
2002-09-21,Middlesbrough,Birmingham,H,1.67,3.4,4.5
2002-09-21,Newcastle,Sunderland,H,1.73,3.2,4.5
2002-09-21,Southampton,Charlton,D,2.0,3.25,3.25
2002-09-21,West Ham,Man City,D,2.1,3.25,3.0
2002-09-22,Aston Villa,Everton,H,1.83,3.25,3.75
2002-09-22,Blackburn,Leeds,H,2.75,3.25,2.25
2002-09-23,Fulham,Chelsea,D,2.63,3.0,2.5
2002-09-28,Birmingham,Newcastle,A,2.63,3.2,2.38
2002-09-28,Bolton,Southampton,D,2.0,3.25,3.25
2002-09-28,Charlton,Man United,A,4.5,3.4,1.67
2002-09-28,Chelsea,West Ham,A,1.57,3.4,5.5
2002-09-28,Everton,Fulham,H,2.25,3.25,2.75
2002-09-28,Leeds,Arsenal,A,3.0,3.25,2.1
2002-09-28,Man City,Liverpool,A,2.8,3.25,2.2
2002-09-28,Sunderland,Aston Villa,H,2.38,3.0,2.75
2002-09-28,Tottenham,Middlesbrough,A,1.83,3.25,3.75
2002-09-30,West Brom,Blackburn,A,2.6,3.2,2.4
2002-10-05,Middlesbrough,Bolton,H,1.53,3.5,5.5
2002-10-05,Newcastle,West Brom,H,1.4,3.75,7.5
2002-10-05,Southampton,Man City,H,2.3,3.2,2.7
2002-10-05,West Ham,Birmingham,A,1.73,3.25,4.33
2002-10-06,Arsenal,Sunderland,H,1.17,5.5,13.0
2002-10-06,Aston Villa,Leeds,D,2.6,3.2,2.4
2002-10-06,Blackburn,Tottenham,A,2.1,3.25,3.0
2002-10-06,Fulham,Charlton,H,1.67,3.4,4.5
2002-10-06,Liverpool,Chelsea,H,1.73,3.25,4.33
2002-10-07,Man United,Everton,H,1.3,4.5,8.0
2002-10-19,Blackburn,Newcastle,H,2.3,3.2,2.7
2002-10-19,Everton,Arsenal,H,5.5,3.5,1.53
2002-10-19,Fulham,Man United,D,4.33,3.25,1.73
2002-10-19,Leeds,Liverpool,A,2.75,3.0,2.38
2002-10-19,Man City,Chelsea,A,2.6,3.2,2.4
2002-10-19,Sunderland,West Ham,A,2.0,3.25,3.25
2002-10-19,West Brom,Birmingham,D,2.38,3.0,2.75
2002-10-20,Charlton,Middlesbrough,H,2.8,3.2,2.25
2002-10-20,Tottenham,Bolton,H,1.53,3.5,5.5
2002-10-21,Aston Villa,Southampton,A,1.73,3.25,4.33
2002-10-23,Fulham,West Ham,A,1.8,3.25,4.0
2002-10-26,Arsenal,Blackburn,A,1.3,4.5,8.0
2002-10-26,Birmingham,Man City,A,2.1,3.25,3.0
2002-10-26,Chelsea,West Brom,H,1.4,3.75,7.5
2002-10-26,Liverpool,Tottenham,H,1.53,3.5,5.5
2002-10-26,Man United,Aston Villa,D,1.3,4.5,8.0
2002-10-26,Middlesbrough,Leeds,D,2.2,3.25,2.8
2002-10-26,Newcastle,Charlton,H,1.53,3.5,5.5
2002-10-27,Southampton,Fulham,H,2.38,3.2,2.63
2002-10-27,West Ham,Everton,A,2.0,3.25,3.25
2002-10-28,Bolton,Sunderland,D,2.1,3.25,3.0
2002-11-02,Birmingham,Bolton,H,1.91,3.25,3.5
2002-11-02,Liverpool,West Ham,H,1.33,4.33,7.5
2002-11-02,Man United,Southampton,H,1.33,4.33,7.5
2002-11-02,West Brom,Man City,A,2.4,3.2,2.6
2002-11-03,Blackburn,Aston Villa,D,1.73,3.25,4.33
2002-11-03,Charlton,Sunderland,D,1.91,3.25,3.5
2002-11-03,Fulham,Arsenal,A,4.5,3.4,1.67
2002-11-03,Leeds,Everton,A,1.73,3.25,4.33
2002-11-03,Tottenham,Chelsea,D,2.3,3.2,2.7
2002-11-04,Newcastle,Middlesbrough,H,2.0,3.25,3.25
2002-11-09,Arsenal,Newcastle,H,1.5,3.5,6.0
2002-11-09,Aston Villa,Fulham,H,2.2,3.25,2.8
2002-11-09,Bolton,West Brom,D,2.0,3.25,3.25
2002-11-09,Chelsea,Birmingham,H,1.44,3.75,6.5
2002-11-09,Everton,Charlton,H,1.67,3.4,4.5
2002-11-09,Man City,Man United,H,3.5,3.25,1.91
2002-11-09,Middlesbrough,Liverpool,H,3.25,3.25,2.0
2002-11-09,Southampton,Blackburn,D,2.25,3.25,2.75
2002-11-10,Sunderland,Tottenham,H,2.7,3.2,2.3
2002-11-10,West Ham,Leeds,A,2.38,3.2,2.63
2002-11-16,Arsenal,Tottenham,H,1.53,3.5,5.5
2002-11-16,Chelsea,Middlesbrough,H,1.73,3.2,4.5
2002-11-16,Man City,Charlton,A,1.67,3.4,4.5
2002-11-16,Newcastle,Southampton,H,1.62,3.4,5.0
2002-11-16,West Brom,Aston Villa,D,2.63,3.0,2.5
2002-11-17,Birmingham,Fulham,D,2.3,3.2,2.7
2002-11-17,Blackburn,Everton,A,2.1,3.25,3.0
2002-11-17,Leeds,Bolton,A,1.5,3.5,6.0
2002-11-17,Liverpool,Sunderland,D,1.36,4.0,7.5
2002-11-17,West Ham,Man United,D,4.0,3.25,1.8
2002-11-23,Aston Villa,West Ham,H,1.8,3.25,4.0
2002-11-23,Bolton,Chelsea,D,3.5,3.25,1.91
2002-11-23,Everton,West Brom,H,1.44,3.6,7.0
2002-11-23,Fulham,Liverpool,H,3.75,3.25,1.83
2002-11-23,Man United,Newcastle,H,1.62,3.4,5.0
2002-11-23,Middlesbrough,Man City,H,1.73,3.25,4.33
2002-11-23,Southampton,Arsenal,H,4.33,3.25,1.73
2002-11-23,Sunderland,Birmingham,A,1.91,3.25,3.5
2002-11-24,Charlton,Blackburn,H,2.4,3.2,2.6
2002-11-24,Tottenham,Leeds,H,2.1,3.25,3.0
2002-11-30,Arsenal,Aston Villa,H,1.33,4.0,9.0
2002-11-30,Birmingham,Tottenham,D,2.6,3.2,2.4
2002-11-30,Blackburn,Fulham,H,2.0,3.25,3.25
2002-11-30,Chelsea,Sunderland,H,1.4,3.75,7.5
2002-11-30,Man City,Bolton,H,1.8,3.25,4.0
2002-11-30,West Brom,Middlesbrough,H,2.7,3.2,2.3
2002-12-01,Leeds,Charlton,A,1.8,3.25,4.0
2002-12-01,Liverpool,Man United,A,2.3,3.2,2.7
2002-12-01,Newcastle,Everton,H,1.91,3.25,3.5
2002-12-02,West Ham,Southampton,A,2.25,3.25,2.75
2002-12-07,Aston Villa,Newcastle,A,2.38,3.2,2.63
2002-12-07,Bolton,Blackburn,D,2.6,3.2,2.4
2002-12-07,Charlton,Liverpool,H,3.5,3.25,1.91
2002-12-07,Everton,Chelsea,A,2.5,3.2,2.5
2002-12-07,Fulham,Leeds,H,2.1,3.25,3.0
2002-12-07,Man United,Arsenal,H,2.25,3.25,2.75
2002-12-07,Middlesbrough,West Ham,D,1.62,3.4,5.0
2002-12-07,Southampton,Birmingham,H,1.73,3.5,4.0
2002-12-08,Tottenham,West Brom,H,1.44,3.6,7.0
2002-12-09,Sunderland,Man City,A,2.3,3.2,2.7
2002-12-14,Aston Villa,West Brom,H,1.8,3.25,4.0
2002-12-14,Charlton,Man City,D,2.1,3.25,3.0
2002-12-14,Everton,Blackburn,H,1.83,3.25,3.75
2002-12-14,Man United,West Ham,H,1.29,4.5,9.0
2002-12-14,Middlesbrough,Chelsea,D,2.63,3.2,2.38
2002-12-14,Southampton,Newcastle,D,2.3,3.2,2.7
2002-12-15,Fulham,Birmingham,A,1.8,3.25,4.0
2002-12-15,Sunderland,Liverpool,H,4.33,3.25,1.73
2002-12-15,Tottenham,Arsenal,D,3.0,3.1,2.2
2002-12-16,Bolton,Leeds,A,2.4,3.2,2.6
2002-12-21,Arsenal,Middlesbrough,H,1.4,3.75,7.5
2002-12-21,Birmingham,Charlton,D,2.2,3.25,2.8
2002-12-21,Chelsea,Aston Villa,H,1.5,3.5,6.0
2002-12-21,Leeds,Southampton,D,1.91,3.25,3.5
2002-12-21,Newcastle,Fulham,H,1.53,3.5,5.5
2002-12-21,West Brom,Sunderland,D,2.38,2.88,2.88
2002-12-21,West Ham,Bolton,D,1.83,3.25,3.75
2002-12-22,Blackburn,Man United,H,4.0,3.5,1.73
2002-12-22,Liverpool,Everton,D,1.83,3.25,3.75
2002-12-23,Man City,Tottenham,A,2.25,3.25,2.75
2002-12-26,Birmingham,Everton,D,2.5,3.2,2.5
2002-12-26,Bolton,Newcastle,H,3.0,3.25,2.1
2002-12-26,Chelsea,Southampton,D,1.5,3.5,6.0
2002-12-26,Liverpool,Blackburn,D,1.62,3.6,4.5
2002-12-26,Man City,Aston Villa,H,1.91,3.25,3.5
2002-12-26,Middlesbrough,Man United,H,4.0,3.25,1.8
2002-12-26,Sunderland,Leeds,A,2.4,3.2,2.6
2002-12-26,Tottenham,Charlton,D,1.67,3.4,4.5
2002-12-26,West Brom,Arsenal,A,5.5,3.5,1.53
2002-12-26,West Ham,Fulham,D,2.25,3.25,2.75
2002-12-28,Aston Villa,Middlesbrough,H,2.25,3.25,2.75
2002-12-28,Blackburn,West Ham,D,1.62,3.4,5.0
2002-12-28,Charlton,West Brom,H,1.67,3.5,4.33
2002-12-28,Everton,Bolton,D,1.53,3.5,5.5
2002-12-28,Fulham,Man City,A,2.25,3.4,2.63
2002-12-28,Leeds,Chelsea,H,2.63,3.2,2.38
2002-12-28,Man United,Birmingham,H,1.25,5.0,9.0
2002-12-28,Southampton,Sunderland,H,1.67,3.5,4.33
2002-12-29,Arsenal,Liverpool,D,1.73,3.25,4.33
2002-12-29,Newcastle,Tottenham,H,1.8,3.4,3.75
2003-01-01,Arsenal,Chelsea,H,1.8,3.25,4.0
2003-01-01,Aston Villa,Bolton,H,1.73,3.25,4.33
2003-01-01,Blackburn,Middlesbrough,H,1.91,3.25,3.5
2003-01-01,Everton,Man City,D,1.8,3.25,4.0
2003-01-01,Leeds,Birmingham,H,1.62,3.4,5.0
2003-01-01,Man United,Sunderland,H,1.2,5.5,10.0
2003-01-01,Newcastle,Liverpool,H,2.3,3.2,2.7
2003-01-01,Southampton,Tottenham,H,2.2,3.25,3.25
2003-01-11,Bolton,Fulham,D,2.25,3.25,2.75
2003-01-11,Chelsea,Charlton,H,1.57,3.4,5.5
2003-01-11,Liverpool,Aston Villa,D,1.53,3.5,5.5
2003-01-11,Man City,Leeds,H,2.25,3.25,2.75
2003-01-11,Middlesbrough,Southampton,D,2.1,3.25,3.0
2003-01-11,Sunderland,Blackburn,D,2.5,3.2,2.5
2003-01-11,West Brom,Man United,A,5.5,3.5,1.53
2003-01-11,West Ham,Newcastle,D,2.7,3.2,2.3
2003-01-12,Birmingham,Arsenal,A,5.0,3.4,1.62
2003-01-12,Tottenham,Everton,H,1.91,3.25,3.5
2003-01-18,Aston Villa,Tottenham,A,2.2,3.25,2.8
2003-01-18,Blackburn,Birmingham,D,1.62,3.4,5.0
2003-01-18,Charlton,Bolton,D,1.73,3.5,4.0
2003-01-18,Everton,Sunderland,H,1.62,3.4,5.0
2003-01-18,Leeds,West Brom,D,1.53,3.5,5.5
2003-01-18,Man United,Chelsea,H,1.73,3.25,4.33
2003-01-18,Newcastle,Man City,H,1.73,3.5,4.0
2003-01-18,Southampton,Liverpool,A,2.4,3.2,2.6
2003-01-19,Arsenal,West Ham,H,1.29,5.0,7.5
2003-01-19,Fulham,Middlesbrough,H,2.2,3.2,2.88
2003-01-22,Charlton,West Ham,H,2.1,3.25,3.0
2003-01-22,Newcastle,Bolton,H,1.4,3.75,7.5
2003-01-28,Bolton,Everton,A,2.5,3.2,2.5
2003-01-28,Chelsea,Leeds,H,1.62,3.4,5.0
2003-01-28,Middlesbrough,Aston Villa,A,1.8,3.25,4.0
2003-01-28,Sunderland,Southampton,A,2.5,3.2,2.5
2003-01-29,Liverpool,Arsenal,D,2.63,3.2,2.38
2003-01-29,Man City,Fulham,H,1.73,3.25,4.33
2003-01-29,Tottenham,Newcastle,A,2.3,3.2,2.7
2003-01-29,West Brom,Charlton,A,2.5,3.2,2.5
2003-01-29,West Ham,Blackburn,H,2.5,3.2,2.5
2003-02-01,Arsenal,Fulham,H,1.25,5.0,9.0
2003-02-01,Bolton,Birmingham,H,2.25,3.25,2.75
2003-02-01,Chelsea,Tottenham,D,1.66,3.4,4.5
2003-02-01,Everton,Leeds,H,1.9,3.25,3.5
2003-02-01,Man City,West Brom,A,1.5,3.5,6.0
2003-02-01,Southampton,Man United,A,4.0,3.25,1.8
2003-02-01,Sunderland,Charlton,A,2.4,3.2,2.6
2003-02-02,Aston Villa,Blackburn,H,2.2,3.25,2.8
2003-02-02,West Ham,Liverpool,A,3.25,3.25,2.0
2003-02-04,Birmingham,Man United,A,6.5,3.75,1.44
2003-02-08,Birmingham,Chelsea,A,4.0,3.25,1.8
2003-02-08,Blackburn,Southampton,H,2.2,3.25,2.8
2003-02-08,Charlton,Everton,H,2.25,3.25,2.75
2003-02-08,Fulham,Aston Villa,H,2.25,3.25,2.75
2003-02-08,Leeds,West Ham,H,1.73,3.5,4.0
2003-02-08,Liverpool,Middlesbrough,D,1.44,3.75,6.5
2003-02-08,Tottenham,Sunderland,H,1.5,3.5,6.0
2003-02-08,West Brom,Bolton,D,2.3,3.2,2.7
2003-02-09,Man United,Man City,D,1.4,3.75,7.5
2003-02-09,Newcastle,Arsenal,D,2.63,3.2,2.38
2003-02-19,Fulham,West Brom,H,1.73,3.25,4.33
2003-02-22,Bolton,Man United,D,5.5,3.5,1.53
2003-02-22,Charlton,Aston Villa,H,2.1,3.25,3.0
2003-02-22,Chelsea,Blackburn,A,1.53,3.5,5.5
2003-02-22,Everton,Southampton,H,1.83,3.25,3.75
2003-02-22,Leeds,Newcastle,A,2.5,3.2,2.5
2003-02-22,Man City,Arsenal,A,4.33,3.25,1.73
2003-02-22,Sunderland,Middlesbrough,A,2.5,3.0,2.63
2003-02-23,Birmingham,Liverpool,H,3.75,3.25,1.83
2003-02-23,West Brom,West Ham,A,2.38,3.2,2.63
2003-02-24,Tottenham,Fulham,D,1.73,3.25,4.33
2003-03-01,Blackburn,Man City,H,1.91,3.25,3.5
2003-03-01,Fulham,Sunderland,H,1.62,3.4,5.0
2003-03-01,Middlesbrough,Everton,D,2.25,3.25,2.75
2003-03-01,Newcastle,Chelsea,H,2.0,3.25,3.25
2003-03-01,Southampton,West Brom,H,1.62,3.4,5.0
2003-03-01,West Ham,Tottenham,H,2.4,3.2,2.6
2003-03-02,Arsenal,Charlton,H,1.3,4.5,8.0
2003-03-03,Aston Villa,Birmingham,A,1.91,3.25,3.5
2003-03-05,Man United,Leeds,H,1.36,4.0,7.5
2003-03-05,Middlesbrough,Newcastle,H,2.7,3.2,2.3
2003-03-08,Liverpool,Bolton,H,1.44,3.75,6.5
2003-03-15,Aston Villa,Man United,A,4.5,3.4,1.66
2003-03-15,Blackburn,Arsenal,H,4.0,3.25,1.8
2003-03-15,Charlton,Newcastle,A,2.62,3.2,2.37
2003-03-15,Everton,West Ham,D,1.72,3.25,4.33
2003-03-15,Fulham,Southampton,D,2.2,3.25,2.8
2003-03-15,Leeds,Middlesbrough,A,2.2,3.25,2.8
2003-03-15,Sunderland,Bolton,A,2.3,3.2,2.7
2003-03-16,Man City,Birmingham,H,1.8,3.25,4.0
2003-03-16,Tottenham,Liverpool,A,2.5,3.2,2.5
2003-03-16,West Brom,Chelsea,A,4.33,3.25,1.72
2003-03-22,Birmingham,West Brom,H,1.83,3.25,3.75
2003-03-22,Chelsea,Man City,H,1.57,3.6,5.0
2003-03-22,Man United,Fulham,H,1.29,4.5,9.0
2003-03-22,Middlesbrough,Charlton,D,1.91,3.25,3.5
2003-03-22,Newcastle,Blackburn,H,1.62,3.4,5.0
2003-03-22,Southampton,Aston Villa,D,1.8,3.25,4.0
2003-03-22,West Ham,Sunderland,H,1.67,3.4,4.5
2003-03-23,Arsenal,Everton,H,1.44,3.75,6.5
2003-03-23,Liverpool,Leeds,H,1.57,3.4,5.5
2003-03-24,Bolton,Tottenham,H,2.3,3.2,2.7
2003-04-05,Aston Villa,Arsenal,D,4.5,3.4,1.67
2003-04-05,Bolton,Man City,H,2.2,3.25,2.8
2003-04-05,Charlton,Leeds,A,1.91,3.25,3.5
2003-04-05,Man United,Liverpool,H,1.73,3.25,4.33
2003-04-05,Middlesbrough,West Brom,H,1.53,3.5,5.5
2003-04-05,Southampton,West Ham,D,2.0,3.25,3.25
2003-04-05,Sunderland,Chelsea,A,5.0,3.4,1.62
2003-04-05,Tottenham,Birmingham,H,1.73,3.25,4.33
2003-04-06,Everton,Newcastle,H,2.5,3.2,2.5
2003-04-07,Fulham,Blackburn,A,2.25,3.25,2.75
2003-04-12,Birmingham,Sunderland,H,1.67,3.4,4.5
2003-04-12,Blackburn,Charlton,H,1.73,3.25,4.33
2003-04-12,Chelsea,Bolton,H,1.5,3.5,6.0
2003-04-12,Leeds,Tottenham,D,1.91,3.25,3.5
2003-04-12,Liverpool,Fulham,H,1.44,3.5,7.5
2003-04-12,Man City,Middlesbrough,D,2.2,3.25,2.8
2003-04-12,Newcastle,Man United,A,2.63,3.2,2.38
2003-04-12,West Brom,Everton,A,3.5,3.25,1.91
2003-04-12,West Ham,Aston Villa,D,2.0,3.25,3.25
2003-04-16,Arsenal,Man United,D,2.25,3.25,2.75
2003-04-18,Tottenham,Man City,A,1.8,3.25,4.0
2003-04-19,Aston Villa,Chelsea,H,2.8,3.25,2.2
2003-04-19,Bolton,West Ham,H,2.2,3.25,2.8
2003-04-19,Charlton,Birmingham,A,2.1,3.25,3.0
2003-04-19,Everton,Liverpool,A,2.5,3.2,2.5
2003-04-19,Fulham,Newcastle,H,3.0,3.25,2.1
2003-04-19,Man United,Blackburn,H,1.3,4.5,8.0
2003-04-19,Middlesbrough,Arsenal,A,3.75,3.25,1.83
2003-04-19,Southampton,Leeds,H,2.2,3.25,2.8
2003-04-19,Sunderland,West Brom,A,2.1,3.25,3.0
2003-04-21,Birmingham,Southampton,H,2.1,3.25,3.0
2003-04-21,Blackburn,Bolton,D,1.8,3.4,3.6
2003-04-21,Chelsea,Everton,H,1.73,3.2,4.33
2003-04-21,Liverpool,Charlton,H,1.4,3.75,7.0
2003-04-21,Man City,Sunderland,H,1.57,3.6,5.0
2003-04-21,Newcastle,Aston Villa,D,1.5,3.4,6.0
2003-04-21,West Brom,Tottenham,A,3.0,3.25,2.1
2003-04-21,West Ham,Middlesbrough,H,1.83,3.5,3.5
2003-04-22,Leeds,Fulham,H,1.67,3.4,4.5
2003-04-26,Birmingham,Middlesbrough,H,2.1,3.25,3.0
2003-04-26,Bolton,Arsenal,D,5.0,3.6,1.57
2003-04-26,Charlton,Southampton,H,2.2,3.25,2.8
2003-04-26,Chelsea,Fulham,D,1.4,4.0,6.5
2003-04-26,Everton,Aston Villa,H,1.8,3.25,4.0
2003-04-26,Leeds,Blackburn,A,2.0,3.4,3.0
2003-04-26,Sunderland,Newcastle,A,4.5,3.4,1.67
2003-04-26,West Brom,Liverpool,A,5.0,3.6,1.57
2003-04-27,Man City,West Ham,A,2.2,3.4,2.75
2003-04-27,Tottenham,Man United,A,5.0,3.4,1.62
2003-05-03,Aston Villa,Sunderland,H,1.4,3.75,7.5
2003-05-03,Blackburn,West Brom,D,1.29,4.5,9.0
2003-05-03,Fulham,Everton,H,2.4,3.2,2.6
2003-05-03,Liverpool,Man City,A,1.33,4.33,7.5
2003-05-03,Man United,Charlton,H,1.14,6.5,12.0
2003-05-03,Middlesbrough,Tottenham,H,2.1,3.25,3.0
2003-05-03,Newcastle,Birmingham,H,1.4,3.75,7.5
2003-05-03,Southampton,Bolton,D,2.38,3.6,2.38
2003-05-03,West Ham,Chelsea,H,2.5,3.4,2.38
2003-05-04,Arsenal,Leeds,A,1.3,4.5,8.0
2003-05-07,Arsenal,Southampton,H,1.44,3.75,6.5
2003-05-11,Birmingham,West Ham,D,3.25,3.5,1.91
2003-05-11,Bolton,Middlesbrough,H,1.57,3.6,5.0
2003-05-11,Charlton,Fulham,A,2.1,3.25,3.0
2003-05-11,Chelsea,Liverpool,H,2.38,3.0,2.75
2003-05-11,Everton,Man United,A,2.5,3.4,2.38
2003-05-11,Leeds,Aston Villa,H,1.83,3.25,3.75
2003-05-11,Man City,Southampton,A,1.62,3.4,5.0
2003-05-11,Sunderland,Arsenal,A,5.0,3.4,1.62
2003-05-11,Tottenham,Blackburn,A,2.5,3.5,2.3
2003-05-11,West Brom,Newcastle,D,4.0,3.5,1.73
2003-08-16,Arsenal,Everton,H,1.4,3.8,8.0
2003-08-16,Birmingham,Tottenham,H,2.38,3.25,2.75
2003-08-16,Blackburn,Wolves,H,1.62,3.4,5.5
2003-08-16,Fulham,Middlesbrough,H,2.3,3.25,2.8
2003-08-16,Leicester,Southampton,D,2.5,3.2,2.6
2003-08-16,Man United,Bolton,H,1.29,4.5,10.0
2003-08-16,Portsmouth,Aston Villa,H,2.38,3.25,2.75
2003-08-17,Charlton,Man City,A,2.25,3.4,2.75
2003-08-17,Leeds,Newcastle,D,2.75,3.25,2.38
2003-08-17,Liverpool,Chelsea,A,2.25,3.25,2.88
2003-08-23,Bolton,Blackburn,D,2.5,3.3,2.5
2003-08-23,Chelsea,Leicester,H,1.25,5.0,10.0
2003-08-23,Everton,Fulham,H,1.8,3.4,4.0
2003-08-23,Man City,Portsmouth,D,1.67,3.6,4.5
2003-08-23,Newcastle,Man United,A,3.0,3.2,2.2
2003-08-23,Southampton,Birmingham,D,1.91,3.25,3.75
2003-08-23,Tottenham,Leeds,H,2.0,3.25,3.4
2003-08-23,Wolves,Charlton,A,2.38,3.25,2.7
2003-08-24,Aston Villa,Liverpool,D,3.0,3.2,2.2
2003-08-24,Middlesbrough,Arsenal,A,4.0,3.4,1.8
2003-08-25,Blackburn,Man City,A,2.0,3.25,3.4
2003-08-26,Charlton,Everton,D,2.38,3.2,2.75
2003-08-26,Leeds,Southampton,D,2.0,3.25,3.4
2003-08-26,Leicester,Middlesbrough,D,2.5,3.2,2.6
2003-08-26,Portsmouth,Bolton,H,2.1,3.25,3.2
2003-08-27,Arsenal,Aston Villa,H,1.29,5.0,8.5
2003-08-27,Liverpool,Tottenham,D,1.5,3.5,7.0
2003-08-27,Man United,Wolves,H,1.14,6.5,15.0
2003-08-30,Aston Villa,Leicester,H,1.67,3.4,5.0
2003-08-30,Bolton,Charlton,D,2.3,3.25,2.8
2003-08-30,Chelsea,Blackburn,D,1.5,3.6,6.5
2003-08-30,Everton,Liverpool,A,2.6,3.2,2.5
2003-08-30,Middlesbrough,Leeds,A,2.0,3.25,3.4
2003-08-30,Newcastle,Birmingham,A,1.53,3.4,6.5
2003-08-30,Tottenham,Fulham,A,1.67,3.4,5.0
2003-08-30,Wolves,Portsmouth,D,2.75,3.2,2.38
2003-08-31,Man City,Arsenal,A,4.0,3.4,1.8
2003-08-31,Southampton,Man United,H,5.0,3.4,1.67
2003-09-13,Arsenal,Portsmouth,D,1.28,4.5,10.0
2003-09-13,Blackburn,Liverpool,A,2.8,3.25,2.3
2003-09-13,Bolton,Middlesbrough,H,2.3,3.2,2.87
2003-09-13,Charlton,Man United,A,5.0,3.6,1.61
2003-09-13,Chelsea,Tottenham,H,1.53,3.6,6.0
2003-09-13,Everton,Newcastle,D,2.37,3.2,2.75
2003-09-13,Southampton,Wolves,H,1.61,3.4,5.5
2003-09-14,Birmingham,Fulham,D,1.83,3.25,4.0
2003-09-14,Man City,Aston Villa,H,1.83,3.25,4.0
2003-09-15,Leicester,Leeds,H,2.6,3.2,2.5
2003-09-20,Aston Villa,Charlton,H,1.9,3.25,3.75
2003-09-20,Fulham,Man City,D,2.3,3.25,2.8
2003-09-20,Leeds,Birmingham,A,2.1,3.25,3.2
2003-09-20,Liverpool,Leicester,H,1.3,4.5,9.5
2003-09-20,Newcastle,Bolton,D,1.5,3.6,6.5
2003-09-20,Portsmouth,Blackburn,A,2.25,3.25,2.87
2003-09-20,Tottenham,Southampton,A,2.0,3.25,3.4
2003-09-20,Wolves,Chelsea,A,6.5,3.6,1.5
2003-09-21,Man United,Arsenal,D,2.0,3.25,3.4
2003-09-21,Middlesbrough,Everton,H,2.3,3.25,2.8
2003-09-26,Arsenal,Newcastle,H,1.53,3.5,5.5
2003-09-27,Birmingham,Portsmouth,H,1.9,3.25,3.75
2003-09-27,Bolton,Wolves,D,1.61,3.6,5.0
2003-09-27,Chelsea,Aston Villa,H,1.33,4.33,8.5
2003-09-27,Leicester,Man United,A,6.5,3.6,1.5
2003-09-27,Southampton,Middlesbrough,A,1.8,3.2,4.33
2003-09-28,Blackburn,Fulham,A,1.8,3.4,4.0
2003-09-28,Charlton,Liverpool,H,4.33,3.2,1.8
2003-09-28,Everton,Leeds,H,1.83,3.25,4.0
2003-09-28,Man City,Tottenham,D,1.72,3.4,4.5
2003-10-04,Fulham,Leicester,H,1.61,3.6,5.0
2003-10-04,Leeds,Blackburn,H,2.5,3.3,2.5
2003-10-04,Liverpool,Arsenal,A,2.5,3.3,2.5
2003-10-04,Man United,Birmingham,H,1.3,4.5,9.5
2003-10-04,Newcastle,Southampton,H,1.72,3.5,4.33
2003-10-04,Portsmouth,Charlton,A,2.1,3.25,3.2
2003-10-04,Tottenham,Everton,H,2.25,3.25,2.87
2003-10-04,Wolves,Man City,H,3.25,3.5,2.0
2003-10-05,Aston Villa,Bolton,D,1.8,3.4,4.0
2003-10-05,Middlesbrough,Chelsea,A,4.33,3.5,1.72
2003-10-14,Birmingham,Chelsea,D,4.33,3.5,1.72
2003-10-18,Arsenal,Chelsea,H,2.2,3.2,3.0
2003-10-18,Fulham,Wolves,D,1.57,3.6,5.5
2003-10-18,Leeds,Man United,A,5.0,3.6,1.61
2003-10-18,Man City,Bolton,H,1.66,3.4,5.0
2003-10-18,Middlesbrough,Newcastle,A,2.5,3.3,2.5
2003-10-18,Portsmouth,Liverpool,H,4.0,3.25,1.83
2003-10-19,Birmingham,Aston Villa,D,2.25,3.0,3.1
2003-10-19,Everton,Southampton,D,2.0,3.25,3.4
2003-10-19,Leicester,Tottenham,A,2.6,3.2,2.5
2003-10-20,Blackburn,Charlton,A,1.9,3.25,3.75
2003-10-21,Fulham,Newcastle,A,2.5,3.2,2.6
2003-10-25,Aston Villa,Everton,D,2.0,3.25,3.4
2003-10-25,Bolton,Birmingham,A,2.4,3.2,2.7
2003-10-25,Chelsea,Man City,H,1.5,3.5,7.0
2003-10-25,Liverpool,Leeds,H,1.5,3.5,7.0
2003-10-25,Man United,Fulham,A,1.25,5.0,10.0
2003-10-25,Newcastle,Portsmouth,H,1.53,3.6,6.0
2003-10-25,Southampton,Blackburn,H,2.0,3.25,3.4
2003-10-25,Wolves,Leicester,H,2.1,3.25,3.2
2003-10-26,Charlton,Arsenal,D,5.0,3.6,1.61
2003-10-26,Tottenham,Middlesbrough,D,1.83,3.25,4.0
2003-11-01,Everton,Chelsea,A,4.5,3.4,1.72
2003-11-01,Leeds,Arsenal,A,5.5,3.6,1.57
2003-11-01,Man United,Portsmouth,H,1.25,5.0,10.0
2003-11-01,Middlesbrough,Wolves,H,1.72,3.4,4.5
2003-11-01,Newcastle,Aston Villa,D,1.57,3.6,5.5
2003-11-01,Southampton,Man City,A,2.2,3.4,2.87
2003-11-01,Tottenham,Bolton,A,1.72,3.4,4.5
2003-11-02,Fulham,Liverpool,A,2.7,3.25,2.37
2003-11-02,Leicester,Blackburn,H,2.5,3.3,2.5
2003-11-03,Birmingham,Charlton,A,1.9,3.25,3.75
2003-11-08,Arsenal,Tottenham,H,1.4,3.75,8.5
2003-11-08,Aston Villa,Middlesbrough,A,2.0,3.25,3.4
2003-11-08,Bolton,Southampton,D,2.37,3.2,2.75
2003-11-08,Charlton,Fulham,H,2.25,3.25,2.87
2003-11-08,Portsmouth,Leeds,H,1.83,3.25,4.0
2003-11-08,Wolves,Birmingham,D,2.6,3.2,2.5
2003-11-09,Chelsea,Newcastle,H,1.61,3.6,5.0
2003-11-09,Liverpool,Man United,A,2.75,3.2,2.37
2003-11-09,Man City,Leicester,A,1.44,3.8,7.0
2003-11-10,Blackburn,Everton,H,2.25,3.25,2.87
2003-11-22,Birmingham,Arsenal,A,4.5,3.4,1.72
2003-11-22,Everton,Wolves,H,1.66,3.4,5.0
2003-11-22,Leeds,Bolton,A,2.2,3.2,3.0
2003-11-22,Leicester,Charlton,D,2.7,3.25,2.37
2003-11-22,Man United,Blackburn,H,1.25,5.0,10.0
2003-11-22,Middlesbrough,Liverpool,D,2.8,3.25,2.3
2003-11-22,Newcastle,Man City,H,1.8,3.4,4.0
2003-11-22,Southampton,Chelsea,A,4.5,3.4,1.72
2003-11-23,Tottenham,Aston Villa,H,1.9,3.25,3.75
2003-11-24,Fulham,Portsmouth,H,1.83,3.25,4.0
2003-11-29,Aston Villa,Southampton,H,2.25,3.25,2.87
2003-11-29,Blackburn,Tottenham,H,2.1,3.25,3.2
2003-11-29,Bolton,Everton,H,2.25,3.25,2.87
2003-11-29,Charlton,Leeds,A,1.61,3.4,5.5
2003-11-29,Portsmouth,Leicester,A,1.8,3.4,4.0
2003-11-29,Wolves,Newcastle,D,3.75,3.25,1.9
2003-11-30,Arsenal,Fulham,D,1.33,4.33,8.5
2003-11-30,Chelsea,Man United,H,2.37,3.25,2.7
2003-11-30,Liverpool,Birmingham,H,1.57,3.6,5.5
2003-11-30,Man City,Middlesbrough,A,1.9,3.25,3.75
2003-12-06,Birmingham,Blackburn,A,2.2,3.2,3.0
2003-12-06,Fulham,Bolton,H,1.8,3.2,4.33
2003-12-06,Leeds,Chelsea,D,6.5,3.6,1.5
2003-12-06,Leicester,Arsenal,D,6.5,3.4,1.53
2003-12-06,Man United,Aston Villa,H,1.28,4.5,10.0
2003-12-06,Middlesbrough,Portsmouth,D,1.72,3.4,4.5
2003-12-06,Newcastle,Liverpool,D,2.25,3.4,2.75
2003-12-06,Tottenham,Wolves,H,1.66,3.4,5.0
2003-12-07,Everton,Man City,D,2.3,3.4,2.7
2003-12-07,Southampton,Charlton,H,2.25,3.25,2.87
2003-12-13,Chelsea,Bolton,A,1.29,4.5,10.0
2003-12-13,Leicester,Birmingham,A,2.25,3.25,2.88
2003-12-13,Liverpool,Southampton,A,1.57,3.4,6.0
2003-12-13,Man United,Man City,H,1.4,3.75,8.5
2003-12-13,Middlesbrough,Charlton,D,2.1,3.25,3.2
2003-12-13,Newcastle,Tottenham,H,1.62,3.4,5.5
2003-12-13,Portsmouth,Everton,A,2.2,3.2,3.0
2003-12-14,Arsenal,Blackburn,H,1.36,4.33,7.5
2003-12-14,Aston Villa,Wolves,H,1.73,3.4,4.5
2003-12-14,Leeds,Fulham,H,2.5,3.2,2.6
2003-12-20,Blackburn,Aston Villa,A,1.91,3.3,4.0
2003-12-20,Bolton,Arsenal,D,5.0,3.6,1.67
2003-12-20,Charlton,Newcastle,D,2.88,3.3,2.38
2003-12-20,Everton,Leicester,H,1.8,3.4,4.0
2003-12-20,Fulham,Chelsea,A,4.5,3.4,1.8
2003-12-21,Southampton,Portsmouth,H,1.73,3.4,5.0
2003-12-21,Tottenham,Man United,A,5.5,3.6,1.62
2003-12-22,Man City,Leeds,D,1.91,3.3,4.0
2003-12-26,Arsenal,Wolves,H,1.17,6.5,15.0
2003-12-26,Birmingham,Man City,H,2.25,3.25,3.1
2003-12-26,Blackburn,Middlesbrough,D,2.25,3.25,3.1
2003-12-26,Charlton,Chelsea,H,5.5,3.4,1.67
2003-12-26,Fulham,Southampton,H,2.2,3.25,3.2
2003-12-26,Leeds,Aston Villa,D,2.3,3.25,3.0
2003-12-26,Leicester,Newcastle,D,3.25,3.4,2.1
2003-12-26,Liverpool,Bolton,H,1.67,3.6,5.0
2003-12-26,Man United,Everton,H,1.25,5.5,10.0
2003-12-26,Portsmouth,Tottenham,H,2.5,3.25,2.7
2003-12-28,Aston Villa,Fulham,H,2.2,3.25,3.2
2003-12-28,Bolton,Leicester,D,1.8,3.4,4.5
2003-12-28,Chelsea,Portsmouth,H,1.25,5.5,11.0
2003-12-28,Everton,Birmingham,H,2.1,3.25,3.4
2003-12-28,Man City,Liverpool,D,2.87,3.25,2.37
2003-12-28,Middlesbrough,Man United,A,5.0,3.6,1.66
2003-12-28,Newcastle,Blackburn,A,1.61,3.6,5.5
2003-12-28,Tottenham,Charlton,A,2.3,3.25,3.0
2003-12-28,Wolves,Leeds,H,2.62,3.25,2.6
2003-12-29,Southampton,Arsenal,A,4.5,3.6,1.72
2004-01-06,Aston Villa,Portsmouth,H,1.66,3.4,5.5
2004-01-07,Bolton,Man United,A,6.5,3.5,1.57
2004-01-07,Chelsea,Liverpool,A,1.8,3.4,4.5
2004-01-07,Everton,Arsenal,D,5.5,3.4,1.66
2004-01-07,Man City,Charlton,D,2.3,3.25,3.0
2004-01-07,Middlesbrough,Fulham,H,2.2,3.25,3.2
2004-01-07,Newcastle,Leeds,H,1.53,3.6,7.0
2004-01-07,Southampton,Leicester,D,1.8,3.4,4.5
2004-01-07,Tottenham,Birmingham,H,2.2,3.25,3.2
2004-01-07,Wolves,Blackburn,D,2.87,3.25,2.4
2004-01-10,Arsenal,Middlesbrough,H,1.28,5.0,10.0
2004-01-10,Birmingham,Southampton,H,2.1,3.25,3.4
2004-01-10,Blackburn,Bolton,A,2.1,3.25,3.4
2004-01-10,Charlton,Wolves,H,1.57,3.5,6.5
2004-01-10,Fulham,Everton,H,2.1,3.25,3.4
2004-01-10,Leeds,Tottenham,A,2.5,3.25,2.7
2004-01-10,Liverpool,Aston Villa,H,1.66,3.4,5.5
2004-01-10,Portsmouth,Man City,H,2.5,3.25,2.7
2004-01-11,Leicester,Chelsea,A,6.0,3.5,1.61
2004-01-11,Man United,Newcastle,D,1.44,4.0,7.5
2004-01-17,Bolton,Portsmouth,H,1.83,3.25,4.5
2004-01-17,Everton,Charlton,A,2.25,3.25,3.1
2004-01-17,Man City,Blackburn,D,2.1,3.25,3.4
2004-01-17,Middlesbrough,Leicester,D,1.72,3.3,5.0
2004-01-17,Southampton,Leeds,H,1.72,3.3,5.0
2004-01-17,Tottenham,Liverpool,H,2.87,3.25,2.37
2004-01-17,Wolves,Man United,H,8.5,4.5,1.36
2004-01-18,Aston Villa,Arsenal,A,5.5,3.4,1.66
2004-01-18,Chelsea,Birmingham,D,1.3,4.5,12.0
2004-01-19,Newcastle,Fulham,H,1.66,3.4,5.5
2004-01-21,Wolves,Liverpool,D,4.5,3.4,1.8
2004-01-31,Birmingham,Newcastle,D,2.7,3.25,2.5
2004-01-31,Charlton,Bolton,A,1.8,3.3,4.5
2004-01-31,Fulham,Tottenham,H,2.38,3.25,2.88
2004-01-31,Leeds,Middlesbrough,A,2.5,3.25,2.7
2004-01-31,Leicester,Aston Villa,A,2.5,3.25,2.7
2004-01-31,Liverpool,Everton,D,1.73,3.4,5.0
2004-01-31,Man United,Southampton,H,1.25,5.5,10.0
2004-01-31,Portsmouth,Wolves,D,1.91,3.25,4.0
2004-02-01,Arsenal,Man City,H,1.25,5.5,10.0
2004-02-01,Blackburn,Chelsea,A,4.5,3.3,1.8
2004-02-07,Aston Villa,Leeds,H,1.62,3.4,6.0
2004-02-07,Bolton,Liverpool,D,3.1,3.2,2.25
2004-02-07,Everton,Man United,A,5.5,3.6,1.62
2004-02-07,Middlesbrough,Blackburn,A,1.91,3.25,4.0
2004-02-07,Newcastle,Leicester,H,1.4,4.33,7.5
2004-02-07,Southampton,Fulham,D,2.1,3.25,3.4
2004-02-07,Tottenham,Portsmouth,H,1.67,3.4,5.5
2004-02-07,Wolves,Arsenal,A,9.0,4.0,1.4
2004-02-08,Chelsea,Charlton,H,1.36,4.33,9.0
2004-02-08,Man City,Birmingham,D,2.0,3.4,3.5
2004-02-10,Arsenal,Southampton,H,1.25,5.0,13.0
2004-02-10,Leeds,Wolves,H,2.1,3.25,3.4
2004-02-10,Leicester,Bolton,D,2.7,3.25,2.5
2004-02-11,Birmingham,Everton,H,2.1,3.25,3.4
2004-02-11,Blackburn,Newcastle,D,2.87,3.25,2.37
2004-02-11,Charlton,Tottenham,A,2.1,3.25,3.4
2004-02-11,Fulham,Aston Villa,A,2.2,3.25,3.2
2004-02-11,Liverpool,Man City,H,1.61,3.6,5.5
2004-02-11,Man United,Middlesbrough,A,1.25,5.5,11.0
2004-02-11,Portsmouth,Chelsea,A,5.5,3.6,1.61
2004-02-21,Bolton,Man City,A,2.2,3.25,3.2
2004-02-21,Charlton,Blackburn,H,2.2,3.25,3.2
2004-02-21,Chelsea,Arsenal,A,2.63,3.2,2.6
2004-02-21,Man United,Leeds,D,1.22,5.5,13.0
2004-02-21,Newcastle,Middlesbrough,H,1.73,3.4,5.0
2004-02-21,Southampton,Everton,D,2.0,3.2,3.75
2004-02-21,Wolves,Fulham,H,2.6,3.2,2.63
2004-02-22,Aston Villa,Birmingham,D,2.1,3.1,3.6
2004-02-22,Tottenham,Leicester,D,1.57,3.5,6.5
2004-02-28,Arsenal,Charlton,H,1.29,5.0,10.0
2004-02-28,Blackburn,Southampton,D,2.1,3.25,3.4
2004-02-28,Everton,Aston Villa,H,2.38,3.25,2.88
2004-02-28,Fulham,Man United,D,5.0,3.6,1.67
2004-02-28,Leicester,Wolves,D,2.2,3.25,3.2
2004-02-28,Man City,Chelsea,A,4.33,3.3,1.83
2004-02-29,Leeds,Liverpool,D,3.2,3.25,2.2
2004-02-29,Portsmouth,Newcastle,D,3.2,3.25,2.2
2004-03-03,Birmingham,Middlesbrough,H,2.1,3.25,3.4
2004-03-06,Birmingham,Bolton,H,2.1,3.25,3.2
2004-03-09,Middlesbrough,Tottenham,H,2.2,3.25,2.8
2004-03-13,Birmingham,Leicester,A,1.57,3.5,6.5
2004-03-13,Blackburn,Arsenal,A,6.5,3.75,1.53
2004-03-13,Bolton,Chelsea,A,4.5,3.6,1.73
2004-03-13,Charlton,Middlesbrough,H,2.2,3.25,3.2
2004-03-13,Everton,Portsmouth,H,1.73,3.4,5.0
2004-03-13,Fulham,Leeds,H,1.83,3.3,4.33
2004-03-14,Man City,Man United,H,4.0,3.25,1.91
2004-03-14,Southampton,Liverpool,H,2.88,3.25,2.38
2004-03-14,Tottenham,Newcastle,H,2.5,3.25,2.7
2004-03-14,Wolves,Aston Villa,A,2.7,3.25,2.5
2004-03-17,Liverpool,Portsmouth,H,1.44,4.0,7.5
2004-03-20,Arsenal,Bolton,H,1.22,5.5,13.0
2004-03-20,Aston Villa,Blackburn,A,1.8,3.4,4.5
2004-03-20,Chelsea,Fulham,H,1.44,4.0,7.5
2004-03-20,Leicester,Everton,D,2.5,3.25,2.7
2004-03-20,Liverpool,Wolves,H,1.36,4.33,9.0
2004-03-20,Man United,Tottenham,H,1.44,4.0,7.5
2004-03-20,Middlesbrough,Birmingham,H,2.2,3.2,3.25
2004-03-20,Newcastle,Charlton,H,1.73,3.4,5.0
2004-03-21,Portsmouth,Southampton,H,2.6,3.1,2.7
2004-03-22,Leeds,Man City,H,2.5,3.25,2.7
2004-03-27,Birmingham,Leeds,H,1.83,3.3,4.33
2004-03-27,Blackburn,Portsmouth,A,1.8,3.4,4.33
2004-03-27,Charlton,Aston Villa,A,2.2,3.25,3.2
2004-03-27,Chelsea,Wolves,H,1.25,5.0,13.0
2004-03-27,Everton,Middlesbrough,D,2.2,3.25,3.2
2004-03-27,Man City,Fulham,D,2.0,3.4,3.5
2004-03-27,Southampton,Tottenham,H,2.25,3.2,3.1
2004-03-28,Arsenal,Man United,D,2.1,3.25,3.4
2004-03-28,Bolton,Newcastle,H,2.88,3.25,2.38
2004-03-28,Leicester,Liverpool,D,3.4,3.25,2.1
2004-04-03,Fulham,Birmingham,D,2.25,3.2,3.1
2004-04-03,Middlesbrough,Bolton,H,1.91,3.25,4.0
2004-04-03,Newcastle,Everton,H,1.62,3.4,6.0
2004-04-17,Wolves,Middlesbrough,H,2.75,3.4,2.38
2004-04-18,Aston Villa,Newcastle,D,2.38,3.25,2.88
2004-04-20,Man United,Charlton,H,1.4,4.33,7.5
2004-04-24,Everton,Blackburn,A,2.2,3.25,3.2
2004-04-24,Fulham,Charlton,H,2.25,3.3,3.0
2004-04-24,Leicester,Man City,D,2.5,3.4,2.62
2004-04-24,Man United,Liverpool,A,1.8,3.3,4.5
2004-04-24,Middlesbrough,Aston Villa,A,2.3,3.25,3.0
2004-04-24,Southampton,Bolton,A,1.9,3.25,4.0
2004-04-25,Birmingham,Wolves,D,1.61,3.6,5.5
2004-04-25,Leeds,Portsmouth,A,2.1,3.25,3.4
2004-04-25,Newcastle,Chelsea,H,2.7,3.25,2.5
2004-04-25,Tottenham,Arsenal,D,5.5,3.4,1.66
2004-05-01,Arsenal,Birmingham,D,1.36,4.33,9.0
2004-05-01,Blackburn,Man United,H,3.75,3.5,1.9
2004-05-01,Charlton,Leicester,D,1.8,3.4,4.33
2004-05-01,Chelsea,Southampton,H,1.53,3.6,6.5
2004-05-01,Man City,Newcastle,H,2.62,3.4,2.5
2004-05-01,Portsmouth,Fulham,D,2.2,3.25,3.2
2004-05-01,Wolves,Everton,H,2.5,3.4,2.62
2004-05-02,Aston Villa,Tottenham,H,1.66,3.6,5.0
2004-05-02,Bolton,Leeds,H,2.25,3.5,2.87
2004-05-02,Liverpool,Middlesbrough,H,1.57,3.5,6.5
2004-05-04,Portsmouth,Arsenal,D,4.5,3.3,1.8
2004-05-08,Birmingham,Liverpool,A,3.4,3.25,2.1
2004-05-08,Everton,Bolton,A,2.25,3.3,3.0
2004-05-08,Leeds,Charlton,D,2.6,3.25,2.6
2004-05-08,Leicester,Portsmouth,H,2.4,3.4,2.75
2004-05-08,Man United,Chelsea,D,2.25,3.2,3.1
2004-05-08,Middlesbrough,Man City,H,2.1,3.25,3.4
2004-05-08,Southampton,Aston Villa,D,2.87,3.4,2.3
2004-05-08,Tottenham,Blackburn,H,2.3,3.4,2.87
2004-08-14,Aston Villa,Southampton,H,1.9,3.1,4.33
2004-08-14,Blackburn,West Brom,D,1.8,3.1,5.0
2004-08-14,Bolton,Charlton,H,2.25,3.2,3.1
2004-08-14,Man City,Fulham,D,2.1,3.25,3.4
2004-08-14,Middlesbrough,Newcastle,D,2.3,3.25,3.0
2004-08-14,Norwich,Crystal Palace,D,2.1,3.25,3.4
2004-08-14,Portsmouth,Birmingham,D,2.4,3.2,2.87
2004-08-14,Tottenham,Liverpool,D,3.1,3.2,2.25
2004-08-15,Chelsea,Man United,H,2.1,3.25,3.4
2004-08-15,Everton,Arsenal,A,6.0,3.4,1.61
2004-08-21,Birmingham,Chelsea,A,4.5,3.2,1.83
2004-08-21,Charlton,Portsmouth,H,2.0,3.2,3.75
2004-08-21,Crystal Palace,Everton,A,2.3,3.25,3.0
2004-08-21,Fulham,Bolton,H,2.25,3.2,3.1
2004-08-21,Liverpool,Man City,H,1.57,3.5,6.5
2004-08-21,Man United,Norwich,H,1.25,5.0,13.0
2004-08-21,Newcastle,Tottenham,A,1.66,3.4,5.5
2004-08-21,Southampton,Blackburn,H,2.3,3.25,3.0
2004-08-22,Arsenal,Middlesbrough,H,1.36,4.33,9.0
2004-08-22,West Brom,Aston Villa,D,2.87,3.2,2.4
2004-08-24,Birmingham,Man City,H,1.9,3.1,4.33
2004-08-24,Crystal Palace,Chelsea,A,8.5,3.75,1.44
2004-08-25,Arsenal,Blackburn,H,1.28,5.0,10.0
2004-08-25,Charlton,Aston Villa,H,2.5,3.2,2.75
2004-08-25,Fulham,Middlesbrough,A,2.5,3.2,2.75
2004-08-25,Newcastle,Norwich,D,1.44,4.0,7.5
2004-08-25,Southampton,Bolton,A,2.25,3.2,3.1
2004-08-25,West Brom,Tottenham,D,2.75,3.2,2.5
2004-08-28,Aston Villa,Newcastle,H,2.4,3.2,2.87
2004-08-28,Blackburn,Man United,D,5.0,3.4,1.72
2004-08-28,Chelsea,Southampton,H,1.28,5.0,10.0
2004-08-28,Everton,West Brom,H,2.0,3.2,3.75
2004-08-28,Man City,Charlton,H,2.25,3.2,3.1
2004-08-28,Middlesbrough,Crystal Palace,H,1.44,4.0,7.5
2004-08-28,Norwich,Arsenal,A,9.0,4.33,1.36
2004-08-28,Tottenham,Birmingham,H,2.0,3.2,3.75
2004-08-29,Bolton,Liverpool,H,3.2,3.25,2.2
2004-08-30,Man United,Everton,D,1.28,5.0,10.0
2004-08-30,Portsmouth,Fulham,H,2.3,3.25,3.0
2004-09-11,Aston Villa,Chelsea,D,4.33,3.1,1.91
2004-09-11,Bolton,Man United,D,3.75,3.5,1.91
2004-09-11,Fulham,Arsenal,A,7.0,3.6,1.53
2004-09-11,Liverpool,West Brom,H,1.44,3.75,8.5
2004-09-11,Man City,Everton,A,1.91,3.1,4.33
2004-09-11,Middlesbrough,Birmingham,H,1.91,3.1,4.33
2004-09-11,Newcastle,Blackburn,H,1.67,3.4,5.5
2004-09-11,Portsmouth,Crystal Palace,H,1.8,3.5,4.33
2004-09-12,Tottenham,Norwich,D,1.57,3.5,6.5
2004-09-13,Charlton,Southampton,D,1.83,3.3,4.33
2004-09-18,Arsenal,Bolton,D,1.25,5.0,13.0
2004-09-18,Birmingham,Charlton,D,1.9,3.1,4.33
2004-09-18,Blackburn,Portsmouth,H,2.2,3.25,3.2
2004-09-18,Crystal Palace,Man City,A,2.6,3.2,2.62
2004-09-18,Norwich,Aston Villa,D,2.75,3.2,2.5
2004-09-18,West Brom,Fulham,D,2.5,3.2,2.75
2004-09-19,Chelsea,Tottenham,D,1.5,3.6,7.5
2004-09-19,Everton,Middlesbrough,H,2.5,3.2,2.75
2004-09-19,Southampton,Newcastle,A,2.87,3.25,2.37
2004-09-20,Man United,Liverpool,H,2.0,3.2,3.75
2004-09-25,Aston Villa,Crystal Palace,D,1.5,3.6,7.5
2004-09-25,Bolton,Birmingham,D,2.0,3.2,3.75
2004-09-25,Fulham,Southampton,H,2.0,3.2,3.75
2004-09-25,Liverpool,Norwich,H,1.4,4.0,9.0
2004-09-25,Man City,Arsenal,A,6.5,3.5,1.57
2004-09-25,Middlesbrough,Chelsea,A,3.5,3.2,2.1
2004-09-25,Newcastle,West Brom,H,1.5,3.75,7.0
2004-09-25,Tottenham,Man United,A,3.4,3.25,2.1
2004-09-26,Portsmouth,Everton,A,2.25,3.2,3.1
2004-09-27,Charlton,Blackburn,H,2.1,3.25,3.4
2004-10-02,Arsenal,Charlton,H,1.28,5.0,10.0
2004-10-02,Blackburn,Aston Villa,D,2.37,3.25,2.87
2004-10-02,Everton,Tottenham,A,2.25,3.2,3.1
2004-10-02,Norwich,Portsmouth,D,2.37,3.25,2.87
2004-10-02,Southampton,Man City,D,2.37,3.25,2.87
2004-10-02,West Brom,Bolton,H,2.75,3.2,2.5
2004-10-03,Birmingham,Newcastle,D,2.62,3.2,2.6
2004-10-03,Chelsea,Liverpool,H,1.8,3.1,5.0
2004-10-03,Man United,Middlesbrough,D,1.4,4.0,9.0
2004-10-04,Crystal Palace,Fulham,H,2.62,3.2,2.6
2004-10-16,Arsenal,Aston Villa,H,1.3,5.0,9.5
2004-10-16,Birmingham,Man United,D,5.5,3.2,1.72
2004-10-16,Blackburn,Middlesbrough,A,2.5,3.2,2.75
2004-10-16,Bolton,Crystal Palace,H,1.61,3.6,5.5
2004-10-16,Everton,Southampton,H,1.72,3.4,5.0
2004-10-16,Fulham,Liverpool,A,3.4,3.25,2.1
2004-10-16,Man City,Chelsea,H,5.5,3.2,1.72
2004-10-16,West Brom,Norwich,D,2.1,3.25,3.4
2004-10-17,Charlton,Newcastle,D,2.75,3.2,2.5
2004-10-18,Portsmouth,Tottenham,H,2.6,3.2,2.62
2004-10-23,Aston Villa,Fulham,H,1.8,3.3,4.5
2004-10-23,Chelsea,Blackburn,H,1.28,5.0,10.0
2004-10-23,Crystal Palace,West Brom,H,2.3,3.25,3.0
2004-10-23,Liverpool,Charlton,H,1.5,3.6,7.5
2004-10-23,Norwich,Everton,A,2.75,3.2,2.5
2004-10-23,Tottenham,Bolton,A,1.9,3.25,4.0
2004-10-24,Man United,Arsenal,H,2.62,3.0,2.75
2004-10-24,Middlesbrough,Portsmouth,D,1.66,3.4,5.5
2004-10-24,Newcastle,Man City,H,1.66,3.4,5.5
2004-10-24,Southampton,Birmingham,D,2.5,3.2,2.75
2004-10-30,Arsenal,Southampton,D,1.16,6.5,15.0
2004-10-30,Birmingham,Crystal Palace,A,1.83,3.25,4.5
2004-10-30,Blackburn,Liverpool,D,5.0,3.1,1.8
2004-10-30,Charlton,Middlesbrough,A,2.6,3.2,2.62
2004-10-30,Everton,Aston Villa,D,2.1,3.2,3.5
2004-10-30,Fulham,Tottenham,H,2.5,3.2,2.75
2004-10-30,Portsmouth,Man United,H,5.5,3.4,1.66
2004-10-30,West Brom,Chelsea,A,7.5,4.0,1.44
2004-10-31,Bolton,Newcastle,H,2.5,3.2,2.75
2004-11-01,Man City,Norwich,D,1.72,3.4,5.0
2004-11-06,Aston Villa,Portsmouth,H,1.83,3.3,4.33
2004-11-06,Chelsea,Everton,H,1.4,4.0,9.0
2004-11-06,Crystal Palace,Arsenal,D,7.5,4.0,1.44
2004-11-06,Liverpool,Birmingham,A,1.5,3.6,7.5
2004-11-06,Norwich,Blackburn,D,2.3,3.25,3.0
2004-11-06,Southampton,West Brom,D,2.0,3.2,3.75
2004-11-06,Tottenham,Charlton,A,1.9,3.1,4.33
2004-11-07,Man United,Man City,D,1.4,4.0,9.0
2004-11-07,Middlesbrough,Bolton,D,2.0,3.2,3.75
2004-11-07,Newcastle,Fulham,A,1.57,3.5,6.5
2004-11-13,Birmingham,Everton,A,2.37,3.1,3.0
2004-11-13,Bolton,Aston Villa,A,2.25,3.2,3.1
2004-11-13,Charlton,Norwich,H,1.8,3.1,5.0
2004-11-13,Fulham,Chelsea,A,6.0,3.2,1.66
2004-11-13,Liverpool,Crystal Palace,H,1.5,3.5,8.0
2004-11-13,Man City,Blackburn,D,1.8,3.4,4.5
2004-11-13,Southampton,Portsmouth,H,2.4,3.2,2.87
2004-11-13,Tottenham,Arsenal,A,5.5,3.2,1.72
2004-11-14,Newcastle,Man United,A,3.0,3.25,2.3
2004-11-14,West Brom,Middlesbrough,A,3.1,3.1,2.3
2004-11-20,Arsenal,West Brom,D,1.16,6.5,15.0
2004-11-20,Chelsea,Bolton,D,1.36,4.33,9.0
2004-11-20,Crystal Palace,Newcastle,A,3.1,3.2,2.25
2004-11-20,Everton,Fulham,H,1.83,3.25,4.5
2004-11-20,Man United,Charlton,H,1.33,4.5,9.5
2004-11-20,Middlesbrough,Liverpool,H,2.5,3.2,2.75
2004-11-20,Norwich,Southampton,H,2.37,3.1,3.0
2004-11-20,Portsmouth,Man City,A,2.3,3.25,3.0
2004-11-21,Blackburn,Birmingham,D,2.3,3.1,3.1
2004-11-22,Aston Villa,Tottenham,H,2.0,3.2,3.75
2004-11-27,Birmingham,Norwich,D,1.83,3.25,4.5
2004-11-27,Bolton,Portsmouth,A,1.61,3.4,6.0
2004-11-27,Charlton,Chelsea,A,6.5,3.5,1.57
2004-11-27,Fulham,Blackburn,A,1.9,3.3,4.0
2004-11-27,Man City,Aston Villa,H,2.3,3.25,3.0
2004-11-27,Southampton,Crystal Palace,D,2.0,3.2,3.75
2004-11-27,West Brom,Man United,A,7.0,3.6,1.53
2004-11-28,Liverpool,Arsenal,H,3.4,3.25,2.1
2004-11-28,Newcastle,Everton,D,1.83,3.25,4.5
2004-11-28,Tottenham,Middlesbrough,H,2.5,3.1,2.8
2004-12-04,Arsenal,Birmingham,H,1.33,4.5,9.5
2004-12-04,Aston Villa,Liverpool,D,2.5,3.2,2.75
2004-12-04,Blackburn,Tottenham,A,2.5,3.2,2.75
2004-12-04,Chelsea,Newcastle,H,1.44,4.0,7.5
2004-12-04,Everton,Bolton,H,2.0,3.2,3.75
2004-12-04,Man United,Southampton,H,1.22,5.5,13.0
2004-12-04,Norwich,Fulham,A,2.37,3.25,2.87
2004-12-04,Portsmouth,West Brom,H,1.83,3.3,4.33
2004-12-05,Crystal Palace,Charlton,A,2.37,3.2,2.9
2004-12-06,Middlesbrough,Man City,H,1.83,3.25,4.5
2004-12-11,Crystal Palace,Blackburn,D,2.3,3.25,3.0
2004-12-11,Everton,Liverpool,H,2.6,3.2,2.62
2004-12-11,Man City,Tottenham,A,2.1,3.25,3.4
2004-12-11,Newcastle,Portsmouth,D,1.57,3.5,6.5
2004-12-11,Norwich,Bolton,H,2.75,3.2,2.5
2004-12-11,Southampton,Middlesbrough,D,2.87,3.2,2.4
2004-12-11,West Brom,Charlton,A,2.5,3.1,2.8
2004-12-12,Arsenal,Chelsea,D,2.5,3.1,2.8
2004-12-12,Aston Villa,Birmingham,A,2.0,3.1,4.0
2004-12-13,Fulham,Man United,D,6.5,3.5,1.57
2004-12-14,Liverpool,Portsmouth,D,1.44,4.0,7.5
2004-12-18,Birmingham,West Brom,H,1.8,3.1,5.0
2004-12-18,Blackburn,Everton,D,2.75,3.2,2.5
2004-12-18,Bolton,Man City,A,2.2,3.2,3.25
2004-12-18,Chelsea,Norwich,H,1.16,6.5,15.0
2004-12-18,Man United,Crystal Palace,H,1.22,5.5,13.0
2004-12-18,Middlesbrough,Aston Villa,H,1.9,3.1,4.33
2004-12-18,Tottenham,Southampton,H,1.72,3.4,5.0
2004-12-19,Liverpool,Newcastle,H,1.9,3.1,4.33
2004-12-19,Portsmouth,Arsenal,A,6.5,3.5,1.57
2004-12-20,Charlton,Fulham,H,2.0,3.2,3.75
2004-12-26,Arsenal,Fulham,H,1.25,5.0,13.0
2004-12-26,Birmingham,Middlesbrough,H,2.62,3.2,2.62
2004-12-26,Blackburn,Newcastle,D,2.6,3.25,2.6
2004-12-26,Chelsea,Aston Villa,H,1.3,4.5,12.0
2004-12-26,Crystal Palace,Portsmouth,A,2.5,3.2,2.75
2004-12-26,Everton,Man City,H,1.9,3.25,4.0
2004-12-26,Man United,Bolton,H,1.28,5.0,10.0
2004-12-26,Norwich,Tottenham,A,3.0,3.25,2.3
2004-12-26,Southampton,Charlton,D,2.6,3.25,2.6
2004-12-26,West Brom,Liverpool,A,5.5,3.4,1.66
2004-12-28,Aston Villa,Man United,A,4.75,3.5,1.72
2004-12-28,Bolton,Blackburn,A,2.0,3.2,3.75
2004-12-28,Charlton,Everton,H,2.62,3.2,2.6
2004-12-28,Fulham,Birmingham,A,2.37,3.2,2.9
2004-12-28,Liverpool,Southampton,H,1.36,4.33,9.0
2004-12-28,Man City,West Brom,D,1.53,3.75,6.5
2004-12-28,Middlesbrough,Norwich,H,1.5,3.75,7.0
2004-12-28,Portsmouth,Chelsea,A,6.5,3.75,1.53
2004-12-28,Tottenham,Crystal Palace,D,1.57,3.5,6.5
2004-12-29,Newcastle,Arsenal,A,3.75,3.5,1.9
2005-01-01,Aston Villa,Blackburn,H,1.9,3.1,4.33
2005-01-01,Bolton,West Brom,D,1.66,3.4,5.5
2005-01-01,Charlton,Arsenal,A,6.0,3.4,1.61
2005-01-01,Fulham,Crystal Palace,H,2.0,3.2,3.75
2005-01-01,Liverpool,Chelsea,A,3.1,3.2,2.25
2005-01-01,Man City,Southampton,H,1.72,3.4,5.0
2005-01-01,Middlesbrough,Man United,A,3.5,3.2,2.1
2005-01-01,Newcastle,Birmingham,H,1.9,3.1,4.33
2005-01-01,Portsmouth,Norwich,D,1.66,3.4,5.5
2005-01-01,Tottenham,Everton,H,2.25,3.2,3.1
2005-01-03,Blackburn,Charlton,H,2.3,3.2,2.7
2005-01-03,Crystal Palace,Aston Villa,H,2.5,3.2,2.5
2005-01-03,Norwich,Liverpool,A,4.33,3.4,1.66
2005-01-03,West Brom,Newcastle,D,3.6,3.4,1.83
2005-01-04,Arsenal,Man City,D,1.28,4.5,9.0
2005-01-04,Birmingham,Bolton,A,1.8,3.25,4.0
2005-01-04,Chelsea,Middlesbrough,H,1.36,4.0,7.5
2005-01-04,Everton,Portsmouth,H,1.72,3.25,4.33
2005-01-04,Man United,Tottenham,D,1.4,3.75,7.5
2005-01-05,Southampton,Fulham,D,2.37,3.2,2.62
2005-01-15,Aston Villa,Norwich,H,1.72,3.4,5.0
2005-01-15,Bolton,Arsenal,H,6.5,3.5,1.57
2005-01-15,Charlton,Birmingham,H,2.2,3.1,3.4
2005-01-15,Liverpool,Man United,A,2.62,3.2,2.6
2005-01-15,Man City,Crystal Palace,H,1.72,3.4,5.0
2005-01-15,Newcastle,Southampton,H,1.57,3.5,6.5
2005-01-15,Portsmouth,Blackburn,A,2.2,3.1,3.4
2005-01-15,Tottenham,Chelsea,A,4.5,3.25,1.83
2005-01-16,Fulham,West Brom,H,1.8,3.1,5.0
2005-01-16,Middlesbrough,Everton,D,2.2,3.1,3.4
2005-01-22,Birmingham,Fulham,A,1.9,3.1,4.33
2005-01-22,Chelsea,Portsmouth,H,1.2,6.0,13.0
2005-01-22,Crystal Palace,Tottenham,H,3.1,3.2,2.25
2005-01-22,Everton,Charlton,A,1.83,3.3,4.33
2005-01-22,Man United,Aston Villa,H,1.33,4.5,9.5
2005-01-22,Norwich,Middlesbrough,D,3.1,3.2,2.25
2005-01-22,Southampton,Liverpool,H,4.5,3.25,1.83
2005-01-22,West Brom,Man City,H,3.0,3.25,2.3
2005-01-23,Arsenal,Newcastle,H,1.44,4.0,7.5
2005-01-24,Blackburn,Bolton,A,2.3,3.1,3.1
2005-02-01,Arsenal,Man United,A,2.25,3.1,3.2
2005-02-01,Bolton,Tottenham,H,2.37,3.25,2.87
2005-02-01,Charlton,Liverpool,A,2.87,3.2,2.4
2005-02-01,Portsmouth,Middlesbrough,H,2.6,3.2,2.62
2005-02-01,West Brom,Crystal Palace,D,2.2,3.2,3.25
2005-02-02,Birmingham,Southampton,H,1.9,3.1,4.33
2005-02-02,Blackburn,Chelsea,A,7.0,3.75,1.5
2005-02-02,Everton,Norwich,H,1.57,3.4,7.0
2005-02-02,Fulham,Aston Villa,D,2.25,3.2,3.1
2005-02-02,Man City,Newcastle,D,2.37,3.25,2.87
2005-02-05,Aston Villa,Arsenal,A,4.5,3.4,1.8
2005-02-05,Crystal Palace,Bolton,A,2.5,3.25,2.75
2005-02-05,Liverpool,Fulham,H,1.5,3.75,7.0
2005-02-05,Man United,Birmingham,H,1.28,5.0,10.0
2005-02-05,Middlesbrough,Blackburn,H,1.8,3.4,4.5
2005-02-05,Newcastle,Charlton,D,1.8,3.4,4.5
2005-02-05,Norwich,West Brom,H,2.3,3.25,3.0
2005-02-05,Tottenham,Portsmouth,H,1.72,3.4,5.0
2005-02-06,Chelsea,Man City,D,1.25,5.5,11.0
2005-02-06,Southampton,Everton,D,2.63,3.2,2.63
2005-02-12,Birmingham,Liverpool,H,3.2,3.2,2.2
2005-02-12,Blackburn,Norwich,H,1.8,3.4,4.5
2005-02-12,Bolton,Middlesbrough,D,2.1,3.2,3.5
2005-02-12,Everton,Chelsea,A,4.5,3.25,1.83
2005-02-12,Portsmouth,Aston Villa,A,2.3,3.25,3.0
2005-02-13,Man City,Man United,A,4.5,3.4,1.8
2005-02-14,Arsenal,Crystal Palace,H,1.22,5.5,13.0
2005-02-22,West Brom,Southampton,D,2.3,3.25,3.0
2005-02-26,Aston Villa,Everton,A,2.25,3.2,3.1
2005-02-26,Crystal Palace,Birmingham,H,2.6,3.2,2.62
2005-02-26,Man United,Portsmouth,H,1.22,5.5,13.0
2005-02-26,Southampton,Arsenal,D,6.5,3.5,1.57
2005-02-26,Tottenham,Fulham,H,1.8,3.1,5.0
2005-02-27,Middlesbrough,Charlton,D,1.9,3.1,4.33
2005-02-27,Newcastle,Bolton,H,1.83,3.3,4.33
2005-02-28,Norwich,Man City,A,2.6,3.2,2.62
2005-03-05,Arsenal,Portsmouth,H,1.36,4.33,9.0
2005-03-05,Aston Villa,Middlesbrough,H,2.3,3.25,3.0
2005-03-05,Crystal Palace,Man United,D,7.5,3.6,1.5
2005-03-05,Fulham,Charlton,D,2.3,3.25,3.0
2005-03-05,Newcastle,Liverpool,H,2.4,3.2,2.87
2005-03-05,Norwich,Chelsea,A,7.5,4.33,1.4
2005-03-05,Southampton,Tottenham,H,2.5,3.2,2.75
2005-03-06,Everton,Blackburn,A,1.72,3.4,5.0
2005-03-06,West Brom,Birmingham,H,2.75,3.2,2.5
2005-03-07,Man City,Bolton,A,2.25,3.2,3.1
2005-03-15,Chelsea,West Brom,H,1.2,6.0,13.0
2005-03-16,Charlton,Tottenham,H,2.37,3.25,2.87
2005-03-16,Liverpool,Blackburn,D,1.57,3.5,6.5
2005-03-19,Blackburn,Arsenal,A,4.5,3.4,1.8
2005-03-19,Bolton,Norwich,H,1.57,3.6,6.0
2005-03-19,Charlton,West Brom,A,1.66,3.4,5.5
2005-03-19,Chelsea,Crystal Palace,H,1.2,6.0,13.0
2005-03-19,Man United,Fulham,H,1.25,5.0,13.0
2005-03-19,Portsmouth,Newcastle,D,2.75,3.2,2.5
2005-03-19,Tottenham,Man City,H,1.83,3.3,4.33
2005-03-20,Birmingham,Aston Villa,H,2.3,3.1,3.1
2005-03-20,Liverpool,Everton,H,1.9,3.1,4.33
2005-03-20,Middlesbrough,Southampton,A,1.8,3.4,4.5
2005-04-02,Arsenal,Norwich,H,1.2,6.0,13.0
2005-04-02,Birmingham,Tottenham,D,2.37,3.2,2.9
2005-04-02,Charlton,Man City,D,2.0,3.2,3.75
2005-04-02,Crystal Palace,Middlesbrough,A,2.37,3.2,2.9
2005-04-02,Liverpool,Bolton,H,1.83,3.25,4.5
2005-04-02,Man United,Blackburn,D,1.28,5.0,10.0
2005-04-02,Newcastle,Aston Villa,A,1.72,3.4,5.0
2005-04-02,Southampton,Chelsea,A,6.5,3.5,1.57
2005-04-03,Fulham,Portsmouth,H,2.1,3.25,3.4
2005-04-03,West Brom,Everton,H,2.75,3.2,2.5
2005-04-09,Blackburn,Southampton,H,2.1,3.2,3.5
2005-04-09,Bolton,Fulham,H,1.72,3.4,5.0
2005-04-09,Chelsea,Birmingham,D,1.25,5.5,11.0
2005-04-09,Man City,Liverpool,H,2.87,3.2,2.4
2005-04-09,Middlesbrough,Arsenal,A,5.0,3.1,1.8
2005-04-09,Norwich,Man United,H,7.5,4.0,1.44
2005-04-09,Portsmouth,Charlton,H,2.3,3.25,3.0
2005-04-10,Aston Villa,West Brom,D,1.83,3.25,4.5
2005-04-10,Everton,Crystal Palace,H,1.66,3.4,5.5
2005-04-10,Tottenham,Newcastle,H,2.1,3.25,3.4
2005-04-16,Birmingham,Portsmouth,D,1.9,3.1,4.33
2005-04-16,Charlton,Bolton,A,2.4,3.2,2.87
2005-04-16,Crystal Palace,Norwich,D,2.0,3.2,3.75
2005-04-16,Fulham,Man City,D,2.3,3.25,3.0
2005-04-16,Liverpool,Tottenham,D,1.83,3.25,4.5
2005-04-16,Southampton,Aston Villa,A,2.2,3.2,3.25
2005-04-19,Bolton,Southampton,D,1.61,3.6,5.5
2005-04-19,Middlesbrough,Fulham,D,1.83,3.3,4.33
2005-04-20,Aston Villa,Charlton,D,1.9,3.1,4.33
2005-04-20,Blackburn,Crystal Palace,H,1.9,3.3,4.0
2005-04-20,Chelsea,Arsenal,D,2.1,3.2,3.5
2005-04-20,Everton,Man United,H,4.0,3.3,1.9
2005-04-20,Man City,Birmingham,H,2.0,3.2,3.75
2005-04-20,Norwich,Newcastle,H,2.5,3.4,2.62
2005-04-20,Portsmouth,Liverpool,A,3.2,3.25,2.2
2005-04-20,Tottenham,West Brom,D,1.66,3.4,5.5
2005-08-13,Aston Villa,Bolton,D,2.3,3.25,3.0
2005-08-13,Everton,Man United,A,5.0,3.4,1.72
2005-08-13,Fulham,Birmingham,D,2.37,3.25,2.87
2005-08-13,Man City,West Brom,D,1.72,3.4,5.0
2005-08-13,Middlesbrough,Liverpool,D,2.87,3.2,2.4
2005-08-13,Portsmouth,Tottenham,A,2.75,3.2,2.5
2005-08-13,Sunderland,Charlton,A,2.37,3.2,2.9
2005-08-13,West Ham,Blackburn,H,2.5,3.2,2.75
2005-08-14,Arsenal,Newcastle,H,1.4,4.2,8.0
2005-08-14,Wigan,Chelsea,A,10.0,4.5,1.33
2005-08-20,Birmingham,Man City,A,2.2,3.2,3.25
2005-08-20,Blackburn,Fulham,H,2.0,3.2,3.75
2005-08-20,Charlton,Wigan,H,1.8,3.4,4.33
2005-08-20,Liverpool,Sunderland,H,1.28,5.0,10.0
2005-08-20,Man United,Aston Villa,H,1.22,5.5,13.0
2005-08-20,Newcastle,West Ham,D,1.61,3.6,5.5
2005-08-20,Tottenham,Middlesbrough,H,1.9,3.3,4.0
2005-08-20,West Brom,Portsmouth,H,2.2,3.2,3.25
2005-08-21,Bolton,Everton,A,2.1,3.2,3.5
2005-08-21,Chelsea,Arsenal,H,2.0,3.2,3.75
2005-08-23,Birmingham,Middlesbrough,A,2.5,3.2,2.75
2005-08-23,Portsmouth,Aston Villa,D,2.5,3.2,2.75
2005-08-23,Sunderland,Man City,A,2.75,3.2,2.5
2005-08-24,Arsenal,Fulham,H,1.22,5.5,13.0
2005-08-24,Blackburn,Tottenham,D,2.62,3.2,2.6
2005-08-24,Bolton,Newcastle,H,2.3,3.25,3.0
2005-08-24,Chelsea,West Brom,H,1.2,5.5,17.0
2005-08-27,Aston Villa,Blackburn,H,2.1,3.25,3.4
2005-08-27,Fulham,Everton,H,2.5,3.2,2.75
2005-08-27,Man City,Portsmouth,H,1.61,3.6,5.5
2005-08-27,Tottenham,Chelsea,A,4.33,3.3,1.83
2005-08-27,West Brom,Birmingham,A,2.37,3.1,3.0
2005-08-27,West Ham,Bolton,A,2.5,3.2,2.75
2005-08-27,Wigan,Sunderland,H,2.1,3.25,3.4
2005-08-28,Middlesbrough,Charlton,A,1.83,3.3,4.33
2005-08-28,Newcastle,Man United,A,5.0,3.6,1.66
2005-09-10,Birmingham,Charlton,A,2.37,3.25,2.87
2005-09-10,Chelsea,Sunderland,H,1.12,7.5,19.0
2005-09-10,Everton,Portsmouth,A,1.72,3.3,5.0
2005-09-10,Man United,Man City,D,1.4,3.75,10.0
2005-09-10,Middlesbrough,Arsenal,H,5.0,3.3,1.72
2005-09-10,Newcastle,Fulham,D,1.61,3.4,6.0
2005-09-10,Tottenham,Liverpool,D,2.5,3.2,2.75
2005-09-10,West Brom,Wigan,A,2.0,3.2,3.75
2005-09-11,Bolton,Blackburn,D,2.0,3.2,3.75
2005-09-12,West Ham,Aston Villa,H,2.5,3.2,2.75
2005-09-17,Aston Villa,Tottenham,D,2.6,3.25,2.6
2005-09-17,Charlton,Chelsea,A,6.0,3.6,1.57
2005-09-17,Fulham,West Ham,A,2.2,3.1,3.3
2005-09-17,Portsmouth,Birmingham,D,2.3,3.25,3.0
2005-09-17,Sunderland,West Brom,D,2.37,3.2,2.9
2005-09-18,Blackburn,Newcastle,A,2.4,3.25,2.8
2005-09-18,Liverpool,Man United,D,2.7,3.1,2.6
2005-09-18,Man City,Bolton,A,2.1,3.25,3.4
2005-09-18,Wigan,Middlesbrough,D,2.7,3.1,2.6
2005-09-19,Arsenal,Everton,H,1.4,4.0,9.0
2005-09-24,Birmingham,Liverpool,D,3.4,3.25,2.1
2005-09-24,Bolton,Portsmouth,H,1.72,3.4,5.0
2005-09-24,Chelsea,Aston Villa,H,1.22,5.5,13.0
2005-09-24,Everton,Wigan,A,1.9,3.25,4.0
2005-09-24,Man United,Blackburn,A,1.3,4.33,13.0
2005-09-24,Newcastle,Man City,H,2.1,3.25,3.4
2005-09-24,West Brom,Charlton,A,2.75,3.2,2.5
2005-09-24,West Ham,Arsenal,D,5.0,3.4,1.72
2005-09-25,Middlesbrough,Sunderland,A,1.57,3.5,6.5
2005-09-26,Tottenham,Fulham,H,1.61,3.4,6.0
2005-10-01,Blackburn,West Brom,H,1.8,3.3,4.5
2005-10-01,Charlton,Tottenham,A,2.5,3.2,2.75
2005-10-01,Fulham,Man United,A,5.0,3.6,1.66
2005-10-01,Portsmouth,Newcastle,D,2.8,3.25,2.4
2005-10-01,Sunderland,West Ham,D,2.5,3.2,2.75
2005-10-02,Arsenal,Birmingham,H,1.33,4.5,9.5
2005-10-02,Aston Villa,Middlesbrough,A,2.1,3.25,3.4
2005-10-02,Liverpool,Chelsea,A,3.25,3.0,2.3
2005-10-02,Man City,Everton,H,1.83,3.3,4.33
2005-10-02,Wigan,Bolton,H,2.6,3.2,2.62
2005-10-15,Chelsea,Bolton,H,1.28,4.5,13.0
2005-10-15,Liverpool,Blackburn,H,1.61,3.4,6.0
2005-10-15,Middlesbrough,Portsmouth,D,1.72,3.3,4.5
2005-10-15,Sunderland,Man United,A,7.5,3.6,1.5
2005-10-15,Tottenham,Everton,H,1.61,3.4,6.0
2005-10-15,West Brom,Arsenal,H,6.0,3.4,1.61
2005-10-15,Wigan,Newcastle,H,2.6,3.25,2.6
2005-10-16,Birmingham,Aston Villa,A,2.37,3.1,3.0
2005-10-16,Man City,West Ham,H,1.9,3.25,4.0
2005-10-17,Charlton,Fulham,D,1.83,3.25,4.5
2005-10-22,Arsenal,Man City,H,1.5,3.75,7.0
2005-10-22,Aston Villa,Wigan,A,2.0,3.2,3.75
2005-10-22,Blackburn,Birmingham,H,2.0,3.2,3.75
2005-10-22,Fulham,Liverpool,H,3.5,3.2,2.1
2005-10-22,Man United,Tottenham,D,1.61,3.4,6.0
2005-10-22,Portsmouth,Charlton,A,2.6,3.25,2.6
2005-10-23,Bolton,West Brom,H,1.72,3.4,5.0
2005-10-23,Everton,Chelsea,D,9.0,4.33,1.36
2005-10-23,Newcastle,Sunderland,H,1.66,3.4,5.5
2005-10-23,West Ham,Middlesbrough,H,2.37,3.25,2.87
2005-10-29,Birmingham,Everton,A,2.3,3.25,3.0
2005-10-29,Charlton,Bolton,A,2.1,3.2,3.5
2005-10-29,Chelsea,Blackburn,H,1.22,5.5,13.0
2005-10-29,Liverpool,West Ham,H,1.57,3.5,6.5
2005-10-29,Middlesbrough,Man United,H,4.5,3.3,1.8
2005-10-29,Sunderland,Portsmouth,A,2.25,3.2,3.1
2005-10-29,Tottenham,Arsenal,D,2.8,3.1,2.5
2005-10-29,Wigan,Fulham,H,2.1,3.2,3.5
2005-10-30,West Brom,Newcastle,A,3.0,3.25,2.3
2005-10-31,Man City,Aston Villa,H,1.83,3.25,4.5
2005-11-05,Arsenal,Sunderland,H,1.2,6.0,13.0
2005-11-05,Aston Villa,Liverpool,A,3.2,3.25,2.2
2005-11-05,Blackburn,Charlton,H,2.3,3.1,3.1
2005-11-05,Fulham,Man City,H,2.5,3.2,2.75
2005-11-05,Newcastle,Birmingham,H,1.61,3.4,6.0
2005-11-05,Portsmouth,Wigan,A,2.3,3.25,3.0
2005-11-05,West Ham,West Brom,H,1.83,3.3,4.33
2005-11-06,Everton,Middlesbrough,H,2.5,3.2,2.75
2005-11-06,Man United,Chelsea,H,3.25,3.2,2.2
2005-11-07,Bolton,Tottenham,H,2.4,3.25,2.62
2005-11-19,Charlton,Man United,A,4.0,3.25,1.9
2005-11-19,Chelsea,Newcastle,H,1.33,4.5,9.5
2005-11-19,Liverpool,Portsmouth,H,1.4,4.0,9.0
2005-11-19,Man City,Blackburn,D,1.9,3.25,4.0
2005-11-19,Sunderland,Aston Villa,A,2.5,3.2,2.75
2005-11-19,West Brom,Everton,H,2.5,3.2,2.75
2005-11-19,Wigan,Arsenal,A,4.5,3.3,1.8
2005-11-20,Middlesbrough,Fulham,H,1.9,3.25,4.0
2005-11-20,Tottenham,West Ham,D,1.66,3.4,5.5
2005-11-26,Arsenal,Blackburn,H,1.36,4.33,9.0
2005-11-26,Aston Villa,Charlton,H,2.25,3.2,3.1
2005-11-26,Man City,Liverpool,A,2.8,3.1,2.5
2005-11-26,Portsmouth,Chelsea,A,9.0,4.33,1.36
2005-11-26,Sunderland,Birmingham,A,2.5,3.2,2.75
2005-11-26,Wigan,Tottenham,A,2.75,3.2,2.5
2005-11-27,Everton,Newcastle,H,2.5,3.2,2.75
2005-11-27,Fulham,Bolton,H,2.37,3.25,2.87
2005-11-27,Middlesbrough,West Brom,D,1.72,3.4,5.0
2005-11-27,West Ham,Man United,A,5.0,3.3,1.72
2005-11-30,Sunderland,Liverpool,A,7.0,3.75,1.5
2005-12-03,Blackburn,Everton,A,2.0,3.2,3.75
2005-12-03,Bolton,Arsenal,H,4.33,3.3,1.83
2005-12-03,Chelsea,Middlesbrough,H,1.25,5.0,13.0
2005-12-03,Liverpool,Wigan,H,1.53,3.5,7.0
2005-12-03,Man United,Portsmouth,H,1.2,5.5,17.0
2005-12-03,Newcastle,Aston Villa,D,1.72,3.4,5.0
2005-12-03,Tottenham,Sunderland,H,1.33,4.33,10.0
2005-12-03,West Brom,Fulham,D,2.37,3.2,2.9
2005-12-04,Charlton,Man City,A,2.4,3.2,2.87
2005-12-05,Birmingham,West Ham,A,2.3,3.25,3.0
2005-12-10,Birmingham,Fulham,H,2.3,3.25,3.0
2005-12-10,Blackburn,West Ham,H,2.0,3.2,3.75
2005-12-10,Bolton,Aston Villa,D,1.83,3.3,4.33
2005-12-10,Charlton,Sunderland,H,1.66,3.4,5.5
2005-12-10,Chelsea,Wigan,H,1.2,5.5,17.0
2005-12-10,Liverpool,Middlesbrough,H,1.57,3.6,6.0
2005-12-10,Newcastle,Arsenal,H,4.0,3.25,1.9
2005-12-10,West Brom,Man City,H,2.8,3.25,2.4
2005-12-11,Man United,Everton,D,1.3,4.5,12.0
2005-12-12,Tottenham,Portsmouth,H,1.44,4.0,7.5
2005-12-14,Everton,West Ham,A,2.1,3.2,3.5
2005-12-14,Man United,Wigan,H,1.3,4.5,11.0
2005-12-17,Aston Villa,Man United,A,5.5,3.4,1.66
2005-12-17,Everton,Bolton,A,2.37,3.25,2.87
2005-12-17,Fulham,Blackburn,H,2.3,3.25,3.0
2005-12-17,Man City,Birmingham,H,1.8,3.2,5.0
2005-12-17,Portsmouth,West Brom,H,2.2,3.2,3.25
2005-12-17,West Ham,Newcastle,A,2.5,3.2,2.75
2005-12-17,Wigan,Charlton,H,2.3,3.25,3.0
2005-12-18,Arsenal,Chelsea,A,2.87,3.1,2.5
2005-12-18,Middlesbrough,Tottenham,D,2.5,3.2,2.75
2005-12-26,Aston Villa,Everton,H,2.1,3.2,3.5
2005-12-26,Charlton,Arsenal,A,5.0,3.4,1.72
2005-12-26,Chelsea,Fulham,H,1.2,5.5,17.0
2005-12-26,Liverpool,Newcastle,H,1.66,3.4,5.5
2005-12-26,Man United,West Brom,H,1.22,5.5,13.0
2005-12-26,Middlesbrough,Blackburn,A,2.0,3.2,3.75
2005-12-26,Portsmouth,West Ham,D,2.37,3.2,2.9
2005-12-26,Sunderland,Bolton,D,4.0,3.25,1.9
2005-12-26,Tottenham,Birmingham,H,1.5,3.75,7.0
2005-12-26,Wigan,Man City,H,2.4,3.2,2.87
2005-12-28,Arsenal,Portsmouth,H,1.22,5.5,13.0
2005-12-28,Birmingham,Man United,D,7.5,4.33,1.4
2005-12-28,Everton,Liverpool,A,5.0,3.4,1.72
2005-12-28,Fulham,Aston Villa,D,2.1,3.25,3.4
2005-12-28,Man City,Chelsea,A,6.0,3.6,1.57
2005-12-28,West Brom,Tottenham,H,3.4,3.25,2.1
2005-12-28,West Ham,Wigan,A,2.1,3.25,3.4
2005-12-31,Aston Villa,Arsenal,D,5.5,3.6,1.61
2005-12-31,Charlton,West Ham,H,2.2,3.25,3.2
2005-12-31,Chelsea,Birmingham,H,1.14,7.0,17.0
2005-12-31,Liverpool,West Brom,H,1.22,5.5,13.0
2005-12-31,Man United,Bolton,H,1.4,4.33,7.5
2005-12-31,Middlesbrough,Man City,D,2.25,3.25,3.1
2005-12-31,Portsmouth,Fulham,H,2.4,3.2,2.87
2005-12-31,Sunderland,Everton,A,2.6,3.25,2.6
2005-12-31,Tottenham,Newcastle,H,2.0,3.2,3.75
2005-12-31,Wigan,Blackburn,A,2.2,3.2,3.25
2006-01-02,Birmingham,Wigan,H,2.4,3.2,2.87
2006-01-02,Blackburn,Portsmouth,H,1.66,3.4,5.5
2006-01-02,Bolton,Liverpool,D,3.75,3.2,2.0
2006-01-02,Everton,Charlton,H,2.3,3.25,3.0
2006-01-02,Fulham,Sunderland,H,1.57,3.5,6.5
2006-01-02,Newcastle,Middlesbrough,D,2.1,3.1,3.6
2006-01-02,West Brom,Aston Villa,A,2.5,3.2,2.75
2006-01-02,West Ham,Chelsea,A,9.0,4.0,1.4
2006-01-03,Arsenal,Man United,D,2.62,3.1,2.75
2006-01-04,Man City,Tottenham,A,2.5,3.1,2.8
2006-01-14,Arsenal,Middlesbrough,H,1.33,4.33,8.0
2006-01-14,Aston Villa,West Ham,A,2.0,3.2,3.75
2006-01-14,Blackburn,Bolton,D,2.1,3.25,3.4
2006-01-14,Charlton,Birmingham,H,2.0,3.2,3.75
2006-01-14,Fulham,Newcastle,H,2.37,3.25,2.87
2006-01-14,Liverpool,Tottenham,H,1.66,3.4,5.5
2006-01-14,Man City,Man United,H,4.5,3.3,1.8
2006-01-14,Portsmouth,Everton,A,2.2,3.25,3.2
2006-01-15,Sunderland,Chelsea,A,17.0,5.5,1.2
2006-01-15,Wigan,West Brom,A,1.83,3.3,4.33
2006-01-21,Birmingham,Portsmouth,H,2.1,3.2,3.5
2006-01-21,Bolton,Man City,H,2.25,3.2,3.1
2006-01-21,Everton,Arsenal,H,5.5,3.5,1.66
2006-01-21,Middlesbrough,Wigan,A,2.2,3.2,3.25
2006-01-21,Newcastle,Blackburn,A,2.3,3.25,3.0
2006-01-21,Tottenham,Aston Villa,D,1.61,3.4,6.0
2006-01-21,West Brom,Sunderland,A,1.72,3.4,5.0
2006-01-22,Chelsea,Charlton,D,1.16,6.5,15.0
2006-01-22,Man United,Liverpool,H,2.3,3.1,3.1
2006-01-23,West Ham,Fulham,H,2.1,3.2,3.5
2006-01-31,Charlton,West Brom,D,1.83,3.3,4.33
2006-01-31,Fulham,Tottenham,H,2.75,3.2,2.5
2006-01-31,Sunderland,Middlesbrough,A,2.75,3.2,2.5
2006-01-31,Wigan,Everton,D,2.25,3.1,3.2
2006-02-01,Arsenal,West Ham,A,1.4,4.33,7.5
2006-02-01,Aston Villa,Chelsea,D,7.5,4.0,1.44
2006-02-01,Blackburn,Man United,H,4.0,3.25,1.9
2006-02-01,Liverpool,Birmingham,D,1.3,4.5,12.0
2006-02-01,Man City,Newcastle,H,2.1,3.25,3.4
2006-02-01,Portsmouth,Bolton,D,2.8,3.25,2.4
2006-02-04,Birmingham,Arsenal,A,3.5,3.2,2.1
2006-02-04,Bolton,Wigan,D,1.9,3.25,4.0
2006-02-04,Everton,Man City,H,2.2,3.2,3.25
2006-02-04,Man United,Fulham,H,1.3,4.5,12.0
2006-02-04,Middlesbrough,Aston Villa,A,2.25,3.2,3.1
2006-02-04,Newcastle,Portsmouth,H,1.8,3.3,4.5
2006-02-04,West Brom,Blackburn,H,2.9,3.2,2.37
2006-02-04,West Ham,Sunderland,H,1.5,3.75,7.0
2006-02-05,Chelsea,Liverpool,H,1.9,3.0,4.5
2006-02-05,Tottenham,Charlton,H,1.8,3.2,4.75
2006-02-08,Charlton,Liverpool,H,4.5,3.3,1.8
2006-02-11,Arsenal,Bolton,D,1.5,4.0,6.0
2006-02-11,Aston Villa,Newcastle,A,2.2,3.2,3.25
2006-02-11,Everton,Blackburn,H,2.25,3.2,3.1
2006-02-11,Fulham,West Brom,H,1.83,3.3,4.33
2006-02-11,Middlesbrough,Chelsea,H,7.5,4.33,1.4
2006-02-11,Portsmouth,Man United,A,6.0,3.8,1.53
2006-02-11,Wigan,Liverpool,A,3.75,3.2,2.0
2006-02-12,Man City,Charlton,H,1.9,3.25,4.0
2006-02-12,Sunderland,Tottenham,D,6.0,3.6,1.57
2006-02-13,West Ham,Birmingham,H,1.9,3.25,4.0
2006-02-14,Liverpool,Arsenal,H,2.1,3.1,3.6
2006-02-15,Blackburn,Sunderland,H,1.5,3.75,7.0
2006-02-19,Tottenham,Wigan,D,1.66,3.6,5.0
2006-02-22,Newcastle,Charlton,D,1.9,3.25,4.0
2006-02-25,Birmingham,Sunderland,H,1.66,3.4,5.5
2006-02-25,Blackburn,Arsenal,H,3.1,3.25,2.25
2006-02-25,Charlton,Aston Villa,D,2.1,3.25,3.4
2006-02-25,Chelsea,Portsmouth,H,1.14,7.0,17.0
2006-02-25,Newcastle,Everton,H,2.1,3.2,3.5
2006-02-26,Bolton,Fulham,H,1.8,3.3,4.5
2006-02-26,Liverpool,Man City,H,1.53,3.8,6.0
2006-02-26,West Brom,Middlesbrough,A,2.4,3.25,2.8
2006-03-04,Aston Villa,Portsmouth,H,1.72,3.6,4.5
2006-03-04,Fulham,Arsenal,A,3.2,3.25,2.2
2006-03-04,Liverpool,Charlton,D,1.5,3.75,7.0
2006-03-04,Middlesbrough,Birmingham,H,1.9,3.3,4.0
2006-03-04,Newcastle,Bolton,H,2.3,3.25,3.0
2006-03-04,West Brom,Chelsea,A,8.5,4.1,1.4
2006-03-04,West Ham,Everton,D,2.1,3.25,3.4
2006-03-05,Man City,Sunderland,H,1.4,4.33,7.5
2006-03-05,Tottenham,Blackburn,H,1.9,3.3,4.0
2006-03-06,Wigan,Man United,A,5.0,3.6,1.66
2006-03-11,Birmingham,West Brom,D,2.0,3.2,3.75
2006-03-11,Blackburn,Aston Villa,H,1.83,3.25,4.5
2006-03-11,Bolton,West Ham,H,2.0,3.25,3.75
2006-03-11,Chelsea,Tottenham,H,1.44,4.0,7.5
2006-03-11,Everton,Fulham,H,1.83,3.25,4.5
2006-03-11,Portsmouth,Man City,H,2.8,3.25,2.4
2006-03-11,Sunderland,Wigan,A,3.0,3.25,2.3
2006-03-12,Arsenal,Liverpool,H,2.25,3.2,3.1
2006-03-12,Charlton,Middlesbrough,H,2.2,3.2,3.2
2006-03-12,Man United,Newcastle,H,1.4,4.33,7.5
2006-03-15,Liverpool,Fulham,H,1.36,4.33,9.0
2006-03-18,Arsenal,Charlton,H,1.3,4.5,9.5
2006-03-18,Birmingham,Tottenham,A,3.25,3.2,2.2
2006-03-18,Blackburn,Middlesbrough,H,1.83,3.25,4.5
2006-03-18,Bolton,Sunderland,H,1.33,4.5,9.5
2006-03-18,Everton,Aston Villa,H,1.8,3.3,4.5
2006-03-18,Man City,Wigan,A,2.1,3.2,3.5
2006-03-18,West Brom,Man United,A,6.0,4.0,1.5
2006-03-18,West Ham,Portsmouth,A,2.0,3.2,3.75
2006-03-19,Fulham,Chelsea,H,8.0,4.2,1.4
2006-03-19,Newcastle,Liverpool,A,2.87,3.25,2.37
2006-03-25,Aston Villa,Fulham,D,2.0,3.2,3.75
2006-03-25,Chelsea,Man City,H,1.25,5.0,13.0
2006-03-25,Liverpool,Everton,H,1.57,3.6,6.0
2006-03-25,Sunderland,Blackburn,A,5.0,3.6,1.66
2006-03-25,Wigan,West Ham,A,2.0,3.2,3.75
2006-03-26,Charlton,Newcastle,H,2.3,3.25,3.0
2006-03-26,Man United,Birmingham,H,1.18,6.0,17.0
2006-03-26,Middlesbrough,Bolton,H,2.6,3.2,2.62
2006-03-27,Tottenham,West Brom,H,1.44,4.0,7.5
2006-03-29,Man United,West Ham,H,1.28,5.5,8.5
2006-04-01,Arsenal,Aston Villa,H,1.28,5.0,10.0
2006-04-01,Birmingham,Chelsea,D,9.0,5.0,1.3
2006-04-01,Bolton,Man United,A,4.0,3.25,1.9
2006-04-01,Everton,Sunderland,D,1.36,4.33,9.0
2006-04-01,Fulham,Portsmouth,A,1.9,3.3,4.0
2006-04-01,Newcastle,Tottenham,H,2.62,3.2,2.6
2006-04-01,West Brom,Liverpool,A,6.0,3.8,1.53
2006-04-02,Man City,Middlesbrough,A,2.0,3.25,3.75
2006-04-02,West Ham,Charlton,D,2.1,3.2,3.5
2006-04-03,Blackburn,Wigan,D,1.8,3.3,4.5
2006-04-04,Birmingham,Bolton,H,2.75,3.2,2.5
2006-04-08,Charlton,Everton,D,2.3,3.1,3.1
2006-04-08,Portsmouth,Blackburn,D,2.5,3.2,2.75
2006-04-08,Tottenham,Man City,H,1.61,3.6,5.5
2006-04-08,Wigan,Birmingham,D,1.9,3.4,3.8
2006-04-09,Aston Villa,West Brom,D,1.9,3.25,4.0
2006-04-09,Chelsea,West Ham,H,1.25,5.5,13.0
2006-04-09,Liverpool,Bolton,H,1.44,4.2,7.0
2006-04-09,Man United,Arsenal,H,2.1,3.2,3.5
2006-04-09,Middlesbrough,Newcastle,A,2.4,3.2,2.87
2006-04-12,Portsmouth,Arsenal,D,5.0,3.6,1.66
2006-04-14,Man United,Sunderland,D,1.1,8.0,26.0
2006-04-15,Arsenal,West Brom,H,1.22,5.5,13.0
2006-04-15,Bolton,Chelsea,A,5.5,3.6,1.61
2006-04-15,Everton,Tottenham,A,2.5,3.25,2.7
2006-04-15,Fulham,Charlton,H,2.0,3.25,3.75
2006-04-15,Newcastle,Wigan,H,1.83,3.3,4.33
2006-04-15,Portsmouth,Middlesbrough,H,1.72,3.6,4.5
2006-04-15,West Ham,Man City,H,2.1,3.2,3.5
2006-04-16,Aston Villa,Birmingham,H,2.4,3.0,3.0
2006-04-16,Blackburn,Liverpool,A,3.25,3.2,2.2
2006-04-17,Charlton,Portsmouth,H,2.25,3.25,2.8
2006-04-17,Chelsea,Everton,H,1.2,5.5,11.0
2006-04-17,Middlesbrough,West Ham,H,2.5,3.25,2.5
2006-04-17,Sunderland,Newcastle,A,4.0,3.2,1.83
2006-04-17,Tottenham,Man United,A,3.2,3.2,2.1
2006-04-17,West Brom,Bolton,D,2.5,3.25,2.5
2006-04-18,Wigan,Aston Villa,H,1.9,3.25,3.6
2006-04-19,Birmingham,Blackburn,H,2.5,3.25,2.5
2006-04-22,Arsenal,Tottenham,D,1.66,3.4,5.5
2006-04-22,Bolton,Charlton,H,1.83,3.3,4.33
2006-04-22,Everton,Birmingham,D,2.1,3.25,3.4
2006-04-22,Newcastle,West Brom,H,1.8,3.3,4.5
2006-04-22,Portsmouth,Sunderland,H,1.36,4.33,9.0
2006-04-24,Fulham,Wigan,H,2.0,3.2,3.75
2006-04-25,Aston Villa,Man City,A,2.1,3.25,3.4
2006-04-26,West Ham,Liverpool,A,4.75,3.5,1.72
2006-04-29,Birmingham,Newcastle,D,2.5,3.2,2.75
2006-04-29,Charlton,Blackburn,A,2.75,3.2,2.5
2006-04-29,Chelsea,Man United,H,2.1,3.1,3.6
2006-04-29,Liverpool,Aston Villa,H,1.36,4.33,9.0
2006-04-29,Man City,Fulham,A,1.9,3.25,4.0
2006-04-29,Middlesbrough,Everton,A,2.5,3.2,2.75
2006-04-29,Wigan,Portsmouth,A,2.4,3.25,2.8
2006-04-30,Tottenham,Bolton,H,1.61,3.6,5.5
2006-05-01,Man United,Middlesbrough,D,1.25,5.5,10.0
2006-05-01,Sunderland,Arsenal,A,10.0,5.0,1.28
2006-05-01,West Brom,West Ham,A,2.3,3.25,3.0
2006-05-02,Blackburn,Chelsea,H,3.0,3.4,2.2
2006-05-03,Bolton,Middlesbrough,D,1.57,3.8,5.5
2006-05-04,Man City,Arsenal,A,5.5,3.6,1.61
2006-05-04,Sunderland,Fulham,H,3.2,3.25,2.2
2006-05-07,Arsenal,Wigan,H,1.2,6.0,13.0
2006-05-07,Aston Villa,Sunderland,H,1.53,3.8,6.0
2006-05-07,Blackburn,Man City,H,1.66,3.4,5.5
2006-05-07,Bolton,Birmingham,H,1.61,3.6,5.5
2006-05-07,Everton,West Brom,D,1.66,3.4,5.5
2006-05-07,Fulham,Middlesbrough,H,1.66,3.4,5.5
2006-05-07,Man United,Charlton,H,1.2,6.0,13.0
2006-05-07,Newcastle,Chelsea,H,3.0,3.25,2.3
2006-05-07,Portsmouth,Liverpool,A,5.0,3.8,1.61
2006-05-07,West Ham,Tottenham,H,4.5,3.6,1.72
2006-08-19,Arsenal,Aston Villa,D,1.28,4.5,13.0
2006-08-19,Bolton,Tottenham,H,2.62,3.2,2.6
2006-08-19,Everton,Watford,H,1.66,3.4,5.5
2006-08-19,Newcastle,Wigan,H,1.72,3.5,4.75
2006-08-19,Portsmouth,Blackburn,H,2.3,3.1,3.1
2006-08-19,Reading,Middlesbrough,H,2.5,3.1,2.8
2006-08-19,Sheffield United,Liverpool,D,6.0,3.8,1.53
2006-08-19,West Ham,Charlton,H,2.0,3.2,3.75
2006-08-20,Chelsea,Man City,H,1.22,5.5,13.0
2006-08-20,Man United,Fulham,H,1.22,5.5,13.0
2006-08-22,Tottenham,Sheffield United,H,1.5,3.75,7.0
2006-08-22,Watford,West Ham,D,2.87,3.2,2.4
2006-08-23,Aston Villa,Reading,H,1.9,3.25,4.0
2006-08-23,Blackburn,Everton,D,2.3,3.1,3.1
2006-08-23,Charlton,Man United,A,7.5,3.6,1.5
2006-08-23,Fulham,Bolton,D,2.4,3.2,2.87
2006-08-23,Man City,Portsmouth,D,2.2,3.1,3.1
2006-08-23,Middlesbrough,Chelsea,H,8.5,3.75,1.44
2006-08-26,Charlton,Bolton,H,2.5,3.1,2.8
2006-08-26,Fulham,Sheffield United,H,1.9,3.25,4.0
2006-08-26,Liverpool,West Ham,H,1.44,4.0,7.5
2006-08-26,Man City,Arsenal,H,5.5,3.6,1.61
2006-08-26,Tottenham,Everton,A,1.72,3.4,5.0
2006-08-26,Watford,Man United,A,7.5,4.33,1.4
2006-08-26,Wigan,Reading,H,1.9,3.25,4.0
2006-08-27,Aston Villa,Newcastle,H,2.37,3.1,3.0
2006-08-27,Blackburn,Chelsea,A,6.5,3.6,1.53
2006-08-28,Middlesbrough,Portsmouth,A,2.0,3.2,3.75
2006-09-09,Arsenal,Middlesbrough,D,1.33,4.33,10.0
2006-09-09,Bolton,Watford,H,1.66,3.4,5.5
2006-09-09,Chelsea,Charlton,H,1.2,5.5,17.0
2006-09-09,Everton,Liverpool,H,3.75,3.2,2.0
2006-09-09,Man United,Tottenham,H,1.5,3.75,7.0
2006-09-09,Newcastle,Fulham,A,1.72,3.4,5.0
2006-09-09,Portsmouth,Wigan,H,1.83,3.25,4.5
2006-09-09,Sheffield United,Blackburn,D,2.62,3.2,2.62
2006-09-10,West Ham,Aston Villa,D,2.1,3.2,3.5
2006-09-11,Reading,Man City,H,2.3,3.1,3.1
2006-09-16,Bolton,Middlesbrough,D,2.0,3.2,3.75
2006-09-16,Charlton,Portsmouth,A,2.3,3.25,3.0
2006-09-16,Everton,Wigan,D,1.72,3.4,5.0
2006-09-16,Sheffield United,Reading,A,2.5,3.1,2.8
2006-09-16,Watford,Aston Villa,D,2.75,3.2,2.5
2006-09-17,Blackburn,Man City,H,2.0,3.2,3.75
2006-09-17,Chelsea,Liverpool,H,1.83,3.25,4.5
2006-09-17,Man United,Arsenal,A,1.9,3.25,4.0
2006-09-17,Tottenham,Fulham,D,1.61,3.4,6.0
2006-09-17,West Ham,Newcastle,A,2.1,3.2,3.5
2006-09-20,Liverpool,Newcastle,H,1.53,3.6,6.5
2006-09-23,Arsenal,Sheffield United,H,1.2,5.5,17.0
2006-09-23,Aston Villa,Charlton,H,1.8,3.4,4.33
2006-09-23,Fulham,Chelsea,A,7.5,4.33,1.4
2006-09-23,Liverpool,Tottenham,H,1.61,3.75,5.25
2006-09-23,Man City,West Ham,H,2.25,3.2,3.1
2006-09-23,Middlesbrough,Blackburn,A,2.1,3.1,3.5
2006-09-23,Reading,Man United,D,7.0,3.75,1.5
2006-09-23,Wigan,Watford,D,1.83,3.3,4.33
2006-09-24,Newcastle,Everton,D,2.2,3.2,3.25
2006-09-25,Portsmouth,Bolton,A,1.9,3.25,4.0
2006-09-30,Bolton,Liverpool,H,3.75,3.2,2.0
2006-09-30,Charlton,Arsenal,A,6.5,3.6,1.53
2006-09-30,Chelsea,Aston Villa,D,1.3,5.0,8.5
2006-09-30,Everton,Man City,D,1.83,3.3,4.33
2006-09-30,Sheffield United,Middlesbrough,H,2.6,3.25,2.6
2006-10-01,Blackburn,Wigan,H,1.9,3.25,4.0
2006-10-01,Man United,Newcastle,H,1.3,4.33,13.0
2006-10-01,Tottenham,Portsmouth,H,1.8,3.25,4.5
2006-10-01,West Ham,Reading,A,1.9,3.25,4.0
2006-10-02,Watford,Fulham,D,2.4,3.2,2.87
2006-10-14,Arsenal,Watford,H,1.16,6.5,15.0
2006-10-14,Aston Villa,Tottenham,D,2.25,3.1,3.2
2006-10-14,Liverpool,Blackburn,D,1.44,4.0,7.5
2006-10-14,Man City,Sheffield United,D,1.66,3.6,5.0
2006-10-14,Middlesbrough,Everton,H,2.6,3.1,2.7
2006-10-14,Portsmouth,West Ham,H,2.0,3.2,3.75
2006-10-14,Reading,Chelsea,A,7.5,4.33,1.4
2006-10-14,Wigan,Man United,A,6.0,3.8,1.53
2006-10-15,Newcastle,Bolton,A,2.25,3.2,3.1
2006-10-16,Fulham,Charlton,H,2.1,3.1,3.6
2006-10-21,Aston Villa,Fulham,D,1.72,3.4,5.0
2006-10-21,Charlton,Watford,D,1.9,3.25,4.0
2006-10-21,Chelsea,Portsmouth,H,1.28,5.0,10.0
2006-10-21,Everton,Sheffield United,H,1.57,3.5,6.5
2006-10-21,Wigan,Man City,H,2.3,3.1,3.1
2006-10-22,Blackburn,Bolton,A,2.37,3.1,2.75
2006-10-22,Man United,Liverpool,H,1.9,3.25,4.0
2006-10-22,Middlesbrough,Newcastle,H,2.4,3.1,2.87
2006-10-22,Reading,Arsenal,A,5.5,3.6,1.61
2006-10-22,Tottenham,West Ham,H,1.8,3.3,4.5
2006-10-28,Arsenal,Everton,D,1.4,4.0,9.0
2006-10-28,Bolton,Man United,A,4.33,3.3,1.83
2006-10-28,Fulham,Wigan,A,2.1,3.25,3.4
2006-10-28,Liverpool,Aston Villa,H,1.53,3.6,6.5
2006-10-28,Newcastle,Charlton,D,1.8,3.3,4.5
2006-10-28,Portsmouth,Reading,H,1.8,3.3,4.5
2006-10-28,Sheffield United,Chelsea,A,12.0,4.5,1.3
2006-10-28,Watford,Tottenham,D,3.6,3.3,2.0
2006-10-29,West Ham,Blackburn,H,2.5,3.2,2.75
2006-10-30,Man City,Middlesbrough,H,2.37,3.1,3.0
2006-11-04,Bolton,Wigan,A,1.9,3.25,4.0
2006-11-04,Charlton,Man City,H,2.3,3.1,3.1
2006-11-04,Fulham,Everton,H,2.8,3.1,2.5
2006-11-04,Liverpool,Reading,H,1.33,4.5,9.5
2006-11-04,Man United,Portsmouth,H,1.3,5.0,9.0
2006-11-04,Newcastle,Sheffield United,A,1.72,3.4,5.0
2006-11-04,Watford,Middlesbrough,H,2.6,3.0,2.8
2006-11-05,Aston Villa,Blackburn,H,2.0,3.2,3.75
2006-11-05,Tottenham,Chelsea,H,5.0,3.4,1.72
2006-11-05,West Ham,Arsenal,H,5.5,3.6,1.61
2006-11-11,Blackburn,Man United,A,5.5,3.6,1.61
2006-11-11,Chelsea,Watford,H,1.12,7.0,23.0
2006-11-11,Everton,Aston Villa,A,2.0,3.2,3.75
2006-11-11,Man City,Newcastle,D,2.1,3.2,3.5
2006-11-11,Middlesbrough,West Ham,H,2.2,3.2,3.25
2006-11-11,Portsmouth,Fulham,D,1.83,3.3,4.33
2006-11-11,Sheffield United,Bolton,D,2.9,3.2,2.37
2006-11-11,Wigan,Charlton,H,1.9,3.25,4.0
2006-11-12,Arsenal,Liverpool,H,2.0,3.2,3.75
2006-11-12,Reading,Tottenham,H,3.1,3.2,2.25
2006-11-18,Arsenal,Newcastle,D,1.25,5.0,13.0
2006-11-18,Chelsea,West Ham,H,1.18,5.75,17.0
2006-11-18,Everton,Bolton,H,2.4,3.2,2.87
2006-11-18,Man City,Fulham,H,2.1,3.2,3.5
2006-11-18,Middlesbrough,Liverpool,D,3.75,3.2,2.0
2006-11-18,Portsmouth,Watford,H,1.61,3.6,5.5
2006-11-18,Reading,Charlton,H,1.9,3.25,4.0
2006-11-18,Sheffield United,Man United,A,9.0,4.33,1.36
2006-11-19,Blackburn,Tottenham,D,2.4,3.2,2.87
2006-11-19,Wigan,Aston Villa,D,2.37,3.2,2.9
2006-11-25,Aston Villa,Middlesbrough,D,1.8,3.3,4.5
2006-11-25,Bolton,Arsenal,H,3.6,3.3,2.0
2006-11-25,Charlton,Everton,D,2.7,3.25,2.5
2006-11-25,Fulham,Reading,A,2.2,3.1,3.3
2006-11-25,Liverpool,Man City,H,1.44,3.75,8.5
2006-11-25,West Ham,Sheffield United,H,1.8,3.3,4.5
2006-11-26,Man United,Chelsea,D,2.5,3.1,2.8
2006-11-26,Newcastle,Portsmouth,H,2.3,3.1,3.1
2006-11-26,Tottenham,Wigan,H,1.8,3.3,4.5
2006-11-28,Watford,Sheffield United,A,2.2,3.1,3.3
2006-11-29,Aston Villa,Man City,A,1.83,3.3,4.33
2006-11-29,Bolton,Chelsea,A,5.0,3.6,1.66
2006-11-29,Fulham,Arsenal,H,6.0,3.6,1.57
2006-11-29,Liverpool,Portsmouth,D,1.44,4.0,7.5
2006-11-29,Man United,Everton,H,1.33,4.5,9.5
2006-12-02,Arsenal,Tottenham,H,1.66,3.5,5.0
2006-12-02,Blackburn,Fulham,H,1.9,3.25,4.0
2006-12-02,Middlesbrough,Man United,A,6.0,3.6,1.57
2006-12-02,Portsmouth,Aston Villa,D,2.2,3.2,3.25
2006-12-02,Reading,Bolton,H,2.4,3.2,2.87
2006-12-02,Sheffield United,Charlton,H,2.2,3.1,3.3
2006-12-02,Wigan,Liverpool,A,3.75,3.2,2.0
2006-12-03,Everton,West Ham,H,1.9,3.25,4.0
2006-12-04,Man City,Watford,D,1.57,3.6,6.0
2006-12-05,Charlton,Blackburn,H,2.5,3.1,2.8
2006-12-05,Tottenham,Middlesbrough,H,1.72,3.4,5.0
2006-12-06,Newcastle,Reading,H,1.9,3.25,4.0
2006-12-06,West Ham,Wigan,A,2.0,3.3,3.6
2006-12-09,Blackburn,Newcastle,A,2.15,3.25,3.4
2006-12-09,Bolton,West Ham,H,1.75,3.3,5.0
2006-12-09,Liverpool,Fulham,H,1.33,4.5,9.5
2006-12-09,Man United,Man City,H,1.36,4.33,9.0
2006-12-09,Middlesbrough,Wigan,D,2.05,3.2,3.6
2006-12-09,Portsmouth,Everton,H,2.2,3.2,3.25
2006-12-09,Tottenham,Charlton,H,1.53,4.0,6.0
2006-12-09,Watford,Reading,D,2.6,3.2,2.62
2006-12-10,Chelsea,Arsenal,D,1.72,3.4,5.0
2006-12-11,Sheffield United,Aston Villa,D,2.62,3.2,2.6
2006-12-13,Chelsea,Newcastle,H,1.2,6.0,13.0
2006-12-13,Wigan,Arsenal,A,4.75,3.5,1.72
2006-12-16,Arsenal,Portsmouth,D,1.4,4.33,7.5
2006-12-16,Aston Villa,Bolton,A,2.4,3.2,2.87
2006-12-16,Charlton,Liverpool,A,6.0,3.8,1.53
2006-12-16,Newcastle,Watford,H,1.72,3.4,5.0
2006-12-16,Reading,Blackburn,A,2.1,3.25,3.4
2006-12-16,Wigan,Sheffield United,A,1.8,3.4,4.33
2006-12-17,Everton,Chelsea,A,5.5,3.8,1.57
2006-12-17,Man City,Tottenham,A,2.5,3.2,2.75
2006-12-17,West Ham,Man United,H,6.5,4.0,1.44
2006-12-18,Fulham,Middlesbrough,H,2.25,3.2,3.1
2006-12-23,Arsenal,Blackburn,H,1.33,4.5,9.5
2006-12-23,Aston Villa,Man United,A,5.5,3.6,1.61
2006-12-23,Fulham,West Ham,D,2.37,3.25,2.87
2006-12-23,Liverpool,Watford,H,1.2,6.0,13.0
2006-12-23,Man City,Bolton,A,2.4,3.25,2.87
2006-12-23,Middlesbrough,Charlton,H,1.72,3.4,5.0
2006-12-23,Newcastle,Tottenham,H,2.5,3.2,2.75
2006-12-23,Portsmouth,Sheffield United,H,1.66,3.6,5.0
2006-12-23,Reading,Everton,A,2.3,3.25,3.0
2006-12-23,Wigan,Chelsea,A,7.5,4.33,1.4
2006-12-26,Blackburn,Liverpool,H,4.2,3.4,1.83
2006-12-26,Bolton,Newcastle,H,1.9,3.3,4.0
2006-12-26,Chelsea,Reading,D,1.18,6.0,15.0
2006-12-26,Everton,Middlesbrough,D,1.83,3.25,4.5
2006-12-26,Man United,Wigan,H,1.18,6.0,15.0
2006-12-26,Sheffield United,Man City,A,2.3,3.25,3.0
2006-12-26,Tottenham,Aston Villa,H,1.8,3.2,4.75
2006-12-26,Watford,Arsenal,A,8.0,4.2,1.4
2006-12-26,West Ham,Portsmouth,A,2.25,3.2,3.1
2006-12-27,Charlton,Fulham,D,2.5,3.25,2.7
2006-12-30,Blackburn,Middlesbrough,H,2.0,3.2,3.75
2006-12-30,Bolton,Portsmouth,H,2.0,3.2,3.75
2006-12-30,Charlton,Aston Villa,H,2.6,3.2,2.62
2006-12-30,Chelsea,Fulham,D,1.14,6.5,21.0
2006-12-30,Everton,Newcastle,H,2.1,3.25,3.4
2006-12-30,Man United,Reading,H,1.2,6.0,13.0
2006-12-30,Sheffield United,Arsenal,H,6.0,4.0,1.5
2006-12-30,Tottenham,Liverpool,A,2.6,3.2,2.62
2006-12-30,West Ham,Man City,A,2.1,3.2,3.5
2007-01-01,Fulham,Watford,D,1.66,3.4,5.5
2007-01-01,Liverpool,Bolton,H,1.61,3.4,6.0
2007-01-01,Man City,Everton,H,2.37,3.2,2.9
2007-01-01,Middlesbrough,Sheffield United,H,1.8,3.4,4.5
2007-01-01,Newcastle,Man United,D,6.5,3.75,1.53
2007-01-01,Portsmouth,Tottenham,D,2.4,3.2,2.87
2007-01-01,Reading,West Ham,H,2.1,3.2,3.5
2007-01-01,Wigan,Blackburn,A,2.37,3.2,2.9
2007-01-02,Arsenal,Charlton,H,1.22,5.5,13.0
2007-01-02,Aston Villa,Chelsea,D,6.5,3.75,1.53
2007-01-13,Blackburn,Arsenal,A,4.2,3.4,1.83
2007-01-13,Bolton,Man City,D,1.8,3.25,4.75
2007-01-13,Charlton,Middlesbrough,A,2.5,3.2,2.75
2007-01-13,Chelsea,Wigan,H,1.2,6.0,13.0
2007-01-13,Man United,Aston Villa,H,1.25,5.5,11.0
2007-01-13,Sheffield United,Portsmouth,D,2.6,3.2,2.62
2007-01-13,Watford,Liverpool,A,6.5,3.75,1.53
2007-01-13,West Ham,Fulham,D,2.1,3.3,3.4
2007-01-14,Everton,Reading,D,2.0,3.2,3.75
2007-01-14,Tottenham,Newcastle,A,1.8,3.4,4.5
2007-01-20,Aston Villa,Watford,H,1.57,3.6,6.0
2007-01-20,Fulham,Tottenham,D,2.87,3.2,2.4
2007-01-20,Liverpool,Chelsea,H,2.87,3.0,2.5
2007-01-20,Man City,Blackburn,A,2.25,3.2,3.1
2007-01-20,Middlesbrough,Bolton,H,2.5,3.2,2.75
2007-01-20,Newcastle,West Ham,D,1.8,3.4,4.33
2007-01-20,Portsmouth,Charlton,A,1.57,3.8,5.5
2007-01-20,Reading,Sheffield United,H,1.83,3.3,4.33
2007-01-21,Arsenal,Man United,H,2.5,3.1,2.8
2007-01-21,Wigan,Everton,A,2.5,3.2,2.75
2007-01-23,Watford,Blackburn,H,3.4,3.25,2.1
2007-01-30,Portsmouth,Middlesbrough,D,1.9,3.3,4.0
2007-01-30,Reading,Wigan,H,1.8,3.3,4.5
2007-01-30,Sheffield United,Fulham,H,2.4,3.2,2.87
2007-01-30,West Ham,Liverpool,A,5.0,3.6,1.66
2007-01-31,Bolton,Charlton,D,1.5,4.0,6.0
2007-01-31,Chelsea,Blackburn,H,1.28,5.0,10.0
2007-01-31,Man United,Watford,H,1.14,7.0,17.0
2007-01-31,Newcastle,Aston Villa,H,2.1,3.2,3.5
2007-02-03,Aston Villa,West Ham,H,1.83,3.3,4.33
2007-02-03,Blackburn,Sheffield United,H,1.72,3.5,4.75
2007-02-03,Charlton,Chelsea,A,8.0,4.5,1.36
2007-02-03,Fulham,Newcastle,H,2.3,3.25,3.0
2007-02-03,Liverpool,Everton,D,1.57,3.6,6.0
2007-02-03,Man City,Reading,A,2.2,3.2,3.25
2007-02-03,Middlesbrough,Arsenal,D,4.33,3.4,1.8
2007-02-03,Watford,Bolton,A,3.25,3.2,2.2
2007-02-03,Wigan,Portsmouth,H,2.6,3.1,2.7
2007-02-04,Tottenham,Man United,A,4.75,3.5,1.72
2007-02-10,Chelsea,Middlesbrough,H,1.28,5.0,10.0
2007-02-10,Everton,Blackburn,H,2.1,3.2,3.5
2007-02-10,Man United,Charlton,H,1.14,7.0,19.0
2007-02-10,Newcastle,Liverpool,H,3.8,3.4,1.9
2007-02-10,Portsmouth,Man City,H,1.9,3.25,4.0
2007-02-10,Reading,Aston Villa,H,2.1,3.2,3.5
2007-02-10,Sheffield United,Tottenham,H,2.8,3.25,2.4
2007-02-10,West Ham,Watford,A,1.83,3.3,4.33
2007-02-11,Arsenal,Wigan,H,1.25,5.0,13.0
2007-02-11,Bolton,Fulham,H,1.66,3.6,5.0
2007-02-21,Everton,Tottenham,A,2.3,3.25,3.0
2007-02-21,Watford,Wigan,D,2.4,3.25,2.8
2007-02-24,Charlton,West Ham,H,2.3,3.25,3.0
2007-02-24,Fulham,Man United,A,7.5,4.33,1.4
2007-02-24,Liverpool,Sheffield United,H,1.3,4.75,8.5
2007-02-24,Middlesbrough,Reading,H,2.25,3.2,3.1
2007-02-24,Watford,Everton,A,3.1,3.2,2.25
2007-02-25,Blackburn,Portsmouth,H,2.3,3.1,3.1
2007-02-25,Tottenham,Bolton,H,2.1,3.25,3.4
2007-02-25,Wigan,Newcastle,H,2.5,3.25,2.7
2007-03-03,Arsenal,Reading,H,1.5,3.75,7.0
2007-03-03,Fulham,Aston Villa,D,2.37,3.2,2.9
2007-03-03,Liverpool,Man United,A,2.6,3.1,2.7
2007-03-03,Man City,Wigan,A,2.0,3.2,3.75
2007-03-03,Newcastle,Middlesbrough,D,2.0,3.2,3.75
2007-03-03,Portsmouth,Chelsea,A,6.0,3.75,1.5
2007-03-03,Sheffield United,Everton,D,2.6,3.2,2.62
2007-03-03,Watford,Charlton,D,2.5,3.1,2.8
2007-03-04,Bolton,Blackburn,A,2.0,3.2,3.75
2007-03-04,West Ham,Tottenham,A,3.2,3.25,2.2
2007-03-14,Aston Villa,Arsenal,A,3.6,3.3,2.0
2007-03-14,Man City,Chelsea,A,7.0,3.75,1.5
2007-03-17,Blackburn,West Ham,A,1.72,3.5,4.75
2007-03-17,Chelsea,Sheffield United,H,1.16,6.5,15.0
2007-03-17,Man United,Bolton,H,1.3,5.0,9.0
2007-03-17,Middlesbrough,Man City,A,1.95,3.3,3.8
2007-03-17,Reading,Portsmouth,D,2.0,3.3,3.6
2007-03-17,Tottenham,Watford,H,1.4,4.0,7.0
2007-03-17,Wigan,Fulham,D,2.1,3.25,3.4
2007-03-18,Aston Villa,Liverpool,D,4.0,3.25,1.9
2007-03-18,Charlton,Newcastle,H,2.4,3.25,2.8
2007-03-18,Everton,Arsenal,H,3.1,3.3,2.2
2007-03-31,Bolton,Sheffield United,H,1.61,3.6,5.5
2007-03-31,Charlton,Wigan,H,2.1,3.25,3.4
2007-03-31,Fulham,Portsmouth,D,2.3,3.25,3.0
2007-03-31,Liverpool,Arsenal,H,2.2,3.2,3.25
2007-03-31,Man United,Blackburn,H,1.33,4.5,9.5
2007-03-31,Newcastle,Man City,A,1.9,3.3,4.0
2007-03-31,Watford,Chelsea,A,9.5,4.5,1.33
2007-03-31,West Ham,Middlesbrough,H,2.2,3.2,3.25
2007-04-01,Tottenham,Reading,H,1.72,3.4,5.0
2007-04-02,Aston Villa,Everton,D,2.37,3.2,2.9
2007-04-06,Everton,Fulham,H,1.66,3.4,5.5
2007-04-06,Man City,Charlton,D,2.1,3.2,3.5
2007-04-07,Arsenal,West Ham,A,1.4,4.33,7.5
2007-04-07,Blackburn,Aston Villa,A,2.0,3.2,3.75
2007-04-07,Chelsea,Tottenham,H,1.44,4.0,7.5
2007-04-07,Middlesbrough,Watford,H,1.61,3.6,5.5
2007-04-07,Portsmouth,Man United,H,6.0,4.0,1.5
2007-04-07,Reading,Liverpool,A,3.8,3.4,1.9
2007-04-07,Sheffield United,Newcastle,A,2.37,3.25,2.87
2007-04-07,Wigan,Bolton,A,2.5,3.25,2.7
2007-04-09,Aston Villa,Wigan,D,1.9,3.25,4.0
2007-04-09,Bolton,Everton,D,2.1,3.2,3.4
2007-04-09,Charlton,Reading,D,2.25,3.25,3.1
2007-04-09,Fulham,Man City,A,2.2,3.25,3.2
2007-04-09,Newcastle,Arsenal,D,3.2,3.25,2.2
2007-04-09,Watford,Portsmouth,H,3.0,3.25,2.3
2007-04-14,Arsenal,Bolton,H,1.66,3.6,5.0
2007-04-14,Man City,Liverpool,D,4.0,3.5,1.83
2007-04-14,Middlesbrough,Aston Villa,A,2.1,3.25,3.4
2007-04-14,Portsmouth,Newcastle,H,2.1,3.25,3.4
2007-04-14,Reading,Fulham,H,1.9,3.25,4.0
2007-04-14,Sheffield United,West Ham,H,2.4,3.25,2.8
2007-04-15,Everton,Charlton,H,1.72,3.5,4.75
2007-04-15,Wigan,Tottenham,D,3.0,3.3,2.25
2007-04-17,Arsenal,Man City,H,1.4,4.33,7.5
2007-04-17,Man United,Sheffield United,H,1.14,7.0,17.0
2007-04-18,Blackburn,Watford,H,1.61,3.6,5.5
2007-04-18,Liverpool,Middlesbrough,H,1.36,4.5,8.0
2007-04-18,West Ham,Chelsea,A,7.0,4.2,1.44
2007-04-21,Bolton,Reading,A,1.83,3.3,4.33
2007-04-21,Charlton,Sheffield United,D,2.05,3.25,3.6
2007-04-21,Fulham,Blackburn,D,2.25,3.2,3.1
2007-04-21,Liverpool,Wigan,H,1.36,4.5,8.0
2007-04-21,Man United,Middlesbrough,D,1.2,6.0,13.0
2007-04-21,Tottenham,Arsenal,D,2.7,3.25,2.5
2007-04-21,Watford,Man City,D,2.62,3.25,2.6
2007-04-21,West Ham,Everton,H,2.4,3.4,2.75
2007-04-22,Aston Villa,Portsmouth,D,2.2,2.5,3.2
2007-04-22,Newcastle,Chelsea,D,6.0,3.8,1.53
2007-04-28,Blackburn,Charlton,H,2.1,3.25,3.4
2007-04-28,Chelsea,Bolton,D,1.28,5.0,10.0
2007-04-28,Everton,Man United,A,5.0,3.6,1.66
2007-04-28,Man City,Aston Villa,A,2.3,3.25,3.0
2007-04-28,Middlesbrough,Tottenham,A,2.7,3.25,2.5
2007-04-28,Portsmouth,Liverpool,H,3.2,3.25,2.2
2007-04-28,Sheffield United,Watford,H,1.57,3.8,5.5
2007-04-28,Wigan,West Ham,A,2.1,3.25,3.4
2007-04-29,Arsenal,Fulham,H,1.33,4.5,9.5
2007-04-30,Reading,Newcastle,H,2.0,3.3,3.6
2007-05-05,Aston Villa,Sheffield United,H,1.9,3.4,4.0
2007-05-05,Everton,Portsmouth,H,1.95,3.3,3.8
2007-05-05,Fulham,Liverpool,H,3.2,3.25,2.2
2007-05-05,Man City,Man United,A,6.0,4.0,1.5
2007-05-05,Newcastle,Blackburn,A,2.25,3.3,3.0
2007-05-05,Reading,Watford,A,1.4,4.33,7.5
2007-05-05,West Ham,Bolton,H,2.15,3.25,3.3
2007-05-05,Wigan,Middlesbrough,A,2.1,3.25,3.4
2007-05-06,Arsenal,Chelsea,D,2.7,3.25,2.5
2007-05-07,Charlton,Tottenham,A,2.87,3.25,2.37
2007-05-09,Chelsea,Man United,D,2.1,3.2,3.2
2007-05-10,Tottenham,Blackburn,D,1.8,3.4,4.33
2007-05-13,Blackburn,Reading,D,2.0,3.4,3.5
2007-05-13,Bolton,Aston Villa,D,1.86,3.4,4.0
2007-05-13,Chelsea,Everton,D,1.72,3.5,4.75
2007-05-13,Liverpool,Charlton,D,1.36,4.5,8.0
2007-05-13,Man United,West Ham,A,1.57,3.6,6.0
2007-05-13,Middlesbrough,Fulham,H,1.9,3.25,4.0
2007-05-13,Portsmouth,Arsenal,D,2.7,3.5,2.37
2007-05-13,Sheffield United,Wigan,A,2.3,3.4,2.87
2007-05-13,Tottenham,Man City,H,1.5,3.75,7.0
2007-05-13,Watford,Newcastle,D,2.8,3.3,2.37
2007-08-11,Aston Villa,Liverpool,A,4.0,3.25,1.9
2007-08-11,Bolton,Newcastle,A,2.5,3.2,2.75
2007-08-11,Derby,Portsmouth,D,2.8,3.25,2.4
2007-08-11,Everton,Wigan,H,1.66,3.4,5.5
2007-08-11,Middlesbrough,Blackburn,A,2.37,3.25,2.87
2007-08-11,Sunderland,Tottenham,H,3.4,3.25,2.1
2007-08-11,West Ham,Man City,A,2.0,3.2,3.75
2007-08-12,Arsenal,Fulham,H,1.33,4.5,10.0
2007-08-12,Chelsea,Birmingham,H,1.2,6.0,13.0
2007-08-12,Man United,Reading,D,1.22,5.5,13.0
2007-08-14,Tottenham,Everton,A,1.8,3.4,4.33
2007-08-15,Birmingham,Sunderland,D,2.3,3.25,3.0
2007-08-15,Fulham,Bolton,H,2.2,3.25,3.2
2007-08-15,Man City,Derby,H,1.61,3.6,5.5
2007-08-15,Portsmouth,Man United,D,5.5,3.6,1.61
2007-08-15,Reading,Chelsea,A,6.5,3.75,1.53
2007-08-15,Wigan,Middlesbrough,H,2.3,3.25,3.0
2007-08-18,Birmingham,West Ham,A,2.37,3.25,2.87
2007-08-18,Fulham,Middlesbrough,A,2.1,3.25,3.4
2007-08-18,Newcastle,Aston Villa,D,1.83,3.3,4.33
2007-08-18,Portsmouth,Bolton,H,1.83,3.3,4.33
2007-08-18,Reading,Everton,H,2.5,3.25,2.7
2007-08-18,Tottenham,Derby,H,1.44,4.0,7.5
2007-08-18,Wigan,Sunderland,H,2.2,3.25,3.2
2007-08-19,Blackburn,Arsenal,D,3.1,3.2,2.25
2007-08-19,Liverpool,Chelsea,D,2.62,3.1,3.1
2007-08-19,Man City,Man United,H,4.5,3.25,1.83
2007-08-25,Arsenal,Man City,H,1.53,3.8,6.0
2007-08-25,Aston Villa,Fulham,H,1.8,3.4,4.5
2007-08-25,Bolton,Reading,H,2.25,3.2,3.0
2007-08-25,Chelsea,Portsmouth,H,1.28,5.0,10.0
2007-08-25,Derby,Birmingham,A,2.37,3.25,2.87
2007-08-25,Everton,Blackburn,D,2.1,3.2,3.5
2007-08-25,Sunderland,Liverpool,A,6.0,3.6,1.57
2007-08-25,West Ham,Wigan,D,1.9,3.25,4.0
2007-08-26,Man United,Tottenham,H,1.5,4.0,6.0
2007-08-26,Middlesbrough,Newcastle,D,2.6,3.2,2.62
2007-09-01,Bolton,Everton,A,2.4,3.2,2.87
2007-09-01,Fulham,Tottenham,D,3.1,3.2,2.25
2007-09-01,Liverpool,Derby,H,1.16,6.0,19.0
2007-09-01,Man United,Sunderland,H,1.16,6.0,19.0
2007-09-01,Middlesbrough,Birmingham,H,2.0,3.2,3.75
2007-09-01,Newcastle,Wigan,H,1.72,3.5,4.75
2007-09-01,Reading,West Ham,A,2.2,3.2,3.25
2007-09-02,Blackburn,Man City,H,2.2,3.2,3.25
2007-09-02,Arsenal,Portsmouth,H,1.5,3.75,7.0
2007-09-02,Aston Villa,Chelsea,H,5.5,3.6,1.61
2007-09-15,Birmingham,Bolton,H,2.37,3.25,3.0
2007-09-15,Chelsea,Blackburn,D,1.36,4.33,10.0
2007-09-15,Everton,Man United,A,4.5,3.5,1.8
2007-09-15,Portsmouth,Liverpool,D,5.0,3.5,1.72
2007-09-15,Sunderland,Reading,H,2.25,3.25,3.2
2007-09-15,Tottenham,Arsenal,A,2.8,3.2,2.5
2007-09-15,West Ham,Middlesbrough,H,2.0,3.4,3.75
2007-09-15,Wigan,Fulham,D,2.1,3.25,3.6
2007-09-16,Man City,Aston Villa,H,2.37,3.25,3.0
2007-09-17,Derby,Newcastle,H,4.33,3.25,1.9
2007-09-22,Arsenal,Derby,H,1.14,7.0,23.0
2007-09-22,Fulham,Man City,D,2.5,3.25,2.8
2007-09-22,Liverpool,Birmingham,D,1.22,5.25,17.0
2007-09-22,Middlesbrough,Sunderland,D,2.1,3.2,3.6
2007-09-22,Reading,Wigan,H,2.1,3.2,3.6
2007-09-23,Aston Villa,Everton,H,2.25,3.2,3.25
2007-09-23,Blackburn,Portsmouth,A,1.9,3.3,4.2
2007-09-23,Bolton,Tottenham,D,2.8,3.25,2.5
2007-09-23,Man United,Chelsea,H,2.1,3.25,4.0
2007-09-23,Newcastle,West Ham,H,2.0,3.4,3.75
2007-09-29,Birmingham,Man United,A,6.5,4.0,1.53
2007-09-29,Chelsea,Fulham,D,1.3,5.0,12.0
2007-09-29,Derby,Bolton,D,2.7,3.25,2.62
2007-09-29,Man City,Newcastle,H,2.25,3.25,3.3
2007-09-29,Portsmouth,Reading,H,1.72,3.4,5.5
2007-09-29,Sunderland,Blackburn,A,2.75,3.25,2.62
2007-09-29,West Ham,Arsenal,A,4.5,3.5,1.83
2007-09-29,Wigan,Liverpool,A,6.5,3.8,1.57
2007-09-30,Everton,Middlesbrough,H,1.8,3.5,4.75
2007-10-01,Tottenham,Aston Villa,D,1.9,3.25,4.33
2007-10-06,Aston Villa,West Ham,H,1.83,3.6,4.33
2007-10-06,Man United,Wigan,H,1.16,6.5,21.0
2007-10-07,Arsenal,Sunderland,H,1.16,6.5,23.0
2007-10-07,Blackburn,Birmingham,H,1.66,3.75,5.5
2007-10-07,Bolton,Chelsea,A,5.0,3.6,1.72
2007-10-07,Fulham,Portsmouth,A,2.62,3.25,2.75
2007-10-07,Liverpool,Tottenham,D,1.53,4.0,6.5
2007-10-07,Man City,Middlesbrough,H,1.66,3.6,5.5
2007-10-07,Newcastle,Everton,H,2.1,3.3,3.6
2007-10-07,Reading,Derby,H,1.72,3.6,5.0
2007-10-20,Arsenal,Bolton,H,1.25,5.25,15.0
2007-10-20,Aston Villa,Man United,A,4.5,3.6,1.8
2007-10-20,Blackburn,Reading,H,1.7,3.5,5.5
2007-10-20,Everton,Liverpool,A,3.6,3.3,2.1
2007-10-20,Fulham,Derby,D,1.72,3.5,5.25
2007-10-20,Man City,Birmingham,H,1.57,3.6,7.0
2007-10-20,Middlesbrough,Chelsea,A,6.0,3.75,1.61
2007-10-20,Wigan,Portsmouth,A,3.1,3.25,2.37
2007-10-21,West Ham,Sunderland,H,1.9,3.25,4.5
2007-10-22,Newcastle,Tottenham,H,2.37,3.3,3.0
2007-10-27,Birmingham,Wigan,H,2.1,3.3,3.6
2007-10-27,Chelsea,Man City,H,1.5,4.0,7.0
2007-10-27,Man United,Middlesbrough,H,1.18,6.5,19.0
2007-10-27,Portsmouth,West Ham,D,1.8,3.5,4.75
2007-10-27,Reading,Newcastle,H,2.75,3.25,2.5
2007-10-27,Sunderland,Fulham,D,2.1,3.3,3.6
2007-10-28,Bolton,Aston Villa,D,2.7,3.3,2.62
2007-10-28,Derby,Everton,A,3.6,3.3,2.1
2007-10-28,Liverpool,Arsenal,D,2.5,3.25,2.8
2007-10-28,Tottenham,Blackburn,A,2.2,3.4,3.25
2007-11-03,Arsenal,Man United,D,2.5,3.1,3.0
2007-11-03,Aston Villa,Derby,H,1.4,4.33,9.0
2007-11-03,Blackburn,Liverpool,D,3.0,3.3,2.37
2007-11-03,Everton,Birmingham,H,1.66,3.5,5.75
2007-11-03,Fulham,Reading,H,2.2,3.25,3.4
2007-11-03,Middlesbrough,Tottenham,D,3.0,3.25,2.4
2007-11-03,Newcastle,Portsmouth,A,2.1,3.3,3.6
2007-11-03,Wigan,Chelsea,A,9.0,4.33,1.4
2007-11-04,West Ham,Bolton,D,1.9,3.3,4.33
2007-11-05,Man City,Sunderland,H,1.61,3.75,6.0
2007-11-10,Derby,West Ham,A,3.25,3.4,2.2
2007-11-10,Liverpool,Fulham,H,1.22,5.0,13.0
2007-11-10,Sunderland,Newcastle,D,2.87,3.25,2.5
2007-11-11,Birmingham,Aston Villa,A,2.7,3.2,2.7
2007-11-11,Bolton,Middlesbrough,D,2.1,3.4,3.5
2007-11-11,Chelsea,Everton,D,1.33,5.0,10.0
2007-11-11,Man United,Blackburn,H,1.33,4.5,8.5
2007-11-11,Portsmouth,Man City,D,2.0,3.4,3.8
2007-11-11,Tottenham,Wigan,H,1.44,4.2,8.0
2007-11-12,Reading,Arsenal,A,7.0,4.0,1.5
2007-11-24,Arsenal,Wigan,H,1.16,7.0,17.0
2007-11-24,Birmingham,Portsmouth,A,3.2,3.3,2.3
2007-11-24,Bolton,Man United,H,9.0,4.33,1.4
2007-11-24,Derby,Chelsea,A,15.0,6.0,1.22
2007-11-24,Everton,Sunderland,H,1.61,3.6,6.5
2007-11-24,Man City,Reading,H,1.57,3.75,6.5
2007-11-24,Middlesbrough,Aston Villa,A,2.75,3.25,2.6
2007-11-24,Newcastle,Liverpool,A,3.8,3.3,2.0
2007-11-25,Fulham,Blackburn,D,2.87,3.25,2.5
2007-11-25,West Ham,Tottenham,D,2.75,3.25,2.6
2007-11-28,Blackburn,Aston Villa,A,2.2,3.25,3.4
2007-12-01,Aston Villa,Arsenal,A,4.0,3.3,2.0
2007-12-01,Blackburn,Newcastle,H,1.9,3.4,4.2
2007-12-01,Chelsea,West Ham,H,1.25,5.5,13.0
2007-12-01,Portsmouth,Everton,D,2.2,3.25,3.4
2007-12-01,Reading,Middlesbrough,D,2.0,3.3,4.0
2007-12-01,Sunderland,Derby,H,1.66,3.6,5.5
2007-12-01,Wigan,Man City,D,3.0,3.25,2.4
2007-12-02,Liverpool,Bolton,H,1.28,5.0,13.0
2007-12-02,Tottenham,Birmingham,A,1.44,4.2,8.0
2007-12-03,Man United,Fulham,H,1.2,6.0,17.0
2007-12-05,Newcastle,Arsenal,D,6.0,3.75,1.61
2007-12-08,Aston Villa,Portsmouth,A,2.1,3.3,3.6
2007-12-08,Chelsea,Sunderland,H,1.16,6.5,21.0
2007-12-08,Everton,Fulham,H,1.57,3.75,6.5
2007-12-08,Man United,Derby,H,1.11,8.5,26.0
2007-12-08,Newcastle,Birmingham,H,1.8,3.5,4.75
2007-12-08,Reading,Liverpool,H,5.5,3.6,1.66
2007-12-09,Blackburn,West Ham,A,1.83,3.5,4.5
2007-12-09,Bolton,Wigan,H,2.0,3.4,3.8
2007-12-09,Middlesbrough,Arsenal,H,7.0,3.8,1.53
2007-12-09,Tottenham,Man City,H,2.0,3.3,3.75
2007-12-15,Birmingham,Reading,D,2.2,3.25,3.4
2007-12-15,Derby,Middlesbrough,A,3.1,3.25,2.37
2007-12-15,Fulham,Newcastle,A,2.5,3.25,2.87
2007-12-15,Man City,Bolton,H,1.83,3.25,5.0
2007-12-15,Portsmouth,Tottenham,A,2.2,3.25,3.4
2007-12-15,Sunderland,Aston Villa,D,3.25,3.25,2.3
2007-12-15,West Ham,Everton,A,2.5,3.25,2.87
2007-12-15,Wigan,Blackburn,H,3.25,3.25,2.3
2007-12-16,Arsenal,Chelsea,H,2.5,3.0,3.1
2007-12-16,Liverpool,Man United,A,2.62,3.1,2.87
2007-12-22,Arsenal,Tottenham,H,1.5,4.0,7.5
2007-12-22,Aston Villa,Man City,D,2.1,3.3,3.6
2007-12-22,Bolton,Birmingham,H,1.9,3.3,4.33
2007-12-22,Fulham,Wigan,D,2.1,3.3,3.6
2007-12-22,Liverpool,Portsmouth,H,1.5,4.0,7.0
2007-12-22,Middlesbrough,West Ham,A,2.3,3.3,3.2
2007-12-22,Reading,Sunderland,H,1.9,3.3,4.33
2007-12-23,Blackburn,Chelsea,A,4.2,3.4,1.9
2007-12-23,Man United,Everton,H,1.36,4.75,9.0
2007-12-23,Newcastle,Derby,D,1.33,4.75,11.0
2007-12-26,Birmingham,Middlesbrough,H,2.25,3.3,3.25
2007-12-26,Chelsea,Aston Villa,D,1.4,4.33,9.0
2007-12-26,Derby,Liverpool,A,13.0,5.0,1.28
2007-12-26,Everton,Bolton,H,1.7,3.5,5.5
2007-12-26,Portsmouth,Arsenal,D,4.5,3.5,1.83
2007-12-26,Sunderland,Man United,A,8.5,4.5,1.4
2007-12-26,Tottenham,Fulham,H,1.44,4.2,8.0
2007-12-26,West Ham,Reading,D,1.9,3.3,4.33
2007-12-26,Wigan,Newcastle,H,2.7,3.3,2.6
2007-12-27,Man City,Blackburn,D,2.1,3.3,3.6
2007-12-29,Birmingham,Fulham,D,1.9,3.4,4.2
2007-12-29,Chelsea,Newcastle,H,1.4,4.33,9.0
2007-12-29,Everton,Arsenal,A,3.5,3.4,2.1
2007-12-29,Portsmouth,Middlesbrough,A,1.66,3.6,5.5
2007-12-29,Sunderland,Bolton,H,2.5,3.25,2.87
2007-12-29,Tottenham,Reading,H,1.5,4.0,7.0
2007-12-29,West Ham,Man United,H,7.0,4.0,1.5
2007-12-29,Wigan,Aston Villa,A,3.25,3.3,2.25
2007-12-30,Derby,Blackburn,A,4.0,3.5,1.9
2007-12-30,Man City,Liverpool,D,3.6,3.3,2.1
2008-01-01,Arsenal,West Ham,H,1.33,5.0,10.0
2008-01-01,Aston Villa,Tottenham,H,2.37,3.3,3.0
2008-01-01,Fulham,Chelsea,A,7.0,4.0,1.5
2008-01-01,Man United,Birmingham,H,1.16,7.0,19.0
2008-01-01,Middlesbrough,Everton,A,3.0,3.25,2.4
2008-01-01,Reading,Portsmouth,A,2.87,3.3,2.5
2008-01-02,Blackburn,Sunderland,H,1.57,4.0,6.0
2008-01-02,Bolton,Derby,H,1.53,4.0,6.5
2008-01-02,Liverpool,Wigan,D,1.2,5.5,12.0
2008-01-02,Newcastle,Man City,A,2.25,3.3,3.25
2008-01-12,Arsenal,Birmingham,D,1.2,6.0,17.0
2008-01-12,Aston Villa,Reading,H,1.61,3.75,6.0
2008-01-12,Chelsea,Tottenham,H,1.75,3.5,5.0
2008-01-12,Derby,Wigan,A,2.87,3.25,2.5
2008-01-12,Everton,Man City,H,2.1,3.3,3.6
2008-01-12,Man United,Newcastle,H,1.25,5.5,13.0
2008-01-12,Middlesbrough,Liverpool,D,5.0,3.6,1.72
2008-01-12,West Ham,Fulham,H,1.72,3.6,5.0
2008-01-13,Bolton,Blackburn,A,2.4,3.25,3.0
2008-01-13,Sunderland,Portsmouth,H,2.75,3.25,2.62
2008-01-19,Birmingham,Chelsea,A,5.5,3.6,1.66
2008-01-19,Blackburn,Middlesbrough,D,1.72,3.6,5.0
2008-01-19,Fulham,Arsenal,A,7.0,3.8,1.53
2008-01-19,Newcastle,Bolton,D,1.72,3.6,5.0
2008-01-19,Portsmouth,Derby,H,1.44,4.2,8.0
2008-01-19,Reading,Man United,A,8.0,4.5,1.4
2008-01-19,Tottenham,Sunderland,H,1.44,4.2,8.0
2008-01-20,Man City,West Ham,D,2.0,3.4,3.8
2008-01-20,Wigan,Everton,A,3.25,3.25,2.25
2008-01-21,Liverpool,Aston Villa,D,1.61,3.75,6.0
2008-01-26,Aston Villa,Blackburn,D,1.9,3.4,4.2
2008-01-29,Arsenal,Newcastle,H,1.28,5.0,13.0
2008-01-29,Bolton,Fulham,D,1.9,3.4,4.2
2008-01-29,Middlesbrough,Wigan,H,1.9,3.3,4.33
2008-01-29,Sunderland,Birmingham,H,2.3,3.25,3.2
2008-01-30,Chelsea,Reading,H,1.22,6.0,15.0
2008-01-30,Derby,Man City,D,5.0,3.6,1.72
2008-01-30,Everton,Tottenham,D,2.37,3.25,3.1
2008-01-30,Man United,Portsmouth,H,1.25,5.5,13.0
2008-01-30,West Ham,Liverpool,H,4.0,3.5,1.9
2008-02-02,Birmingham,Derby,D,1.61,3.5,6.5
2008-02-02,Blackburn,Everton,D,2.37,3.2,3.1
2008-02-02,Liverpool,Sunderland,H,1.3,5.0,12.0
2008-02-02,Man City,Arsenal,A,4.5,3.6,1.8
2008-02-02,Portsmouth,Chelsea,D,5.25,3.5,1.72
2008-02-02,Reading,Bolton,A,2.15,3.25,3.5
2008-02-02,Tottenham,Man United,D,4.5,3.5,1.83
2008-02-02,Wigan,West Ham,H,2.62,3.25,2.7
2008-02-03,Fulham,Aston Villa,H,3.25,3.25,2.25
2008-02-03,Newcastle,Middlesbrough,D,2.0,3.25,4.0
2008-02-09,Aston Villa,Newcastle,H,1.83,3.5,4.5
2008-02-09,Bolton,Portsmouth,A,2.5,3.25,2.87
2008-02-09,Derby,Tottenham,A,6.5,4.0,1.53
2008-02-09,Everton,Reading,H,1.53,4.0,6.5
2008-02-09,Middlesbrough,Fulham,H,1.9,3.4,4.2
2008-02-09,Sunderland,Wigan,H,2.1,3.3,3.6
2008-02-09,West Ham,Birmingham,D,1.8,3.6,4.5
2008-02-10,Chelsea,Liverpool,D,1.9,3.2,4.5
2008-02-10,Man United,Man City,A,1.28,5.0,13.0
2008-02-11,Arsenal,Blackburn,H,1.33,4.75,11.0
2008-02-23,Birmingham,Arsenal,D,7.0,4.0,1.5
2008-02-23,Fulham,West Ham,A,2.7,3.25,2.62
2008-02-23,Liverpool,Middlesbrough,H,1.4,4.2,9.5
2008-02-23,Newcastle,Man United,A,7.0,4.0,1.5
2008-02-23,Portsmouth,Sunderland,H,1.61,3.75,6.0
2008-02-23,Wigan,Derby,H,1.61,3.75,6.0
2008-02-24,Blackburn,Bolton,H,1.83,3.5,4.5
2008-02-24,Reading,Aston Villa,A,3.1,3.25,2.37
2008-02-25,Man City,Everton,A,2.4,3.25,3.0
2008-03-01,Arsenal,Aston Villa,D,1.57,3.8,6.5
2008-03-01,Birmingham,Tottenham,H,3.75,3.5,2.0
2008-03-01,Derby,Sunderland,D,3.25,3.3,2.25
2008-03-01,Fulham,Man United,A,10.0,5.0,1.33
2008-03-01,Man City,Wigan,D,1.8,3.5,4.75
2008-03-01,Middlesbrough,Reading,A,1.83,3.5,4.5
2008-03-01,Newcastle,Blackburn,A,2.6,3.3,2.75
2008-03-01,West Ham,Chelsea,A,4.5,3.5,1.83
2008-03-02,Bolton,Liverpool,A,4.5,3.6,1.8
2008-03-02,Everton,Portsmouth,H,1.83,3.5,4.5
2008-03-05,Liverpool,West Ham,H,1.44,4.33,7.5
2008-03-08,Blackburn,Fulham,D,1.53,4.0,6.5
2008-03-08,Liverpool,Newcastle,H,1.36,4.5,10.0
2008-03-08,Reading,Man City,H,2.5,3.25,2.87
2008-03-09,Sunderland,Everton,A,3.5,3.4,2.1
2008-03-09,Tottenham,West Ham,H,1.8,3.6,4.5
2008-03-09,Wigan,Arsenal,D,6.5,3.8,1.57
2008-03-12,Aston Villa,Middlesbrough,D,1.61,3.75,6.0
2008-03-12,Chelsea,Derby,H,1.1,9.0,26.0
2008-03-12,Portsmouth,Birmingham,H,1.83,3.5,4.5
2008-03-15,Arsenal,Middlesbrough,D,1.25,5.5,13.0
2008-03-15,Derby,Man United,A,17.0,7.0,1.16
2008-03-15,Liverpool,Reading,H,1.25,5.5,13.0
2008-03-15,Portsmouth,Aston Villa,H,2.37,3.25,3.1
2008-03-15,Sunderland,Chelsea,A,8.0,4.2,1.44
2008-03-15,West Ham,Blackburn,H,2.5,3.3,2.87
2008-03-16,Fulham,Everton,H,3.5,3.4,2.1
2008-03-16,Man City,Tottenham,H,2.6,3.3,2.7
2008-03-16,Wigan,Bolton,H,2.25,3.3,3.25
2008-03-17,Birmingham,Newcastle,D,2.2,3.25,3.4
2008-03-19,Man United,Bolton,H,1.16,7.0,17.0
2008-03-19,Tottenham,Chelsea,D,3.6,3.3,2.1
2008-03-22,Aston Villa,Sunderland,A,1.57,3.8,6.5
2008-03-22,Blackburn,Wigan,H,1.72,3.6,5.0
2008-03-22,Bolton,Man City,D,2.37,3.3,3.0
2008-03-22,Everton,West Ham,D,1.72,3.6,5.0
2008-03-22,Middlesbrough,Derby,H,1.44,4.2,8.0
2008-03-22,Newcastle,Fulham,H,1.8,3.5,4.75
2008-03-22,Reading,Birmingham,H,2.0,3.5,3.75
2008-03-22,Tottenham,Portsmouth,H,1.9,3.5,4.0
2008-03-23,Chelsea,Arsenal,H,2.2,3.2,3.5
2008-03-23,Man United,Liverpool,H,2.0,3.3,4.0
2008-03-29,Birmingham,Man City,H,2.4,3.3,3.0
2008-03-29,Bolton,Arsenal,A,5.0,3.6,1.72
2008-03-29,Derby,Fulham,D,3.0,3.3,2.4
2008-03-29,Man United,Aston Villa,H,1.3,5.0,12.0
2008-03-29,Portsmouth,Wigan,H,1.8,3.6,4.5
2008-03-29,Reading,Blackburn,D,2.4,3.3,3.0
2008-03-29,Sunderland,West Ham,H,2.25,3.3,3.25
2008-03-30,Chelsea,Middlesbrough,H,1.3,5.0,12.0
2008-03-30,Liverpool,Everton,H,1.72,3.6,5.0
2008-03-30,Tottenham,Newcastle,A,1.66,3.6,5.5
2008-04-05,Arsenal,Liverpool,D,2.1,3.2,3.75
2008-04-05,Aston Villa,Bolton,H,1.66,3.6,5.5
2008-04-05,Blackburn,Tottenham,D,2.4,3.4,2.87
2008-04-05,Fulham,Sunderland,A,2.3,3.3,3.2
2008-04-05,Man City,Chelsea,A,5.0,3.6,1.72
2008-04-05,Newcastle,Reading,H,1.8,3.6,4.5
2008-04-05,Wigan,Birmingham,H,2.1,3.3,3.6
2008-04-06,Everton,Derby,H,1.25,5.5,13.0
2008-04-06,Middlesbrough,Man United,D,8.5,4.5,1.4
2008-04-08,West Ham,Portsmouth,A,2.25,3.3,3.25
2008-04-12,Birmingham,Everton,D,3.0,3.3,2.4
2008-04-12,Bolton,West Ham,H,2.1,3.4,3.5
2008-04-12,Derby,Aston Villa,A,6.0,4.0,1.57
2008-04-12,Portsmouth,Newcastle,D,2.2,3.3,3.4
2008-04-12,Reading,Fulham,A,1.9,3.4,4.33
2008-04-12,Sunderland,Man City,A,2.2,3.3,3.4
2008-04-12,Tottenham,Middlesbrough,D,1.66,3.6,5.5
2008-04-13,Liverpool,Blackburn,H,1.5,4.0,7.0
2008-04-13,Man United,Arsenal,H,1.83,3.5,4.5
2008-04-14,Chelsea,Wigan,D,1.22,6.0,15.0
2008-04-17,Everton,Chelsea,A,3.8,3.4,2.0
2008-04-19,Arsenal,Reading,H,1.33,5.0,10.0
2008-04-19,Blackburn,Man United,D,6.0,4.0,1.57
2008-04-19,Fulham,Liverpool,A,3.4,3.25,2.2
2008-04-19,Middlesbrough,Bolton,A,2.1,3.3,3.6
2008-04-19,West Ham,Derby,H,1.36,5.0,8.5
2008-04-19,Wigan,Tottenham,D,2.62,3.3,2.7
2008-04-20,Aston Villa,Birmingham,H,1.8,3.3,5.0
2008-04-20,Man City,Portsmouth,H,2.37,3.3,3.0
2008-04-20,Newcastle,Sunderland,H,1.83,3.5,4.5
2008-04-26,Birmingham,Liverpool,D,2.75,3.25,2.6
2008-04-26,Chelsea,Man United,H,2.5,3.1,3.0
2008-04-26,Man City,Fulham,A,1.83,3.5,4.5
2008-04-26,Sunderland,Middlesbrough,H,2.3,3.1,3.4
2008-04-26,Tottenham,Bolton,D,1.9,3.5,4.0
2008-04-26,West Ham,Newcastle,D,2.5,3.3,2.87
2008-04-26,Wigan,Reading,D,2.1,3.2,3.75
2008-04-27,Everton,Aston Villa,D,2.25,3.3,3.25
2008-04-27,Portsmouth,Blackburn,A,2.1,3.3,3.6
2008-04-28,Derby,Arsenal,A,13.0,5.5,1.25
2008-05-03,Aston Villa,Wigan,A,1.53,3.8,7.0
2008-05-03,Blackburn,Derby,H,1.25,5.5,13.0
2008-05-03,Bolton,Sunderland,H,1.57,4.0,6.0
2008-05-03,Fulham,Birmingham,H,2.2,3.4,3.25
2008-05-03,Man United,West Ham,H,1.16,7.0,17.0
2008-05-03,Middlesbrough,Portsmouth,H,2.0,3.5,3.75
2008-05-03,Reading,Tottenham,A,2.2,3.4,3.25
2008-05-04,Arsenal,Everton,H,1.66,3.6,5.5
2008-05-04,Liverpool,Man City,H,1.66,3.6,5.5
2008-05-05,Newcastle,Chelsea,A,6.0,4.2,1.53
2008-05-11,Birmingham,Blackburn,H,2.0,3.6,3.6
2008-05-11,Chelsea,Bolton,D,1.14,8.0,17.0
2008-05-11,Derby,Reading,A,5.5,4.2,1.57
2008-05-11,Everton,Newcastle,H,1.8,3.5,4.75
2008-05-11,Middlesbrough,Man City,H,2.1,3.3,3.6
2008-05-11,Portsmouth,Fulham,A,3.3,3.6,2.1
2008-05-11,Sunderland,Arsenal,A,4.33,3.75,1.8
2008-05-11,Tottenham,Liverpool,A,2.62,3.4,2.62
2008-05-11,West Ham,Aston Villa,D,3.2,3.5,2.2
2008-05-11,Wigan,Man United,A,12.0,6.5,1.22
2008-08-16,Arsenal,West Brom,H,1.2,6.5,15.0
2008-08-16,Bolton,Stoke,H,1.83,3.5,4.5
2008-08-16,Everton,Blackburn,A,2.0,3.3,4.0
2008-08-16,Hull,Fulham,H,2.6,3.2,2.8
2008-08-16,Middlesbrough,Tottenham,H,3.2,3.4,2.25
2008-08-16,Sunderland,Liverpool,A,5.5,3.6,1.67
2008-08-16,West Ham,Wigan,H,1.91,3.4,4.2
2008-08-17,Aston Villa,Man City,H,1.91,3.4,4.33
2008-08-17,Chelsea,Portsmouth,H,1.33,5.0,10.0
2008-08-17,Man United,Newcastle,D,1.29,5.5,11.0
2008-08-23,Blackburn,Hull,D,1.57,3.75,7.0
2008-08-23,Fulham,Arsenal,H,6.5,3.75,1.57
2008-08-23,Liverpool,Middlesbrough,H,1.36,4.5,10.0
2008-08-23,Newcastle,Bolton,H,1.8,3.5,4.75
2008-08-23,Stoke,Aston Villa,H,5.0,3.6,1.73
2008-08-23,Tottenham,Sunderland,A,1.5,4.0,7.0
2008-08-23,West Brom,Everton,A,2.88,3.25,2.5
2008-08-24,Man City,West Ham,H,2.3,3.25,3.2
2008-08-24,Wigan,Chelsea,A,8.5,4.5,1.4
2008-08-25,Portsmouth,Man United,A,4.8,3.4,1.8
2008-08-30,Arsenal,Newcastle,H,1.44,4.0,9.0
2008-08-30,Bolton,West Brom,D,1.83,3.5,4.5
2008-08-30,Everton,Portsmouth,A,2.1,3.3,3.75
2008-08-30,Hull,Wigan,A,2.5,3.25,2.88
2008-08-30,Middlesbrough,Stoke,H,1.57,3.6,7.0
2008-08-30,West Ham,Blackburn,H,2.5,3.25,2.88
2008-08-31,Aston Villa,Liverpool,D,3.0,3.25,2.4
2008-08-31,Chelsea,Tottenham,D,1.4,4.33,9.0
2008-08-31,Sunderland,Man City,A,2.2,3.3,3.4
2008-09-13,Blackburn,Arsenal,A,4.5,3.5,1.83
2008-09-13,Fulham,Bolton,H,2.25,3.3,3.3
2008-09-13,Liverpool,Man United,H,3.0,3.0,2.6
2008-09-13,Man City,Chelsea,A,4.33,3.3,1.91
2008-09-13,Newcastle,Hull,A,1.62,3.75,5.75
2008-09-13,Portsmouth,Middlesbrough,H,2.0,3.5,3.75
2008-09-13,West Brom,West Ham,H,2.4,3.25,3.0
2008-09-13,Wigan,Sunderland,D,2.05,3.3,4.0
2008-09-14,Stoke,Everton,A,3.4,3.4,2.2
2008-09-15,Tottenham,Aston Villa,A,2.1,3.3,3.6
2008-09-20,Blackburn,Fulham,H,2.1,3.3,3.6
2008-09-20,Bolton,Arsenal,A,6.5,3.75,1.57
2008-09-20,Liverpool,Stoke,D,1.2,6.5,15.0
2008-09-20,Sunderland,Middlesbrough,H,2.38,3.1,3.2
2008-09-20,West Ham,Newcastle,H,2.1,3.3,3.6
2008-09-21,Chelsea,Man United,D,2.2,3.1,3.6
2008-09-21,Hull,Everton,D,3.1,3.4,2.3
2008-09-21,Man City,Portsmouth,H,2.0,3.3,4.0
2008-09-21,Tottenham,Wigan,D,1.73,3.6,5.0
2008-09-21,West Brom,Aston Villa,A,3.25,3.3,2.25
2008-09-27,Arsenal,Hull,A,1.2,6.0,17.0
2008-09-27,Aston Villa,Sunderland,H,1.57,3.75,6.5
2008-09-27,Everton,Liverpool,A,3.75,3.25,2.1
2008-09-27,Fulham,West Ham,A,2.3,3.25,3.2
2008-09-27,Man United,Bolton,H,1.22,6.0,15.0
2008-09-27,Middlesbrough,West Brom,A,1.8,3.4,5.0
2008-09-27,Newcastle,Blackburn,A,2.6,3.3,2.75
2008-09-27,Stoke,Chelsea,A,9.0,4.75,1.36
2008-09-28,Portsmouth,Tottenham,H,2.5,3.25,3.0
2008-09-28,Wigan,Man City,H,3.0,3.3,2.38
2008-10-04,Blackburn,Man United,A,6.0,3.75,1.62
2008-10-04,Sunderland,Arsenal,D,6.0,3.75,1.62
2008-10-04,West Brom,Fulham,H,2.25,3.25,3.25
2008-10-04,Wigan,Middlesbrough,A,2.1,3.3,3.6
2008-10-05,Chelsea,Aston Villa,H,1.5,4.0,7.0
2008-10-05,Everton,Newcastle,D,1.73,3.6,5.0
2008-10-05,Man City,Liverpool,A,3.2,3.3,2.25
2008-10-05,Portsmouth,Stoke,H,1.67,3.4,6.0
2008-10-05,Tottenham,Hull,A,1.73,3.75,4.75
2008-10-05,West Ham,Bolton,A,1.83,3.4,4.75
2008-10-18,Arsenal,Everton,H,1.36,4.5,10.0
2008-10-18,Aston Villa,Portsmouth,D,1.83,3.25,5.0
2008-10-18,Bolton,Blackburn,D,2.4,3.25,3.0
2008-10-18,Fulham,Sunderland,D,2.25,3.25,3.3
2008-10-18,Liverpool,Wigan,H,1.4,4.33,9.0
2008-10-18,Man United,West Brom,H,1.2,6.5,15.0
2008-10-18,Middlesbrough,Chelsea,A,6.0,3.7,1.62
2008-10-19,Hull,West Ham,H,2.62,3.25,2.75
2008-10-19,Stoke,Tottenham,H,3.25,3.3,2.25
2008-10-20,Newcastle,Man City,D,3.0,3.25,2.4
2008-10-25,Blackburn,Middlesbrough,D,2.1,3.25,3.75
2008-10-25,Everton,Man United,D,7.5,4.0,1.5
2008-10-25,Sunderland,Newcastle,H,2.2,3.3,3.4
2008-10-25,West Brom,Hull,A,2.2,3.3,3.4
2008-10-26,Chelsea,Liverpool,A,1.91,3.25,4.5
2008-10-26,Man City,Stoke,H,1.44,4.33,7.5
2008-10-26,Portsmouth,Fulham,D,1.83,3.5,4.5
2008-10-26,Tottenham,Bolton,H,2.05,3.3,4.0
2008-10-26,West Ham,Arsenal,A,6.0,3.75,1.62
2008-10-26,Wigan,Aston Villa,A,2.6,3.3,2.75
2008-10-28,Newcastle,West Brom,H,1.83,3.5,4.5
2008-10-29,Arsenal,Tottenham,D,1.44,4.5,7.5
2008-10-29,Aston Villa,Blackburn,H,1.67,3.75,5.5
2008-10-29,Bolton,Everton,A,2.6,3.3,2.75
2008-10-29,Fulham,Wigan,H,2.38,3.3,3.0
2008-10-29,Hull,Chelsea,A,8.0,4.33,1.44
2008-10-29,Liverpool,Portsmouth,H,1.33,5.0,10.0
2008-10-29,Man United,West Ham,H,1.2,6.0,19.0
2008-10-29,Middlesbrough,Man City,H,2.88,3.3,2.5
2008-10-29,Stoke,Sunderland,H,2.6,3.3,2.75
2008-11-01,Chelsea,Sunderland,H,1.17,6.5,21.0
2008-11-01,Everton,Fulham,H,1.67,3.75,5.5
2008-11-01,Man United,Hull,H,1.17,7.0,17.0
2008-11-01,Middlesbrough,West Ham,D,2.0,3.3,4.0
2008-11-01,Portsmouth,Wigan,A,1.91,3.4,4.2
2008-11-01,Stoke,Arsenal,H,8.0,4.5,1.4
2008-11-01,Tottenham,Liverpool,H,3.5,3.3,2.1
2008-11-01,West Brom,Blackburn,D,2.5,3.3,2.88
2008-11-02,Bolton,Man City,H,3.0,3.3,2.38
2008-11-03,Newcastle,Aston Villa,H,3.0,3.3,2.38
2008-11-08,Arsenal,Man United,H,3.25,3.25,2.3
2008-11-08,Hull,Bolton,A,2.25,3.25,3.4
2008-11-08,Liverpool,West Brom,H,1.2,6.0,19.0
2008-11-08,Sunderland,Portsmouth,A,2.38,3.3,3.0
2008-11-08,West Ham,Everton,A,2.6,3.25,2.8
2008-11-08,Wigan,Stoke,D,1.8,3.4,5.0
2008-11-09,Aston Villa,Middlesbrough,A,1.7,3.8,5.0
2008-11-09,Blackburn,Chelsea,A,8.0,4.33,1.44
2008-11-09,Fulham,Newcastle,H,2.38,3.25,3.1
2008-11-09,Man City,Tottenham,A,2.25,3.3,3.3
2008-11-15,Arsenal,Aston Villa,A,1.5,4.0,7.0
2008-11-15,Blackburn,Sunderland,A,2.0,3.4,3.8
2008-11-15,Bolton,Liverpool,A,6.0,3.75,1.62
2008-11-15,Fulham,Tottenham,H,3.3,3.3,2.25
2008-11-15,Man United,Stoke,H,1.14,7.5,23.0
2008-11-15,Newcastle,Wigan,D,2.1,3.3,3.6
2008-11-15,West Brom,Chelsea,A,12.0,5.0,1.3
2008-11-15,West Ham,Portsmouth,D,2.5,3.25,2.88
2008-11-16,Everton,Middlesbrough,D,1.83,3.5,4.5
2008-11-16,Hull,Man City,D,2.88,3.25,2.5
2008-11-22,Aston Villa,Man United,D,5.0,3.6,1.73
2008-11-22,Chelsea,Newcastle,D,1.2,6.0,19.0
2008-11-22,Liverpool,Fulham,D,1.25,5.5,15.0
2008-11-22,Man City,Arsenal,H,3.25,3.4,2.2
2008-11-22,Middlesbrough,Bolton,A,1.91,3.4,4.33
2008-11-22,Portsmouth,Hull,D,1.8,3.6,4.5
2008-11-22,Stoke,West Brom,H,2.2,3.3,3.4
2008-11-23,Sunderland,West Ham,A,2.1,3.4,3.5
2008-11-23,Tottenham,Blackburn,H,1.73,3.75,4.75
2008-11-24,Wigan,Everton,H,2.5,3.3,2.88
2008-11-29,Aston Villa,Fulham,D,1.57,3.8,6.5
2008-11-29,Middlesbrough,Newcastle,D,2.2,3.3,3.4
2008-11-29,Stoke,Hull,D,2.4,3.4,2.88
2008-11-29,Sunderland,Bolton,A,2.25,3.3,3.3
2008-11-29,Wigan,West Brom,H,1.73,3.6,5.0
2008-11-30,Chelsea,Arsenal,A,1.8,3.4,5.0
2008-11-30,Man City,Man United,A,4.33,3.6,1.83
2008-11-30,Portsmouth,Blackburn,H,2.1,3.3,3.6
2008-11-30,Tottenham,Everton,A,1.91,3.5,4.0
2008-12-01,Liverpool,West Ham,D,1.3,5.0,12.0
2008-12-06,Arsenal,Wigan,H,1.33,4.75,11.0
2008-12-06,Blackburn,Liverpool,A,5.5,3.5,1.73
2008-12-06,Bolton,Chelsea,A,7.0,3.8,1.53
2008-12-06,Fulham,Man City,D,2.6,3.2,2.8
2008-12-06,Hull,Middlesbrough,H,2.38,3.25,3.1
2008-12-06,Man United,Sunderland,H,1.14,7.5,23.0
2008-12-06,Newcastle,Stoke,D,1.8,3.5,4.75
2008-12-07,Everton,Aston Villa,A,2.62,3.25,2.75
2008-12-07,West Brom,Portsmouth,D,2.62,3.25,2.75
2008-12-08,West Ham,Tottenham,A,2.75,3.25,2.62
2008-12-13,Aston Villa,Bolton,H,1.67,3.6,5.5
2008-12-13,Liverpool,Hull,D,1.33,5.0,10.0
2008-12-13,Man City,Everton,A,2.0,3.4,3.8
2008-12-13,Middlesbrough,Arsenal,D,4.5,3.6,1.8
2008-12-13,Stoke,Fulham,D,2.5,3.25,2.88
2008-12-13,Sunderland,West Brom,H,2.0,3.4,3.8
2008-12-13,Tottenham,Man United,D,4.5,3.5,1.83
2008-12-13,Wigan,Blackburn,H,2.1,3.3,3.6
2008-12-14,Chelsea,West Ham,D,1.25,5.5,15.0
2008-12-14,Portsmouth,Newcastle,A,2.05,3.2,3.4
2008-12-20,Blackburn,Stoke,H,1.83,3.5,4.5
2008-12-20,Bolton,Portsmouth,H,2.2,3.25,3.4
2008-12-20,Fulham,Middlesbrough,H,2.2,3.25,3.5
2008-12-20,Hull,Sunderland,A,2.1,3.25,3.75
2008-12-20,West Ham,Aston Villa,A,3.0,3.4,2.37
2008-12-21,Arsenal,Liverpool,D,2.4,3.25,3.0
2008-12-21,Newcastle,Tottenham,H,2.37,3.4,3.0
2008-12-21,West Brom,Man City,H,3.25,3.3,2.25
2008-12-22,Everton,Chelsea,D,5.0,3.6,1.73
2008-12-26,Aston Villa,Arsenal,D,2.5,3.3,2.87
2008-12-26,Chelsea,West Brom,H,1.14,7.5,21.0
2008-12-26,Liverpool,Bolton,H,1.33,4.5,12.0
2008-12-26,Man City,Hull,H,1.8,3.6,4.5
2008-12-26,Middlesbrough,Everton,A,2.5,3.3,2.87
2008-12-26,Portsmouth,West Ham,A,2.2,3.25,3.4
2008-12-26,Stoke,Man United,A,12.0,5.0,1.3
2008-12-26,Sunderland,Blackburn,D,2.25,3.25,3.3
2008-12-26,Tottenham,Fulham,D,1.72,3.6,5.0
2008-12-26,Wigan,Newcastle,H,2.25,3.3,3.25
2008-12-28,Arsenal,Portsmouth,H,1.4,4.5,10.0
2008-12-28,Blackburn,Man City,D,2.62,3.3,2.87
2008-12-28,Bolton,Wigan,A,2.3,3.25,3.4
2008-12-28,Everton,Sunderland,H,1.8,3.6,5.0
2008-12-28,Fulham,Chelsea,D,6.5,3.75,1.61
2008-12-28,Newcastle,Liverpool,A,5.0,3.6,1.8
2008-12-28,West Brom,Tottenham,H,3.5,3.4,2.2
2008-12-28,West Ham,Stoke,H,1.72,3.6,5.5
2008-12-29,Man United,Middlesbrough,H,1.2,6.5,19.0
2008-12-30,Hull,Aston Villa,A,4.33,3.6,1.91
2009-01-10,Arsenal,Bolton,H,1.36,4.33,11.0
2009-01-10,Aston Villa,West Brom,H,1.4,4.33,9.0
2009-01-10,Everton,Hull,H,1.62,3.75,6.0
2009-01-10,Middlesbrough,Sunderland,D,2.25,3.2,3.4
2009-01-10,Newcastle,West Ham,D,2.2,3.3,3.4
2009-01-10,Stoke,Liverpool,D,10.0,4.5,1.36
2009-01-11,Man United,Chelsea,H,2.2,3.2,3.5
2009-01-11,Wigan,Tottenham,H,2.5,3.25,2.88
2009-01-14,Man United,Wigan,H,1.2,6.0,15.0
2009-01-17,Blackburn,Newcastle,H,2.0,3.4,3.8
2009-01-17,Bolton,Man United,A,8.0,3.8,1.5
2009-01-17,Chelsea,Stoke,H,1.2,6.5,15.0
2009-01-17,Hull,Arsenal,A,5.5,4.0,1.62
2009-01-17,Man City,Wigan,H,2.0,3.4,3.75
2009-01-17,Sunderland,Aston Villa,A,3.25,3.25,2.25
2009-01-17,West Brom,Middlesbrough,H,2.38,3.3,3.0
2009-01-18,Tottenham,Portsmouth,D,1.73,3.6,5.0
2009-01-18,West Ham,Fulham,H,2.1,3.3,3.6
2009-01-19,Liverpool,Everton,D,1.62,3.75,6.0
2009-01-27,Portsmouth,Aston Villa,A,3.25,3.4,2.3
2009-01-27,Sunderland,Fulham,H,2.25,3.3,3.5
2009-01-27,Tottenham,Stoke,H,1.61,3.8,6.5
2009-01-27,West Brom,Man United,A,10.0,5.0,1.36
2009-01-28,Blackburn,Bolton,D,2.0,3.25,4.5
2009-01-28,Chelsea,Middlesbrough,H,1.25,6.0,15.0
2009-01-28,Everton,Arsenal,D,3.0,3.3,2.5
2009-01-28,Man City,Newcastle,H,1.75,3.75,5.0
2009-01-28,West Ham,Hull,H,1.83,3.6,4.75
2009-01-28,Wigan,Liverpool,D,5.0,3.5,1.83
2009-01-31,Arsenal,West Ham,D,1.5,4.2,7.0
2009-01-31,Aston Villa,Wigan,D,1.61,3.7,6.0
2009-01-31,Bolton,Tottenham,H,2.75,3.3,2.62
2009-01-31,Fulham,Portsmouth,H,2.0,3.3,4.0
2009-01-31,Hull,West Brom,D,2.2,3.2,3.5
2009-01-31,Man United,Everton,H,1.36,4.5,10.0
2009-01-31,Middlesbrough,Blackburn,D,2.5,3.3,2.87
2009-01-31,Stoke,Man City,H,3.25,3.3,2.25
2009-02-01,Liverpool,Chelsea,H,2.5,3.1,3.1
2009-02-01,Newcastle,Sunderland,D,2.6,3.2,2.8
2009-02-07,Blackburn,Aston Villa,A,2.87,3.3,2.5
2009-02-07,Chelsea,Hull,D,1.2,6.0,19.0
2009-02-07,Everton,Bolton,H,1.72,3.4,5.5
2009-02-07,Man City,Middlesbrough,H,1.61,3.75,6.0
2009-02-07,Portsmouth,Liverpool,A,5.0,3.3,1.8
2009-02-07,Sunderland,Stoke,H,1.83,3.5,4.5
2009-02-07,West Brom,Newcastle,A,2.25,3.3,3.25
2009-02-07,Wigan,Fulham,D,2.0,3.4,3.8
2009-02-08,Tottenham,Arsenal,D,3.0,3.3,2.4
2009-02-08,West Ham,Man United,A,6.5,3.75,1.57
2009-02-14,Portsmouth,Man City,H,2.87,3.25,2.5
2009-02-18,Man United,Fulham,H,1.25,5.5,13.0
2009-02-21,Arsenal,Sunderland,D,1.4,4.33,9.0
2009-02-21,Aston Villa,Chelsea,A,3.3,3.3,2.25
2009-02-21,Bolton,West Ham,H,2.3,3.3,3.1
2009-02-21,Man United,Blackburn,H,1.25,5.5,13.0
2009-02-21,Middlesbrough,Wigan,D,2.4,3.25,3.0
2009-02-21,Stoke,Portsmouth,D,2.5,3.25,2.87
2009-02-22,Fulham,West Brom,H,1.8,3.5,4.75
2009-02-22,Liverpool,Man City,D,1.57,3.75,7.0
2009-02-22,Newcastle,Everton,D,2.87,3.25,2.5
2009-02-23,Hull,Tottenham,A,3.0,3.3,2.37
2009-02-28,Arsenal,Fulham,D,1.4,4.33,9.0
2009-02-28,Chelsea,Wigan,H,1.28,5.0,13.0
2009-02-28,Everton,West Brom,H,1.5,4.0,7.5
2009-02-28,Middlesbrough,Liverpool,H,5.5,3.5,1.72
2009-03-01,Aston Villa,Stoke,D,1.4,4.0,10.0
2009-03-01,Bolton,Newcastle,H,2.0,3.3,4.0
2009-03-01,Hull,Blackburn,A,2.87,3.25,2.5
2009-03-01,West Ham,Man City,H,2.5,3.25,2.87
2009-03-03,Liverpool,Sunderland,H,1.4,4.33,9.5
2009-03-03,Portsmouth,Chelsea,A,6.5,3.75,1.57
2009-03-03,West Brom,Arsenal,A,6.5,3.75,1.57
2009-03-04,Blackburn,Everton,D,2.5,3.25,2.9
2009-03-04,Fulham,Hull,A,1.66,3.6,5.75
2009-03-04,Man City,Aston Villa,H,2.5,3.3,2.87
2009-03-04,Newcastle,Man United,A,7.5,4.0,1.5
2009-03-04,Stoke,Bolton,H,2.5,3.25,2.9
2009-03-04,Tottenham,Middlesbrough,H,1.83,3.5,4.5
2009-03-04,Wigan,West Ham,A,2.2,3.3,3.4
2009-03-07,Sunderland,Tottenham,D,2.87,3.3,2.5
2009-03-11,Fulham,Blackburn,A,2.25,3.2,3.4
2009-03-14,Arsenal,Blackburn,H,1.44,4.33,8.0
2009-03-14,Bolton,Fulham,A,2.1,3.25,3.75
2009-03-14,Everton,Stoke,H,1.5,4.0,7.5
2009-03-14,Hull,Newcastle,D,2.62,3.25,2.75
2009-03-14,Man United,Liverpool,A,1.91,3.3,4.5
2009-03-14,Middlesbrough,Portsmouth,D,2.2,3.2,3.5
2009-03-14,Sunderland,Wigan,A,2.2,3.2,3.5
2009-03-15,Aston Villa,Tottenham,A,2.0,3.3,4.0
2009-03-15,Chelsea,Man City,H,1.4,4.5,9.0
2009-03-16,West Ham,West Brom,D,1.67,3.6,5.75
2009-03-21,Blackburn,West Ham,D,1.9,3.4,4.33
2009-03-21,Fulham,Man United,H,8.0,4.2,1.44
2009-03-21,Newcastle,Arsenal,A,5.0,3.6,1.72
2009-03-21,Portsmouth,Everton,H,2.75,3.2,2.62
2009-03-21,Stoke,Middlesbrough,H,2.25,3.3,3.3
2009-03-21,Tottenham,Chelsea,H,4.5,3.5,1.83
2009-03-21,West Brom,Bolton,D,2.4,3.3,3.0
2009-03-22,Liverpool,Aston Villa,H,1.44,4.2,8.0
2009-03-22,Man City,Sunderland,H,1.66,3.6,5.5
2009-03-22,Wigan,Hull,H,1.72,3.6,5.0
2009-04-04,Arsenal,Man City,H,1.53,3.75,7.5
2009-04-04,Blackburn,Tottenham,H,2.62,3.25,2.75
2009-04-04,Bolton,Middlesbrough,H,2.1,3.3,3.6
2009-04-04,Fulham,Liverpool,A,6.0,3.75,1.61
2009-04-04,Hull,Portsmouth,D,2.62,3.25,2.75
2009-04-04,Newcastle,Chelsea,A,5.0,3.6,1.72
2009-04-04,West Brom,Stoke,A,2.2,3.25,3.4
2009-04-04,West Ham,Sunderland,H,2.1,3.2,3.75
2009-04-05,Everton,Wigan,H,1.72,3.4,5.5
2009-04-05,Man United,Aston Villa,H,1.4,4.33,9.0
2009-04-11,Chelsea,Bolton,H,1.25,5.5,15.0
2009-04-11,Liverpool,Blackburn,H,1.33,4.75,11.0
2009-04-11,Middlesbrough,Hull,H,2.1,3.3,3.75
2009-04-11,Portsmouth,West Brom,D,1.73,3.5,5.5
2009-04-11,Stoke,Newcastle,D,2.5,3.25,2.88
2009-04-11,Sunderland,Man United,A,7.5,4.0,1.5
2009-04-11,Tottenham,West Ham,H,1.73,3.5,5.5
2009-04-11,Wigan,Arsenal,A,5.25,3.5,1.73
2009-04-12,Aston Villa,Everton,D,2.2,3.25,3.5
2009-04-12,Man City,Fulham,A,1.91,3.4,4.33
2009-04-18,Aston Villa,West Ham,D,1.67,3.6,5.5
2009-04-18,Middlesbrough,Fulham,D,2.25,3.25,3.3
2009-04-18,Portsmouth,Bolton,H,2.1,3.3,3.6
2009-04-18,Stoke,Blackburn,H,2.4,3.25,3.0
2009-04-18,Sunderland,Hull,H,1.91,3.4,4.2
2009-04-19,Man City,West Brom,H,1.57,3.8,6.5
2009-04-19,Tottenham,Newcastle,H,1.67,3.6,5.5
2009-04-21,Liverpool,Arsenal,D,1.72,3.6,5.0
2009-04-22,Chelsea,Everton,D,1.44,4.2,8.5
2009-04-22,Man United,Portsmouth,H,1.25,5.5,13.0
2009-04-25,Bolton,Aston Villa,D,3.1,3.3,2.37
2009-04-25,Everton,Man City,A,1.83,3.5,4.5
2009-04-25,Fulham,Stoke,H,1.75,3.5,5.0
2009-04-25,Hull,Liverpool,A,10.0,4.5,1.36
2009-04-25,Man United,Tottenham,H,1.44,4.0,9.0
2009-04-25,West Brom,Sunderland,H,2.5,3.3,2.87
2009-04-25,West Ham,Chelsea,A,4.75,3.3,1.85
2009-04-26,Arsenal,Middlesbrough,H,1.5,4.2,7.5
2009-04-26,Blackburn,Wigan,H,1.9,3.4,4.2
2009-04-27,Newcastle,Portsmouth,D,2.0,3.5,3.75
2009-05-02,Chelsea,Fulham,H,1.53,3.8,7.0
2009-05-02,Man City,Blackburn,H,2.0,3.3,4.0
2009-05-02,Middlesbrough,Man United,A,6.5,3.8,1.57
2009-05-02,Portsmouth,Arsenal,A,3.2,3.3,2.3
2009-05-02,Stoke,West Ham,A,2.37,3.25,3.1
2009-05-02,Tottenham,West Brom,H,1.5,4.0,7.0
2009-05-02,Wigan,Bolton,D,2.1,3.25,3.75
2009-05-03,Liverpool,Newcastle,H,1.25,5.5,13.0
2009-05-03,Sunderland,Everton,A,2.5,3.25,2.9
2009-05-04,Aston Villa,Hull,H,1.53,3.8,7.0
2009-05-09,Blackburn,Portsmouth,H,2.0,3.25,4.0
2009-05-09,Bolton,Sunderland,D,2.2,3.25,3.5
2009-05-09,Everton,Tottenham,D,2.3,3.3,3.2
2009-05-09,Fulham,Aston Villa,H,2.62,3.25,2.75
2009-05-09,Hull,Stoke,A,2.1,3.3,3.6
2009-05-09,West Brom,Wigan,H,2.4,3.4,2.9
2009-05-09,West Ham,Liverpool,A,6.5,3.8,1.57
2009-05-10,Arsenal,Chelsea,A,2.6,3.25,2.8
2009-05-10,Man United,Man City,H,1.36,4.75,9.5
2009-05-11,Newcastle,Middlesbrough,H,2.0,3.4,3.8
2009-05-13,Wigan,Man United,A,12.0,5.0,1.3
2009-05-16,Bolton,Hull,D,2.2,3.3,3.4
2009-05-16,Everton,West Ham,H,1.73,3.6,5.0
2009-05-16,Man United,Arsenal,D,1.67,3.5,6.0
2009-05-16,Middlesbrough,Aston Villa,D,2.5,3.4,2.75
2009-05-16,Newcastle,Fulham,A,1.91,3.5,4.0
2009-05-16,Stoke,Wigan,H,2.2,3.25,3.4
2009-05-16,Tottenham,Man City,H,1.83,3.5,4.5
2009-05-17,Chelsea,Blackburn,H,1.3,5.0,11.0
2009-05-17,West Brom,Liverpool,A,7.0,5.0,1.4
2009-05-18,Portsmouth,Sunderland,H,2.1,3.2,3.75
2009-05-24,Arsenal,Stoke,H,1.33,5.0,10.0
2009-05-24,Aston Villa,Newcastle,H,2.3,3.4,3.1
2009-05-24,Blackburn,West Brom,D,1.83,3.5,4.5
2009-05-24,Fulham,Everton,A,2.1,3.3,3.6
2009-05-24,Hull,Man United,A,3.0,3.5,2.3
2009-05-24,Liverpool,Tottenham,H,1.53,4.0,6.5
2009-05-24,Man City,Bolton,H,1.73,3.6,5.0
2009-05-24,Sunderland,Chelsea,A,4.0,3.6,1.91
2009-05-24,West Ham,Middlesbrough,H,2.25,3.4,3.2
2009-05-24,Wigan,Portsmouth,H,2.1,3.4,3.5
2009-08-15,Aston Villa,Wigan,A,1.67,3.6,5.5
2009-08-15,Blackburn,Man City,A,3.6,3.25,2.1
2009-08-15,Bolton,Sunderland,A,2.25,3.25,3.25
2009-08-15,Chelsea,Hull,H,1.17,6.5,21.0
2009-08-15,Everton,Arsenal,A,3.2,3.25,2.3
2009-08-15,Portsmouth,Fulham,A,2.63,3.2,2.75
2009-08-15,Stoke,Burnley,H,1.91,3.3,4.33
2009-08-15,Wolves,West Ham,A,2.63,3.3,2.7
2009-08-16,Man United,Birmingham,H,1.2,6.0,17.0
2009-08-16,Tottenham,Liverpool,H,3.2,3.25,2.3
2009-08-18,Sunderland,Chelsea,A,6.5,4.0,1.53
2009-08-18,Wigan,Wolves,A,1.73,3.6,5.25
2009-08-19,Birmingham,Portsmouth,H,2.0,3.3,4.0
2009-08-19,Burnley,Man United,H,9.5,5.0,1.33
2009-08-19,Hull,Tottenham,A,3.75,3.5,2.0
2009-08-19,Liverpool,Stoke,H,1.25,5.5,13.0
2009-08-22,Arsenal,Portsmouth,H,1.17,7.0,19.0
2009-08-22,Birmingham,Stoke,D,2.3,3.2,3.25
2009-08-22,Hull,Bolton,H,2.6,3.25,2.8
2009-08-22,Man City,Wolves,H,1.33,4.5,12.0
2009-08-22,Sunderland,Blackburn,H,2.1,3.25,3.75
2009-08-22,Wigan,Man United,A,6.5,4.0,1.53
2009-08-23,Burnley,Everton,H,3.4,3.3,2.2
2009-08-23,Fulham,Chelsea,A,6.5,3.8,1.57
2009-08-23,West Ham,Tottenham,A,3.1,3.25,2.38
2009-08-24,Liverpool,Aston Villa,A,1.44,4.2,8.0
2009-08-29,Blackburn,West Ham,D,2.2,3.3,3.5
2009-08-29,Bolton,Liverpool,A,7.0,4.0,1.53
2009-08-29,Chelsea,Burnley,H,1.14,8.0,21.0
2009-08-29,Man United,Arsenal,H,2.2,3.3,3.5
2009-08-29,Stoke,Sunderland,H,2.38,3.25,3.2
2009-08-29,Tottenham,Birmingham,H,1.36,4.75,9.0
2009-08-29,Wolves,Hull,D,2.1,3.3,3.6
2009-08-30,Aston Villa,Fulham,H,1.73,3.6,5.25
2009-08-30,Everton,Wigan,H,1.73,3.6,5.25
2009-08-30,Portsmouth,Man City,A,6.5,3.8,1.57
2009-09-12,Blackburn,Wolves,H,1.83,3.5,4.5
2009-09-12,Liverpool,Burnley,H,1.2,6.5,15.0
2009-09-12,Man City,Arsenal,H,2.88,3.25,2.5
2009-09-12,Portsmouth,Bolton,A,2.6,3.2,2.8
2009-09-12,Stoke,Chelsea,A,9.0,4.5,1.4
2009-09-12,Sunderland,Hull,H,1.75,3.5,5.0
2009-09-12,Tottenham,Man United,A,3.1,3.4,2.3
2009-09-12,Wigan,West Ham,H,2.3,3.25,3.25
2009-09-13,Birmingham,Aston Villa,A,3.4,3.25,2.25
2009-09-13,Fulham,Everton,H,2.6,3.2,2.8
2009-09-19,Arsenal,Wigan,H,1.25,5.5,13.0
2009-09-19,Aston Villa,Portsmouth,H,1.4,4.2,10.0
2009-09-19,Bolton,Stoke,D,2.1,3.25,3.75
2009-09-19,Burnley,Sunderland,H,2.88,3.25,2.5
2009-09-19,Hull,Birmingham,A,2.4,3.25,3.0
2009-09-19,West Ham,Liverpool,A,6.5,4.0,1.53
2009-09-20,Chelsea,Tottenham,H,1.5,4.0,7.0
2009-09-20,Everton,Blackburn,H,1.8,3.3,5.0
2009-09-20,Man United,Man City,H,1.57,4.0,6.0
2009-09-20,Wolves,Fulham,H,2.5,3.25,2.88
2009-09-26,Birmingham,Bolton,A,2.2,3.25,3.4
2009-09-26,Blackburn,Aston Villa,H,3.1,3.25,2.38
2009-09-26,Fulham,Arsenal,A,6.5,4.0,1.53
2009-09-26,Liverpool,Hull,H,1.14,7.5,23.0
2009-09-26,Portsmouth,Everton,A,4.2,3.4,1.91
2009-09-26,Stoke,Man United,A,8.5,4.5,1.4
2009-09-26,Tottenham,Burnley,H,1.33,5.0,10.0
2009-09-26,Wigan,Chelsea,H,10.0,5.0,1.33
2009-09-27,Sunderland,Wolves,H,1.73,3.6,5.0
2009-09-28,Man City,West Ham,H,1.44,4.33,7.5
2009-10-03,Bolton,Tottenham,D,3.8,3.6,1.95
2009-10-03,Burnley,Birmingham,H,2.3,3.25,3.2
2009-10-03,Hull,Wigan,H,2.88,3.3,2.5
2009-10-03,Man United,Sunderland,D,1.2,6.5,15.0
2009-10-03,Wolves,Portsmouth,A,2.0,3.4,3.8
2009-10-04,Arsenal,Blackburn,H,1.2,6.5,15.0
2009-10-04,Chelsea,Liverpool,H,2.1,3.3,3.6
2009-10-04,Everton,Stoke,D,1.57,4.0,6.0
2009-10-04,West Ham,Fulham,D,2.2,3.25,3.4
2009-10-05,Aston Villa,Man City,D,2.75,3.25,2.63
2009-10-17,Arsenal,Birmingham,H,1.17,7.0,19.0
2009-10-17,Aston Villa,Chelsea,H,4.5,3.6,1.8
2009-10-17,Everton,Wolves,D,1.44,4.2,6.5
2009-10-17,Man United,Bolton,H,1.2,5.5,13.0
2009-10-17,Portsmouth,Tottenham,A,4.5,3.5,1.83
2009-10-17,Stoke,West Ham,H,2.1,3.3,3.6
2009-10-17,Sunderland,Liverpool,H,4.2,3.4,1.91
2009-10-18,Blackburn,Burnley,H,1.73,3.6,5.0
2009-10-18,Wigan,Man City,D,5.0,3.6,1.73
2009-10-19,Fulham,Hull,H,1.67,3.6,5.5
2009-10-24,Birmingham,Sunderland,H,2.9,3.25,2.5
2009-10-24,Burnley,Wigan,A,2.5,3.3,2.88
2009-10-24,Chelsea,Blackburn,H,1.2,6.5,15.0
2009-10-24,Hull,Portsmouth,D,2.6,3.2,2.8
2009-10-24,Tottenham,Stoke,A,1.44,4.33,7.5
2009-10-24,Wolves,Aston Villa,D,3.5,3.2,2.2
2009-10-25,Bolton,Everton,H,2.63,3.25,2.75
2009-10-25,Liverpool,Man United,H,3.0,3.25,2.4
2009-10-25,Man City,Fulham,D,1.44,4.2,8.0
2009-10-25,West Ham,Arsenal,D,7.0,4.2,1.5
2009-10-31,Arsenal,Tottenham,H,1.57,4.0,6.0
2009-10-31,Bolton,Chelsea,A,9.0,4.33,1.4
2009-10-31,Burnley,Hull,H,1.91,3.4,4.2
2009-10-31,Everton,Aston Villa,D,2.5,3.25,2.88
2009-10-31,Fulham,Liverpool,H,4.2,3.4,1.91
2009-10-31,Man United,Blackburn,H,1.17,7.0,19.0
2009-10-31,Portsmouth,Wigan,H,2.38,3.3,3.0
2009-10-31,Stoke,Wolves,D,1.91,3.4,4.2
2009-10-31,Sunderland,West Ham,D,2.0,3.3,4.0
2009-11-01,Birmingham,Man City,D,4.33,3.6,1.83
2009-11-04,West Ham,Aston Villa,H,2.75,3.3,2.63
2009-11-07,Aston Villa,Bolton,H,1.8,3.5,4.75
2009-11-07,Blackburn,Portsmouth,H,2.1,3.4,3.6
2009-11-07,Man City,Burnley,D,1.33,4.75,11.0
2009-11-07,Tottenham,Sunderland,H,1.57,3.75,6.5
2009-11-07,Wolves,Arsenal,A,9.0,4.75,1.36
2009-11-08,Chelsea,Man United,H,2.0,3.25,4.0
2009-11-08,Hull,Stoke,H,2.75,3.3,2.6
2009-11-08,West Ham,Everton,A,2.4,3.3,3.0
2009-11-08,Wigan,Fulham,D,2.25,3.2,3.4
2009-11-09,Liverpool,Birmingham,D,1.36,4.5,10.0
2009-11-21,Birmingham,Fulham,H,2.5,3.2,2.9
2009-11-21,Burnley,Aston Villa,D,3.4,3.3,2.2
2009-11-21,Chelsea,Wolves,H,1.17,7.0,19.0
2009-11-21,Hull,West Ham,D,2.88,3.25,2.5
2009-11-21,Liverpool,Man City,D,1.91,3.4,4.2
2009-11-21,Man United,Everton,H,1.4,4.5,9.0
2009-11-21,Sunderland,Arsenal,H,6.0,3.75,1.62
2009-11-22,Bolton,Blackburn,A,2.25,3.2,3.4
2009-11-22,Stoke,Portsmouth,H,2.1,3.4,3.5
2009-11-22,Tottenham,Wigan,H,1.44,4.33,8.0
2009-11-25,Fulham,Blackburn,H,2.1,3.3,3.6
2009-11-25,Hull,Everton,H,3.5,3.3,2.15
2009-11-28,Aston Villa,Tottenham,D,2.5,3.25,2.88
2009-11-28,Blackburn,Stoke,D,1.91,3.4,4.2
2009-11-28,Fulham,Bolton,D,1.91,3.5,4.2
2009-11-28,Man City,Hull,D,1.29,5.5,11.0
2009-11-28,Portsmouth,Man United,A,10.0,4.5,1.36
2009-11-28,West Ham,Burnley,H,1.8,3.6,4.5
2009-11-28,Wigan,Sunderland,H,2.4,3.4,2.9
2009-11-29,Arsenal,Chelsea,A,2.7,3.2,2.7
2009-11-29,Everton,Liverpool,A,3.5,3.4,2.1
2009-11-29,Wolves,Birmingham,A,2.4,3.2,3.1
2009-12-05,Arsenal,Stoke,H,1.29,5.0,13.0
2009-12-05,Aston Villa,Hull,H,1.44,4.33,7.5
2009-12-05,Blackburn,Liverpool,D,5.25,3.8,1.67
2009-12-05,Man City,Chelsea,H,4.2,3.4,1.91
2009-12-05,Portsmouth,Burnley,H,1.91,3.4,4.2
2009-12-05,West Ham,Man United,A,8.0,4.2,1.44
2009-12-05,Wigan,Birmingham,A,2.1,3.3,3.6
2009-12-05,Wolves,Bolton,H,2.38,3.25,3.1
2009-12-06,Everton,Tottenham,D,2.88,3.25,2.5
2009-12-06,Fulham,Sunderland,H,2.1,3.3,3.6
2009-12-12,Birmingham,West Ham,H,2.1,3.3,3.6
2009-12-12,Bolton,Man City,D,4.5,3.6,1.8
2009-12-12,Burnley,Fulham,D,2.63,3.25,2.75
2009-12-12,Chelsea,Everton,D,1.25,5.5,15.0
2009-12-12,Hull,Blackburn,D,2.8,3.25,2.6
2009-12-12,Man United,Aston Villa,A,1.5,4.2,7.0
2009-12-12,Stoke,Wigan,D,2.1,3.3,3.6
2009-12-12,Sunderland,Portsmouth,D,1.8,3.5,4.75
2009-12-12,Tottenham,Wolves,A,1.25,5.75,13.0
2009-12-13,Liverpool,Arsenal,A,2.2,3.3,3.4
2009-12-15,Birmingham,Blackburn,H,2.2,3.25,3.4
2009-12-15,Bolton,West Ham,H,2.25,3.3,3.25
2009-12-15,Man United,Wolves,H,1.17,7.0,19.0
2009-12-15,Sunderland,Aston Villa,A,2.88,3.3,2.5
2009-12-16,Burnley,Arsenal,D,7.0,4.2,1.5
2009-12-16,Chelsea,Portsmouth,H,1.14,8.0,19.0
2009-12-16,Liverpool,Wigan,H,1.33,4.75,11.0
2009-12-16,Tottenham,Man City,H,2.25,3.3,3.25
2009-12-19,Arsenal,Hull,H,1.22,6.0,15.0
2009-12-19,Aston Villa,Stoke,H,1.4,4.33,9.0
2009-12-19,Blackburn,Tottenham,A,3.3,3.4,2.2
2009-12-19,Fulham,Man United,H,6.5,4.0,1.57
2009-12-19,Man City,Sunderland,H,1.53,4.0,7.0
2009-12-19,Portsmouth,Liverpool,H,5.5,4.0,1.62
2009-12-20,Everton,Birmingham,D,1.83,3.5,4.5
2009-12-20,West Ham,Chelsea,D,8.5,4.5,1.4
2009-12-20,Wolves,Burnley,H,2.1,3.3,3.6
2009-12-26,Birmingham,Chelsea,D,6.5,3.8,1.57
2009-12-26,Burnley,Bolton,D,2.38,3.3,3.0
2009-12-26,Fulham,Tottenham,D,2.8,3.4,2.5
2009-12-26,Liverpool,Wolves,H,1.29,5.5,11.0
2009-12-26,Man City,Stoke,H,1.44,4.33,7.5
2009-12-26,Sunderland,Everton,D,2.38,3.3,3.0
2009-12-26,West Ham,Portsmouth,H,2.1,3.3,3.6
2009-12-26,Wigan,Blackburn,D,2.3,3.25,3.2
2009-12-27,Arsenal,Aston Villa,H,1.73,3.5,5.0
2009-12-27,Hull,Man United,A,8.0,4.2,1.4
2009-12-28,Blackburn,Sunderland,D,2.1,3.3,3.6
2009-12-28,Chelsea,Fulham,H,1.36,4.5,10.0
2009-12-28,Everton,Burnley,H,1.57,3.8,6.5
2009-12-28,Stoke,Birmingham,A,2.4,3.25,3.0
2009-12-28,Tottenham,West Ham,H,1.44,4.2,8.0
2009-12-28,Wolves,Man City,A,4.5,3.6,1.8
2009-12-29,Aston Villa,Liverpool,A,2.8,3.25,2.6
2009-12-29,Bolton,Hull,D,1.8,3.6,4.75
2009-12-30,Man United,Wigan,H,1.2,6.5,15.0
2009-12-30,Portsmouth,Arsenal,A,6.5,4.0,1.53
2010-01-05,Stoke,Fulham,H,2.63,3.25,2.75
2010-01-09,Arsenal,Everton,D,1.4,4.5,8.5
2010-01-09,Birmingham,Man United,D,6.5,3.6,1.62
2010-01-11,Man City,Blackburn,H,1.44,4.33,8.0
2010-01-16,Chelsea,Sunderland,H,1.22,6.0,15.0
2010-01-16,Everton,Man City,H,2.88,3.25,2.5
2010-01-16,Man United,Burnley,H,1.17,7.0,17.0
2010-01-16,Stoke,Liverpool,D,3.5,3.2,2.2
2010-01-16,Tottenham,Hull,D,1.25,6.0,11.0
2010-01-16,Wolves,Wigan,A,2.3,3.25,3.2
2010-01-17,Aston Villa,West Ham,D,1.53,3.8,7.0
2010-01-17,Blackburn,Fulham,H,2.4,3.25,3.0
2010-01-17,Bolton,Arsenal,A,6.5,4.0,1.53
2010-01-20,Arsenal,Bolton,H,1.22,5.5,17.0
2010-01-20,Liverpool,Tottenham,H,2.4,3.25,3.0
2010-01-23,Man United,Hull,H,1.14,6.5,15.0
2010-01-26,Bolton,Burnley,H,1.8,3.6,4.5
2010-01-26,Portsmouth,West Ham,D,2.5,3.25,2.88
2010-01-26,Tottenham,Fulham,H,1.57,3.75,6.5
2010-01-26,Wolves,Liverpool,D,5.5,3.6,1.67
2010-01-27,Aston Villa,Arsenal,D,3.2,3.25,2.3
2010-01-27,Blackburn,Wigan,H,1.95,3.4,4.0
2010-01-27,Chelsea,Birmingham,H,1.22,6.0,15.0
2010-01-27,Everton,Sunderland,H,1.67,3.6,5.5
2010-01-30,Birmingham,Tottenham,D,3.1,3.25,2.38
2010-01-30,Burnley,Chelsea,A,13.0,5.0,1.29
2010-01-30,Fulham,Aston Villa,A,2.7,3.2,2.7
2010-01-30,Hull,Wolves,D,2.25,3.25,3.25
2010-01-30,Liverpool,Bolton,H,1.44,4.33,7.5
2010-01-30,West Ham,Blackburn,D,2.1,3.3,3.6
2010-01-30,Wigan,Everton,A,3.0,3.3,2.38
2010-01-31,Arsenal,Man United,A,2.6,3.25,2.8
2010-01-31,Man City,Portsmouth,H,1.29,5.0,13.0
2010-02-01,Sunderland,Stoke,D,2.0,3.4,3.8
2010-02-02,Hull,Chelsea,D,13.0,5.0,1.29
2010-02-03,Fulham,Portsmouth,H,1.67,3.5,6.0
2010-02-06,Bolton,Fulham,D,2.25,3.3,3.25
2010-02-06,Burnley,West Ham,H,2.6,3.25,2.8
2010-02-06,Hull,Man City,H,5.5,3.4,1.73
2010-02-06,Liverpool,Everton,H,1.83,3.5,4.33
2010-02-06,Man United,Portsmouth,H,1.13,8.5,23.0
2010-02-06,Stoke,Blackburn,H,2.3,3.1,3.4
2010-02-06,Sunderland,Wigan,D,2.0,3.4,3.8
2010-02-06,Tottenham,Aston Villa,D,2.1,3.3,3.6
2010-02-07,Birmingham,Wolves,H,1.8,3.4,5.0
2010-02-07,Chelsea,Arsenal,H,1.8,3.6,4.5
2010-02-09,Fulham,Burnley,H,1.73,3.5,5.25
2010-02-09,Man City,Bolton,H,1.44,4.2,8.0
2010-02-09,Portsmouth,Sunderland,D,2.4,3.25,3.0
2010-02-09,Wigan,Stoke,D,2.2,3.3,3.4
2010-02-10,Arsenal,Liverpool,H,2.1,3.3,3.6
2010-02-10,Aston Villa,Man United,D,4.2,3.5,1.91
2010-02-10,Blackburn,Hull,H,1.83,3.5,4.5
2010-02-10,Everton,Chelsea,H,5.0,3.6,1.73
2010-02-10,West Ham,Birmingham,H,2.25,3.3,3.25
2010-02-10,Wolves,Tottenham,H,4.2,3.4,1.91
2010-02-16,Stoke,Man City,D,3.1,3.2,2.38
2010-02-17,Wigan,Bolton,D,2.3,3.25,3.2
2010-02-20,Arsenal,Sunderland,H,1.22,6.0,15.0
2010-02-20,Everton,Man United,H,4.5,3.6,1.8
2010-02-20,Portsmouth,Stoke,A,2.38,3.25,3.1
2010-02-20,West Ham,Hull,H,1.75,3.6,4.75
2010-02-20,Wolves,Chelsea,A,12.0,5.0,1.3
2010-02-21,Aston Villa,Burnley,H,1.36,4.5,10.0
2010-02-21,Blackburn,Bolton,H,1.95,3.25,4.33
2010-02-21,Fulham,Birmingham,H,2.1,3.25,3.75
2010-02-21,Man City,Liverpool,D,2.4,3.3,3.0
2010-02-21,Wigan,Tottenham,A,3.75,3.5,2.0
2010-02-23,Man United,West Ham,H,1.2,6.5,15.0
2010-02-27,Birmingham,Wigan,H,1.91,3.3,4.33
2010-02-27,Bolton,Wolves,H,2.0,3.3,4.0
2010-02-27,Burnley,Portsmouth,A,2.0,3.4,3.8
2010-02-27,Chelsea,Man City,A,1.44,4.33,7.5
2010-02-27,Stoke,Arsenal,A,5.0,3.6,1.73
2010-02-28,Liverpool,Blackburn,H,1.36,4.75,9.0
2010-02-28,Sunderland,Fulham,D,2.2,3.2,3.5
2010-02-28,Tottenham,Everton,H,2.0,3.4,4.0
2010-03-06,Arsenal,Burnley,H,1.14,7.5,21.0
2010-03-06,West Ham,Bolton,A,1.8,3.5,4.5
2010-03-06,Wolves,Man United,A,10.0,5.0,1.33
2010-03-07,Everton,Hull,H,1.36,4.5,10.0
2010-03-08,Wigan,Liverpool,H,6.5,3.8,1.57
2010-03-09,Portsmouth,Birmingham,A,2.38,3.25,3.1
2010-03-09,Sunderland,Bolton,H,2.1,3.25,3.75
2010-03-10,Burnley,Stoke,D,2.5,3.3,2.88
2010-03-13,Birmingham,Everton,D,3.0,3.25,2.4
2010-03-13,Bolton,Wigan,H,2.1,3.3,3.6
2010-03-13,Burnley,Wolves,A,2.25,3.3,3.3
2010-03-13,Chelsea,West Ham,H,1.22,6.0,15.0
2010-03-13,Hull,Arsenal,A,7.5,4.5,1.4
2010-03-13,Stoke,Aston Villa,D,3.3,3.25,2.25
2010-03-13,Tottenham,Blackburn,H,1.44,4.33,7.5
2010-03-14,Man United,Fulham,H,1.22,6.0,15.0
2010-03-14,Sunderland,Man City,D,3.6,3.4,2.1
2010-03-15,Liverpool,Portsmouth,H,1.25,5.5,13.0
2010-03-16,Wigan,Aston Villa,A,3.6,3.3,2.1
2010-03-20,Arsenal,West Ham,H,1.25,5.75,13.0
2010-03-20,Aston Villa,Wolves,D,1.4,4.33,9.0
2010-03-20,Everton,Bolton,H,1.53,3.8,7.0
2010-03-20,Portsmouth,Hull,H,2.2,3.2,3.5
2010-03-20,Stoke,Tottenham,A,3.6,3.3,2.1
2010-03-20,Sunderland,Birmingham,H,2.2,3.2,3.5
2010-03-20,Wigan,Burnley,H,1.73,3.6,5.0
2010-03-21,Blackburn,Chelsea,D,7.5,4.33,1.44
2010-03-21,Fulham,Man City,A,3.1,3.25,2.38
2010-03-21,Man United,Liverpool,H,1.67,3.75,5.5
2010-03-23,West Ham,Wolves,A,1.8,3.6,4.5
2010-03-24,Aston Villa,Sunderland,D,1.53,3.8,7.0
2010-03-24,Blackburn,Birmingham,H,2.0,3.25,4.0
2010-03-24,Man City,Everton,A,1.83,3.5,4.33
2010-03-24,Portsmouth,Chelsea,A,12.0,5.0,1.3
2010-03-27,Birmingham,Arsenal,D,7.0,4.2,1.5
2010-03-27,Bolton,Man United,A,8.5,4.5,1.4
2010-03-27,Chelsea,Aston Villa,H,1.4,4.75,8.0
2010-03-27,Hull,Fulham,H,2.4,3.25,3.0
2010-03-27,Tottenham,Portsmouth,H,1.2,6.0,17.0
2010-03-27,West Ham,Stoke,A,2.1,3.3,3.6
2010-03-27,Wolves,Everton,D,3.8,3.4,2.0
2010-03-28,Burnley,Blackburn,A,2.5,3.25,2.88
2010-03-28,Liverpool,Sunderland,H,1.3,5.25,11.0
2010-03-29,Man City,Wigan,H,1.33,4.75,11.0
2010-04-03,Arsenal,Wolves,H,1.22,6.0,15.0
2010-04-03,Bolton,Aston Villa,A,2.88,3.25,2.5
2010-04-03,Burnley,Man City,A,5.0,3.8,1.7
2010-04-03,Man United,Chelsea,A,2.63,3.2,2.75
2010-04-03,Portsmouth,Blackburn,D,3.3,3.3,2.25
2010-04-03,Stoke,Hull,H,1.8,3.5,4.5
2010-04-03,Sunderland,Tottenham,H,3.6,3.3,2.1
2010-04-04,Birmingham,Liverpool,D,4.5,3.5,1.83
2010-04-04,Everton,West Ham,D,1.44,4.33,7.5
2010-04-04,Fulham,Wigan,H,2.0,3.4,3.8
2010-04-10,Hull,Burnley,A,1.73,3.6,5.0
2010-04-10,West Ham,Sunderland,H,2.0,3.4,3.8
2010-04-11,Blackburn,Man United,D,6.5,4.0,1.53
2010-04-11,Liverpool,Fulham,D,1.29,5.0,13.0
2010-04-11,Man City,Birmingham,H,1.4,4.5,8.5
2010-04-11,Wolves,Stoke,D,2.3,3.25,3.2
2010-04-13,Chelsea,Bolton,H,1.14,8.0,19.0
2010-04-14,Aston Villa,Everton,D,2.25,3.3,3.3
2010-04-14,Tottenham,Arsenal,H,3.25,3.3,2.25
2010-04-14,Wigan,Portsmouth,D,1.57,3.8,6.5
2010-04-17,Birmingham,Hull,D,1.73,3.6,5.0
2010-04-17,Blackburn,Everton,A,2.8,3.25,2.6
2010-04-17,Fulham,Wolves,D,2.1,3.25,3.75
2010-04-17,Man City,Man United,A,2.88,3.5,2.4
2010-04-17,Stoke,Bolton,A,2.1,3.25,3.75
2010-04-17,Sunderland,Burnley,H,1.62,3.75,6.0
2010-04-17,Tottenham,Chelsea,H,4.0,3.6,1.91
2010-04-18,Portsmouth,Aston Villa,A,5.5,3.75,1.67
2010-04-18,Wigan,Arsenal,H,6.5,4.0,1.53
2010-04-19,Liverpool,West Ham,H,1.33,5.0,10.0
2010-04-21,Hull,Aston Villa,A,3.5,3.4,2.1
2010-04-24,Arsenal,Man City,D,2.0,3.5,3.75
2010-04-24,Bolton,Portsmouth,D,1.53,4.0,6.5
2010-04-24,Hull,Sunderland,A,2.38,3.4,3.0
2010-04-24,Man United,Tottenham,H,1.5,4.2,7.0
2010-04-24,West Ham,Wigan,H,1.83,3.6,4.33
2010-04-24,Wolves,Blackburn,D,2.2,3.25,3.4
2010-04-25,Aston Villa,Birmingham,H,1.62,3.75,6.0
2010-04-25,Burnley,Liverpool,A,5.5,4.0,1.62
2010-04-25,Chelsea,Stoke,H,1.14,8.0,21.0
2010-04-25,Everton,Fulham,H,1.36,4.5,10.0
2010-05-01,Birmingham,Burnley,H,1.5,4.2,7.0
2010-05-01,Man City,Aston Villa,H,1.83,3.6,4.33
2010-05-01,Portsmouth,Wolves,H,2.38,3.25,3.1
2010-05-01,Stoke,Everton,D,3.6,3.3,2.1
2010-05-01,Tottenham,Bolton,H,1.29,5.5,10.0
2010-05-02,Fulham,West Ham,H,2.38,3.25,3.1
2010-05-02,Liverpool,Chelsea,A,4.0,3.8,1.83
2010-05-02,Sunderland,Man United,A,9.5,4.75,1.36
2010-05-03,Blackburn,Arsenal,H,3.5,3.4,2.1
2010-05-03,Wigan,Hull,D,1.8,3.6,4.5
2010-05-05,Fulham,Stoke,A,2.1,3.3,3.6
2010-05-05,Man City,Tottenham,A,2.0,3.4,3.8
2010-05-09,Arsenal,Fulham,H,1.2,7.0,13.0
2010-05-09,Aston Villa,Blackburn,A,1.57,4.0,6.0
2010-05-09,Bolton,Birmingham,H,2.25,3.3,3.3
2010-05-09,Burnley,Tottenham,H,7.0,4.2,1.5
2010-05-09,Chelsea,Wigan,H,1.1,10.0,23.0
2010-05-09,Everton,Portsmouth,H,1.29,5.5,11.0
2010-05-09,Hull,Liverpool,D,6.5,3.8,1.57
2010-05-09,Man United,Stoke,H,1.13,8.0,23.0
2010-05-09,West Ham,Man City,D,4.0,3.6,1.91
2010-05-09,Wolves,Sunderland,H,2.25,3.4,3.25
2010-08-14,Aston Villa,West Ham,H,2.0,3.3,4.0
2010-08-14,Blackburn,Everton,H,2.88,3.25,2.5
2010-08-14,Bolton,Fulham,D,2.2,3.3,3.4
2010-08-14,Chelsea,West Brom,H,1.17,7.0,17.0
2010-08-14,Sunderland,Birmingham,D,2.1,3.3,3.6
2010-08-14,Tottenham,Man City,D,2.4,3.3,3.0
2010-08-14,Wigan,Blackpool,A,1.83,3.5,4.5
2010-08-14,Wolves,Stoke,H,2.3,3.25,3.2
2010-08-15,Liverpool,Arsenal,D,2.5,3.25,2.88
2010-08-16,Man United,Newcastle,H,1.25,5.5,15.0
2010-08-21,Arsenal,Blackpool,H,1.17,7.0,19.0
2010-08-21,Birmingham,Blackburn,H,2.2,3.25,3.4
2010-08-21,Everton,Wolves,D,1.5,4.0,7.0
2010-08-21,Stoke,Tottenham,A,3.4,3.3,2.2
2010-08-21,West Brom,Sunderland,H,2.5,3.25,2.88
2010-08-21,West Ham,Bolton,A,2.25,3.3,3.25
2010-08-21,Wigan,Chelsea,A,15.0,6.0,1.22
2010-08-22,Fulham,Man United,D,6.0,4.0,1.57
2010-08-22,Newcastle,Aston Villa,H,3.2,3.25,2.3
2010-08-23,Man City,Liverpool,H,2.38,3.25,3.1
2010-08-28,Blackburn,Arsenal,A,6.0,4.0,1.57
2010-08-28,Blackpool,Fulham,D,3.2,3.25,2.3
2010-08-28,Chelsea,Stoke,H,1.11,9.0,23.0
2010-08-28,Man United,West Ham,H,1.14,8.0,19.0
2010-08-28,Tottenham,Wigan,A,1.25,5.75,13.0
2010-08-28,Wolves,Newcastle,D,2.4,3.2,3.1
2010-08-29,Aston Villa,Everton,H,2.5,3.25,2.88
2010-08-29,Bolton,Birmingham,D,2.1,3.3,3.6
2010-08-29,Liverpool,West Brom,H,1.22,6.0,15.0
2010-08-29,Sunderland,Man City,H,4.5,3.5,1.83
2010-09-11,Arsenal,Bolton,H,1.25,5.5,13.0
2010-09-11,Everton,Man United,D,4.2,3.4,1.91
2010-09-11,Fulham,Wolves,H,1.83,3.5,4.5
2010-09-11,Man City,Blackburn,D,1.33,5.0,10.0
2010-09-11,Newcastle,Blackpool,A,1.57,4.0,6.0
2010-09-11,West Brom,Tottenham,D,3.75,3.25,2.1
2010-09-11,West Ham,Chelsea,A,10.0,5.0,1.33
2010-09-11,Wigan,Sunderland,D,2.5,3.25,2.88
2010-09-12,Birmingham,Liverpool,D,3.1,3.2,2.4
2010-09-13,Stoke,Aston Villa,H,2.5,3.25,2.88
2010-09-18,Aston Villa,Bolton,D,1.8,3.6,4.5
2010-09-18,Blackburn,Fulham,D,2.0,3.3,4.0
2010-09-18,Everton,Newcastle,A,1.62,3.75,6.0
2010-09-18,Stoke,West Ham,D,1.91,3.4,4.2
2010-09-18,Sunderland,Arsenal,D,5.5,3.7,1.67
2010-09-18,Tottenham,Wolves,H,1.4,4.5,8.5
2010-09-18,West Brom,Birmingham,H,2.25,3.3,3.25
2010-09-19,Chelsea,Blackpool,H,1.1,9.0,26.0
2010-09-19,Man United,Liverpool,H,1.7,3.5,5.5
2010-09-19,Wigan,Man City,A,5.0,3.6,1.73
2010-09-25,Arsenal,West Brom,A,1.22,6.0,15.0
2010-09-25,Birmingham,Wigan,D,1.83,3.5,4.5
2010-09-25,Blackpool,Blackburn,A,3.2,3.25,2.3
2010-09-25,Fulham,Everton,D,2.75,3.2,2.63
2010-09-25,Liverpool,Sunderland,D,1.44,4.33,7.5
2010-09-25,Man City,Chelsea,H,3.6,3.3,2.1
2010-09-25,West Ham,Tottenham,H,3.5,3.4,2.1
2010-09-26,Bolton,Man United,D,7.5,4.0,1.5
2010-09-26,Newcastle,Stoke,A,1.91,3.4,4.2
2010-09-26,Wolves,Aston Villa,A,2.88,3.25,2.5
2010-10-02,Birmingham,Everton,A,2.88,3.1,2.63
2010-10-02,Stoke,Blackburn,H,2.25,3.2,3.4
2010-10-02,Sunderland,Man United,D,5.0,3.5,1.75
2010-10-02,Tottenham,Aston Villa,H,1.91,3.5,4.0
2010-10-02,West Brom,Bolton,D,2.1,3.25,3.75
2010-10-02,West Ham,Fulham,D,2.25,3.25,3.3
2010-10-02,Wigan,Wolves,H,2.25,3.25,3.3
2010-10-03,Chelsea,Arsenal,H,1.73,3.6,5.0
2010-10-03,Liverpool,Blackpool,A,1.33,5.0,10.0
2010-10-03,Man City,Newcastle,H,1.44,4.0,8.5
2010-10-16,Arsenal,Birmingham,H,1.29,5.5,11.0
2010-10-16,Aston Villa,Chelsea,D,5.0,3.6,1.73
2010-10-16,Bolton,Stoke,H,2.2,3.2,3.5
2010-10-16,Fulham,Tottenham,A,2.88,3.25,2.5
2010-10-16,Man United,West Brom,D,1.25,5.75,12.0
2010-10-16,Newcastle,Wigan,D,1.83,3.5,4.5
2010-10-16,Wolves,West Ham,D,2.25,3.2,3.4
2010-10-17,Blackpool,Man City,A,5.5,4.0,1.62
2010-10-17,Everton,Liverpool,H,2.4,3.25,3.0
2010-10-18,Blackburn,Sunderland,D,2.1,3.3,3.6
2010-10-23,Birmingham,Blackpool,H,1.83,3.6,4.33
2010-10-23,Chelsea,Wolves,H,1.13,8.5,19.0
2010-10-23,Sunderland,Aston Villa,H,2.4,3.25,3.0
2010-10-23,Tottenham,Everton,D,2.1,3.25,3.75
2010-10-23,West Brom,Fulham,H,2.2,3.25,3.4
2010-10-23,West Ham,Newcastle,A,2.38,3.25,3.1
2010-10-23,Wigan,Bolton,D,2.38,3.25,3.1
2010-10-24,Liverpool,Blackburn,H,1.67,3.6,5.5
2010-10-24,Man City,Arsenal,A,2.5,3.2,2.9
2010-10-24,Stoke,Man United,A,5.5,3.75,1.67
2010-10-30,Arsenal,West Ham,H,1.17,7.0,17.0
2010-10-30,Blackburn,Chelsea,A,7.5,4.33,1.44
2010-10-30,Everton,Stoke,H,1.57,3.75,6.5
2010-10-30,Fulham,Wigan,H,1.91,3.4,4.2
2010-10-30,Man United,Tottenham,H,1.57,4.0,6.0
2010-10-30,Wolves,Man City,H,5.5,3.4,1.73
2010-10-31,Aston Villa,Birmingham,D,1.8,3.6,4.5
2010-10-31,Bolton,Liverpool,A,3.4,3.25,2.2
2010-10-31,Newcastle,Sunderland,H,2.2,3.2,3.5
2010-11-01,Blackpool,West Brom,H,2.9,3.25,2.5
2010-11-06,Birmingham,West Ham,D,1.91,3.4,4.2
2010-11-06,Blackburn,Wigan,H,1.8,3.6,4.5
2010-11-06,Blackpool,Everton,D,4.5,3.6,1.8
2010-11-06,Bolton,Tottenham,H,3.0,3.3,2.4
2010-11-06,Fulham,Aston Villa,D,2.2,3.25,3.4
2010-11-06,Man United,Wolves,H,1.22,6.0,15.0
2010-11-06,Sunderland,Stoke,H,2.1,3.2,3.75
2010-11-07,Arsenal,Newcastle,A,1.29,5.5,11.0
2010-11-07,Liverpool,Chelsea,H,3.8,3.4,2.0
2010-11-07,West Brom,Man City,A,3.6,3.3,2.1
2010-11-09,Stoke,Birmingham,H,2.1,3.2,3.75
2010-11-09,Tottenham,Sunderland,D,1.53,4.0,6.5
2010-11-10,Aston Villa,Blackpool,H,1.62,3.75,6.0
2010-11-10,Chelsea,Fulham,H,1.2,6.5,15.0
2010-11-10,Everton,Bolton,D,1.62,3.75,6.0
2010-11-10,Man City,Man United,D,2.63,3.25,2.75
2010-11-10,Newcastle,Blackburn,A,1.91,3.4,4.2
2010-11-10,West Ham,West Brom,D,2.3,3.25,3.2
2010-11-10,Wigan,Liverpool,D,4.75,3.6,1.75
2010-11-10,Wolves,Arsenal,A,5.5,3.6,1.67
2010-11-13,Aston Villa,Man United,D,4.5,3.6,1.8
2010-11-13,Man City,Birmingham,D,1.4,4.5,8.5
2010-11-13,Newcastle,Fulham,D,1.91,3.4,4.2
2010-11-13,Stoke,Liverpool,H,3.75,3.25,2.1
2010-11-13,Tottenham,Blackburn,H,1.57,3.8,6.5
2010-11-13,West Ham,Blackpool,D,1.91,3.6,4.0
2010-11-13,Wigan,West Brom,H,2.5,3.25,2.88
2010-11-13,Wolves,Bolton,A,2.4,3.1,3.2
2010-11-14,Chelsea,Sunderland,A,1.22,5.75,15.0
2010-11-14,Everton,Arsenal,A,3.4,3.3,2.2
2010-11-20,Arsenal,Tottenham,A,1.62,4.0,5.5
2010-11-20,Birmingham,Chelsea,H,5.0,3.6,1.73
2010-11-20,Blackpool,Wolves,H,2.5,3.3,2.88
2010-11-20,Bolton,Newcastle,H,2.1,3.3,3.6
2010-11-20,Liverpool,West Ham,H,1.57,3.8,6.5
2010-11-20,Man United,Wigan,H,1.22,6.0,15.0
2010-11-20,West Brom,Stoke,A,2.2,3.2,3.5
2010-11-21,Blackburn,Aston Villa,H,2.3,3.25,3.25
2010-11-21,Fulham,Man City,A,3.2,3.1,2.4
2010-11-22,Sunderland,Everton,D,2.6,3.2,2.8
2010-11-27,Aston Villa,Arsenal,A,3.4,3.3,2.2
2010-11-27,Bolton,Blackpool,D,1.57,4.2,5.5
2010-11-27,Everton,West Brom,A,1.57,3.8,6.5
2010-11-27,Fulham,Birmingham,D,2.0,3.3,4.0
2010-11-27,Man United,Blackburn,H,1.25,5.5,13.0
2010-11-27,Stoke,Man City,D,3.4,3.25,2.2
2010-11-27,West Ham,Wigan,H,2.0,3.5,3.75
2010-11-27,Wolves,Sunderland,H,2.6,3.2,2.8
2010-11-28,Newcastle,Chelsea,D,5.0,3.6,1.73
2010-11-28,Tottenham,Liverpool,H,2.0,3.4,3.8
2010-12-04,Arsenal,Fulham,H,1.29,5.25,12.0
2010-12-04,Birmingham,Tottenham,D,3.5,3.4,2.1
2010-12-04,Blackburn,Wolves,H,1.73,3.6,5.0
2010-12-04,Chelsea,Everton,D,1.36,4.75,9.0
2010-12-04,Man City,Bolton,H,1.53,4.0,6.5
2010-12-04,Wigan,Stoke,D,2.75,3.2,2.63
2010-12-05,Sunderland,West Ham,H,1.83,3.5,4.5
2010-12-05,West Brom,Newcastle,H,2.25,3.3,3.25
2010-12-06,Liverpool,Aston Villa,H,1.62,3.75,6.0
2010-12-11,Aston Villa,West Brom,H,2.1,3.3,3.6
2010-12-11,Everton,Wigan,D,1.4,4.5,9.0
2010-12-11,Fulham,Sunderland,D,2.2,3.25,3.4
2010-12-11,Newcastle,Liverpool,H,3.8,3.4,2.0
2010-12-11,Stoke,Blackpool,A,1.62,4.0,5.5
2010-12-11,West Ham,Man City,A,4.5,3.6,1.8
2010-12-12,Bolton,Blackburn,H,2.0,3.3,4.0
2010-12-12,Tottenham,Chelsea,D,2.8,3.25,2.6
2010-12-12,Wolves,Birmingham,H,2.4,3.25,3.0
2010-12-13,Man United,Arsenal,H,2.0,3.4,3.8
2010-12-18,Blackburn,West Ham,D,1.8,3.6,4.5
2010-12-18,Sunderland,Bolton,H,2.2,3.2,3.5
2010-12-20,Man City,Everton,A,1.73,3.6,5.0
2010-12-26,Aston Villa,Tottenham,A,3.2,3.3,2.3
2010-12-26,Blackburn,Stoke,A,2.3,3.2,3.2
2010-12-26,Bolton,West Brom,H,2.1,3.25,3.75
2010-12-26,Fulham,West Ham,A,1.91,3.4,4.2
2010-12-26,Man United,Sunderland,H,1.29,5.5,11.0
2010-12-26,Newcastle,Man City,A,3.25,3.25,2.25
2010-12-26,Wolves,Wigan,A,2.1,3.3,3.6
2010-12-27,Arsenal,Chelsea,H,2.63,3.2,2.75
2010-12-28,Birmingham,Man United,D,6.5,4.33,1.5
2010-12-28,Man City,Aston Villa,H,1.44,4.2,8.0
2010-12-28,Stoke,Fulham,A,1.83,3.4,4.75
2010-12-28,Sunderland,Blackpool,A,1.62,3.75,6.0
2010-12-28,Tottenham,Newcastle,H,1.53,4.0,6.5
2010-12-28,West Brom,Blackburn,A,1.83,3.5,4.5
2010-12-28,West Ham,Everton,D,3.4,3.2,2.25
2010-12-29,Chelsea,Bolton,H,1.29,5.5,11.0
2010-12-29,Liverpool,Wolves,A,1.33,5.0,10.0
2010-12-29,Wigan,Arsenal,D,6.5,4.2,1.5
2011-01-01,Birmingham,Arsenal,A,5.5,3.6,1.67
2011-01-01,Liverpool,Bolton,H,1.7,3.75,5.0
2011-01-01,Man City,Blackpool,H,1.29,5.5,10.0
2011-01-01,Stoke,Everton,H,2.63,3.2,2.75
2011-01-01,Sunderland,Blackburn,H,1.83,3.5,4.5
2011-01-01,Tottenham,Fulham,H,1.4,4.5,8.5
2011-01-01,West Brom,Man United,A,6.0,4.2,1.53
2011-01-01,West Ham,Wolves,H,2.0,3.4,3.8
2011-01-02,Chelsea,Aston Villa,D,1.25,5.5,13.0
2011-01-02,Wigan,Newcastle,A,2.5,3.2,2.9
2011-01-04,Blackpool,Birmingham,A,2.3,3.25,3.25
2011-01-04,Fulham,West Brom,H,2.2,3.25,3.4
2011-01-04,Man United,Stoke,H,1.25,5.75,12.0
2011-01-05,Arsenal,Man City,D,1.91,3.6,4.0
2011-01-05,Aston Villa,Sunderland,A,2.2,3.25,3.4
2011-01-05,Blackburn,Liverpool,H,3.4,3.25,2.2
2011-01-05,Bolton,Wigan,D,1.73,3.6,5.0
2011-01-05,Everton,Tottenham,H,2.63,3.25,2.75
2011-01-05,Newcastle,West Ham,H,1.83,3.6,4.33
2011-01-05,Wolves,Chelsea,H,8.0,4.2,1.44
2011-01-12,Blackpool,Liverpool,H,3.8,3.75,1.91
2011-01-15,Chelsea,Blackburn,H,1.29,5.5,11.0
2011-01-15,Man City,Wolves,H,1.33,5.0,10.0
2011-01-15,Stoke,Bolton,H,2.1,3.25,3.75
2011-01-15,West Brom,Blackpool,H,1.8,3.6,4.5
2011-01-15,West Ham,Arsenal,A,6.0,4.0,1.57
2011-01-15,Wigan,Fulham,D,2.5,3.25,2.88
2011-01-16,Birmingham,Aston Villa,D,2.4,3.2,3.1
2011-01-16,Liverpool,Everton,D,2.2,3.2,3.5
2011-01-16,Sunderland,Newcastle,D,2.2,3.25,3.4
2011-01-16,Tottenham,Man United,D,2.88,3.3,2.5
2011-01-22,Arsenal,Wigan,H,1.2,6.5,15.0
2011-01-22,Aston Villa,Man City,H,3.5,3.4,2.1
2011-01-22,Blackpool,Sunderland,A,2.5,3.25,2.88
2011-01-22,Everton,West Ham,D,1.5,4.0,7.5
2011-01-22,Fulham,Stoke,H,2.2,3.2,3.5
2011-01-22,Man United,Birmingham,H,1.2,6.5,15.0
2011-01-22,Newcastle,Tottenham,D,3.5,3.4,2.1
2011-01-22,Wolves,Liverpool,A,3.4,3.2,2.25
2011-01-23,Blackburn,West Brom,H,2.25,3.3,3.25
2011-01-24,Bolton,Chelsea,A,6.0,3.75,1.62
2011-01-25,Blackpool,Man United,A,8.0,5.0,1.36
2011-01-25,Wigan,Aston Villa,A,3.2,3.25,2.3
2011-01-26,Liverpool,Fulham,H,1.53,3.8,7.0
2011-02-01,Arsenal,Everton,H,1.4,4.5,8.5
2011-02-01,Man United,Aston Villa,H,1.33,5.0,9.5
2011-02-01,Sunderland,Chelsea,A,5.5,3.6,1.67
2011-02-01,West Brom,Wigan,D,1.73,3.6,5.0
2011-02-02,Birmingham,Man City,D,4.5,3.5,1.83
2011-02-02,Blackburn,Tottenham,A,3.25,3.4,2.2
2011-02-02,Blackpool,West Ham,A,2.38,3.3,3.0
2011-02-02,Bolton,Wolves,H,1.83,3.5,4.5
2011-02-02,Fulham,Newcastle,H,2.1,3.3,3.6
2011-02-02,Liverpool,Stoke,H,1.62,3.75,6.0
2011-02-05,Aston Villa,Fulham,D,1.91,3.4,4.2
2011-02-05,Everton,Blackpool,H,1.44,4.5,7.0
2011-02-05,Man City,West Brom,H,1.4,4.5,8.5
2011-02-05,Newcastle,Arsenal,D,5.0,4.0,1.67
2011-02-05,Stoke,Sunderland,H,2.1,3.2,3.75
2011-02-05,Tottenham,Bolton,H,1.57,4.0,6.0
2011-02-05,Wigan,Blackburn,H,2.5,3.25,2.9
2011-02-05,Wolves,Man United,H,8.5,4.5,1.4
2011-02-06,Chelsea,Liverpool,A,1.62,4.0,5.5
2011-02-06,West Ham,Birmingham,A,2.0,3.5,3.75
2011-02-12,Arsenal,Wolves,H,1.22,6.0,15.0
2011-02-12,Birmingham,Stoke,H,2.5,3.2,2.9
2011-02-12,Blackburn,Newcastle,D,2.1,3.4,3.5
2011-02-12,Blackpool,Aston Villa,D,3.25,3.4,2.2
2011-02-12,Liverpool,Wigan,D,1.36,4.75,9.0
2011-02-12,Man United,Man City,H,1.73,3.6,5.0
2011-02-12,Sunderland,Tottenham,A,2.75,3.25,2.6
2011-02-12,West Brom,West Ham,D,1.91,3.6,4.0
2011-02-13,Bolton,Everton,H,2.75,3.25,2.6
2011-02-14,Fulham,Chelsea,D,5.0,3.6,1.73
2011-02-15,Birmingham,Newcastle,A,2.6,3.2,2.8
2011-02-20,West Brom,Wolves,D,1.85,3.4,4.5
2011-02-22,Blackpool,Tottenham,H,4.0,3.6,1.91
2011-02-23,Arsenal,Stoke,H,1.3,5.25,10.0
2011-02-26,Aston Villa,Blackburn,H,1.73,3.6,5.0
2011-02-26,Everton,Sunderland,H,1.73,3.6,5.0
2011-02-26,Newcastle,Bolton,D,2.1,3.25,3.75
2011-02-26,Wigan,Man United,A,6.5,4.0,1.53
2011-02-26,Wolves,Blackpool,H,1.83,3.6,4.33
2011-02-27,Man City,Fulham,D,1.5,4.0,7.5
2011-02-27,West Ham,Liverpool,H,3.4,3.3,2.2
2011-02-28,Stoke,West Brom,D,1.91,3.4,4.2
2011-03-01,Chelsea,Man United,H,2.2,3.2,3.6
2011-03-05,Arsenal,Sunderland,D,1.44,4.33,7.5
2011-03-05,Birmingham,West Brom,A,2.38,3.2,3.1
2011-03-05,Bolton,Aston Villa,H,2.25,3.4,3.2
2011-03-05,Fulham,Blackburn,H,1.73,3.6,5.0
2011-03-05,Man City,Wigan,H,1.36,4.75,9.0
2011-03-05,Newcastle,Everton,A,2.6,3.2,2.8
2011-03-05,West Ham,Stoke,H,2.25,3.3,3.25
2011-03-06,Liverpool,Man United,H,2.8,3.2,2.6
2011-03-06,Wolves,Tottenham,D,3.0,3.3,2.38
2011-03-07,Blackpool,Chelsea,A,10.0,5.5,1.3
2011-03-09,Everton,Birmingham,D,1.53,4.0,6.5
2011-03-19,Aston Villa,Wolves,A,1.83,3.5,4.5
2011-03-19,Blackburn,Blackpool,D,1.8,3.6,4.5
2011-03-19,Everton,Fulham,H,2.0,3.25,4.0
2011-03-19,Man United,Bolton,H,1.36,4.75,9.0
2011-03-19,Stoke,Newcastle,H,2.2,3.25,3.4
2011-03-19,Tottenham,West Ham,D,1.57,4.0,6.0
2011-03-19,West Brom,Arsenal,D,5.0,3.6,1.73
2011-03-19,Wigan,Birmingham,H,2.1,3.3,3.6
2011-03-20,Chelsea,Man City,H,1.62,3.75,6.0
2011-03-20,Sunderland,Liverpool,A,2.63,3.2,2.75
2011-04-02,Arsenal,Blackburn,D,1.25,6.0,11.0
2011-04-02,Birmingham,Bolton,H,2.5,3.25,2.88
2011-04-02,Everton,Aston Villa,D,1.83,3.6,4.33
2011-04-02,Newcastle,Wolves,H,1.95,3.4,4.0
2011-04-02,Stoke,Chelsea,D,5.5,3.6,1.67
2011-04-02,West Brom,Liverpool,H,3.0,3.3,2.38
2011-04-02,West Ham,Man United,A,4.5,3.6,1.8
2011-04-02,Wigan,Tottenham,D,3.0,3.25,2.4
2011-04-03,Fulham,Blackpool,H,1.53,4.2,6.0
2011-04-03,Man City,Sunderland,H,1.5,4.0,7.0
2011-04-09,Blackburn,Birmingham,D,2.0,3.3,4.0
2011-04-09,Bolton,West Ham,H,2.2,3.25,3.4
2011-04-09,Chelsea,Wigan,H,1.2,6.0,17.0
2011-04-09,Man United,Fulham,H,1.44,4.33,7.5
2011-04-09,Sunderland,West Brom,A,2.2,3.2,3.5
2011-04-09,Tottenham,Stoke,H,1.73,3.6,5.0
2011-04-09,Wolves,Everton,A,2.6,3.25,2.8
2011-04-10,Aston Villa,Newcastle,H,1.83,3.6,4.33
2011-04-10,Blackpool,Arsenal,A,8.5,5.0,1.36
2011-04-11,Liverpool,Man City,H,2.6,3.2,2.8
2011-04-16,Birmingham,Sunderland,H,2.25,3.2,3.4
2011-04-16,Blackpool,Wigan,A,2.3,3.5,3.0
2011-04-16,Everton,Blackburn,H,1.67,3.75,5.5
2011-04-16,West Brom,Chelsea,A,5.5,3.6,1.7
2011-04-16,West Ham,Aston Villa,A,2.25,3.3,3.25
2011-04-17,Arsenal,Liverpool,D,1.73,3.6,5.0
2011-04-19,Newcastle,Man United,D,5.5,3.6,1.67
2011-04-20,Chelsea,Birmingham,H,1.2,6.5,15.0
2011-04-20,Tottenham,Arsenal,D,2.88,3.4,2.4
2011-04-23,Aston Villa,Stoke,D,1.8,3.6,4.5
2011-04-23,Blackpool,Newcastle,D,2.88,3.5,2.38
2011-04-23,Chelsea,West Ham,H,1.2,6.5,15.0
2011-04-23,Liverpool,Birmingham,H,1.44,4.33,7.5
2011-04-23,Man United,Everton,H,1.44,4.33,7.5
2011-04-23,Sunderland,Wigan,H,2.1,3.25,3.75
2011-04-23,Tottenham,West Brom,D,1.57,4.0,6.0
2011-04-23,Wolves,Fulham,D,2.5,3.25,2.88
2011-04-24,Bolton,Arsenal,H,4.5,3.8,1.75
2011-04-25,Blackburn,Man City,A,3.6,3.3,2.1
2011-04-26,Stoke,Wolves,H,1.8,3.4,5.0
2011-04-27,Fulham,Bolton,H,1.8,3.5,4.75
2011-04-30,Blackburn,Bolton,H,1.91,3.5,4.0
2011-04-30,Blackpool,Stoke,D,2.63,3.4,2.63
2011-04-30,Chelsea,Tottenham,H,1.44,4.33,7.5
2011-04-30,Sunderland,Fulham,A,2.6,3.2,2.8
2011-04-30,West Brom,Aston Villa,H,2.38,3.3,3.0
2011-04-30,Wigan,Everton,D,2.8,3.25,2.6
2011-05-01,Arsenal,Man United,H,2.5,3.25,2.88
2011-05-01,Birmingham,Wolves,D,2.1,3.3,3.6
2011-05-01,Liverpool,Newcastle,H,1.44,4.33,7.5
2011-05-01,Man City,West Ham,H,1.4,4.5,9.0
2011-05-07,Aston Villa,Wigan,D,1.8,3.6,4.5
2011-05-07,Bolton,Sunderland,A,1.83,3.5,4.5
2011-05-07,Everton,Man City,H,2.7,3.2,2.7
2011-05-07,Newcastle,Birmingham,H,1.91,3.4,4.2
2011-05-07,Tottenham,Blackpool,D,1.3,5.5,10.0
2011-05-07,West Ham,Blackburn,D,1.95,3.6,3.8
2011-05-08,Man United,Chelsea,H,2.38,3.25,3.1
2011-05-08,Stoke,Arsenal,H,5.5,3.75,1.67
2011-05-08,Wolves,West Brom,H,2.1,3.4,3.5
2011-05-09,Fulham,Liverpool,A,2.88,3.25,2.5
2011-05-10,Man City,Tottenham,H,1.91,3.4,4.2
2011-05-14,Blackburn,Man United,D,5.0,3.6,1.73
2011-05-14,Blackpool,Bolton,H,2.2,3.4,3.25
2011-05-14,Sunderland,Wolves,A,2.5,3.25,2.88
2011-05-14,West Brom,Everton,H,2.63,3.25,2.75
2011-05-15,Arsenal,Aston Villa,A,1.36,5.0,8.5
2011-05-15,Birmingham,Fulham,A,2.2,3.25,3.4
2011-05-15,Chelsea,Newcastle,D,1.25,6.0,11.0
2011-05-15,Liverpool,Tottenham,A,1.73,3.8,4.75
2011-05-15,Wigan,West Ham,H,2.1,3.4,3.5
2011-05-17,Man City,Stoke,H,1.36,4.75,9.0
2011-05-22,Aston Villa,Liverpool,H,3.2,3.4,2.25
2011-05-22,Bolton,Man City,A,5.0,3.75,1.7
2011-05-22,Everton,Chelsea,H,3.1,3.25,2.38
2011-05-22,Fulham,Arsenal,D,3.75,3.6,1.95
2011-05-22,Man United,Blackpool,H,1.6,4.0,5.5
2011-05-22,Newcastle,West Brom,D,2.0,3.5,3.75
2011-05-22,Stoke,Wigan,A,2.75,3.6,2.4
2011-05-22,Tottenham,Birmingham,H,1.53,4.0,6.5
2011-05-22,West Ham,Sunderland,A,2.0,3.5,3.75
2011-05-22,Wolves,Blackburn,A,2.2,3.0,3.75
2011-08-13,Blackburn,Wolves,A,2.2,3.2,3.5
2011-08-13,Fulham,Aston Villa,D,2.2,3.2,3.5
2011-08-13,Liverpool,Sunderland,D,1.57,3.6,7.0
2011-08-13,Newcastle,Arsenal,D,3.75,3.25,2.1
2011-08-13,QPR,Bolton,A,2.4,3.25,3.0
2011-08-13,Wigan,Norwich,D,2.2,3.2,3.5
2011-08-14,Stoke,Chelsea,D,5.5,3.5,1.7
2011-08-14,West Brom,Man United,A,6.5,4.0,1.53
2011-08-15,Man City,Swansea,H,1.29,5.0,13.0
2011-08-20,Arsenal,Liverpool,A,2.5,3.25,2.9
2011-08-20,Aston Villa,Blackburn,H,1.73,3.4,5.5
2011-08-20,Chelsea,West Brom,H,1.3,5.5,10.0
2011-08-20,Everton,QPR,A,1.53,3.8,7.0
2011-08-20,Sunderland,Newcastle,A,2.2,3.25,3.4
2011-08-20,Swansea,Wigan,D,2.1,3.3,3.6
2011-08-21,Bolton,Man City,A,4.75,3.5,1.8
2011-08-21,Norwich,Stoke,D,2.6,3.3,2.75
2011-08-21,Wolves,Fulham,H,2.38,3.25,3.1
2011-08-22,Man United,Tottenham,H,1.67,3.75,5.5
2011-08-27,Aston Villa,Wolves,D,2.1,3.25,3.75
2011-08-27,Blackburn,Everton,A,3.3,3.25,2.25
2011-08-27,Chelsea,Norwich,H,1.2,6.5,15.0
2011-08-27,Liverpool,Bolton,H,1.4,4.5,8.5
2011-08-27,Swansea,Sunderland,D,2.38,3.3,3.0
2011-08-27,Wigan,QPR,H,2.25,3.3,3.25
2011-08-28,Man United,Arsenal,H,1.5,4.33,6.5
2011-08-28,Newcastle,Fulham,H,2.1,3.25,3.75
2011-08-28,Tottenham,Man City,A,2.88,3.3,2.5
2011-08-28,West Brom,Stoke,A,2.1,3.25,3.75
2011-09-10,Arsenal,Swansea,H,1.36,4.75,9.0
2011-09-10,Bolton,Man United,A,9.0,4.5,1.4
2011-09-10,Everton,Aston Villa,D,2.0,3.4,3.8
2011-09-10,Man City,Wigan,H,1.17,7.0,17.0
2011-09-10,Stoke,Liverpool,H,3.25,3.3,2.25
2011-09-10,Sunderland,Chelsea,A,5.0,3.75,1.7
2011-09-10,Wolves,Tottenham,A,3.0,3.25,2.4
2011-09-11,Fulham,Blackburn,D,1.67,3.6,5.5
2011-09-11,Norwich,West Brom,A,2.5,3.25,2.88
2011-09-12,QPR,Newcastle,D,2.4,3.25,3.0
2011-09-17,Aston Villa,Newcastle,D,1.91,3.4,4.2
2011-09-17,Blackburn,Arsenal,H,4.2,3.4,1.91
2011-09-17,Bolton,Norwich,A,1.8,3.6,4.6
2011-09-17,Everton,Wigan,H,1.5,4.0,7.0
2011-09-17,Swansea,West Brom,H,2.63,3.2,2.75
2011-09-17,Wolves,QPR,A,1.91,3.4,4.2
2011-09-18,Fulham,Man City,D,6.5,3.8,1.57
2011-09-18,Man United,Chelsea,H,1.83,3.5,4.5
2011-09-18,Sunderland,Stoke,H,2.4,3.2,3.1
2011-09-18,Tottenham,Liverpool,H,2.63,3.4,2.63
2011-09-24,Arsenal,Bolton,H,1.44,4.5,7.0
2011-09-24,Chelsea,Swansea,H,1.2,6.5,15.0
2011-09-24,Liverpool,Wolves,H,1.36,4.5,10.0
2011-09-24,Man City,Everton,H,1.44,4.33,7.5
2011-09-24,Newcastle,Blackburn,H,1.83,3.5,4.5
2011-09-24,Stoke,Man United,D,6.5,4.0,1.53
2011-09-24,West Brom,Fulham,D,2.3,3.25,3.25
2011-09-24,Wigan,Tottenham,A,4.0,3.5,1.91
2011-09-25,QPR,Aston Villa,D,2.3,3.25,3.2
2011-09-26,Norwich,Sunderland,H,2.5,3.4,2.8
2011-10-01,Aston Villa,Wigan,H,1.62,3.75,6.0
2011-10-01,Blackburn,Man City,A,6.5,3.75,1.57
2011-10-01,Everton,Liverpool,A,3.1,3.2,2.4
2011-10-01,Man United,Norwich,H,1.17,7.0,17.0
2011-10-01,Sunderland,West Brom,D,2.25,3.4,3.2
2011-10-01,Wolves,Newcastle,A,2.5,3.25,2.88
2011-10-02,Bolton,Chelsea,A,6.5,4.0,1.53
2011-10-02,Fulham,QPR,H,2.0,3.3,4.0
2011-10-02,Swansea,Stoke,H,2.63,3.25,2.75
2011-10-02,Tottenham,Arsenal,H,2.1,3.4,3.5
2011-10-15,Chelsea,Everton,H,1.36,4.5,10.0
2011-10-15,Liverpool,Man United,D,3.0,3.3,2.4
2011-10-15,Man City,Aston Villa,H,1.33,5.0,10.0
2011-10-15,Norwich,Swansea,H,2.2,3.3,3.4
2011-10-15,QPR,Blackburn,D,1.83,3.5,4.5
2011-10-15,Stoke,Fulham,H,2.2,3.2,3.5
2011-10-15,Wigan,Bolton,A,2.3,3.3,3.2
2011-10-16,Arsenal,Sunderland,H,1.44,4.33,7.5
2011-10-16,Newcastle,Tottenham,D,3.0,3.3,2.4
2011-10-16,West Brom,Wolves,H,2.0,3.3,4.0
2011-10-22,Aston Villa,West Brom,A,2.0,3.3,4.0
2011-10-22,Bolton,Sunderland,A,2.2,3.2,3.5
2011-10-22,Liverpool,Norwich,D,1.29,5.5,11.0
2011-10-22,Newcastle,Wigan,H,1.57,3.8,6.5
2011-10-22,Wolves,Swansea,D,2.0,3.4,3.8
2011-10-23,Arsenal,Stoke,H,1.53,4.0,6.5
2011-10-23,Blackburn,Tottenham,A,4.0,3.5,1.91
2011-10-23,Fulham,Everton,A,2.25,3.25,3.3
2011-10-23,Man United,Man City,A,2.0,3.4,3.8
2011-10-23,QPR,Chelsea,H,9.5,5.0,1.33
2011-10-29,Chelsea,Arsenal,A,1.62,4.0,5.5
2011-10-29,Everton,Man United,A,4.5,3.6,1.8
2011-10-29,Man City,Wolves,H,1.17,7.0,19.0
2011-10-29,Norwich,Blackburn,D,1.91,3.6,4.0
2011-10-29,Sunderland,Aston Villa,D,2.1,3.3,3.6
2011-10-29,Swansea,Bolton,H,2.1,3.3,3.6
2011-10-29,West Brom,Liverpool,A,4.0,3.3,2.0
2011-10-29,Wigan,Fulham,A,2.88,3.25,2.5
2011-10-30,Tottenham,QPR,H,1.36,4.75,9.0
2011-10-31,Stoke,Newcastle,A,2.1,3.2,3.8
2011-11-05,Arsenal,West Brom,H,1.4,4.5,8.5
2011-11-05,Aston Villa,Norwich,H,1.83,3.5,4.5
2011-11-05,Blackburn,Chelsea,A,7.5,4.33,1.44
2011-11-05,Liverpool,Swansea,D,1.29,5.5,10.0
2011-11-05,Man United,Sunderland,H,1.25,5.5,13.0
2011-11-05,Newcastle,Everton,H,2.25,3.25,3.3
2011-11-05,QPR,Man City,A,10.0,5.0,1.33
2011-11-06,Bolton,Stoke,H,2.4,3.3,3.0
2011-11-06,Fulham,Tottenham,A,3.25,3.3,2.25
2011-11-06,Wolves,Wigan,H,1.91,3.3,4.33
2011-11-19,Everton,Wolves,H,1.57,3.75,6.5
2011-11-19,Man City,Newcastle,H,1.3,5.5,10.0
2011-11-19,Norwich,Arsenal,A,5.5,3.6,1.67
2011-11-19,Stoke,QPR,A,1.83,3.5,4.5
2011-11-19,Sunderland,Fulham,D,2.3,3.25,3.2
2011-11-19,Swansea,Man United,A,6.5,4.2,1.5
2011-11-19,West Brom,Bolton,H,2.0,3.4,3.8
2011-11-19,Wigan,Blackburn,D,2.5,3.25,2.88
2011-11-20,Chelsea,Liverpool,A,1.83,3.5,4.5
2011-11-21,Tottenham,Aston Villa,H,1.57,4.0,6.0
2011-11-26,Arsenal,Fulham,D,1.44,4.2,8.0
2011-11-26,Bolton,Everton,A,3.1,3.25,2.38
2011-11-26,Chelsea,Wolves,H,1.22,6.0,15.0
2011-11-26,Man United,Newcastle,D,1.4,4.5,8.5
2011-11-26,Norwich,QPR,H,2.1,3.4,3.5
2011-11-26,Stoke,Blackburn,H,1.83,3.5,4.5
2011-11-26,Sunderland,Wigan,A,1.67,3.6,5.5
2011-11-26,West Brom,Tottenham,A,4.0,3.6,1.91
2011-11-27,Liverpool,Man City,D,2.75,3.2,2.63
2011-11-27,Swansea,Aston Villa,D,2.2,3.25,3.4
2011-12-03,Aston Villa,Man United,A,5.0,3.6,1.73
2011-12-03,Blackburn,Swansea,H,2.1,3.4,3.5
2011-12-03,Man City,Norwich,H,1.17,7.0,17.0
2011-12-03,Newcastle,Chelsea,A,3.5,3.4,2.1
2011-12-03,QPR,West Brom,D,2.25,3.3,3.25
2011-12-03,Tottenham,Bolton,H,1.3,5.0,12.0
2011-12-03,Wigan,Arsenal,A,6.0,4.0,1.57
2011-12-04,Everton,Stoke,A,1.67,3.6,5.5
2011-12-04,Wolves,Sunderland,H,2.4,3.3,3.0
2011-12-05,Fulham,Liverpool,H,3.5,3.4,2.1
2011-12-10,Arsenal,Everton,H,1.53,4.0,6.5
2011-12-10,Bolton,Aston Villa,A,2.5,3.3,2.88
2011-12-10,Liverpool,QPR,H,1.33,5.0,10.0
2011-12-10,Man United,Wolves,H,1.22,6.0,15.0
2011-12-10,Norwich,Newcastle,H,2.4,3.4,2.88
2011-12-10,Swansea,Fulham,H,2.63,3.25,2.75
2011-12-10,West Brom,Wigan,A,1.67,3.8,5.25
2011-12-11,Stoke,Tottenham,H,3.75,3.5,2.0
2011-12-11,Sunderland,Blackburn,H,1.83,3.5,4.5
2011-12-12,Chelsea,Man City,H,2.4,3.3,3.0
2011-12-17,Blackburn,West Brom,A,2.38,3.3,3.0
2011-12-17,Everton,Norwich,D,1.62,3.75,6.0
2011-12-17,Fulham,Bolton,H,1.62,3.75,6.0
2011-12-17,Newcastle,Swansea,D,1.8,3.6,4.5
2011-12-17,Wigan,Chelsea,D,9.0,4.75,1.36
2011-12-17,Wolves,Stoke,A,2.5,3.25,2.88
2011-12-18,Aston Villa,Liverpool,A,4.2,3.4,1.91
2011-12-18,Man City,Arsenal,H,1.73,3.75,4.5
2011-12-18,QPR,Man United,A,7.5,4.33,1.44
2011-12-18,Tottenham,Sunderland,H,1.36,4.75,9.0
2011-12-20,Blackburn,Bolton,A,2.1,3.4,3.5
2011-12-20,Wolves,Norwich,D,2.0,3.5,3.75
2011-12-21,Aston Villa,Arsenal,A,5.0,3.6,1.73
2011-12-21,Everton,Swansea,H,1.57,3.75,6.5
2011-12-21,Fulham,Man United,A,5.0,3.6,1.73
2011-12-21,Man City,Stoke,H,1.22,6.0,15.0
2011-12-21,Newcastle,West Brom,A,2.0,3.5,3.75
2011-12-21,QPR,Sunderland,A,2.5,3.3,2.88
2011-12-21,Wigan,Liverpool,D,7.0,4.0,1.5
2011-12-22,Tottenham,Chelsea,D,2.6,3.4,2.7
2011-12-26,Bolton,Newcastle,A,2.5,3.4,2.8
2011-12-26,Chelsea,Fulham,D,1.3,5.0,12.0
2011-12-26,Liverpool,Blackburn,D,1.25,5.5,13.0
2011-12-26,Man United,Wigan,H,1.14,7.5,21.0
2011-12-26,Stoke,Aston Villa,D,1.91,3.4,4.2
2011-12-26,Sunderland,Everton,D,2.4,3.25,3.0
2011-12-26,West Brom,Man City,D,7.0,4.5,1.44
2011-12-27,Arsenal,Wolves,D,1.22,6.0,15.0
2011-12-27,Norwich,Tottenham,A,4.5,3.6,1.8
2011-12-27,Swansea,QPR,D,2.0,3.4,3.8
2011-12-30,Liverpool,Newcastle,H,1.53,4.0,6.5
2011-12-31,Arsenal,QPR,H,1.25,5.5,13.0
2011-12-31,Bolton,Wolves,D,2.2,3.25,3.4
2011-12-31,Chelsea,Aston Villa,A,1.29,5.0,13.0
2011-12-31,Man United,Blackburn,A,1.13,8.0,26.0
2011-12-31,Norwich,Fulham,D,2.6,3.25,2.75
2011-12-31,Stoke,Wigan,D,1.67,3.6,5.5
2011-12-31,Swansea,Tottenham,D,5.5,3.6,1.67
2012-01-01,Sunderland,Man City,H,6.5,4.0,1.53
2012-01-01,West Brom,Everton,A,2.6,3.25,2.75
2012-01-02,Aston Villa,Swansea,A,1.83,3.4,4.75
2012-01-02,Blackburn,Stoke,A,2.5,3.25,2.88
2012-01-02,Fulham,Arsenal,H,4.0,3.5,1.91
2012-01-02,QPR,Norwich,A,2.1,3.4,3.5
2012-01-02,Wolves,Chelsea,A,6.0,4.0,1.57
2012-01-03,Man City,Liverpool,H,1.91,3.4,4.2
2012-01-03,Tottenham,West Brom,H,1.33,5.0,10.0
2012-01-03,Wigan,Sunderland,A,2.63,3.25,2.75
2012-01-04,Everton,Bolton,A,1.5,4.0,7.0
2012-01-04,Newcastle,Man United,H,5.0,3.6,1.73
2012-01-11,Tottenham,Everton,H,1.53,3.8,7.0
2012-01-14,Aston Villa,Everton,D,2.4,3.25,3.0
2012-01-14,Blackburn,Fulham,H,3.0,3.3,2.38
2012-01-14,Chelsea,Sunderland,H,1.4,4.5,8.5
2012-01-14,Liverpool,Stoke,D,1.4,4.33,9.0
2012-01-14,Man United,Bolton,H,1.14,8.0,17.0
2012-01-14,Tottenham,Wolves,D,1.25,5.5,13.0
2012-01-14,West Brom,Norwich,A,2.0,3.4,3.8
2012-01-15,Newcastle,QPR,H,1.73,3.6,5.0
2012-01-15,Swansea,Arsenal,H,4.75,3.5,1.8
2012-01-16,Wigan,Man City,A,9.0,4.33,1.4
2012-01-21,Bolton,Liverpool,H,6.0,3.75,1.62
2012-01-21,Everton,Blackburn,D,1.53,4.0,6.5
2012-01-21,Fulham,Newcastle,H,2.0,3.4,3.8
2012-01-21,Norwich,Chelsea,D,5.5,4.0,1.62
2012-01-21,QPR,Wigan,H,2.0,3.4,3.8
2012-01-21,Stoke,West Brom,A,1.91,3.4,4.2
2012-01-21,Sunderland,Swansea,H,1.91,3.4,4.2
2012-01-21,Wolves,Aston Villa,A,2.5,3.25,2.88
2012-01-22,Arsenal,Man United,A,2.8,3.4,2.5
2012-01-22,Man City,Tottenham,H,1.91,3.6,4.0
2012-01-31,Everton,Man City,H,4.33,3.5,1.85
2012-01-31,Man United,Stoke,H,1.33,5.0,10.0
2012-01-31,Swansea,Chelsea,D,4.0,3.25,2.0
2012-01-31,Tottenham,Wigan,H,1.22,6.0,15.0
2012-01-31,Wolves,Liverpool,A,5.0,3.8,1.7
2012-02-01,Aston Villa,QPR,D,1.8,3.5,4.75
2012-02-01,Blackburn,Newcastle,A,2.63,3.3,2.7
2012-02-01,Bolton,Arsenal,D,5.0,3.75,1.7
2012-02-01,Fulham,West Brom,D,1.83,3.5,4.5
2012-02-01,Sunderland,Norwich,H,1.91,3.5,4.2
2012-02-04,Arsenal,Blackburn,H,1.29,5.5,11.0
2012-02-04,Man City,Fulham,H,1.3,5.5,10.0
2012-02-04,Norwich,Bolton,H,2.0,3.5,3.75
2012-02-04,QPR,Wolves,A,1.91,3.6,4.0
2012-02-04,Stoke,Sunderland,A,2.25,3.25,3.3
2012-02-04,West Brom,Swansea,A,2.1,3.3,3.6
2012-02-04,Wigan,Everton,D,3.5,3.4,2.1
2012-02-05,Chelsea,Man United,D,2.5,3.3,2.88
2012-02-05,Newcastle,Aston Villa,H,2.0,3.4,3.8
2012-02-06,Liverpool,Tottenham,D,2.0,3.4,3.8
2012-02-11,Blackburn,QPR,H,2.38,3.3,3.0
2012-02-11,Bolton,Wigan,A,2.0,3.5,3.75
2012-02-11,Everton,Chelsea,H,3.25,3.3,2.25
2012-02-11,Fulham,Stoke,H,1.91,3.5,4.0
2012-02-11,Man United,Liverpool,H,1.85,3.6,4.33
2012-02-11,Sunderland,Arsenal,A,3.5,3.4,2.1
2012-02-11,Swansea,Norwich,A,1.83,3.5,4.5
2012-02-11,Tottenham,Newcastle,H,1.44,4.33,7.5
2012-02-12,Aston Villa,Man City,A,5.5,3.6,1.67
2012-02-12,Wolves,West Brom,A,2.5,3.25,2.88
2012-02-25,Chelsea,Bolton,H,1.29,5.5,11.0
2012-02-25,Man City,Blackburn,H,1.17,7.0,17.0
2012-02-25,Newcastle,Wolves,D,1.57,4.0,6.0
2012-02-25,QPR,Fulham,A,2.63,3.25,2.75
2012-02-25,West Brom,Sunderland,H,2.4,3.25,3.0
2012-02-25,Wigan,Aston Villa,D,2.75,3.25,2.63
2012-02-26,Arsenal,Tottenham,H,2.5,3.4,2.75
2012-02-26,Norwich,Man United,A,6.5,4.0,1.53
2012-02-26,Stoke,Swansea,H,2.1,3.4,3.5
2012-03-03,Blackburn,Aston Villa,D,2.38,3.4,3.0
2012-03-03,Liverpool,Arsenal,A,2.0,3.5,3.75
2012-03-03,Man City,Bolton,H,1.13,8.5,21.0
2012-03-03,QPR,Everton,D,3.1,3.25,2.38
2012-03-03,Stoke,Norwich,H,1.83,3.5,4.5
2012-03-03,West Brom,Chelsea,H,4.2,3.4,1.91
2012-03-03,Wigan,Swansea,A,2.5,3.25,2.88
2012-03-04,Fulham,Wolves,H,1.57,3.75,6.5
2012-03-04,Newcastle,Sunderland,D,2.1,3.4,3.5
2012-03-04,Tottenham,Man United,A,2.88,3.4,2.4
2012-03-10,Aston Villa,Fulham,H,2.5,3.25,2.88
2012-03-10,Bolton,QPR,H,2.5,3.25,2.88
2012-03-10,Chelsea,Stoke,H,1.4,4.5,8.5
2012-03-10,Everton,Tottenham,H,2.88,3.25,2.5
2012-03-10,Sunderland,Liverpool,H,3.8,3.4,2.0
2012-03-10,Wolves,Blackburn,A,2.38,3.3,3.0
2012-03-11,Man United,West Brom,H,1.29,5.5,11.0
2012-03-11,Norwich,Wigan,D,1.83,3.6,4.33
2012-03-11,Swansea,Man City,H,6.0,3.75,1.62
2012-03-12,Arsenal,Newcastle,H,1.44,4.33,7.5
2012-03-13,Liverpool,Everton,H,1.73,3.4,5.5
2012-03-17,Fulham,Swansea,A,1.83,3.5,4.5
2012-03-17,Wigan,West Brom,D,2.75,3.3,2.6
2012-03-18,Newcastle,Norwich,H,1.8,3.6,4.5
2012-03-18,Wolves,Man United,A,9.0,5.0,1.33
2012-03-20,Blackburn,Sunderland,H,2.4,3.4,2.88
2012-03-21,Everton,Arsenal,A,3.0,3.4,2.3
2012-03-21,Man City,Chelsea,H,1.91,3.6,4.0
2012-03-21,QPR,Liverpool,H,5.0,3.6,1.73
2012-03-21,Tottenham,Stoke,D,1.4,4.5,8.5
2012-03-24,Arsenal,Aston Villa,H,1.33,5.0,10.0
2012-03-24,Bolton,Blackburn,H,2.4,3.4,2.9
2012-03-24,Chelsea,Tottenham,D,1.83,3.6,4.33
2012-03-24,Liverpool,Wigan,A,1.29,5.5,11.0
2012-03-24,Norwich,Wolves,H,1.73,3.75,4.75
2012-03-24,Stoke,Man City,D,6.0,3.75,1.62
2012-03-24,Sunderland,QPR,H,2.0,3.4,3.8
2012-03-24,Swansea,Everton,A,2.2,3.25,3.4
2012-03-25,West Brom,Newcastle,A,2.3,3.4,3.1
2012-03-26,Man United,Fulham,H,1.22,6.0,15.0
2012-03-31,Aston Villa,Chelsea,A,4.5,3.5,1.83
2012-03-31,Everton,West Brom,H,1.83,3.5,4.5
2012-03-31,Fulham,Norwich,H,1.7,3.75,5.0
2012-03-31,Man City,Sunderland,D,1.22,6.5,12.0
2012-03-31,QPR,Arsenal,H,5.5,4.2,1.57
2012-03-31,Wigan,Stoke,H,2.63,3.25,2.75
2012-03-31,Wolves,Bolton,A,2.3,3.4,3.1
2012-04-01,Newcastle,Liverpool,H,2.88,3.4,2.4
2012-04-01,Tottenham,Swansea,H,1.4,4.5,8.5
2012-04-02,Blackburn,Man United,A,9.0,4.75,1.36
2012-04-06,Swansea,Newcastle,A,2.4,3.4,2.88
2012-04-07,Bolton,Fulham,A,2.6,3.3,2.75
2012-04-07,Chelsea,Wigan,H,1.25,6.0,12.0
2012-04-07,Liverpool,Aston Villa,D,1.44,4.33,7.5
2012-04-07,Norwich,Everton,D,3.0,3.3,2.4
2012-04-07,Stoke,Wolves,H,1.57,4.0,6.0
2012-04-07,Sunderland,Tottenham,D,3.3,3.4,2.2
2012-04-07,West Brom,Blackburn,H,1.91,3.6,4.0
2012-04-08,Arsenal,Man City,H,2.4,3.4,2.88
2012-04-08,Man United,QPR,H,1.17,7.5,15.0
2012-04-09,Aston Villa,Stoke,D,2.2,3.3,3.4
2012-04-09,Everton,Sunderland,H,1.83,3.5,4.5
2012-04-09,Fulham,Chelsea,D,3.5,3.4,2.1
2012-04-09,Newcastle,Bolton,H,1.53,4.2,6.0
2012-04-09,Tottenham,Norwich,A,1.29,5.5,11.0
2012-04-10,Blackburn,Liverpool,A,3.5,3.4,2.1
2012-04-11,Man City,West Brom,H,1.25,5.5,13.0
2012-04-11,QPR,Swansea,H,2.1,3.4,3.5
2012-04-11,Wigan,Man United,H,9.0,4.75,1.36
2012-04-11,Wolves,Arsenal,A,7.0,4.5,1.44
2012-04-14,Norwich,Man City,A,6.0,4.2,1.53
2012-04-14,Sunderland,Wolves,D,1.5,4.2,6.5
2012-04-14,Swansea,Blackburn,H,1.91,3.5,4.0
2012-04-14,West Brom,QPR,H,2.1,3.4,3.5
2012-04-15,Man United,Aston Villa,H,1.22,6.5,13.0
2012-04-16,Arsenal,Wigan,A,1.25,6.0,12.0
2012-04-21,Arsenal,Chelsea,D,2.0,3.6,3.6
2012-04-21,Aston Villa,Sunderland,D,2.3,3.3,3.2
2012-04-21,Blackburn,Norwich,H,2.1,3.4,3.5
2012-04-21,Bolton,Swansea,D,2.2,3.3,3.4
2012-04-21,Fulham,Wigan,H,1.91,3.6,4.0
2012-04-21,Newcastle,Stoke,H,1.67,3.75,5.5
2012-04-21,QPR,Tottenham,H,4.0,3.6,1.91
2012-04-22,Liverpool,West Brom,A,1.44,4.33,7.5
2012-04-22,Man United,Everton,D,1.3,5.0,11.0
2012-04-22,Wolves,Man City,A,12.0,6.5,1.22
2012-04-24,Aston Villa,Bolton,A,1.91,3.5,4.0
2012-04-28,Everton,Fulham,H,1.83,3.5,4.5
2012-04-28,Norwich,Liverpool,A,3.8,3.4,2.0
2012-04-28,Stoke,Arsenal,D,4.33,3.6,1.83
2012-04-28,Sunderland,Bolton,D,2.0,3.5,3.75
2012-04-28,Swansea,Wolves,D,1.53,4.0,6.5
2012-04-28,West Brom,Aston Villa,D,2.1,3.4,3.5
2012-04-28,Wigan,Newcastle,H,2.8,3.4,2.5
2012-04-29,Chelsea,QPR,H,1.4,4.5,8.5
2012-04-29,Tottenham,Blackburn,H,1.36,5.0,8.0
2012-04-30,Man City,Man United,H,2.1,3.5,3.4
2012-05-01,Liverpool,Fulham,A,1.62,4.0,5.5
2012-05-01,Stoke,Everton,D,2.75,3.25,2.6
2012-05-02,Bolton,Tottenham,A,4.0,3.6,1.91
2012-05-02,Chelsea,Newcastle,A,1.5,4.33,6.5
2012-05-05,Arsenal,Norwich,D,1.22,6.5,12.0
2012-05-06,Aston Villa,Tottenham,D,4.2,3.75,1.83
2012-05-06,Bolton,West Brom,D,2.0,3.5,3.75
2012-05-06,Fulham,Sunderland,H,1.83,3.6,4.33
2012-05-06,Man United,Swansea,H,1.17,7.0,17.0
2012-05-06,Newcastle,Man City,A,5.0,4.0,1.67
2012-05-06,QPR,Stoke,H,1.83,3.75,4.2
2012-05-06,Wolves,Everton,D,5.0,3.75,1.7
2012-05-07,Blackburn,Wigan,A,2.4,3.5,2.88
2012-05-08,Liverpool,Chelsea,H,2.1,3.5,3.4
2012-05-13,Chelsea,Blackburn,H,1.3,5.5,10.0
2012-05-13,Everton,Newcastle,H,2.2,3.5,3.2
2012-05-13,Man City,QPR,H,1.13,9.0,19.0
2012-05-13,Norwich,Aston Villa,H,2.2,3.4,3.25
2012-05-13,Stoke,Bolton,D,2.38,3.5,2.88
2012-05-13,Sunderland,Man United,A,7.0,4.5,1.44
2012-05-13,Swansea,Liverpool,H,3.4,3.5,2.1
2012-05-13,Tottenham,Fulham,H,1.4,4.5,8.5
2012-05-13,West Brom,Arsenal,A,5.0,4.0,1.67
2012-05-13,Wigan,Wolves,H,1.57,4.0,6.0
2012-08-18,Arsenal,Sunderland,D,1.4,4.5,8.5
2012-08-18,Fulham,Norwich,H,1.8,3.6,4.5
2012-08-18,Newcastle,Tottenham,H,2.5,3.4,2.75
2012-08-18,QPR,Swansea,A,2.0,3.4,3.8
2012-08-18,Reading,Stoke,D,2.38,3.25,3.1
2012-08-18,West Brom,Liverpool,H,4.2,3.5,1.91
2012-08-18,West Ham,Aston Villa,H,2.2,3.3,3.4
2012-08-19,Man City,Southampton,H,1.17,7.0,17.0
2012-08-19,Wigan,Chelsea,A,6.0,3.75,1.62
2012-08-20,Everton,Man United,H,4.33,3.6,1.83
2012-08-22,Chelsea,Reading,H,1.25,5.5,13.0
2012-08-25,Aston Villa,Everton,A,2.9,3.4,2.4
2012-08-25,Chelsea,Newcastle,H,1.5,4.33,6.5
2012-08-25,Man United,Fulham,H,1.29,5.5,11.0
2012-08-25,Norwich,QPR,D,2.25,3.4,3.2
2012-08-25,Southampton,Wigan,A,2.1,3.4,3.5
2012-08-25,Swansea,West Ham,H,2.1,3.3,3.6
2012-08-25,Tottenham,West Brom,D,1.5,4.33,6.5
2012-08-26,Liverpool,Man City,D,3.1,3.4,2.3
2012-08-26,Stoke,Arsenal,D,3.5,3.4,2.1
2012-09-01,Man City,QPR,H,1.18,7.0,15.0
2012-09-01,Swansea,Sunderland,D,2.2,3.3,3.4
2012-09-01,Tottenham,Norwich,D,1.36,5.0,8.5
2012-09-01,West Brom,Everton,H,3.0,3.3,2.38
2012-09-01,West Ham,Fulham,H,2.5,3.25,2.88
2012-09-01,Wigan,Stoke,D,2.25,3.25,3.3
2012-09-02,Liverpool,Arsenal,A,2.0,3.5,3.75
2012-09-02,Newcastle,Aston Villa,D,1.62,3.75,6.0
2012-09-02,Southampton,Man United,A,6.0,4.2,1.53
2012-09-15,Arsenal,Southampton,H,1.36,5.0,8.5
2012-09-15,Aston Villa,Swansea,H,2.38,3.25,3.1
2012-09-15,Fulham,West Brom,H,2.1,3.4,3.5
2012-09-15,Man United,Wigan,H,1.25,6.0,12.0
2012-09-15,Norwich,West Ham,D,2.38,3.4,3.0
2012-09-15,QPR,Chelsea,D,4.5,3.5,1.83
2012-09-15,Stoke,Man City,D,5.0,3.6,1.73
2012-09-15,Sunderland,Liverpool,D,3.4,3.3,2.2
2012-09-16,Reading,Tottenham,A,3.75,3.5,2.0
2012-09-17,Everton,Newcastle,D,1.73,3.6,5.0
2012-09-22,Chelsea,Stoke,H,1.36,4.75,9.0
2012-09-22,Southampton,Aston Villa,H,2.4,3.3,3.0
2012-09-22,Swansea,Everton,A,3.0,3.3,2.4
2012-09-22,West Brom,Reading,H,1.73,3.75,4.75
2012-09-22,West Ham,Sunderland,D,2.1,3.3,3.6
2012-09-22,Wigan,Fulham,A,2.4,3.3,3.0
2012-09-23,Liverpool,Man United,A,2.7,3.3,2.63
2012-09-23,Man City,Arsenal,D,1.75,3.6,4.75
2012-09-23,Newcastle,Norwich,H,1.8,3.6,4.5
2012-09-23,Tottenham,QPR,H,1.44,4.33,7.5
2012-09-29,Arsenal,Chelsea,A,2.1,3.4,3.5
2012-09-29,Everton,Southampton,H,1.4,4.75,8.0
2012-09-29,Fulham,Man City,A,4.33,3.6,1.83
2012-09-29,Man United,Tottenham,A,1.57,4.0,6.0
2012-09-29,Norwich,Liverpool,A,4.75,3.75,1.73
2012-09-29,Reading,Newcastle,D,2.88,3.3,2.5
2012-09-29,Stoke,Swansea,H,1.91,3.4,4.2
2012-09-29,Sunderland,Wigan,H,2.0,3.4,3.8
2012-09-30,Aston Villa,West Brom,D,2.4,3.3,3.0
2012-10-01,QPR,West Ham,A,2.05,3.4,3.75
2012-10-06,Chelsea,Norwich,H,1.22,6.5,12.0
2012-10-06,Man City,Sunderland,H,1.29,5.5,11.0
2012-10-06,Swansea,Reading,D,1.91,3.6,4.0
2012-10-06,West Brom,QPR,H,1.83,3.75,4.2
2012-10-06,West Ham,Arsenal,A,4.0,3.6,1.91
2012-10-06,Wigan,Everton,D,4.2,3.4,1.91
2012-10-07,Liverpool,Stoke,D,1.44,4.33,7.5
2012-10-07,Newcastle,Man United,A,4.2,3.75,1.83
2012-10-07,Southampton,Fulham,D,2.75,3.3,2.6
2012-10-07,Tottenham,Aston Villa,H,1.44,4.33,7.5
2012-10-20,Fulham,Aston Villa,H,1.8,3.6,4.5
2012-10-20,Liverpool,Reading,H,1.33,5.0,10.0
2012-10-20,Man United,Stoke,H,1.29,5.5,11.0
2012-10-20,Norwich,Arsenal,H,6.0,4.2,1.53
2012-10-20,Swansea,Wigan,H,2.1,3.4,3.5
2012-10-20,Tottenham,Chelsea,A,2.5,3.4,2.75
2012-10-20,West Brom,Man City,A,5.0,3.75,1.7
2012-10-20,West Ham,Southampton,H,1.83,3.75,4.2
2012-10-21,QPR,Everton,D,3.25,3.4,2.2
2012-10-21,Sunderland,Newcastle,D,2.5,3.3,2.88
2012-10-27,Arsenal,QPR,H,1.36,5.0,8.5
2012-10-27,Aston Villa,Norwich,D,2.0,3.5,3.75
2012-10-27,Man City,Swansea,H,1.22,6.0,15.0
2012-10-27,Reading,Fulham,D,2.75,3.4,2.5
2012-10-27,Stoke,Sunderland,D,1.95,3.3,4.2
2012-10-27,Wigan,West Ham,H,2.25,3.4,3.2
2012-10-28,Chelsea,Man United,A,2.4,3.4,2.9
2012-10-28,Everton,Liverpool,D,2.6,3.3,2.75
2012-10-28,Newcastle,West Brom,H,2.0,3.5,3.75
2012-10-28,Southampton,Tottenham,A,4.2,3.75,1.83
2012-11-03,Fulham,Everton,D,2.75,3.4,2.5
2012-11-03,Man United,Arsenal,H,1.7,3.8,5.0
2012-11-03,Norwich,Stoke,H,2.6,3.3,2.75
2012-11-03,Sunderland,Aston Villa,A,2.1,3.3,3.6
2012-11-03,Swansea,Chelsea,D,4.5,3.6,1.8
2012-11-03,Tottenham,Wigan,A,1.5,4.33,6.5
2012-11-03,West Ham,Man City,D,5.0,3.8,1.7
2012-11-04,Liverpool,Newcastle,D,1.57,4.0,6.0
2012-11-04,QPR,Reading,D,1.8,3.6,4.5
2012-11-05,West Brom,Southampton,H,1.73,3.75,4.75
2012-11-10,Arsenal,Fulham,D,1.53,4.2,6.0
2012-11-10,Aston Villa,Man United,A,7.0,4.5,1.44
2012-11-10,Everton,Sunderland,H,1.44,4.2,8.0
2012-11-10,Reading,Norwich,D,2.25,3.4,3.2
2012-11-10,Southampton,Swansea,D,2.38,3.5,2.88
2012-11-10,Stoke,QPR,H,1.91,3.4,4.2
2012-11-10,Wigan,West Brom,A,2.3,3.4,3.1
2012-11-11,Chelsea,Liverpool,D,1.95,3.5,4.0
2012-11-11,Man City,Tottenham,H,1.57,4.0,6.0
2012-11-11,Newcastle,West Ham,A,1.95,3.6,3.8
2012-11-17,Arsenal,Tottenham,H,1.91,3.75,3.8
2012-11-17,Liverpool,Wigan,H,1.44,4.33,7.5
2012-11-17,Man City,Aston Villa,H,1.2,6.5,15.0
2012-11-17,Newcastle,Swansea,A,1.91,3.6,4.0
2012-11-17,Norwich,Man United,H,7.0,4.5,1.44
2012-11-17,QPR,Southampton,A,1.91,3.6,4.0
2012-11-17,Reading,Everton,H,4.33,3.6,1.83
2012-11-17,West Brom,Chelsea,H,3.75,3.5,2.0
2012-11-18,Fulham,Sunderland,A,1.67,3.75,5.25
2012-11-19,West Ham,Stoke,D,2.0,3.4,3.8
2012-11-24,Aston Villa,Arsenal,D,4.75,3.75,1.73
2012-11-24,Everton,Norwich,D,1.44,4.33,7.5
2012-11-24,Man United,QPR,H,1.17,7.5,15.0
2012-11-24,Stoke,Fulham,H,2.2,3.3,3.4
2012-11-24,Sunderland,West Brom,A,2.5,3.3,2.88
2012-11-24,Wigan,Reading,H,1.83,3.6,4.33
2012-11-25,Chelsea,Man City,D,2.5,3.5,2.7
2012-11-25,Southampton,Newcastle,H,2.3,3.5,3.0
2012-11-25,Swansea,Liverpool,D,3.4,3.5,2.1
2012-11-25,Tottenham,West Ham,H,1.67,3.75,5.5
2012-11-27,Aston Villa,Reading,H,1.95,3.4,4.0
2012-11-27,Sunderland,QPR,D,2.25,3.25,3.3
2012-11-28,Chelsea,Fulham,D,1.44,4.5,7.0
2012-11-28,Everton,Arsenal,D,2.5,3.4,2.75
2012-11-28,Man United,West Ham,H,1.22,6.5,12.0
2012-11-28,Southampton,Norwich,D,2.0,3.4,3.8
2012-11-28,Stoke,Newcastle,H,1.91,3.4,4.2
2012-11-28,Swansea,West Brom,H,2.3,3.4,3.1
2012-11-28,Tottenham,Liverpool,H,2.4,3.4,2.88
2012-11-28,Wigan,Man City,A,6.0,4.2,1.53
2012-12-01,Arsenal,Swansea,A,1.44,4.5,7.0
2012-12-01,Fulham,Tottenham,A,2.88,3.3,2.5
2012-12-01,Liverpool,Southampton,H,1.4,4.5,8.5
2012-12-01,Man City,Everton,D,1.5,4.0,7.0
2012-12-01,QPR,Aston Villa,D,1.95,3.5,4.0
2012-12-01,Reading,Man United,A,7.5,4.75,1.4
2012-12-01,West Brom,Stoke,A,2.1,3.25,3.75
2012-12-01,West Ham,Chelsea,H,4.0,3.5,1.91
2012-12-02,Norwich,Sunderland,H,2.1,3.3,3.6
2012-12-03,Newcastle,Wigan,H,2.0,3.4,3.75
2012-12-08,Arsenal,West Brom,H,1.5,4.33,6.5
2012-12-08,Aston Villa,Stoke,D,2.4,3.2,3.1
2012-12-08,Southampton,Reading,H,1.91,3.6,4.0
2012-12-08,Sunderland,Chelsea,A,4.75,3.5,1.8
2012-12-08,Swansea,Norwich,A,1.8,3.6,4.5
2012-12-08,Wigan,QPR,D,2.3,3.4,3.1
2012-12-09,Everton,Tottenham,H,2.0,3.5,3.75
2012-12-09,Man City,Man United,A,2.2,3.5,3.2
2012-12-09,West Ham,Liverpool,A,3.0,3.3,2.38
2012-12-10,Fulham,Newcastle,H,1.91,3.6,4.0
2012-12-11,Sunderland,Reading,H,2.0,3.5,3.75
2012-12-15,Liverpool,Aston Villa,A,1.36,4.75,9.0
2012-12-15,Man United,Sunderland,H,1.2,6.5,15.0
2012-12-15,Newcastle,Man City,A,5.5,3.75,1.67
2012-12-15,Norwich,Wigan,H,2.2,3.4,3.25
2012-12-15,QPR,Fulham,H,2.4,3.4,2.88
2012-12-15,Stoke,Everton,D,3.1,3.2,2.4
2012-12-16,Tottenham,Swansea,H,1.62,4.0,5.5
2012-12-16,West Brom,West Ham,D,2.0,3.5,3.75
2012-12-17,Reading,Arsenal,A,5.5,4.0,1.62
2012-12-22,Liverpool,Fulham,H,1.53,4.0,6.5
2012-12-22,Man City,Reading,H,1.14,8.0,19.0
2012-12-22,Newcastle,QPR,H,2.1,3.4,3.5
2012-12-22,Southampton,Sunderland,A,2.0,3.5,3.75
2012-12-22,Tottenham,Stoke,D,1.62,3.75,6.0
2012-12-22,West Brom,Norwich,H,1.91,3.6,4.0
2012-12-22,West Ham,Everton,A,2.88,3.25,2.5
2012-12-22,Wigan,Arsenal,A,4.75,3.75,1.73
2012-12-23,Chelsea,Aston Villa,H,1.33,5.5,8.5
2012-12-23,Swansea,Man United,D,5.0,4.0,1.67
2012-12-26,Aston Villa,Tottenham,A,3.75,3.5,2.0
2012-12-26,Everton,Wigan,H,1.44,4.5,7.0
2012-12-26,Fulham,Southampton,D,1.85,3.6,4.2
2012-12-26,Man United,Newcastle,H,1.22,6.5,13.0
2012-12-26,Norwich,Chelsea,A,6.0,3.75,1.62
2012-12-26,QPR,West Brom,A,2.2,3.4,3.25
2012-12-26,Reading,Swansea,D,2.9,3.4,2.38
2012-12-26,Stoke,Liverpool,H,3.4,3.2,2.25
2012-12-26,Sunderland,Man City,H,6.5,4.0,1.53
2012-12-29,Arsenal,Newcastle,H,1.44,4.5,7.0
2012-12-29,Aston Villa,Wigan,A,2.4,3.25,3.0
2012-12-29,Fulham,Swansea,A,2.1,3.4,3.5
2012-12-29,Man United,West Brom,H,1.3,5.5,10.0
2012-12-29,Norwich,Man City,A,6.0,4.0,1.57
2012-12-29,Reading,West Ham,H,2.88,3.25,2.5
2012-12-29,Stoke,Southampton,D,1.8,3.5,4.75
2012-12-29,Sunderland,Tottenham,A,3.5,3.4,2.1
2012-12-30,Everton,Chelsea,A,2.88,3.3,2.5
2012-12-30,QPR,Liverpool,A,4.0,3.5,1.91
2013-01-01,Man City,Stoke,H,1.29,5.5,11.0
2013-01-01,Southampton,Arsenal,D,5.0,3.75,1.7
2013-01-01,Swansea,Aston Villa,D,1.57,4.0,6.0
2013-01-01,Tottenham,Reading,H,1.33,5.0,10.0
2013-01-01,West Brom,Fulham,A,2.0,3.5,3.75
2013-01-01,West Ham,Norwich,H,2.1,3.4,3.5
2013-01-01,Wigan,Man United,A,6.0,4.2,1.53
2013-01-02,Chelsea,QPR,A,1.2,6.5,15.0
2013-01-02,Liverpool,Sunderland,H,1.4,4.5,8.5
2013-01-02,Newcastle,Everton,A,3.0,3.4,2.38
2013-01-12,Aston Villa,Southampton,A,2.55,3.5,2.9
2013-01-12,Everton,Swansea,D,1.57,4.2,6.5
2013-01-12,Fulham,Wigan,D,2.05,3.5,4.0
2013-01-12,Norwich,Newcastle,D,2.2,3.6,3.4
2013-01-12,QPR,Tottenham,D,4.5,3.8,1.85
2013-01-12,Reading,West Brom,H,3.0,3.4,2.5
2013-01-12,Stoke,Chelsea,A,4.33,3.5,1.95
2013-01-12,Sunderland,West Ham,H,2.38,3.3,3.3
2013-01-13,Arsenal,Man City,A,2.63,3.5,2.8
2013-01-13,Man United,Liverpool,H,1.91,3.8,4.2
2013-01-16,Chelsea,Southampton,D,1.25,6.5,15.0
2013-01-19,Liverpool,Norwich,H,1.33,5.5,10.5
2013-01-19,Man City,Fulham,H,1.25,6.5,14.0
2013-01-19,Newcastle,Reading,A,1.75,4.0,5.0
2013-01-19,Swansea,Stoke,H,2.2,3.4,3.6
2013-01-19,West Brom,Aston Villa,D,1.75,4.0,5.0
2013-01-19,West Ham,QPR,D,2.1,3.5,3.75
2013-01-19,Wigan,Sunderland,A,2.15,3.4,3.8
2013-01-20,Chelsea,Arsenal,H,1.91,3.6,4.0
2013-01-20,Tottenham,Man United,D,2.9,3.6,2.5
2013-01-21,Southampton,Everton,D,3.6,3.5,2.05
2013-01-23,Arsenal,West Ham,H,1.44,4.75,8.0
2013-01-29,Aston Villa,Newcastle,A,2.9,3.4,2.6
2013-01-29,QPR,Man City,D,7.5,4.5,1.5
2013-01-29,Stoke,Wigan,D,2.2,3.3,3.75
2013-01-29,Sunderland,Swansea,D,2.5,3.4,3.0
2013-01-30,Arsenal,Liverpool,D,2.4,3.5,3.1
2013-01-30,Everton,West Brom,H,1.6,4.1,6.5
2013-01-30,Fulham,West Ham,H,2.2,3.5,3.5
2013-01-30,Man United,Southampton,H,1.25,6.5,14.0
2013-01-30,Norwich,Tottenham,D,4.75,3.75,1.83
2013-01-30,Reading,Chelsea,D,7.5,4.5,1.5
2013-02-02,Arsenal,Stoke,H,1.44,4.5,9.0
2013-02-02,Everton,Aston Villa,D,1.4,5.0,9.0
2013-02-02,Fulham,Man United,A,5.5,4.2,1.65
2013-02-02,Newcastle,Chelsea,H,4.0,3.6,2.0
2013-02-02,QPR,Norwich,D,1.95,3.6,4.33
2013-02-02,Reading,Sunderland,H,2.5,3.4,3.0
2013-02-02,West Ham,Swansea,H,2.4,3.4,3.2
2013-02-02,Wigan,Southampton,D,2.2,3.5,3.5
2013-02-03,Man City,Liverpool,D,1.83,3.9,4.5
2013-02-03,West Brom,Tottenham,A,3.6,3.4,2.2
2013-02-09,Chelsea,Wigan,H,1.36,5.5,9.5
2013-02-09,Norwich,Fulham,D,2.3,3.4,3.4
2013-02-09,Southampton,Man City,H,5.75,4.0,1.67
2013-02-09,Stoke,Reading,H,1.91,3.5,4.6
2013-02-09,Sunderland,Arsenal,A,4.5,3.6,1.91
2013-02-09,Swansea,QPR,H,1.83,3.75,4.75
2013-02-09,Tottenham,Newcastle,H,1.67,4.0,5.75
2013-02-10,Aston Villa,West Ham,H,2.63,3.4,2.88
2013-02-10,Man United,Everton,H,1.75,3.9,5.0
2013-02-11,Liverpool,West Brom,A,1.4,5.0,9.0
2013-02-17,Liverpool,Swansea,H,1.57,4.4,6.0
2013-02-23,Arsenal,Aston Villa,H,1.33,5.5,11.0
2013-02-23,Fulham,Stoke,H,2.2,3.3,3.75
2013-02-23,Norwich,Everton,H,3.8,3.5,2.1
2013-02-23,QPR,Man United,A,7.0,4.33,1.53
2013-02-23,Reading,Wigan,A,2.63,3.4,2.88
2013-02-23,West Brom,Sunderland,H,2.05,3.5,4.0
2013-02-24,Man City,Chelsea,H,1.95,3.6,4.33
2013-02-24,Newcastle,Southampton,H,2.2,3.5,3.2
2013-02-25,West Ham,Tottenham,A,3.6,3.5,2.15
2013-03-02,Chelsea,West Brom,H,1.4,5.0,9.0
2013-03-02,Everton,Reading,H,1.38,5.0,10.0
2013-03-02,Man United,Norwich,H,1.33,5.5,11.0
2013-03-02,Southampton,QPR,A,1.85,3.8,4.5
2013-03-02,Stoke,West Ham,A,2.15,3.25,4.0
2013-03-02,Sunderland,Fulham,D,2.4,3.3,3.3
2013-03-02,Swansea,Newcastle,H,2.1,3.6,3.75
2013-03-02,Wigan,Liverpool,A,4.5,3.75,1.85
2013-03-03,Tottenham,Arsenal,H,2.3,3.6,3.25
2013-03-04,Aston Villa,Man City,A,7.5,4.5,1.44
2013-03-09,Norwich,Southampton,D,2.5,3.4,3.0
2013-03-09,QPR,Sunderland,H,2.25,3.4,3.5
2013-03-09,Reading,Aston Villa,A,2.45,3.4,3.1
2013-03-09,West Brom,Swansea,H,2.45,3.3,3.2
2013-03-10,Liverpool,Tottenham,H,1.95,3.8,4.0
2013-03-10,Newcastle,Stoke,H,1.83,3.7,4.8
2013-03-16,Aston Villa,QPR,H,2.3,3.4,3.4
2013-03-16,Everton,Man City,H,3.9,3.6,2.05
2013-03-16,Man United,Reading,H,1.17,9.0,19.0
2013-03-16,Southampton,Liverpool,H,4.2,3.8,1.91
2013-03-16,Stoke,West Brom,D,2.5,3.3,3.1
2013-03-16,Swansea,Arsenal,A,3.4,3.5,2.25
2013-03-17,Chelsea,West Ham,H,1.4,5.0,9.0
2013-03-17,Sunderland,Norwich,D,2.05,3.5,4.0
2013-03-17,Tottenham,Fulham,A,1.5,4.5,7.5
2013-03-17,Wigan,Newcastle,H,2.3,3.4,3.4
2013-03-30,Arsenal,Reading,H,1.25,6.5,15.0
2013-03-30,Everton,Stoke,H,1.57,3.9,7.5
2013-03-30,Man City,Newcastle,H,1.33,5.5,11.0
2013-03-30,Southampton,Chelsea,H,3.5,3.5,2.2
2013-03-30,Sunderland,Man United,A,6.0,4.0,1.65
2013-03-30,Swansea,Tottenham,A,3.4,3.4,2.3
2013-03-30,West Ham,West Brom,H,2.3,3.4,3.4
2013-03-30,Wigan,Norwich,H,1.95,3.6,4.33
2013-03-31,Aston Villa,Liverpool,A,5.0,4.0,1.75
2013-04-01,Fulham,QPR,H,2.0,3.6,4.0
2013-04-06,Norwich,Swansea,D,2.63,3.3,2.9
2013-04-06,Reading,Southampton,A,3.3,3.6,2.25
2013-04-06,Stoke,Aston Villa,A,2.1,3.4,4.0
2013-04-06,West Brom,Arsenal,A,4.1,3.7,1.95
2013-04-07,Chelsea,Sunderland,H,1.36,5.0,11.0
2013-04-07,Liverpool,West Ham,D,1.36,5.5,9.0
2013-04-07,Newcastle,Fulham,H,2.1,3.5,3.8
2013-04-07,QPR,Wigan,D,2.38,3.4,3.25
2013-04-07,Tottenham,Everton,D,2.2,3.4,3.6
2013-04-08,Man United,Man City,A,2.3,3.5,3.3
2013-04-13,Arsenal,Norwich,H,1.25,6.5,14.0
2013-04-13,Aston Villa,Fulham,D,2.3,3.3,3.5
2013-04-13,Everton,QPR,H,1.44,4.75,8.0
2013-04-13,Reading,Liverpool,D,8.0,4.75,1.45
2013-04-13,Southampton,West Ham,D,1.91,3.75,4.2
2013-04-14,Newcastle,Sunderland,A,1.95,3.5,4.5
2013-04-14,Stoke,Man United,A,7.0,3.9,1.6
2013-04-16,Arsenal,Everton,D,1.75,3.9,5.0
2013-04-17,Fulham,Chelsea,A,4.75,3.8,1.8
2013-04-17,Man City,Wigan,H,1.25,6.5,14.0
2013-04-17,West Ham,Man United,D,5.5,3.9,1.7
2013-04-20,Fulham,Arsenal,A,5.0,4.0,1.75
2013-04-20,Norwich,Reading,H,1.75,3.8,5.25
2013-04-20,QPR,Stoke,A,2.25,3.4,3.5
2013-04-20,Sunderland,Everton,H,3.4,3.4,2.3
2013-04-20,Swansea,Southampton,D,2.38,3.5,3.1
2013-04-20,West Brom,Newcastle,D,2.25,3.5,3.4
2013-04-20,West Ham,Wigan,H,2.3,3.5,3.3
2013-04-21,Liverpool,Chelsea,D,2.15,3.6,3.6
2013-04-21,Tottenham,Man City,H,3.25,3.6,2.3
2013-04-22,Man United,Aston Villa,H,1.25,6.75,13.0
2013-04-27,Everton,Fulham,H,1.5,4.5,7.5
2013-04-27,Man City,West Ham,H,1.29,6.0,12.0
2013-04-27,Newcastle,Liverpool,A,2.88,3.6,2.5
2013-04-27,Southampton,West Brom,A,1.85,3.75,4.6
2013-04-27,Stoke,Norwich,H,2.25,3.3,3.6
2013-04-27,Wigan,Tottenham,D,3.8,3.6,2.05
2013-04-28,Arsenal,Man United,D,2.25,3.6,3.3
2013-04-28,Chelsea,Swansea,H,1.36,5.5,9.0
2013-04-28,Reading,QPR,D,2.55,3.5,2.88
2013-04-29,Aston Villa,Sunderland,H,2.3,3.4,3.4
2013-05-04,Fulham,Reading,A,1.73,3.9,5.25
2013-05-04,Norwich,Aston Villa,A,2.55,3.3,3.0
2013-05-04,QPR,Arsenal,A,8.0,4.75,1.44
2013-05-04,Swansea,Man City,D,5.25,3.8,1.75
2013-05-04,Tottenham,Southampton,H,1.44,4.75,8.0
2013-05-04,West Brom,Wigan,A,2.45,3.5,3.0
2013-05-04,West Ham,Newcastle,D,2.38,3.4,3.25
2013-05-05,Liverpool,Everton,D,1.95,3.6,4.2
2013-05-05,Man United,Chelsea,A,2.2,3.5,3.5
2013-05-06,Sunderland,Stoke,D,2.1,3.3,4.0
2013-05-07,Man City,West Brom,H,1.4,5.0,9.0
2013-05-07,Wigan,Swansea,A,1.83,3.75,4.75
2013-05-08,Chelsea,Tottenham,D,1.95,3.75,4.0
2013-05-11,Aston Villa,Chelsea,A,4.5,3.8,1.85
2013-05-12,Everton,West Ham,H,1.5,4.5,7.5
2013-05-12,Fulham,Liverpool,A,3.9,3.6,2.05
2013-05-12,Man United,Swansea,H,1.3,5.75,12.0
2013-05-12,Norwich,West Brom,H,2.2,3.4,3.6
2013-05-12,QPR,Newcastle,A,3.4,3.4,2.3
2013-05-12,Stoke,Tottenham,A,4.5,3.6,1.91
2013-05-12,Sunderland,Southampton,D,2.8,3.2,2.8
2013-05-14,Arsenal,Wigan,H,1.4,5.5,8.0
2013-05-14,Reading,Man City,A,6.0,4.33,1.6
2013-05-19,Chelsea,Everton,H,1.7,4.0,5.5
2013-05-19,Liverpool,QPR,H,1.25,7.0,12.0
2013-05-19,Man City,Norwich,A,1.33,5.5,11.0
2013-05-19,Newcastle,Arsenal,A,6.0,4.6,1.55
2013-05-19,Southampton,Stoke,D,1.75,3.8,5.25
2013-05-19,Swansea,Fulham,A,1.8,3.8,4.75
2013-05-19,Tottenham,Sunderland,H,1.29,6.0,12.0
2013-05-19,West Brom,Man United,D,4.5,3.9,1.83
2013-05-19,West Ham,Reading,H,1.67,4.0,5.75
2013-05-19,Wigan,Aston Villa,D,2.15,3.6,3.6
2013-08-17,Arsenal,Aston Villa,A,1.44,4.75,8.0
2013-08-17,Liverpool,Stoke,H,1.4,5.0,9.5
2013-08-17,Norwich,Everton,D,3.2,3.4,2.4
2013-08-17,Sunderland,Fulham,A,2.3,3.4,3.4
2013-08-17,Swansea,Man United,A,4.2,3.5,2.0
2013-08-17,West Brom,Southampton,A,2.4,3.4,3.2
2013-08-17,West Ham,Cardiff,H,2.0,3.6,4.0
2013-08-18,Chelsea,Hull,H,1.2,7.0,21.0
2013-08-18,Crystal Palace,Tottenham,A,4.75,3.75,1.83
2013-08-19,Man City,Newcastle,H,1.33,5.5,11.0
2013-08-21,Chelsea,Aston Villa,H,1.29,5.5,10.0
2013-08-24,Aston Villa,Liverpool,A,4.0,3.75,1.95
2013-08-24,Everton,West Brom,D,1.57,4.33,6.5
2013-08-24,Fulham,Arsenal,A,3.8,3.5,2.1
2013-08-24,Hull,Norwich,H,2.45,3.4,3.1
2013-08-24,Newcastle,West Ham,D,2.3,3.4,3.4
2013-08-24,Southampton,Sunderland,D,1.73,3.8,5.5
2013-08-24,Stoke,Crystal Palace,H,1.83,3.6,5.0
2013-08-25,Cardiff,Man City,H,8.5,4.75,1.44
2013-08-25,Tottenham,Swansea,H,1.62,4.0,6.5
2013-08-26,Man United,Chelsea,D,2.45,3.4,3.1
2013-08-31,Cardiff,Everton,D,3.25,3.4,2.38
2013-08-31,Crystal Palace,Sunderland,H,2.6,3.3,3.0
2013-08-31,Man City,Hull,H,1.17,8.5,19.0
2013-08-31,Newcastle,Fulham,H,2.15,3.4,3.75
2013-08-31,Norwich,Southampton,H,3.0,3.3,2.55
2013-08-31,West Ham,Stoke,A,2.0,3.4,4.33
2013-09-01,Arsenal,Tottenham,H,2.1,3.7,3.6
2013-09-01,Liverpool,Man United,H,2.63,3.4,2.88
2013-09-01,West Brom,Swansea,A,2.7,3.4,2.8
2013-09-14,Aston Villa,Newcastle,A,2.15,3.4,3.8
2013-09-14,Everton,Chelsea,H,3.4,3.3,2.35
2013-09-14,Fulham,West Brom,D,2.15,3.5,3.6
2013-09-14,Hull,Cardiff,D,2.45,3.25,3.25
2013-09-14,Man United,Crystal Palace,H,1.22,7.0,16.0
2013-09-14,Stoke,Man City,D,6.0,4.0,1.65
2013-09-14,Sunderland,Arsenal,A,6.0,3.9,1.67
2013-09-14,Tottenham,Norwich,H,1.45,4.75,8.0
2013-09-15,Southampton,West Ham,D,1.85,3.6,4.75
2013-09-16,Swansea,Liverpool,D,3.5,3.5,2.2
2013-09-21,Chelsea,Fulham,H,1.3,5.75,12.0
2013-09-21,Liverpool,Southampton,A,1.6,4.0,6.5
2013-09-21,Newcastle,Hull,A,1.85,3.5,5.0
2013-09-21,Norwich,Aston Villa,A,2.4,3.4,3.2
2013-09-21,West Brom,Sunderland,H,2.05,3.4,4.2
2013-09-21,West Ham,Everton,A,3.3,3.3,2.4
2013-09-22,Arsenal,Stoke,H,1.36,5.25,10.0
2013-09-22,Cardiff,Tottenham,A,4.5,3.6,1.91
2013-09-22,Crystal Palace,Swansea,A,3.5,3.4,2.25
2013-09-22,Man City,Man United,H,2.2,3.4,3.6
2013-09-28,Aston Villa,Man City,H,6.5,4.2,1.57
2013-09-28,Fulham,Cardiff,A,2.1,3.4,3.9
2013-09-28,Hull,West Ham,H,2.38,3.3,3.3
2013-09-28,Man United,West Brom,A,1.3,5.75,12.0
2013-09-28,Southampton,Crystal Palace,H,1.45,4.5,8.5
2013-09-28,Swansea,Arsenal,A,3.2,3.4,2.38
2013-09-28,Tottenham,Chelsea,D,2.7,3.3,2.88
2013-09-29,Stoke,Norwich,A,1.95,3.4,4.5
2013-09-29,Sunderland,Liverpool,A,5.5,3.9,1.7
2013-09-30,Everton,Newcastle,H,1.65,4.0,6.0
2013-10-05,Cardiff,Newcastle,A,2.45,3.4,3.1
2013-10-05,Fulham,Stoke,H,2.4,3.3,3.3
2013-10-05,Hull,Aston Villa,D,2.45,3.3,3.2
2013-10-05,Liverpool,Crystal Palace,H,1.2,7.5,17.0
2013-10-05,Man City,Everton,H,1.67,4.2,5.5
2013-10-05,Sunderland,Man United,A,6.0,4.0,1.65
2013-10-06,Norwich,Chelsea,A,6.5,4.0,1.62
2013-10-06,Southampton,Swansea,H,2.1,3.5,3.8
2013-10-06,Tottenham,West Ham,A,1.44,4.75,8.5
2013-10-06,West Brom,Arsenal,D,4.9,4.0,1.75
2013-10-19,Arsenal,Norwich,H,1.29,6.0,12.0
2013-10-19,Chelsea,Cardiff,H,1.25,6.5,15.0
2013-10-19,Everton,Hull,H,1.45,4.5,9.0
2013-10-19,Man United,Southampton,D,1.57,4.33,6.5
2013-10-19,Newcastle,Liverpool,D,4.5,3.9,1.83
2013-10-19,Stoke,West Brom,D,2.3,3.3,3.5
2013-10-19,Swansea,Sunderland,H,1.62,4.0,6.5
2013-10-19,West Ham,Man City,A,5.5,3.8,1.73
2013-10-20,Aston Villa,Tottenham,A,4.0,3.5,2.05
2013-10-21,Crystal Palace,Fulham,A,2.75,3.3,2.8
2013-10-26,Aston Villa,Everton,A,3.4,3.4,2.3
2013-10-26,Crystal Palace,Arsenal,A,11.0,5.0,1.36
2013-10-26,Liverpool,West Brom,H,1.44,4.75,8.0
2013-10-26,Man United,Stoke,H,1.33,5.5,11.0
2013-10-26,Norwich,Cardiff,D,2.2,3.4,3.6
2013-10-26,Southampton,Fulham,H,1.62,4.0,6.5
2013-10-27,Chelsea,Man City,H,2.38,3.4,3.2
2013-10-27,Sunderland,Newcastle,H,2.9,3.3,2.63
2013-10-27,Swansea,West Ham,D,1.75,3.8,5.25
2013-10-27,Tottenham,Hull,H,1.44,4.75,8.0
2013-11-02,Arsenal,Liverpool,H,2.3,3.5,3.3
2013-11-02,Fulham,Man United,A,6.5,4.2,1.57
2013-11-02,Hull,Sunderland,H,2.15,3.4,3.8
2013-11-02,Man City,Norwich,H,1.2,7.5,18.0
2013-11-02,Newcastle,Chelsea,H,6.0,4.2,1.62
2013-11-02,Stoke,Southampton,D,3.3,3.3,2.4
2013-11-02,West Brom,Crystal Palace,H,1.55,4.2,7.0
2013-11-02,West Ham,Aston Villa,D,2.25,3.5,3.4
2013-11-03,Cardiff,Swansea,H,3.4,3.4,2.3
2013-11-03,Everton,Tottenham,D,2.5,3.4,3.0
2013-11-09,Aston Villa,Cardiff,H,2.0,3.5,4.2
2013-11-09,Chelsea,West Brom,D,1.29,6.0,12.0
2013-11-09,Crystal Palace,Everton,D,6.5,4.0,1.62
2013-11-09,Liverpool,Fulham,H,1.25,6.5,15.0
2013-11-09,Norwich,West Ham,H,2.63,3.3,2.9
2013-11-09,Southampton,Hull,H,1.62,3.8,7.0
2013-11-10,Man United,Arsenal,H,2.35,3.5,3.2
2013-11-10,Sunderland,Man City,H,9.0,5.0,1.4
2013-11-10,Swansea,Stoke,D,2.0,3.4,4.33
2013-11-10,Tottenham,Newcastle,A,1.57,4.33,6.5
2013-11-23,Arsenal,Southampton,H,1.62,4.2,6.0
2013-11-23,Everton,Liverpool,D,3.0,3.4,2.5
2013-11-23,Fulham,Swansea,A,3.3,3.3,2.38
2013-11-23,Hull,Crystal Palace,A,1.85,3.5,5.0
2013-11-23,Newcastle,Norwich,H,1.8,3.8,4.75
2013-11-23,Stoke,Sunderland,H,2.15,3.3,3.9
2013-11-23,West Ham,Chelsea,A,6.0,4.2,1.62
2013-11-24,Cardiff,Man United,D,6.0,4.0,1.65
2013-11-24,Man City,Tottenham,H,1.7,4.0,5.5
2013-11-25,West Brom,Aston Villa,D,2.15,3.4,3.8
2013-11-30,Aston Villa,Sunderland,D,2.0,3.4,4.33
2013-11-30,Cardiff,Arsenal,A,6.5,4.0,1.62
2013-11-30,Everton,Stoke,H,1.62,4.0,6.25
2013-11-30,Newcastle,West Brom,H,2.05,3.5,4.0
2013-11-30,Norwich,Crystal Palace,H,2.0,3.4,4.33
2013-11-30,West Ham,Fulham,H,1.91,3.5,4.6
2013-12-01,Chelsea,Southampton,H,1.57,4.2,6.5
2013-12-01,Hull,Liverpool,H,6.5,4.0,1.62
2013-12-01,Man City,Swansea,H,1.29,6.0,13.0
2013-12-01,Tottenham,Man United,D,2.8,3.5,2.63
2013-12-03,Crystal Palace,West Ham,H,3.25,3.3,2.4
2013-12-04,Arsenal,Hull,H,1.2,7.5,17.0
2013-12-04,Fulham,Tottenham,A,5.8,3.9,1.67
2013-12-04,Liverpool,Norwich,H,1.29,6.0,12.0
2013-12-04,Man United,Everton,A,1.73,3.75,5.5
2013-12-04,Southampton,Aston Villa,A,1.7,3.8,5.75
2013-12-04,Stoke,Cardiff,D,2.1,3.4,4.0
2013-12-04,Sunderland,Chelsea,A,6.5,4.33,1.55
2013-12-04,Swansea,Newcastle,H,2.2,3.5,3.5
2013-12-04,West Brom,Man City,A,6.0,4.2,1.62
2013-12-07,Crystal Palace,Cardiff,H,2.8,3.3,2.75
2013-12-07,Liverpool,West Ham,H,1.29,6.0,12.0
2013-12-07,Man United,Newcastle,A,1.53,4.33,7.0
2013-12-07,Southampton,Man City,D,5.25,3.8,1.75
2013-12-07,Stoke,Chelsea,H,6.5,4.2,1.57
2013-12-07,Sunderland,Tottenham,A,4.5,3.6,1.91
2013-12-07,West Brom,Norwich,A,1.8,3.75,5.0
2013-12-08,Arsenal,Everton,D,1.7,3.8,5.75
2013-12-08,Fulham,Aston Villa,H,2.75,3.3,2.8
2013-12-09,Swansea,Hull,D,1.75,3.75,5.5
2013-12-14,Cardiff,West Brom,H,2.63,3.4,2.88
2013-12-14,Chelsea,Crystal Palace,H,1.18,8.0,19.0
2013-12-14,Everton,Fulham,H,1.36,5.0,10.5
2013-12-14,Hull,Stoke,D,2.3,3.3,3.5
2013-12-14,Man City,Arsenal,H,1.83,3.75,4.75
2013-12-14,Newcastle,Southampton,D,2.4,3.4,3.2
2013-12-14,West Ham,Sunderland,D,1.95,3.6,4.33
2013-12-15,Aston Villa,Man United,A,5.25,3.8,1.75
2013-12-15,Norwich,Swansea,D,2.88,3.3,2.7
2013-12-15,Tottenham,Liverpool,A,2.5,3.4,3.0
2013-12-21,Crystal Palace,Newcastle,A,3.25,3.4,2.38
2013-12-21,Fulham,Man City,A,9.5,5.25,1.36
2013-12-21,Liverpool,Cardiff,H,1.2,7.5,16.0
2013-12-21,Man United,West Ham,H,1.36,5.25,10.0
2013-12-21,Stoke,Aston Villa,H,2.3,3.25,3.5
2013-12-21,Sunderland,Norwich,D,2.05,3.5,4.0
2013-12-21,West Brom,Hull,D,1.95,3.5,4.5
2013-12-22,Southampton,Tottenham,A,2.55,3.3,3.0
2013-12-22,Swansea,Everton,A,3.0,3.4,2.5
2013-12-23,Arsenal,Chelsea,D,2.38,3.4,3.25
2013-12-26,Aston Villa,Crystal Palace,A,1.91,3.5,4.5
2013-12-26,Cardiff,Southampton,A,3.3,3.3,2.38
2013-12-26,Chelsea,Swansea,H,1.33,5.5,10.0
2013-12-26,Everton,Sunderland,A,1.36,5.25,9.5
2013-12-26,Hull,Man United,A,7.0,4.2,1.55
2013-12-26,Man City,Liverpool,H,1.75,4.2,4.6
2013-12-26,Newcastle,Stoke,H,1.75,3.8,5.25
2013-12-26,Norwich,Fulham,A,2.05,3.5,4.0
2013-12-26,Tottenham,West Brom,D,1.53,4.33,7.0
2013-12-26,West Ham,Arsenal,A,6.5,4.0,1.62
2013-12-28,Aston Villa,Swansea,D,3.0,3.3,2.55
2013-12-28,Cardiff,Sunderland,D,2.38,3.25,3.4
2013-12-28,Hull,Fulham,H,2.05,3.4,4.1
2013-12-28,Man City,Crystal Palace,H,1.13,9.5,29.0
2013-12-28,Norwich,Man United,A,6.5,4.2,1.57
2013-12-28,West Ham,West Brom,D,2.38,3.4,3.25
2013-12-29,Chelsea,Liverpool,H,2.2,3.5,3.5
2013-12-29,Everton,Southampton,H,1.83,3.7,4.75
2013-12-29,Newcastle,Arsenal,A,4.0,3.7,2.0
2013-12-29,Tottenham,Stoke,H,1.44,4.33,8.0
2014-01-01,Arsenal,Cardiff,H,1.29,6.0,13.0
2014-01-01,Crystal Palace,Norwich,D,2.38,3.3,3.3
2014-01-01,Fulham,West Ham,H,2.5,3.3,3.1
2014-01-01,Liverpool,Hull,H,1.3,6.0,11.0
2014-01-01,Man United,Tottenham,A,1.8,3.8,4.75
2014-01-01,Southampton,Chelsea,A,4.0,3.5,2.05
2014-01-01,Stoke,Everton,D,4.0,3.3,2.1
2014-01-01,Sunderland,Aston Villa,A,2.15,3.4,3.75
2014-01-01,Swansea,Man City,A,5.75,4.25,1.62
2014-01-01,West Brom,Newcastle,H,2.6,3.4,2.88
2014-01-11,Cardiff,West Ham,A,2.0,3.5,4.1
2014-01-11,Everton,Norwich,H,1.4,5.0,9.0
2014-01-11,Fulham,Sunderland,A,2.2,3.3,3.75
2014-01-11,Hull,Chelsea,A,6.5,4.0,1.6
2014-01-11,Man United,Swansea,H,1.57,4.0,7.0
2014-01-11,Southampton,West Brom,H,1.83,3.7,4.75
2014-01-11,Tottenham,Crystal Palace,H,1.36,5.0,10.0
2014-01-12,Newcastle,Man City,A,5.25,4.0,1.7
2014-01-12,Stoke,Liverpool,A,5.75,4.0,1.67
2014-01-13,Aston Villa,Arsenal,A,6.0,4.2,1.62
2014-01-18,Arsenal,Fulham,H,1.22,7.0,15.0
2014-01-18,Crystal Palace,Stoke,H,2.35,3.2,3.5
2014-01-18,Liverpool,Aston Villa,D,1.22,7.0,15.0
2014-01-18,Man City,Cardiff,H,1.13,11.0,23.0
2014-01-18,Norwich,Hull,H,2.4,3.3,3.25
2014-01-18,Sunderland,Southampton,D,3.2,3.3,2.45
2014-01-18,West Ham,Newcastle,A,3.0,3.4,2.5
2014-01-19,Chelsea,Man United,H,1.73,3.8,5.5
2014-01-19,Swansea,Tottenham,A,3.25,3.4,2.38
2014-01-20,West Brom,Everton,D,3.5,3.4,2.25
2014-01-28,Crystal Palace,Hull,H,2.5,3.2,3.2
2014-01-28,Liverpool,Everton,H,1.83,3.9,4.5
2014-01-28,Man United,Cardiff,H,1.25,6.5,15.0
2014-01-28,Norwich,Newcastle,D,2.7,3.4,2.8
2014-01-28,Southampton,Arsenal,D,4.33,3.5,1.95
2014-01-28,Swansea,Fulham,H,1.75,3.75,5.25
2014-01-29,Aston Villa,West Brom,H,2.6,3.3,3.0
2014-01-29,Chelsea,West Ham,D,1.18,8.0,19.0
2014-01-29,Sunderland,Stoke,H,2.1,3.4,3.9
2014-01-29,Tottenham,Man City,A,3.75,3.75,2.05
2014-02-01,Cardiff,Norwich,H,2.3,3.4,3.4
2014-02-01,Everton,Aston Villa,H,1.53,4.33,7.0
2014-02-01,Fulham,Southampton,A,3.6,3.4,2.2
2014-02-01,Hull,Tottenham,D,4.0,3.5,2.05
2014-02-01,Newcastle,Sunderland,A,1.95,3.5,4.33
2014-02-01,Stoke,Man United,H,7.0,4.0,1.57
2014-02-01,West Ham,Swansea,H,2.9,3.4,2.6
2014-02-02,Arsenal,Crystal Palace,H,1.22,7.0,16.0
2014-02-02,West Brom,Liverpool,D,5.75,4.33,1.62
2014-02-03,Man City,Chelsea,A,1.85,3.8,4.5
2014-02-08,Aston Villa,West Ham,A,2.1,3.5,3.8
2014-02-08,Chelsea,Newcastle,H,1.25,6.25,15.0
2014-02-08,Crystal Palace,West Brom,H,2.6,3.3,3.0
2014-02-08,Liverpool,Arsenal,H,2.2,3.6,3.4
2014-02-08,Norwich,Man City,D,9.0,5.5,1.36
2014-02-08,Southampton,Stoke,D,1.55,4.0,7.5
2014-02-08,Sunderland,Hull,A,2.15,3.4,3.8
2014-02-08,Swansea,Cardiff,H,1.85,3.6,4.75
2014-02-09,Man United,Fulham,D,1.2,7.0,19.0
2014-02-09,Tottenham,Everton,H,2.1,3.5,3.75
2014-02-11,Cardiff,Aston Villa,D,2.5,3.4,3.0
2014-02-11,Hull,Southampton,A,3.0,3.25,2.6
2014-02-11,West Brom,Chelsea,D,7.5,4.5,1.5
2014-02-11,West Ham,Norwich,H,2.05,3.5,4.0
2014-02-12,Arsenal,Man United,D,2.15,3.5,3.6
2014-02-12,Fulham,Liverpool,A,8.0,5.25,1.4
2014-02-12,Newcastle,Tottenham,A,3.3,3.5,2.3
2014-02-12,Stoke,Swansea,D,2.7,3.25,2.9
2014-02-22,Arsenal,Sunderland,H,1.33,5.5,11.0
2014-02-22,Cardiff,Hull,A,2.75,3.2,2.88
2014-02-22,Chelsea,Everton,H,1.57,4.0,7.0
2014-02-22,Crystal Palace,Man United,A,6.5,4.0,1.6
2014-02-22,Man City,Stoke,H,1.18,8.0,19.0
2014-02-22,West Brom,Fulham,D,1.8,3.9,4.75
2014-02-22,West Ham,Southampton,H,3.2,3.4,2.4
2014-02-23,Liverpool,Swansea,H,1.3,5.75,12.0
2014-02-23,Newcastle,Aston Villa,H,2.1,3.4,3.9
2014-02-23,Norwich,Tottenham,H,3.8,3.5,2.1
2014-03-01,Everton,West Ham,H,1.53,4.2,7.5
2014-03-01,Fulham,Chelsea,A,8.0,4.75,1.45
2014-03-01,Hull,Newcastle,A,2.45,3.2,3.3
2014-03-01,Southampton,Liverpool,A,3.75,3.75,2.05
2014-03-01,Stoke,Arsenal,H,5.5,3.8,1.73
2014-03-02,Aston Villa,Norwich,H,2.1,3.4,3.9
2014-03-02,Swansea,Crystal Palace,D,1.85,3.5,5.0
2014-03-02,Tottenham,Cardiff,H,1.33,5.25,12.0
2014-03-08,Cardiff,Fulham,H,2.35,3.5,3.2
2014-03-08,Chelsea,Tottenham,H,1.57,4.0,7.0
2014-03-08,Crystal Palace,Southampton,A,3.9,3.3,2.15
2014-03-08,Norwich,Stoke,D,2.25,3.3,3.6
2014-03-08,West Brom,Man United,A,5.0,3.6,1.83
2014-03-15,Aston Villa,Chelsea,H,7.0,4.33,1.53
2014-03-15,Everton,Cardiff,H,1.36,5.0,11.0
2014-03-15,Fulham,Newcastle,H,2.9,3.4,2.6
2014-03-15,Hull,Man City,A,6.5,4.33,1.57
2014-03-15,Southampton,Norwich,H,1.62,4.0,6.5
2014-03-15,Stoke,West Ham,H,2.25,3.3,3.6
2014-03-15,Sunderland,Crystal Palace,D,2.15,3.3,3.9
2014-03-15,Swansea,West Brom,A,1.95,3.6,4.33
2014-03-16,Man United,Liverpool,A,2.5,3.6,2.9
2014-03-16,Tottenham,Arsenal,A,3.1,3.4,2.45
2014-03-22,Cardiff,Liverpool,A,9.5,5.25,1.36
2014-03-22,Chelsea,Arsenal,H,1.85,3.6,4.75
2014-03-22,Everton,Swansea,H,1.67,3.9,6.0
2014-03-22,Hull,West Brom,H,2.25,3.3,3.6
2014-03-22,Man City,Fulham,H,1.17,9.0,17.0
2014-03-22,Newcastle,Crystal Palace,H,1.85,3.6,4.75
2014-03-22,Norwich,Sunderland,H,2.2,3.3,3.75
2014-03-22,West Ham,Man United,A,4.5,3.6,1.91
2014-03-23,Aston Villa,Stoke,A,2.2,3.3,3.75
2014-03-23,Tottenham,Southampton,H,2.25,3.4,3.5
2014-03-25,Arsenal,Swansea,D,1.57,4.2,6.5
2014-03-25,Man United,Man City,A,3.5,3.6,2.15
2014-03-25,Newcastle,Everton,A,3.5,3.4,2.25
2014-03-26,Liverpool,Sunderland,H,1.17,9.0,19.0
2014-03-26,West Ham,Hull,H,2.4,3.3,3.3
2014-03-29,Arsenal,Man City,D,3.6,3.5,2.15
2014-03-29,Crystal Palace,Chelsea,H,10.0,4.75,1.4
2014-03-29,Man United,Aston Villa,H,1.45,4.75,8.0
2014-03-29,Southampton,Newcastle,H,1.75,3.8,5.25
2014-03-29,Stoke,Hull,H,2.15,3.3,3.9
2014-03-29,Swansea,Norwich,H,1.73,3.9,5.25
2014-03-29,West Brom,Cardiff,D,1.83,3.75,4.75
2014-03-30,Fulham,Everton,A,5.0,3.75,1.8
2014-03-30,Liverpool,Tottenham,H,1.48,4.75,7.5
2014-03-31,Sunderland,West Ham,A,2.3,3.3,3.5
2014-04-05,Aston Villa,Fulham,A,2.05,3.5,4.0
2014-04-05,Cardiff,Crystal Palace,A,2.45,3.25,3.25
2014-04-05,Chelsea,Stoke,H,1.29,6.0,13.0
2014-04-05,Hull,Swansea,H,2.75,3.3,2.8
2014-04-05,Man City,Southampton,H,1.33,5.75,10.0
2014-04-05,Newcastle,Man United,A,4.2,3.7,1.95
2014-04-05,Norwich,West Brom,A,2.4,3.3,3.25
2014-04-06,Everton,Arsenal,H,2.5,3.4,3.0
2014-04-06,West Ham,Liverpool,A,9.0,5.0,1.4
2014-04-07,Tottenham,Sunderland,H,1.57,4.2,6.5
2014-04-12,Crystal Palace,Aston Villa,H,2.15,3.3,3.9
2014-04-12,Fulham,Norwich,H,2.15,3.5,3.6
2014-04-12,Southampton,Cardiff,A,1.45,4.75,8.0
2014-04-12,Stoke,Newcastle,H,2.1,3.4,3.9
2014-04-12,Sunderland,Everton,A,4.75,3.7,1.83
2014-04-12,West Brom,Tottenham,D,3.1,3.6,2.38
2014-04-13,Liverpool,Man City,H,2.45,3.7,2.9
2014-04-13,Swansea,Chelsea,A,5.0,3.6,1.83
2014-04-15,Arsenal,West Ham,H,1.4,5.0,9.0
2014-04-16,Everton,Crystal Palace,A,1.4,4.75,10.0
2014-04-16,Man City,Sunderland,D,1.17,9.0,17.0
2014-04-19,Aston Villa,Southampton,D,3.4,3.4,2.1
2014-04-19,Cardiff,Stoke,D,2.38,3.2,3.0
2014-04-19,Chelsea,Sunderland,A,1.18,7.0,13.0
2014-04-19,Newcastle,Swansea,A,2.63,3.3,2.6
2014-04-19,Tottenham,Fulham,H,1.5,4.2,6.5
2014-04-19,West Ham,Crystal Palace,A,2.2,3.2,3.4
2014-04-20,Everton,Man United,H,2.4,3.4,2.8
2014-04-20,Hull,Arsenal,A,4.5,3.6,1.8
2014-04-20,Norwich,Liverpool,A,8.5,5.0,1.33
2014-04-21,Man City,West Brom,H,1.2,7.0,11.0
2014-04-26,Fulham,Hull,D,2.3,3.4,3.4
2014-04-26,Man United,Norwich,H,1.36,5.25,9.5
2014-04-26,Southampton,Everton,H,2.8,3.5,2.6
2014-04-26,Stoke,Tottenham,A,3.2,3.4,2.38
2014-04-26,Swansea,Aston Villa,H,1.7,3.75,6.0
2014-04-26,West Brom,West Ham,H,1.91,3.75,4.33
2014-04-27,Crystal Palace,Man City,A,7.5,5.0,1.44
2014-04-27,Liverpool,Chelsea,A,1.67,4.2,5.25
2014-04-27,Sunderland,Cardiff,H,1.91,3.75,4.33
2014-04-28,Arsenal,Newcastle,H,1.29,6.0,12.0
2014-05-03,Aston Villa,Hull,H,2.5,3.3,3.1
2014-05-03,Everton,Man City,A,5.0,4.0,1.75
2014-05-03,Man United,Sunderland,A,1.36,5.75,8.5
2014-05-03,Newcastle,Cardiff,H,2.05,3.6,3.8
2014-05-03,Stoke,Fulham,H,2.3,3.6,3.25
2014-05-03,Swansea,Southampton,A,2.5,3.4,3.0
2014-05-03,West Ham,Tottenham,H,4.33,3.75,1.91
2014-05-04,Arsenal,West Brom,H,1.29,6.0,13.0
2014-05-04,Chelsea,Norwich,D,1.2,7.5,17.0
2014-05-05,Crystal Palace,Liverpool,D,9.0,5.0,1.4
2014-05-06,Man United,Hull,H,1.36,5.5,9.0
2014-05-07,Man City,Aston Villa,H,1.14,9.5,21.0
2014-05-07,Sunderland,West Brom,H,2.1,3.2,4.2
2014-05-11,Cardiff,Chelsea,A,8.0,4.75,1.44
2014-05-11,Fulham,Crystal Palace,D,2.63,3.5,2.8
2014-05-11,Hull,Everton,A,4.0,3.6,2.0
2014-05-11,Liverpool,Newcastle,H,1.22,7.5,13.0
2014-05-11,Man City,West Ham,H,1.17,9.0,17.0
2014-05-11,Norwich,Arsenal,A,4.5,3.8,1.85
2014-05-11,Southampton,Man United,D,2.63,3.5,2.8
2014-05-11,Sunderland,Swansea,A,2.3,3.4,3.4
2014-05-11,Tottenham,Aston Villa,H,1.5,4.5,7.5
2014-05-11,West Brom,Stoke,A,2.1,3.6,3.75
2014-08-16,Arsenal,Crystal Palace,H,1.25,6.5,15.0
2014-08-16,Leicester,Everton,D,3.2,3.4,2.4
2014-08-16,Man United,Swansea,A,1.36,5.0,11.0
2014-08-16,QPR,Hull,A,2.5,3.3,3.1
2014-08-16,Stoke,Aston Villa,A,1.95,3.5,4.5
2014-08-16,West Brom,Sunderland,D,2.25,3.4,3.5
2014-08-16,West Ham,Tottenham,A,3.8,3.6,2.05
2014-08-17,Liverpool,Southampton,H,1.33,5.75,10.0
2014-08-17,Newcastle,Man City,A,5.25,4.33,1.67
2014-08-18,Burnley,Chelsea,A,9.0,5.0,1.4
2014-08-23,Aston Villa,Newcastle,D,2.5,3.4,3.0
2014-08-23,Chelsea,Leicester,H,1.2,7.5,17.0
2014-08-23,Crystal Palace,West Ham,A,2.5,3.3,3.1
2014-08-23,Everton,Arsenal,D,2.8,3.4,2.7
2014-08-23,Southampton,West Brom,D,1.85,3.7,4.75
2014-08-23,Swansea,Burnley,H,1.65,4.0,6.0
2014-08-24,Hull,Stoke,D,2.5,3.25,3.2
2014-08-24,Sunderland,Man United,D,5.0,4.0,1.75
2014-08-24,Tottenham,QPR,H,1.45,4.75,8.0
2014-08-25,Man City,Liverpool,H,1.85,4.0,4.33
2014-08-30,Burnley,Man United,D,6.0,4.2,1.62
2014-08-30,Everton,Chelsea,A,3.75,3.3,2.2
2014-08-30,Man City,Stoke,A,1.18,8.0,18.0
2014-08-30,Newcastle,Crystal Palace,D,1.75,3.75,5.25
2014-08-30,QPR,Sunderland,H,2.4,3.25,3.3
2014-08-30,Swansea,West Brom,H,1.85,3.6,4.75
2014-08-30,West Ham,Southampton,A,2.8,3.4,2.7
2014-08-31,Aston Villa,Hull,H,2.3,3.3,3.5
2014-08-31,Leicester,Arsenal,D,4.75,3.75,1.83
2014-08-31,Tottenham,Liverpool,A,2.7,3.5,2.7
2014-09-13,Arsenal,Man City,D,3.0,3.4,2.5
2014-09-13,Chelsea,Swansea,H,1.3,5.75,12.0
2014-09-13,Crystal Palace,Burnley,D,2.25,3.3,3.6
2014-09-13,Liverpool,Aston Villa,A,1.3,6.0,11.0
2014-09-13,Southampton,Newcastle,H,1.8,3.75,5.0
2014-09-13,Stoke,Leicester,A,2.1,3.4,4.0
2014-09-13,Sunderland,Tottenham,D,3.6,3.5,2.15
2014-09-13,West Brom,Everton,A,3.5,3.5,2.2
2014-09-14,Man United,QPR,H,1.29,6.25,12.0
2014-09-15,Hull,West Ham,D,2.15,3.4,3.75
2014-09-20,Aston Villa,Arsenal,A,4.75,3.6,1.85
2014-09-20,Burnley,Sunderland,D,2.5,3.3,3.1
2014-09-20,Newcastle,Hull,D,2.2,3.3,3.75
2014-09-20,QPR,Stoke,D,2.8,3.25,2.8
2014-09-20,Swansea,Southampton,A,2.5,3.3,3.1
2014-09-20,West Ham,Liverpool,H,4.5,3.8,1.85
2014-09-21,Everton,Crystal Palace,A,1.4,5.0,9.0
2014-09-21,Leicester,Man United,H,5.5,4.2,1.67
2014-09-21,Man City,Chelsea,D,2.38,3.5,3.1
2014-09-21,Tottenham,West Brom,A,1.53,4.33,7.0
2014-09-27,Arsenal,Tottenham,D,1.75,3.9,5.0
2014-09-27,Chelsea,Aston Villa,H,1.22,7.0,16.0
2014-09-27,Crystal Palace,Leicester,H,2.63,3.4,2.88
2014-09-27,Hull,Man City,A,6.5,4.2,1.57
2014-09-27,Liverpool,Everton,D,1.91,3.75,4.33
2014-09-27,Man United,West Ham,H,1.4,5.5,8.0
2014-09-27,Southampton,QPR,H,1.44,4.6,8.5
2014-09-27,Sunderland,Swansea,D,2.9,3.3,2.63
2014-09-28,West Brom,Burnley,H,2.0,3.5,4.2
2014-09-29,Stoke,Newcastle,H,2.15,3.4,3.8
2014-10-04,Aston Villa,Man City,A,7.5,4.5,1.5
2014-10-04,Hull,Crystal Palace,H,2.1,3.5,3.8
2014-10-04,Leicester,Burnley,D,1.8,3.75,5.0
2014-10-04,Liverpool,West Brom,H,1.44,5.0,7.5
2014-10-04,Sunderland,Stoke,H,2.55,3.25,3.1
2014-10-04,Swansea,Newcastle,D,1.91,3.7,4.33
2014-10-05,Chelsea,Arsenal,H,1.67,4.2,5.25
2014-10-05,Man United,Everton,H,1.67,4.2,5.25
2014-10-05,Tottenham,Southampton,H,2.2,3.5,3.5
2014-10-05,West Ham,QPR,H,1.91,3.6,4.5
2014-10-18,Arsenal,Hull,D,1.4,5.0,9.0
2014-10-18,Burnley,West Ham,A,2.8,3.4,2.7
2014-10-18,Crystal Palace,Chelsea,A,8.5,4.75,1.44
2014-10-18,Everton,Aston Villa,H,1.6,4.0,6.5
2014-10-18,Man City,Tottenham,H,1.45,4.75,8.0
2014-10-18,Newcastle,Leicester,H,2.25,3.6,3.3
2014-10-18,Southampton,Sunderland,H,1.57,4.0,7.0
2014-10-19,QPR,Liverpool,A,6.0,4.2,1.6
2014-10-19,Stoke,Swansea,H,2.5,3.3,3.1
2014-10-20,West Brom,Man United,D,5.0,4.0,1.75
2014-10-25,Liverpool,Hull,D,1.44,4.75,8.0
2014-10-25,Southampton,Stoke,H,1.65,4.0,6.0
2014-10-25,Sunderland,Arsenal,A,5.5,3.8,1.73
2014-10-25,Swansea,Leicester,H,1.95,3.7,4.2
2014-10-25,West Brom,Crystal Palace,D,1.91,3.6,4.5
2014-10-25,West Ham,Man City,H,6.5,4.5,1.55
2014-10-26,Burnley,Everton,A,4.75,3.75,1.83
2014-10-26,Man United,Chelsea,D,2.88,3.6,2.5
2014-10-26,Tottenham,Newcastle,A,1.75,3.9,5.0
2014-10-27,QPR,Aston Villa,H,2.38,3.25,3.4
2014-11-01,Arsenal,Burnley,H,1.25,6.5,14.0
2014-11-01,Chelsea,QPR,H,1.17,8.5,21.0
2014-11-01,Everton,Swansea,D,1.75,3.8,5.25
2014-11-01,Hull,Southampton,A,3.8,3.6,2.05
2014-11-01,Leicester,West Brom,A,2.3,3.5,3.3
2014-11-01,Newcastle,Liverpool,H,3.8,3.75,2.0
2014-11-01,Stoke,West Ham,D,2.38,3.4,3.25
2014-11-02,Aston Villa,Tottenham,A,3.75,3.6,2.1
2014-11-02,Man City,Man United,H,1.91,3.75,4.33
2014-11-03,Crystal Palace,Sunderland,A,2.1,3.5,3.8
2014-11-08,Burnley,Hull,H,2.5,3.4,3.0
2014-11-08,Liverpool,Chelsea,A,3.4,3.4,2.3
2014-11-08,Man United,Crystal Palace,H,1.3,6.0,11.0
2014-11-08,QPR,Man City,D,7.0,4.75,1.5
2014-11-08,Southampton,Leicester,H,1.44,4.75,8.0
2014-11-08,West Ham,Aston Villa,D,1.75,3.75,5.5
2014-11-09,Sunderland,Everton,D,4.0,3.5,2.05
2014-11-09,Swansea,Arsenal,H,3.75,3.5,2.1
2014-11-09,Tottenham,Stoke,A,1.7,4.0,5.5
2014-11-09,West Brom,Newcastle,A,2.3,3.5,3.3
2014-11-22,Arsenal,Man United,A,2.15,3.6,3.5
2014-11-22,Chelsea,West Brom,H,1.25,6.5,15.0
2014-11-22,Everton,West Ham,H,1.85,3.8,4.5
2014-11-22,Leicester,Sunderland,D,2.1,3.5,3.8
2014-11-22,Man City,Swansea,H,1.4,5.25,8.5
2014-11-22,Newcastle,QPR,H,1.83,3.75,4.75
2014-11-22,Stoke,Burnley,A,1.7,3.8,5.75
2014-11-23,Crystal Palace,Liverpool,H,4.33,3.7,1.91
2014-11-23,Hull,Tottenham,A,3.6,3.4,2.2
2014-11-24,Aston Villa,Southampton,D,5.25,3.75,1.75
2014-11-29,Burnley,Aston Villa,D,2.15,3.4,3.75
2014-11-29,Liverpool,Stoke,H,1.73,4.0,5.0
2014-11-29,Man United,Hull,H,1.33,5.75,10.0
2014-11-29,QPR,Leicester,H,2.38,3.4,3.25
2014-11-29,Sunderland,Chelsea,D,9.0,5.0,1.4
2014-11-29,Swansea,Crystal Palace,D,1.8,3.75,5.0
2014-11-29,West Brom,Arsenal,A,4.5,3.8,1.85
2014-11-29,West Ham,Newcastle,H,2.15,3.5,3.6
2014-11-30,Southampton,Man City,A,3.2,3.6,2.3
2014-11-30,Tottenham,Everton,H,2.25,3.6,3.25
2014-12-02,Burnley,Newcastle,D,2.8,3.3,2.75
2014-12-02,Crystal Palace,Aston Villa,A,2.1,3.4,4.0
2014-12-02,Leicester,Liverpool,A,3.8,3.6,2.05
2014-12-02,Man United,Stoke,H,1.45,4.5,8.5
2014-12-02,Swansea,QPR,H,1.73,3.8,5.5
2014-12-02,West Brom,West Ham,A,2.5,3.4,3.0
2014-12-03,Arsenal,Southampton,H,1.8,3.75,5.0
2014-12-03,Chelsea,Tottenham,H,1.4,5.0,9.0
2014-12-03,Everton,Hull,D,1.53,4.33,7.0
2014-12-03,Sunderland,Man City,A,7.5,4.5,1.5
2014-12-06,Hull,West Brom,D,2.45,3.3,3.2
2014-12-06,Liverpool,Sunderland,D,1.5,4.5,7.5
2014-12-06,Man City,Everton,H,1.5,4.75,7.0
2014-12-06,Newcastle,Chelsea,H,7.0,4.33,1.53
2014-12-06,QPR,Burnley,H,2.05,3.5,4.0
2014-12-06,Stoke,Arsenal,H,4.0,3.6,2.0
2014-12-06,Tottenham,Crystal Palace,D,1.6,4.2,6.0
2014-12-07,Aston Villa,Leicester,H,2.4,3.4,3.2
2014-12-07,West Ham,Swansea,H,2.35,3.4,3.25
2014-12-08,Southampton,Man United,A,2.8,3.4,2.7
2014-12-13,Arsenal,Newcastle,H,1.44,4.75,8.0
2014-12-13,Burnley,Southampton,H,5.5,3.75,1.73
2014-12-13,Chelsea,Hull,H,1.18,8.0,18.0
2014-12-13,Crystal Palace,Stoke,D,2.6,3.25,3.0
2014-12-13,Leicester,Man City,A,7.0,4.75,1.5
2014-12-13,Sunderland,West Ham,D,2.95,3.4,2.55
2014-12-13,West Brom,Aston Villa,H,2.15,3.4,3.8
2014-12-14,Man United,Liverpool,H,1.8,3.8,4.75
2014-12-14,Swansea,Tottenham,A,2.5,3.4,3.0
2014-12-15,Everton,QPR,H,1.45,4.5,8.5
2014-12-20,Aston Villa,Man United,D,6.25,4.0,1.62
2014-12-20,Hull,Swansea,A,3.1,3.3,2.5
2014-12-20,Man City,Crystal Palace,H,1.29,6.0,12.0
2014-12-20,QPR,West Brom,H,2.45,3.3,3.2
2014-12-20,Southampton,Everton,H,2.45,3.5,3.0
2014-12-20,Tottenham,Burnley,H,1.5,4.5,7.5
2014-12-20,West Ham,Leicester,H,1.75,3.9,5.0
2014-12-21,Liverpool,Arsenal,D,2.8,3.5,2.6
2014-12-21,Newcastle,Sunderland,A,2.05,3.5,4.0
2014-12-22,Stoke,Chelsea,A,6.25,4.0,1.62
2014-12-26,Arsenal,QPR,H,1.29,6.0,13.0
2014-12-26,Burnley,Liverpool,A,4.75,3.8,1.8
2014-12-26,Chelsea,West Ham,H,1.33,5.75,10.0
2014-12-26,Crystal Palace,Southampton,A,3.75,3.4,2.15
2014-12-26,Everton,Stoke,A,1.83,3.6,5.0
2014-12-26,Leicester,Tottenham,A,3.8,3.6,2.05
2014-12-26,Man United,Newcastle,H,1.4,5.0,9.0
2014-12-26,Sunderland,Hull,A,2.05,3.4,4.2
2014-12-26,Swansea,Aston Villa,H,1.75,3.75,5.25
2014-12-26,West Brom,Man City,A,6.5,4.5,1.53
2014-12-28,Aston Villa,Sunderland,D,2.35,3.3,3.4
2014-12-28,Hull,Leicester,A,2.25,3.4,3.5
2014-12-28,Man City,Burnley,D,1.18,8.0,19.0
2014-12-28,Newcastle,Everton,H,2.9,3.4,2.6
2014-12-28,QPR,Crystal Palace,D,2.38,3.4,3.25
2014-12-28,Southampton,Chelsea,D,4.75,3.75,1.83
2014-12-28,Stoke,West Brom,H,1.91,3.6,4.5
2014-12-28,Tottenham,Man United,D,3.25,3.6,2.3
2014-12-28,West Ham,Arsenal,A,3.5,3.5,2.2
2014-12-29,Liverpool,Swansea,H,1.7,4.0,5.5
2015-01-01,Aston Villa,Crystal Palace,D,2.4,3.3,3.3
2015-01-01,Hull,Everton,H,3.4,3.4,2.3
2015-01-01,Liverpool,Leicester,D,1.4,5.0,9.0
2015-01-01,Man City,Sunderland,H,1.22,7.0,15.0
2015-01-01,Newcastle,Burnley,D,1.83,3.75,4.75
2015-01-01,QPR,Swansea,D,3.0,3.4,2.5
2015-01-01,Southampton,Arsenal,H,2.9,3.4,2.6
2015-01-01,Stoke,Man United,D,4.2,3.5,2.0
2015-01-01,Tottenham,Chelsea,H,5.0,3.75,1.8
2015-01-01,West Ham,West Brom,D,1.85,3.75,4.5
2015-01-10,Burnley,QPR,H,2.2,3.4,3.6
2015-01-10,Chelsea,Newcastle,H,1.2,7.5,17.0
2015-01-10,Crystal Palace,Tottenham,H,3.5,3.5,2.2
2015-01-10,Everton,Man City,D,4.5,3.75,1.85
2015-01-10,Leicester,Aston Villa,H,2.2,3.4,3.6
2015-01-10,Sunderland,Liverpool,A,4.5,3.6,1.91
2015-01-10,Swansea,West Ham,D,2.25,3.5,3.4
2015-01-10,West Brom,Hull,H,2.05,3.4,4.2
2015-01-11,Arsenal,Stoke,H,1.44,4.75,8.0
2015-01-11,Man United,Southampton,A,1.83,3.75,4.75
2015-01-17,Aston Villa,Liverpool,A,4.5,3.6,1.91
2015-01-17,Burnley,Crystal Palace,A,2.55,3.25,3.1
2015-01-17,Leicester,Stoke,A,2.63,3.3,2.9
2015-01-17,Newcastle,Southampton,A,3.3,3.3,2.38
2015-01-17,QPR,Man United,A,6.0,4.2,1.62
2015-01-17,Swansea,Chelsea,A,7.0,4.2,1.55
2015-01-17,Tottenham,Sunderland,H,1.62,4.2,6.0
2015-01-18,Man City,Arsenal,A,1.8,4.0,4.5
2015-01-18,West Ham,Hull,H,1.75,3.75,5.25
2015-01-19,Everton,West Brom,D,1.85,3.6,4.75
2015-01-31,Chelsea,Man City,D,2.15,3.5,3.6
2015-01-31,Crystal Palace,Everton,A,2.8,3.3,2.75
2015-01-31,Hull,Newcastle,A,2.7,3.25,2.88
2015-01-31,Liverpool,West Ham,H,1.67,4.0,5.75
2015-01-31,Man United,Leicester,H,1.36,5.5,9.5
2015-01-31,Stoke,QPR,H,1.65,4.0,6.0
2015-01-31,Sunderland,Burnley,H,2.25,3.3,3.6
2015-01-31,West Brom,Tottenham,A,2.9,3.3,2.63
2015-02-01,Arsenal,Aston Villa,H,1.25,6.5,15.0
2015-02-01,Southampton,Swansea,A,1.6,4.0,6.5
2015-02-07,Aston Villa,Chelsea,A,10.0,5.25,1.36
2015-02-07,Everton,Liverpool,D,3.4,3.4,2.3
2015-02-07,Leicester,Crystal Palace,A,2.4,3.3,3.25
2015-02-07,Man City,Hull,D,1.18,8.0,19.0
2015-02-07,QPR,Southampton,A,4.75,3.6,1.85
2015-02-07,Swansea,Sunderland,D,1.91,3.5,4.6
2015-02-07,Tottenham,Arsenal,H,3.25,3.5,2.3
2015-02-08,Burnley,West Brom,D,2.6,3.25,3.0
2015-02-08,Newcastle,Stoke,D,2.3,3.4,3.4
2015-02-08,West Ham,Man United,D,4.2,3.6,1.95
2015-02-10,Arsenal,Leicester,H,1.29,6.0,12.0
2015-02-10,Hull,Aston Villa,H,2.38,3.1,3.5
2015-02-10,Liverpool,Tottenham,H,1.91,3.8,4.2
2015-02-10,Sunderland,QPR,A,1.91,3.6,4.5
2015-02-11,Chelsea,Everton,H,1.33,5.5,11.0
2015-02-11,Crystal Palace,Newcastle,D,2.38,3.3,3.3
2015-02-11,Man United,Burnley,H,1.29,6.0,12.0
2015-02-11,Southampton,West Ham,D,1.73,3.9,5.25
2015-02-11,Stoke,Man City,A,5.75,3.8,1.7
2015-02-11,West Brom,Swansea,H,2.55,3.25,3.1
2015-02-21,Aston Villa,Stoke,A,2.7,3.2,2.9
2015-02-21,Chelsea,Burnley,D,1.2,7.5,17.0
2015-02-21,Crystal Palace,Arsenal,A,4.75,3.75,1.83
2015-02-21,Hull,QPR,H,2.05,3.3,4.2
2015-02-21,Man City,Newcastle,H,1.3,6.0,11.0
2015-02-21,Sunderland,West Brom,D,2.7,3.2,2.9
2015-02-21,Swansea,Man United,H,4.2,3.5,2.0
2015-02-22,Everton,Leicester,D,1.83,3.6,5.0
2015-02-22,Southampton,Liverpool,A,2.63,3.3,2.9
2015-02-22,Tottenham,West Ham,D,1.8,3.8,4.75
2015-02-28,Burnley,Swansea,A,2.63,3.3,2.9
2015-02-28,Man United,Sunderland,H,1.36,5.25,10.0
2015-02-28,Newcastle,Aston Villa,H,1.95,3.5,4.5
2015-02-28,Stoke,Hull,H,1.91,3.5,4.75
2015-02-28,West Brom,Southampton,H,3.4,3.2,2.38
2015-02-28,West Ham,Crystal Palace,A,2.15,3.4,3.75
2015-03-01,Arsenal,Everton,H,1.57,4.5,6.0
2015-03-01,Liverpool,Man City,H,3.1,3.6,2.38
2015-03-03,Aston Villa,West Brom,H,2.88,3.1,2.88
2015-03-03,Hull,Sunderland,D,2.15,3.3,3.9
2015-03-03,Southampton,Crystal Palace,H,1.7,3.8,5.75
2015-03-04,Liverpool,Burnley,H,1.36,5.25,10.0
2015-03-04,Man City,Leicester,H,1.25,7.0,13.0
2015-03-04,Newcastle,Man United,A,4.2,3.5,2.0
2015-03-04,QPR,Arsenal,A,7.0,4.33,1.53
2015-03-04,Stoke,Everton,H,2.5,3.3,3.1
2015-03-04,Tottenham,Swansea,H,1.75,3.8,5.25
2015-03-04,West Ham,Chelsea,A,6.25,4.0,1.62
2015-03-07,QPR,Tottenham,A,4.75,3.9,1.8
2015-03-14,Arsenal,West Ham,H,1.4,5.0,9.0
2015-03-14,Burnley,Man City,H,7.5,5.0,1.44
2015-03-14,Crystal Palace,QPR,H,1.83,3.75,4.75
2015-03-14,Leicester,Hull,D,2.2,3.3,3.75
2015-03-14,Sunderland,Aston Villa,A,2.38,3.25,3.4
2015-03-14,West Brom,Stoke,H,2.38,3.25,3.4
2015-03-15,Chelsea,Southampton,D,1.62,4.0,6.5
2015-03-15,Everton,Newcastle,H,1.83,3.75,4.75
2015-03-15,Man United,Tottenham,H,1.91,3.75,4.33
2015-03-16,Swansea,Liverpool,A,4.0,3.6,2.0
2015-03-21,Aston Villa,Swansea,A,2.5,3.25,2.8
2015-03-21,Man City,West Brom,H,1.3,5.5,8.5
2015-03-21,Newcastle,Arsenal,A,6.0,3.8,1.57
2015-03-21,Southampton,Burnley,H,1.4,4.5,7.5
2015-03-21,Stoke,Crystal Palace,A,2.1,3.3,3.5
2015-03-21,Tottenham,Leicester,H,1.53,4.0,6.0
2015-03-21,West Ham,Sunderland,H,1.8,3.5,4.5
2015-03-22,Hull,Chelsea,A,7.0,4.33,1.44
2015-03-22,Liverpool,Man United,A,2.05,3.4,3.6
2015-03-22,QPR,Everton,A,3.3,3.4,2.15
2015-04-04,Arsenal,Liverpool,H,1.83,3.75,4.2
2015-04-04,Chelsea,Stoke,H,1.29,5.5,11.0
2015-04-04,Everton,Southampton,H,2.63,3.2,2.8
2015-04-04,Leicester,West Ham,H,2.38,3.3,3.1
2015-04-04,Man United,Aston Villa,H,1.3,5.5,10.0
2015-04-04,Swansea,Hull,H,1.91,3.5,4.2
2015-04-04,West Brom,QPR,A,1.8,3.5,4.5
2015-04-05,Burnley,Tottenham,D,3.5,3.4,2.1
2015-04-05,Sunderland,Newcastle,H,2.5,3.1,3.1
2015-04-06,Crystal Palace,Man City,H,5.0,4.0,1.67
2015-04-07,Aston Villa,QPR,D,2.15,3.4,3.8
2015-04-11,Burnley,Arsenal,A,6.5,4.33,1.57
2015-04-11,Southampton,Hull,H,1.53,4.2,7.5
2015-04-11,Sunderland,Crystal Palace,A,2.9,3.2,2.7
2015-04-11,Swansea,Everton,D,2.5,3.3,3.1
2015-04-11,Tottenham,Aston Villa,A,1.62,4.2,6.0
2015-04-11,West Brom,Leicester,A,2.3,3.4,3.4
2015-04-11,West Ham,Stoke,D,2.3,3.4,3.4
2015-04-12,Man United,Man City,H,2.63,3.4,2.88
2015-04-12,QPR,Chelsea,A,9.0,5.0,1.4
2015-04-13,Liverpool,Newcastle,H,1.4,5.0,9.0
2015-04-18,Chelsea,Man United,H,2.0,3.4,4.33
2015-04-18,Crystal Palace,West Brom,A,1.95,3.5,4.5
2015-04-18,Everton,Burnley,H,1.73,3.8,5.5
2015-04-18,Leicester,Swansea,H,2.15,3.4,3.75
2015-04-18,Stoke,Southampton,H,3.5,3.25,2.3
2015-04-19,Man City,West Ham,H,1.25,6.5,11.0
2015-04-19,Newcastle,Tottenham,A,3.3,3.5,2.3
2015-04-25,Burnley,Leicester,A,2.63,3.3,2.9
2015-04-25,Crystal Palace,Hull,A,2.05,3.3,4.2
2015-04-25,Man City,Aston Villa,H,1.29,6.0,12.0
2015-04-25,Newcastle,Swansea,A,2.45,3.25,3.25
2015-04-25,QPR,West Ham,D,2.38,3.4,3.25
2015-04-25,Southampton,Tottenham,D,2.1,3.5,3.8
2015-04-25,Stoke,Sunderland,D,1.91,3.5,4.75
2015-04-25,West Brom,Liverpool,D,4.0,3.6,2.0
2015-04-26,Arsenal,Chelsea,D,2.4,3.3,3.3
2015-04-26,Everton,Man United,H,3.75,3.4,2.15
2015-04-28,Hull,Liverpool,H,4.33,3.4,2.0
2015-04-29,Leicester,Chelsea,A,5.75,3.8,1.7
2015-05-02,Aston Villa,Everton,H,2.75,3.3,2.8
2015-05-02,Leicester,Newcastle,H,1.91,3.7,4.33
2015-05-02,Liverpool,QPR,H,1.36,5.25,10.0
2015-05-02,Man United,West Brom,A,1.36,5.25,10.0
2015-05-02,Sunderland,Southampton,H,4.2,3.4,2.05
2015-05-02,Swansea,Stoke,H,2.3,3.4,3.4
2015-05-02,West Ham,Burnley,H,2.25,3.5,3.4
2015-05-03,Chelsea,Crystal Palace,H,1.36,5.25,10.0
2015-05-03,Tottenham,Man City,A,3.75,3.75,2.05
2015-05-04,Hull,Arsenal,A,5.5,4.0,1.7
2015-05-09,Aston Villa,West Ham,H,1.91,3.7,4.33
2015-05-09,Crystal Palace,Man United,A,4.5,3.6,1.91
2015-05-09,Everton,Sunderland,A,1.8,3.75,5.0
2015-05-09,Hull,Burnley,A,1.95,3.5,4.5
2015-05-09,Leicester,Southampton,H,2.6,3.4,2.9
2015-05-09,Newcastle,West Brom,D,2.55,3.3,3.0
2015-05-09,Stoke,Tottenham,H,2.9,3.4,2.6
2015-05-10,Chelsea,Liverpool,D,2.1,3.5,3.8
2015-05-10,Man City,QPR,H,1.22,7.5,13.0
2015-05-11,Arsenal,Swansea,A,1.3,6.0,11.0
2015-05-16,Burnley,Stoke,D,2.7,3.3,2.88
2015-05-16,Liverpool,Crystal Palace,A,1.45,4.75,8.0
2015-05-16,QPR,Newcastle,H,3.1,3.5,2.4
2015-05-16,Southampton,Aston Villa,H,1.75,3.8,5.25
2015-05-16,Sunderland,Leicester,D,2.8,3.3,2.75
2015-05-16,Tottenham,Hull,H,1.8,3.8,4.75
2015-05-16,West Ham,Everton,A,2.9,3.4,2.6
2015-05-17,Man United,Arsenal,D,2.45,3.5,3.0
2015-05-17,Swansea,Man City,A,4.75,4.2,1.75
2015-05-18,West Brom,Chelsea,H,4.1,3.5,2.0
2015-05-20,Arsenal,Sunderland,D,1.3,6.0,11.0
2015-05-24,Arsenal,West Brom,H,1.4,5.25,8.5
2015-05-24,Aston Villa,Burnley,A,2.1,3.6,3.75
2015-05-24,Chelsea,Sunderland,H,1.36,5.25,9.5
2015-05-24,Crystal Palace,Swansea,H,2.25,3.6,3.3
2015-05-24,Everton,Tottenham,A,2.4,3.6,3.0
2015-05-24,Hull,Man United,D,3.2,3.75,2.25
2015-05-24,Leicester,QPR,H,1.6,4.33,6.0
2015-05-24,Man City,Southampton,H,1.57,4.5,6.0
2015-05-24,Newcastle,West Ham,H,1.83,4.0,4.33
2015-05-24,Stoke,Liverpool,H,3.5,3.6,2.15
2015-08-08,Bournemouth,Aston Villa,A,2.0,3.6,4.0
2015-08-08,Chelsea,Swansea,D,1.36,5.0,11.0
2015-08-08,Everton,Watford,D,1.7,3.9,5.5
2015-08-08,Leicester,Sunderland,H,1.95,3.5,4.33
2015-08-08,Man United,Tottenham,H,1.65,4.0,6.0
2015-08-08,Norwich,Crystal Palace,A,2.55,3.3,3.0
2015-08-09,Arsenal,West Ham,A,1.29,6.0,12.0
2015-08-09,Newcastle,Southampton,D,2.88,3.3,2.7
2015-08-09,Stoke,Liverpool,A,3.4,3.4,2.3
2015-08-10,West Brom,Man City,A,5.75,4.0,1.67
2015-08-14,Aston Villa,Man United,A,5.5,3.8,1.73
2015-08-15,Southampton,Everton,A,1.95,3.6,4.33
2015-08-15,Sunderland,Norwich,A,2.5,3.3,3.1
2015-08-15,Swansea,Newcastle,H,1.95,3.6,4.33
2015-08-15,Tottenham,Stoke,D,1.8,3.75,5.0
2015-08-15,Watford,West Brom,D,2.3,3.4,3.4
2015-08-15,West Ham,Leicester,A,2.25,3.5,3.4
2015-08-16,Crystal Palace,Arsenal,A,5.25,3.9,1.73
2015-08-16,Man City,Chelsea,H,2.1,3.5,3.75
2015-08-17,Liverpool,Bournemouth,H,1.45,4.75,8.0
2015-08-22,Crystal Palace,Aston Villa,H,1.85,3.6,4.75
2015-08-22,Leicester,Tottenham,D,2.63,3.6,2.75
2015-08-22,Man United,Newcastle,D,1.36,5.25,10.0
2015-08-22,Norwich,Stoke,D,2.3,3.3,3.5
2015-08-22,Sunderland,Swansea,D,4.0,3.4,2.1
2015-08-22,West Ham,Bournemouth,A,2.38,3.4,3.2
2015-08-23,Everton,Man City,A,5.0,4.0,1.73
2015-08-23,Watford,Southampton,D,2.8,3.3,2.75
2015-08-23,West Brom,Chelsea,A,6.5,4.0,1.62
2015-08-24,Arsenal,Liverpool,D,1.75,4.0,5.0
2015-08-29,Aston Villa,Sunderland,D,1.91,3.5,4.75
2015-08-29,Bournemouth,Leicester,D,2.2,3.6,3.4
2015-08-29,Chelsea,Crystal Palace,A,1.36,5.0,11.0
2015-08-29,Liverpool,West Ham,A,1.36,5.5,9.0
2015-08-29,Man City,Watford,H,1.2,8.0,15.0
2015-08-29,Newcastle,Arsenal,A,6.0,4.2,1.62
2015-08-29,Stoke,West Brom,A,1.95,3.4,4.5
2015-08-29,Tottenham,Everton,D,2.0,3.5,4.2
2015-08-30,Southampton,Norwich,H,2.05,3.5,4.0
2015-08-30,Swansea,Man United,H,3.6,3.3,2.25
2015-09-12,Arsenal,Stoke,H,1.29,6.0,12.0
2015-09-12,Crystal Palace,Man City,A,5.5,4.2,1.67
2015-09-12,Everton,Chelsea,H,4.0,3.6,2.0
2015-09-12,Man United,Liverpool,H,2.0,3.4,4.33
2015-09-12,Norwich,Bournemouth,H,2.4,3.4,3.2
2015-09-12,Watford,Swansea,H,2.75,3.4,2.75
2015-09-12,West Brom,Southampton,D,3.2,3.2,2.5
2015-09-13,Leicester,Aston Villa,H,1.91,3.75,4.33
2015-09-13,Sunderland,Tottenham,A,4.33,3.6,1.95
2015-09-14,West Ham,Newcastle,H,2.25,3.5,3.4
2015-09-19,Aston Villa,West Brom,A,2.3,3.25,3.5
2015-09-19,Bournemouth,Sunderland,H,1.7,4.0,5.5
2015-09-19,Chelsea,Arsenal,H,2.45,3.5,3.0
2015-09-19,Man City,West Ham,A,1.29,6.5,11.0
2015-09-19,Newcastle,Watford,A,2.5,3.3,3.1
2015-09-19,Stoke,Leicester,D,2.5,3.4,3.0
2015-09-19,Swansea,Everton,D,2.3,3.4,3.4
2015-09-20,Liverpool,Norwich,D,1.67,4.0,5.75
2015-09-20,Southampton,Man United,A,3.1,3.3,2.5
2015-09-20,Tottenham,Crystal Palace,H,2.0,3.6,4.0
2015-09-26,Leicester,Arsenal,A,4.5,4.0,1.8
2015-09-26,Liverpool,Aston Villa,H,1.53,4.33,7.0
2015-09-26,Man United,Sunderland,H,1.2,7.5,16.0
2015-09-26,Newcastle,Chelsea,D,6.0,4.2,1.62
2015-09-26,Southampton,Swansea,H,2.05,3.4,4.2
2015-09-26,Stoke,Bournemouth,H,2.55,3.3,3.0
2015-09-26,Tottenham,Man City,H,4.2,3.8,1.91
2015-09-26,West Ham,Norwich,D,2.25,3.5,3.4
2015-09-27,Watford,Crystal Palace,A,2.5,3.3,3.1
2015-09-28,West Brom,Everton,A,3.1,3.3,2.5
2015-10-03,Aston Villa,Stoke,A,2.5,3.3,3.1
2015-10-03,Bournemouth,Watford,D,2.1,3.5,3.8
2015-10-03,Chelsea,Southampton,A,1.83,3.7,4.8
2015-10-03,Crystal Palace,West Brom,H,1.83,3.6,5.0
2015-10-03,Man City,Newcastle,H,1.25,7.0,13.0
2015-10-03,Norwich,Leicester,A,2.3,3.5,3.3
2015-10-03,Sunderland,West Ham,D,3.2,3.4,2.4
2015-10-04,Arsenal,Man United,H,2.0,3.8,3.8
2015-10-04,Everton,Liverpool,D,2.7,3.4,2.8
2015-10-04,Swansea,Tottenham,D,2.75,3.25,2.8
2015-10-17,Chelsea,Aston Villa,H,1.33,5.75,10.0
2015-10-17,Crystal Palace,West Ham,A,2.0,3.6,4.0
2015-10-17,Everton,Man United,A,3.25,3.4,2.38
2015-10-17,Man City,Bournemouth,H,1.33,5.75,10.0
2015-10-17,Southampton,Leicester,D,1.75,4.0,5.0
2015-10-17,Tottenham,Liverpool,D,2.5,3.5,3.0
2015-10-17,Watford,Arsenal,A,6.0,4.2,1.62
2015-10-17,West Brom,Sunderland,H,2.05,3.4,4.2
2015-10-18,Newcastle,Norwich,H,2.6,3.4,2.88
2015-10-19,Swansea,Stoke,A,2.05,3.4,4.2
2015-10-24,Arsenal,Everton,H,1.44,4.75,8.0
2015-10-24,Aston Villa,Swansea,A,3.0,3.3,2.6
2015-10-24,Leicester,Crystal Palace,H,2.2,3.6,3.4
2015-10-24,Norwich,West Brom,A,2.0,3.5,4.2
2015-10-24,Stoke,Watford,A,2.1,3.3,4.0
2015-10-24,West Ham,Chelsea,H,4.0,3.8,1.95
2015-10-25,Bournemouth,Tottenham,A,3.4,3.5,2.25
2015-10-25,Liverpool,Southampton,D,2.05,3.6,3.8
2015-10-25,Man United,Man City,D,2.6,3.5,2.8
2015-10-25,Sunderland,Newcastle,H,2.6,3.4,2.9
2015-10-31,Chelsea,Liverpool,A,2.1,3.5,3.75
2015-10-31,Crystal Palace,Man United,D,3.8,3.5,2.1
2015-10-31,Man City,Norwich,H,1.29,6.0,12.0
2015-10-31,Newcastle,Stoke,D,2.4,3.4,3.2
2015-10-31,Swansea,Arsenal,A,5.0,4.0,1.75
2015-10-31,Watford,West Ham,H,2.6,3.4,2.9
2015-10-31,West Brom,Leicester,A,2.9,3.4,2.6
2015-11-01,Everton,Sunderland,H,1.5,4.5,7.5
2015-11-01,Southampton,Bournemouth,H,1.55,4.33,6.5
2015-11-02,Tottenham,Aston Villa,H,1.44,4.75,8.0
2015-11-07,Bournemouth,Newcastle,A,2.25,3.5,3.4
2015-11-07,Leicester,Watford,H,1.85,3.8,4.5
2015-11-07,Man United,West Brom,H,1.33,5.25,12.0
2015-11-07,Norwich,Swansea,H,2.45,3.4,3.1
2015-11-07,Stoke,Chelsea,H,3.8,3.6,2.05
2015-11-07,Sunderland,Southampton,A,4.75,3.8,1.8
2015-11-07,West Ham,Everton,D,2.6,3.5,2.8
2015-11-08,Arsenal,Tottenham,D,1.73,4.0,5.0
2015-11-08,Aston Villa,Man City,D,7.5,5.0,1.44
2015-11-08,Liverpool,Crystal Palace,A,1.67,3.8,6.0
2015-11-21,Chelsea,Norwich,H,1.4,5.0,9.0
2015-11-21,Everton,Aston Villa,H,1.57,4.2,6.5
2015-11-21,Man City,Liverpool,A,1.7,4.0,5.5
2015-11-21,Newcastle,Leicester,A,2.88,3.6,2.5
2015-11-21,Southampton,Stoke,A,1.57,4.0,7.0
2015-11-21,Swansea,Bournemouth,D,1.91,3.6,4.5
2015-11-21,Watford,Man United,A,4.33,3.4,2.0
2015-11-21,West Brom,Arsenal,H,7.0,4.33,1.53
2015-11-22,Tottenham,West Ham,H,1.57,4.2,6.5
2015-11-23,Crystal Palace,Sunderland,A,1.57,4.0,7.0
2015-11-28,Aston Villa,Watford,A,2.75,3.3,2.8
2015-11-28,Bournemouth,Everton,D,2.9,3.6,2.5
2015-11-28,Crystal Palace,Newcastle,H,1.7,3.9,5.5
2015-11-28,Leicester,Man United,D,3.1,3.5,2.4
2015-11-28,Man City,Southampton,H,1.6,4.33,6.0
2015-11-28,Sunderland,Stoke,H,3.2,3.3,2.45
2015-11-29,Liverpool,Swansea,H,1.44,4.75,8.0
2015-11-29,Norwich,Arsenal,D,6.0,4.2,1.62
2015-11-29,Tottenham,Chelsea,D,2.6,3.4,2.9
2015-11-29,West Ham,West Brom,D,2.05,3.5,4.0
2015-12-05,Arsenal,Sunderland,H,1.29,6.0,13.0
2015-12-05,Chelsea,Bournemouth,A,1.36,5.25,9.5
2015-12-05,Man United,West Ham,D,1.44,4.5,9.0
2015-12-05,Southampton,Aston Villa,D,1.5,4.5,7.5
2015-12-05,Stoke,Man City,H,5.25,4.0,1.7
2015-12-05,Swansea,Leicester,A,2.7,3.4,2.75
2015-12-05,Watford,Norwich,H,2.15,3.5,3.6
2015-12-05,West Brom,Tottenham,D,4.75,3.6,1.85
2015-12-06,Newcastle,Liverpool,H,5.75,4.33,1.62
2015-12-07,Everton,Crystal Palace,D,2.1,3.6,3.75
2015-12-12,Bournemouth,Man United,H,3.4,3.4,2.3
2015-12-12,Crystal Palace,Southampton,H,2.6,3.3,3.0
2015-12-12,Man City,Swansea,H,1.3,6.0,11.0
2015-12-12,Norwich,Everton,D,2.9,3.5,2.55
2015-12-12,Sunderland,Watford,A,2.9,3.3,2.63
2015-12-12,West Ham,Stoke,D,2.63,3.3,2.9
2015-12-13,Aston Villa,Arsenal,A,6.5,4.2,1.57
2015-12-13,Liverpool,West Brom,D,1.4,4.75,10.0
2015-12-13,Tottenham,Newcastle,A,1.36,5.5,9.0
2015-12-14,Leicester,Chelsea,H,3.2,3.5,2.35
2015-12-19,Chelsea,Sunderland,H,1.33,5.25,12.0
2015-12-19,Everton,Leicester,A,2.1,3.75,3.6
2015-12-19,Man United,Norwich,A,1.45,4.5,8.5
2015-12-19,Newcastle,Aston Villa,D,2.05,3.5,4.0
2015-12-19,Southampton,Tottenham,A,2.7,3.4,2.8
2015-12-19,Stoke,Crystal Palace,A,2.5,3.2,3.2
2015-12-19,West Brom,Bournemouth,A,2.55,3.3,3.0
2015-12-20,Swansea,West Ham,D,2.1,3.4,3.9
2015-12-20,Watford,Liverpool,H,4.2,3.6,1.95
2015-12-21,Arsenal,Man City,H,2.45,3.5,3.0
2015-12-26,Aston Villa,West Ham,D,2.63,3.25,2.75
2015-12-26,Bournemouth,Crystal Palace,D,2.4,3.3,3.0
2015-12-26,Chelsea,Watford,D,1.44,4.5,7.5
2015-12-26,Liverpool,Leicester,H,1.91,3.8,3.8
2015-12-26,Man City,Sunderland,H,1.2,7.0,13.0
2015-12-26,Newcastle,Everton,A,3.2,3.5,2.2
2015-12-26,Southampton,Arsenal,H,3.6,3.5,2.05
2015-12-26,Stoke,Man United,H,3.25,3.2,2.3
2015-12-26,Swansea,West Brom,H,1.91,3.4,4.5
2015-12-26,Tottenham,Norwich,H,1.4,4.75,8.0
2015-12-28,Arsenal,Bournemouth,H,1.44,4.75,8.0
2015-12-28,Crystal Palace,Swansea,D,2.1,3.4,4.0
2015-12-28,Everton,Stoke,A,1.95,3.6,4.2
2015-12-28,Man United,Chelsea,D,2.6,3.3,3.0
2015-12-28,Norwich,Aston Villa,H,2.05,3.6,3.8
2015-12-28,Watford,Tottenham,A,3.75,3.5,2.1
2015-12-28,West Brom,Newcastle,H,2.2,3.25,3.75
2015-12-28,West Ham,Southampton,H,3.6,3.4,2.2
2015-12-29,Leicester,Man City,D,4.33,4.0,1.85
2015-12-30,Sunderland,Liverpool,A,5.5,3.9,1.7
2016-01-02,Arsenal,Newcastle,H,1.29,6.5,11.0
2016-01-02,Leicester,Bournemouth,D,1.91,3.75,4.33
2016-01-02,Man United,Swansea,H,1.55,4.2,7.0
2016-01-02,Norwich,Southampton,H,3.2,3.4,2.4
2016-01-02,Sunderland,Aston Villa,H,2.5,3.25,3.2
2016-01-02,Watford,Man City,A,5.0,4.0,1.75
2016-01-02,West Brom,Stoke,H,2.8,3.2,2.8
2016-01-02,West Ham,Liverpool,H,4.0,3.5,2.05
2016-01-03,Crystal Palace,Chelsea,A,3.8,3.5,2.1
2016-01-03,Everton,Tottenham,D,2.8,3.5,2.63
2016-01-12,Aston Villa,Crystal Palace,H,3.2,3.25,2.45
2016-01-12,Bournemouth,West Ham,A,2.0,3.6,4.0
2016-01-12,Newcastle,Man United,D,5.0,3.7,1.8
2016-01-13,Chelsea,West Brom,D,1.44,4.5,9.0
2016-01-13,Liverpool,Arsenal,D,2.88,3.4,2.6
2016-01-13,Man City,Everton,D,1.53,4.75,6.0
2016-01-13,Southampton,Watford,H,1.95,3.5,4.33
2016-01-13,Stoke,Norwich,H,2.05,3.3,4.2
2016-01-13,Swansea,Sunderland,A,1.8,3.6,5.25
2016-01-13,Tottenham,Leicester,A,1.75,3.8,5.25
2016-01-16,Aston Villa,Leicester,D,3.6,3.4,2.2
2016-01-16,Bournemouth,Norwich,H,1.91,3.6,4.5
2016-01-16,Chelsea,Everton,D,1.83,3.75,4.75
2016-01-16,Man City,Crystal Palace,H,1.4,5.25,8.5
2016-01-16,Newcastle,West Ham,H,2.5,3.4,3.0
2016-01-16,Southampton,West Brom,H,1.73,3.75,5.5
2016-01-16,Tottenham,Sunderland,H,1.36,5.25,9.5
2016-01-17,Liverpool,Man United,A,2.3,3.25,3.5
2016-01-17,Stoke,Arsenal,D,4.33,3.6,1.95
2016-01-18,Swansea,Watford,H,2.38,3.25,3.4
2016-01-23,Crystal Palace,Tottenham,A,3.6,3.5,2.15
2016-01-23,Leicester,Stoke,H,2.1,3.5,3.8
2016-01-23,Man United,Southampton,A,1.91,3.5,4.75
2016-01-23,Norwich,Liverpool,A,4.33,3.5,1.95
2016-01-23,Sunderland,Bournemouth,D,3.0,3.4,2.5
2016-01-23,Watford,Newcastle,H,2.05,3.5,4.0
2016-01-23,West Brom,Aston Villa,D,2.1,3.3,4.0
2016-01-23,West Ham,Man City,D,5.0,4.0,1.73
2016-01-24,Arsenal,Chelsea,A,2.1,3.5,3.9
2016-01-24,Everton,Swansea,A,1.73,3.8,5.5
2016-02-02,Arsenal,Southampton,D,1.75,3.75,5.25
2016-02-02,Crystal Palace,Bournemouth,A,2.45,3.3,3.2
2016-02-02,Leicester,Liverpool,H,2.63,3.4,2.88
2016-02-02,Man United,Stoke,H,1.7,3.75,5.75
2016-02-02,Norwich,Tottenham,A,4.5,3.75,1.85
2016-02-02,Sunderland,Man City,A,8.0,4.75,1.45
2016-02-02,West Brom,Swansea,D,2.63,3.1,3.1
2016-02-02,West Ham,Aston Villa,H,1.91,3.5,4.75
2016-02-03,Everton,Newcastle,H,1.65,4.2,5.5
2016-02-03,Watford,Chelsea,D,4.33,3.5,1.95
2016-02-06,Aston Villa,Norwich,H,2.45,3.2,3.3
2016-02-06,Liverpool,Sunderland,D,1.44,4.75,8.5
2016-02-06,Man City,Leicester,A,1.62,4.2,6.0
2016-02-06,Newcastle,West Brom,H,2.15,3.4,3.8
2016-02-06,Southampton,West Ham,H,1.73,3.8,5.5
2016-02-06,Stoke,Everton,A,2.7,3.4,2.8
2016-02-06,Swansea,Crystal Palace,D,2.25,3.3,3.6
2016-02-06,Tottenham,Watford,H,1.5,4.33,8.0
2016-02-07,Bournemouth,Arsenal,A,3.8,3.5,2.1
2016-02-07,Chelsea,Man United,D,2.15,3.3,3.9
2016-02-13,Bournemouth,Stoke,A,2.05,3.4,4.1
2016-02-13,Chelsea,Newcastle,H,1.44,4.75,8.0
2016-02-13,Crystal Palace,Watford,A,2.25,3.3,3.6
2016-02-13,Everton,West Brom,A,1.53,4.2,7.5
2016-02-13,Norwich,West Ham,D,2.38,3.4,3.25
2016-02-13,Sunderland,Man United,H,5.25,3.75,1.75
2016-02-13,Swansea,Southampton,A,3.2,3.25,2.5
2016-02-14,Arsenal,Leicester,H,1.75,4.0,5.0
2016-02-14,Aston Villa,Liverpool,A,4.75,3.6,1.85
2016-02-14,Man City,Tottenham,A,2.1,3.75,3.6
2016-02-27,Leicester,Norwich,H,1.5,4.33,6.0
2016-02-27,Southampton,Chelsea,A,2.8,3.25,2.5
2016-02-27,Stoke,Aston Villa,H,1.62,3.75,5.5
2016-02-27,Watford,Bournemouth,D,2.38,3.25,3.0
2016-02-27,West Brom,Crystal Palace,H,2.6,3.1,2.8
2016-02-27,West Ham,Sunderland,H,1.8,3.5,4.5
2016-02-28,Tottenham,Swansea,H,1.4,4.2,9.0
2016-02-28,Man United,Arsenal,H,3.0,3.25,2.38
2016-03-01,Aston Villa,Everton,A,4.5,3.6,1.91
2016-03-01,Bournemouth,Southampton,H,2.9,3.25,2.7
2016-03-01,Leicester,West Brom,D,1.73,3.8,5.5
2016-03-01,Norwich,Chelsea,A,5.25,4.0,1.7
2016-03-01,Sunderland,Crystal Palace,D,2.5,3.3,3.1
2016-03-02,Arsenal,Swansea,A,1.36,5.25,10.0
2016-03-02,Liverpool,Man City,H,2.63,3.4,2.88
2016-03-02,Man United,Watford,H,1.67,3.8,6.0
2016-03-02,Stoke,Newcastle,H,2.0,3.5,4.2
2016-03-02,West Ham,Tottenham,H,4.0,3.6,2.0
2016-03-05,Chelsea,Stoke,D,1.5,4.5,7.5
2016-03-05,Everton,West Ham,A,1.73,4.0,5.0
2016-03-05,Man City,Aston Villa,H,1.22,7.0,15.0
2016-03-05,Newcastle,Bournemouth,A,2.63,3.4,2.88
2016-03-05,Southampton,Sunderland,D,1.6,4.0,6.5
2016-03-05,Swansea,Norwich,H,2.05,3.5,4.0
2016-03-05,Tottenham,Arsenal,D,2.38,3.4,3.25
2016-03-05,Watford,Leicester,A,3.0,3.4,2.55
2016-03-06,Crystal Palace,Liverpool,A,3.8,3.5,2.1
2016-03-06,West Brom,Man United,H,4.33,3.4,2.0
2016-03-12,Bournemouth,Swansea,H,1.95,3.5,4.33
2016-03-12,Norwich,Man City,D,6.0,4.2,1.6
2016-03-12,Stoke,Southampton,A,2.7,3.2,2.9
2016-03-13,Aston Villa,Tottenham,A,7.5,4.5,1.5
2016-03-14,Leicester,Newcastle,H,1.57,4.33,6.25
2016-03-19,Chelsea,West Ham,D,1.75,3.8,5.25
2016-03-19,Crystal Palace,Leicester,A,3.0,3.4,2.5
2016-03-19,Everton,Arsenal,A,2.7,3.5,2.7
2016-03-19,Swansea,Aston Villa,H,1.67,3.8,6.0
2016-03-19,Watford,Stoke,A,2.4,3.25,3.3
2016-03-19,West Brom,Norwich,A,2.25,3.3,3.6
2016-03-20,Man City,Man United,A,1.83,3.75,4.75
2016-03-20,Newcastle,Sunderland,D,2.1,3.5,3.8
2016-03-20,Southampton,Liverpool,H,2.63,3.4,2.88
2016-03-20,Tottenham,Bournemouth,H,1.53,4.33,7.0
2016-04-02,Arsenal,Watford,H,1.36,5.25,10.0
2016-04-02,Aston Villa,Chelsea,A,6.5,4.33,1.57
2016-04-02,Bournemouth,Man City,A,3.75,3.6,2.1
2016-04-02,Liverpool,Tottenham,D,2.5,3.4,3.0
2016-04-02,Norwich,Newcastle,H,2.2,3.4,3.6
2016-04-02,Stoke,Swansea,D,2.2,3.4,3.6
2016-04-02,Sunderland,West Brom,D,2.1,3.3,4.0
2016-04-02,West Ham,Crystal Palace,D,1.95,3.6,4.2
2016-04-03,Leicester,Southampton,H,2.25,3.4,3.5
2016-04-03,Man United,Everton,H,2.1,3.5,3.75
2016-04-09,Aston Villa,Bournemouth,A,3.4,3.2,2.2
2016-04-09,Crystal Palace,Norwich,H,2.05,3.4,3.6
2016-04-09,Man City,West Brom,H,1.33,5.0,9.0
2016-04-09,Southampton,Newcastle,H,1.53,4.0,6.0
2016-04-09,Swansea,Chelsea,H,3.75,3.4,2.0
2016-04-09,Watford,Everton,D,3.4,3.3,2.15
2016-04-09,West Ham,Arsenal,D,3.6,3.5,2.0
2016-04-10,Liverpool,Stoke,H,1.55,4.0,5.75
2016-04-10,Sunderland,Leicester,A,3.4,3.4,2.1
2016-04-10,Tottenham,Man United,H,1.91,3.5,4.0
2016-04-13,Crystal Palace,Everton,D,2.9,3.4,2.6
2016-04-16,Chelsea,Man City,A,2.75,3.4,2.7
2016-04-16,Everton,Southampton,D,2.7,3.4,2.8
2016-04-16,Man United,Aston Villa,H,1.22,7.0,17.0
2016-04-16,Newcastle,Swansea,H,2.3,3.4,3.4
2016-04-16,Norwich,Sunderland,A,2.4,3.3,3.25
2016-04-16,West Brom,Watford,A,2.4,3.2,3.4
2016-04-17,Arsenal,Crystal Palace,D,1.33,5.75,9.5
2016-04-17,Bournemouth,Liverpool,A,3.6,3.5,2.15
2016-04-17,Leicester,West Ham,D,1.95,3.6,4.2
2016-04-18,Stoke,Tottenham,A,4.5,3.75,1.85
2016-04-19,Newcastle,Man City,D,6.0,4.5,1.57
2016-04-20,Liverpool,Everton,H,1.73,4.0,5.0
2016-04-20,Man United,Crystal Palace,H,1.53,4.33,7.0
2016-04-20,West Ham,Watford,H,1.57,4.33,6.5
2016-04-21,Arsenal,West Brom,H,1.29,6.0,13.0
2016-04-23,Aston Villa,Southampton,A,7.5,4.2,1.53
2016-04-23,Bournemouth,Chelsea,A,3.1,3.5,2.4
2016-04-23,Liverpool,Newcastle,D,1.57,4.5,6.0
2016-04-23,Man City,Stoke,H,1.3,6.0,11.0
2016-04-24,Leicester,Swansea,H,1.75,3.7,5.5
2016-04-24,Sunderland,Arsenal,D,4.5,4.0,1.8
2016-04-25,Tottenham,West Brom,D,1.22,7.0,15.0
2016-04-30,Arsenal,Norwich,H,1.29,6.5,11.0
2016-04-30,Everton,Bournemouth,H,2.0,3.8,3.8
2016-04-30,Newcastle,Crystal Palace,H,2.0,3.6,4.0
2016-04-30,Stoke,Sunderland,D,2.75,3.3,2.8
2016-04-30,Watford,Aston Villa,H,1.7,3.8,5.75
2016-04-30,West Brom,West Ham,A,4.0,3.4,2.1
2016-05-01,Man United,Leicester,D,2.1,3.4,3.9
2016-05-01,Southampton,Man City,H,2.8,3.4,2.7
2016-05-01,Swansea,Liverpool,H,3.1,3.5,2.4
2016-05-02,Chelsea,Tottenham,D,2.75,3.6,2.63
2016-05-07,Aston Villa,Newcastle,D,5.75,4.2,1.65
2016-05-07,Bournemouth,West Brom,D,1.95,3.6,4.2
2016-05-07,Crystal Palace,Stoke,H,2.05,3.5,3.9
2016-05-07,Leicester,Everton,H,1.91,4.0,4.0
2016-05-07,Norwich,Man United,A,4.5,3.6,1.91
2016-05-07,Sunderland,Chelsea,H,3.0,3.5,2.45
2016-05-07,West Ham,Swansea,A,1.44,4.75,8.0
2016-05-08,Liverpool,Watford,H,1.5,4.5,7.5
2016-05-08,Man City,Arsenal,D,2.5,3.6,2.9
2016-05-08,Tottenham,Southampton,A,2.05,3.6,3.9
2016-05-10,West Ham,Man United,H,3.0,3.5,2.45
2016-05-11,Liverpool,Chelsea,D,2.0,3.8,3.8
2016-05-11,Norwich,Watford,H,1.83,3.75,4.75
2016-05-11,Sunderland,Everton,H,1.75,4.0,5.0
2016-05-15,Arsenal,Aston Villa,H,1.17,9.0,17.0
2016-05-15,Chelsea,Leicester,D,2.3,3.75,3.1
2016-05-15,Everton,Norwich,H,1.8,4.0,4.5
2016-05-15,Newcastle,Tottenham,H,4.5,4.0,1.8
2016-05-15,Southampton,Crystal Palace,H,1.36,5.5,9.0
2016-05-15,Stoke,West Ham,H,3.5,3.6,2.15
2016-05-15,Swansea,Man City,D,6.0,4.75,1.53
2016-05-15,Watford,Sunderland,D,2.05,3.75,3.7
2016-05-15,West Brom,Liverpool,D,2.4,3.6,3.0
2016-05-17,Man United,Bournemouth,H,1.67,4.2,5.25
2016-08-13,Burnley,Swansea,A,2.4,3.3,3.25
2016-08-13,Crystal Palace,West Brom,A,2.0,3.3,4.5
2016-08-13,Everton,Tottenham,D,3.2,3.4,2.4
2016-08-13,Hull,Leicester,H,4.5,3.6,1.91
2016-08-13,Man City,Sunderland,H,1.25,6.5,15.0
2016-08-13,Middlesbrough,Stoke,D,2.38,3.2,3.4
2016-08-13,Southampton,Watford,D,1.8,3.75,5.0
2016-08-14,Arsenal,Liverpool,A,2.4,3.5,3.1
2016-08-14,Bournemouth,Man United,A,4.75,3.6,1.85
2016-08-15,Chelsea,West Ham,H,1.65,4.0,6.0
2016-08-19,Man United,Southampton,H,1.53,4.2,7.5
2016-08-20,Burnley,Liverpool,H,6.5,4.2,1.57
2016-08-20,Leicester,Arsenal,D,2.88,3.6,2.5
2016-08-20,Stoke,Man City,A,5.5,3.8,1.73
2016-08-20,Swansea,Hull,A,1.8,3.6,5.25
2016-08-20,Tottenham,Crystal Palace,H,1.45,4.75,8.0
2016-08-20,Watford,Chelsea,A,5.5,3.8,1.73
2016-08-20,West Brom,Everton,A,3.0,3.25,2.6
2016-08-21,Sunderland,Middlesbrough,A,2.55,3.2,3.1
2016-08-21,West Ham,Bournemouth,H,1.95,3.75,4.0
2016-08-27,Chelsea,Burnley,H,1.25,5.5,15.0
2016-08-27,Crystal Palace,Bournemouth,D,2.3,3.2,3.3
2016-08-27,Everton,Stoke,H,1.73,3.6,5.25
2016-08-27,Hull,Man United,A,8.0,4.1,1.44
2016-08-27,Leicester,Swansea,H,1.73,3.6,5.25
2016-08-27,Southampton,Sunderland,D,1.57,3.6,6.5
2016-08-27,Tottenham,Liverpool,D,2.38,3.4,3.0
2016-08-27,Watford,Arsenal,A,5.0,3.75,1.73
2016-08-28,Man City,West Ham,H,1.25,6.0,11.0
2016-08-28,West Brom,Middlesbrough,D,2.6,3.1,2.9
2016-09-10,Arsenal,Southampton,H,1.57,4.2,6.5
2016-09-10,Bournemouth,West Brom,H,2.05,3.25,4.33
2016-09-10,Burnley,Hull,D,2.45,3.1,3.4
2016-09-10,Liverpool,Leicester,H,1.7,4.0,5.5
2016-09-10,Man United,Man City,A,2.38,3.25,3.4
2016-09-10,Middlesbrough,Crystal Palace,A,2.3,3.2,3.6
2016-09-10,Stoke,Tottenham,A,4.6,3.75,1.85
2016-09-10,West Ham,Watford,A,1.91,3.6,4.5
2016-09-11,Swansea,Chelsea,D,5.75,4.0,1.67
2016-09-12,Sunderland,Everton,A,3.8,3.5,2.1
2016-09-16,Chelsea,Liverpool,A,2.25,3.5,3.4
2016-09-17,Everton,Middlesbrough,H,1.67,3.8,6.0
2016-09-17,Hull,Arsenal,A,6.0,4.2,1.6
2016-09-17,Leicester,Burnley,H,1.5,4.33,8.0
2016-09-17,Man City,Bournemouth,H,1.29,6.0,12.0
2016-09-17,West Brom,West Ham,H,2.8,3.2,2.8
2016-09-18,Crystal Palace,Stoke,H,2.0,3.5,4.2
2016-09-18,Southampton,Swansea,H,1.7,3.8,5.75
2016-09-18,Tottenham,Sunderland,H,1.33,5.5,11.0
2016-09-18,Watford,Man United,H,6.0,4.2,1.62
2016-09-24,Arsenal,Chelsea,H,2.4,3.5,3.1
2016-09-24,Bournemouth,Everton,H,3.6,3.5,2.15
2016-09-24,Liverpool,Hull,H,1.22,7.0,15.0
2016-09-24,Man United,Leicester,H,1.73,3.9,5.25
2016-09-24,Middlesbrough,Tottenham,A,3.75,3.5,2.1
2016-09-24,Stoke,West Brom,D,2.38,3.3,3.3
2016-09-24,Sunderland,Crystal Palace,A,2.88,3.25,2.7
2016-09-24,Swansea,Man City,A,9.0,5.5,1.36
2016-09-25,West Ham,Southampton,A,2.8,3.3,2.75
2016-09-26,Burnley,Watford,H,2.9,3.2,2.7
2016-09-30,Everton,Crystal Palace,D,1.73,4.0,5.0
2016-10-01,Hull,Chelsea,A,7.5,4.5,1.5
2016-10-01,Sunderland,West Brom,D,2.5,3.25,3.2
2016-10-01,Swansea,Liverpool,A,8.0,4.75,1.45
2016-10-01,Watford,Bournemouth,D,2.38,3.3,3.3
2016-10-01,West Ham,Middlesbrough,D,2.25,3.4,3.5
2016-10-02,Burnley,Arsenal,A,9.0,5.0,1.4
2016-10-02,Leicester,Southampton,D,2.25,3.4,3.5
2016-10-02,Man United,Stoke,D,1.33,5.75,10.0
2016-10-02,Tottenham,Man City,H,3.0,3.5,2.5
2016-10-15,Arsenal,Swansea,H,1.29,6.5,11.0
2016-10-15,Bournemouth,Hull,H,1.85,3.5,5.0
2016-10-15,Chelsea,Leicester,H,1.57,4.5,6.0
2016-10-15,Crystal Palace,West Ham,A,2.15,3.5,3.6
2016-10-15,Man City,Everton,D,1.5,4.75,7.0
2016-10-15,Stoke,Sunderland,H,2.0,3.6,4.0
2016-10-15,West Brom,Tottenham,D,5.5,3.8,1.73
2016-10-16,Middlesbrough,Watford,A,2.25,3.3,3.6
2016-10-16,Southampton,Burnley,H,1.4,4.8,9.5
2016-10-17,Liverpool,Man United,D,2.2,3.5,3.5
2016-10-22,Arsenal,Middlesbrough,D,1.25,6.5,15.0
2016-10-22,Bournemouth,Tottenham,D,4.2,3.6,1.95
2016-10-22,Burnley,Everton,H,6.0,3.8,1.67
2016-10-22,Hull,Stoke,A,3.1,3.3,2.5
2016-10-22,Leicester,Crystal Palace,H,2.05,3.5,3.9
2016-10-22,Liverpool,West Brom,H,1.29,6.0,13.0
2016-10-22,Swansea,Watford,D,2.38,3.3,3.3
2016-10-22,West Ham,Sunderland,H,1.67,4.0,5.75
2016-10-23,Chelsea,Man United,H,2.15,3.4,3.8
2016-10-23,Man City,Southampton,D,1.5,4.5,7.5
2016-10-29,Crystal Palace,Liverpool,A,5.25,4.0,1.7
2016-10-29,Man United,Burnley,D,1.2,7.0,19.0
2016-10-29,Middlesbrough,Bournemouth,H,2.5,3.2,3.2
2016-10-29,Sunderland,Arsenal,A,9.0,5.0,1.4
2016-10-29,Tottenham,Leicester,D,1.62,4.2,6.0
2016-10-29,Watford,Hull,H,1.75,3.75,5.25
2016-10-29,West Brom,Man City,A,8.0,4.75,1.44
2016-10-30,Everton,West Ham,H,1.8,3.8,4.75
2016-10-30,Southampton,Chelsea,A,3.2,3.4,2.4
2016-10-31,Stoke,Swansea,H,2.05,3.6,3.8
2016-11-05,Bournemouth,Sunderland,A,1.65,4.2,5.5
2016-11-05,Burnley,Crystal Palace,H,3.3,3.3,2.38
2016-11-05,Chelsea,Everton,H,1.53,4.33,7.0
2016-11-05,Man City,Middlesbrough,D,1.22,7.0,15.0
2016-11-05,West Ham,Stoke,D,2.0,3.6,4.0
2016-11-06,Arsenal,Tottenham,D,1.95,3.6,4.2
2016-11-06,Hull,Southampton,H,5.75,3.8,1.7
2016-11-06,Leicester,West Brom,A,1.8,3.6,5.25
2016-11-06,Liverpool,Watford,H,1.29,6.0,12.0
2016-11-06,Swansea,Man United,A,5.0,4.0,1.73
2016-11-19,Crystal Palace,Man City,A,6.5,4.5,1.53
2016-11-19,Everton,Swansea,D,1.6,4.33,6.0
2016-11-19,Man United,Arsenal,D,2.6,3.4,2.9
2016-11-19,Southampton,Liverpool,D,3.4,3.6,2.2
2016-11-19,Stoke,Bournemouth,A,2.3,3.4,3.4
2016-11-19,Sunderland,Hull,H,2.15,3.4,3.8
2016-11-19,Tottenham,West Ham,H,1.5,4.5,7.5
2016-11-19,Watford,Leicester,H,2.8,3.3,2.75
2016-11-20,Middlesbrough,Chelsea,A,7.0,4.0,1.57
2016-11-21,West Brom,Burnley,H,1.95,3.4,4.5
2016-11-26,Burnley,Man City,A,9.0,6.0,1.33
2016-11-26,Chelsea,Tottenham,H,1.75,3.8,5.25
2016-11-26,Hull,West Brom,D,3.1,3.2,2.6
2016-11-26,Leicester,Middlesbrough,D,1.91,3.6,4.5
2016-11-26,Liverpool,Sunderland,H,1.17,8.5,19.0
2016-11-26,Swansea,Crystal Palace,H,2.63,3.4,2.88
2016-11-27,Arsenal,Bournemouth,H,1.4,5.0,9.0
2016-11-27,Man United,West Ham,D,1.45,4.75,8.0
2016-11-27,Southampton,Everton,H,2.2,3.4,3.6
2016-11-27,Watford,Stoke,A,2.4,3.3,3.3
2016-12-03,Crystal Palace,Southampton,H,3.5,3.3,2.3
2016-12-03,Man City,Chelsea,A,2.15,3.6,3.6
2016-12-03,Stoke,Burnley,H,1.62,4.0,6.5
2016-12-03,Sunderland,Leicester,H,3.4,3.4,2.3
2016-12-03,Tottenham,Swansea,H,1.36,5.5,9.0
2016-12-03,West Brom,Watford,H,2.2,3.3,3.75
2016-12-03,West Ham,Arsenal,A,4.75,4.2,1.75
2016-12-04,Bournemouth,Liverpool,H,5.0,4.0,1.75
2016-12-04,Everton,Man United,D,3.6,3.5,2.15
2016-12-05,Middlesbrough,Hull,H,1.83,3.5,5.25
2016-12-10,Arsenal,Stoke,H,1.35,5.5,9.5
2016-12-10,Burnley,Bournemouth,H,3.5,3.5,2.2
2016-12-10,Hull,Crystal Palace,D,3.5,3.3,2.3
2016-12-10,Leicester,Man City,H,5.25,4.0,1.7
2016-12-10,Swansea,Sunderland,H,2.15,3.5,3.6
2016-12-10,Watford,Everton,H,3.1,3.4,2.45
2016-12-11,Chelsea,West Brom,H,1.25,6.25,15.0
2016-12-11,Liverpool,West Ham,D,1.3,6.0,11.0
2016-12-11,Man United,Tottenham,H,2.2,3.4,3.6
2016-12-11,Southampton,Middlesbrough,H,1.7,3.7,6.0
2016-12-13,Bournemouth,Leicester,H,2.4,3.4,3.2
2016-12-13,Everton,Arsenal,H,4.2,3.75,1.91
2016-12-14,Crystal Palace,Man United,A,5.25,4.0,1.7
2016-12-14,Man City,Watford,H,1.29,6.5,11.0
2016-12-14,Middlesbrough,Liverpool,A,6.0,4.33,1.6
2016-12-14,Stoke,Southampton,D,3.1,3.3,2.5
2016-12-14,Sunderland,Chelsea,A,10.0,5.75,1.33
2016-12-14,Tottenham,Hull,H,1.22,7.0,15.0
2016-12-14,West Brom,Swansea,H,2.05,3.5,4.0
2016-12-14,West Ham,Burnley,H,1.67,4.0,5.75
2016-12-17,Crystal Palace,Chelsea,A,6.5,4.2,1.57
2016-12-17,Middlesbrough,Swansea,H,2.1,3.4,4.0
2016-12-17,Stoke,Leicester,D,2.6,3.4,2.9
2016-12-17,Sunderland,Watford,H,2.63,3.3,2.9
2016-12-17,West Brom,Man United,A,5.75,3.8,1.7
2016-12-17,West Ham,Hull,H,1.62,4.1,6.0
2016-12-18,Bournemouth,Southampton,A,3.0,3.3,2.6
2016-12-18,Man City,Arsenal,H,2.15,3.6,3.5
2016-12-18,Tottenham,Burnley,H,1.22,7.0,15.0
2016-12-19,Everton,Liverpool,A,4.2,3.6,1.95
2016-12-26,Arsenal,West Brom,H,1.33,5.5,8.5
2016-12-26,Burnley,Middlesbrough,H,2.9,3.1,2.6
2016-12-26,Chelsea,Bournemouth,H,1.36,5.0,8.5
2016-12-26,Hull,Man City,A,10.0,5.5,1.3
2016-12-26,Leicester,Everton,A,2.5,3.3,2.9
2016-12-26,Man United,Sunderland,H,1.22,6.5,13.0
2016-12-26,Swansea,West Ham,A,2.63,3.2,2.8
2016-12-26,Watford,Crystal Palace,D,2.5,3.3,2.9
2016-12-27,Liverpool,Stoke,H,1.3,5.5,10.0
2016-12-28,Southampton,Tottenham,A,2.8,3.25,2.6
2016-12-30,Hull,Everton,D,4.33,3.5,1.95
2016-12-31,Burnley,Sunderland,H,2.4,3.25,3.3
2016-12-31,Chelsea,Stoke,H,1.25,6.5,14.0
2016-12-31,Leicester,West Ham,H,2.1,3.6,3.7
2016-12-31,Liverpool,Man City,H,2.35,3.6,3.1
2016-12-31,Man United,Middlesbrough,H,1.25,6.0,16.0
2016-12-31,Southampton,West Brom,A,1.75,3.7,5.5
2016-12-31,Swansea,Bournemouth,A,2.9,3.4,2.6
2017-01-01,Arsenal,Crystal Palace,H,1.29,5.5,9.5
2017-01-01,Watford,Tottenham,A,5.5,3.75,1.62
2017-01-02,Everton,Southampton,H,2.2,3.4,3.6
2017-01-02,Man City,Burnley,H,1.17,8.5,19.0
2017-01-02,Middlesbrough,Leicester,D,2.75,3.2,2.88
2017-01-02,Sunderland,Liverpool,D,11.0,5.5,1.33
2017-01-02,West Brom,Hull,H,1.75,3.7,5.5
2017-01-02,West Ham,Man United,A,6.0,4.0,1.65
2017-01-03,Bournemouth,Arsenal,D,4.33,3.4,1.85
2017-01-03,Crystal Palace,Swansea,A,1.75,3.5,4.75
2017-01-03,Stoke,Watford,H,1.8,3.5,4.5
2017-01-04,Tottenham,Chelsea,H,2.63,3.25,2.63
2017-01-14,Burnley,Southampton,H,3.6,3.4,2.2
2017-01-14,Hull,Bournemouth,H,3.3,3.5,2.3
2017-01-14,Leicester,Chelsea,A,6.0,4.1,1.62
2017-01-14,Sunderland,Stoke,A,3.1,3.3,2.5
2017-01-14,Swansea,Arsenal,A,7.0,4.75,1.5
2017-01-14,Tottenham,West Brom,H,1.33,5.5,11.0
2017-01-14,Watford,Middlesbrough,D,2.5,3.2,3.2
2017-01-14,West Ham,Crystal Palace,H,2.38,3.4,3.2
2017-01-15,Everton,Man City,H,4.5,4.0,1.8
2017-01-15,Man United,Liverpool,D,2.15,3.4,3.75
2017-01-21,Bournemouth,Watford,D,1.83,3.75,4.75
2017-01-21,Crystal Palace,Everton,A,3.25,3.4,2.38
2017-01-21,Liverpool,Swansea,A,1.22,7.0,15.0
2017-01-21,Man City,Tottenham,D,2.15,3.5,3.6
2017-01-21,Middlesbrough,West Ham,A,2.5,3.2,3.25
2017-01-21,Stoke,Man United,D,6.0,4.2,1.6
2017-01-21,West Brom,Sunderland,H,1.7,3.8,5.75
2017-01-22,Arsenal,Burnley,H,1.2,7.5,17.0
2017-01-22,Chelsea,Hull,H,1.18,8.0,19.0
2017-01-22,Southampton,Leicester,H,1.83,3.5,5.25
2017-01-31,Arsenal,Watford,A,1.22,7.0,15.0
2017-01-31,Bournemouth,Crystal Palace,A,2.05,3.5,3.9
2017-01-31,Burnley,Leicester,H,2.9,3.25,2.7
2017-01-31,Liverpool,Chelsea,D,2.65,3.25,2.9
2017-01-31,Middlesbrough,West Brom,D,2.7,3.1,3.0
2017-01-31,Sunderland,Tottenham,D,9.5,5.25,1.36
2017-01-31,Swansea,Southampton,H,3.4,3.4,2.3
2017-02-01,Man United,Hull,D,1.2,7.5,17.0
2017-02-01,Stoke,Everton,D,2.88,3.4,2.63
2017-02-01,West Ham,Man City,A,6.0,4.5,1.57
2017-02-04,Chelsea,Arsenal,H,1.95,3.6,4.2
2017-02-04,Crystal Palace,Sunderland,A,1.7,3.9,5.5
2017-02-04,Everton,Bournemouth,H,1.7,4.0,5.25
2017-02-04,Hull,Liverpool,H,8.0,4.75,1.45
2017-02-04,Southampton,West Ham,A,1.85,3.75,4.5
2017-02-04,Tottenham,Middlesbrough,H,1.29,6.0,13.0
2017-02-04,Watford,Burnley,H,2.15,3.3,3.9
2017-02-04,West Brom,Stoke,H,2.3,3.25,3.5
2017-02-05,Leicester,Man United,A,5.75,4.0,1.65
2017-02-05,Man City,Swansea,H,1.22,7.0,15.0
2017-02-11,Arsenal,Hull,H,1.29,6.0,13.0
2017-02-11,Liverpool,Tottenham,H,2.3,3.4,3.4
2017-02-11,Man United,Watford,H,1.25,6.5,14.0
2017-02-11,Middlesbrough,Everton,D,3.9,3.3,2.15
2017-02-11,Stoke,Crystal Palace,H,2.15,3.3,3.9
2017-02-11,Sunderland,Southampton,A,3.9,3.4,2.1
2017-02-11,West Ham,West Brom,D,2.25,3.3,3.6
2017-02-12,Burnley,Chelsea,D,9.0,5.0,1.4
2017-02-12,Swansea,Leicester,H,2.4,3.3,3.25
2017-02-13,Bournemouth,Man City,A,7.5,5.0,1.44
2017-02-25,Chelsea,Swansea,H,1.25,6.5,15.0
2017-02-25,Crystal Palace,Middlesbrough,H,2.1,3.2,4.2
2017-02-25,Everton,Sunderland,H,1.4,5.25,8.5
2017-02-25,Hull,Burnley,D,2.15,3.3,3.9
2017-02-25,Watford,West Ham,D,2.63,3.3,2.9
2017-02-25,West Brom,Bournemouth,H,2.1,3.4,4.0
2017-02-26,Tottenham,Stoke,H,1.44,5.0,7.5
2017-02-27,Leicester,Liverpool,H,5.5,4.2,1.65
2017-03-04,Leicester,Hull,H,1.85,3.6,4.75
2017-03-04,Liverpool,Arsenal,H,2.15,3.6,3.6
2017-03-04,Man United,Bournemouth,D,1.25,6.5,15.0
2017-03-04,Stoke,Middlesbrough,H,1.95,3.4,4.5
2017-03-04,Swansea,Burnley,H,2.0,3.5,4.2
2017-03-04,Watford,Southampton,A,3.6,3.4,2.2
2017-03-04,West Brom,Crystal Palace,A,2.2,3.3,3.8
2017-03-05,Sunderland,Man City,A,11.0,6.5,1.29
2017-03-05,Tottenham,Everton,H,1.67,4.2,5.25
2017-03-06,West Ham,Chelsea,A,6.0,4.1,1.62
2017-03-08,Man City,Stoke,D,1.25,6.5,15.0
2017-03-11,Bournemouth,West Ham,H,2.6,3.5,2.8
2017-03-11,Everton,West Brom,H,1.67,3.8,6.0
2017-03-11,Hull,Swansea,H,2.55,3.3,3.0
2017-03-12,Liverpool,Burnley,H,1.25,6.5,14.0
2017-03-18,Bournemouth,Swansea,H,2.15,3.5,3.6
2017-03-18,Crystal Palace,Watford,H,1.91,3.5,4.75
2017-03-18,Everton,Hull,H,1.53,4.33,7.0
2017-03-18,Stoke,Chelsea,A,6.5,4.0,1.62
2017-03-18,Sunderland,Burnley,D,2.55,3.3,3.0
2017-03-18,West Brom,Arsenal,H,5.25,4.0,1.73
2017-03-18,West Ham,Leicester,A,2.3,3.5,3.3
2017-03-19,Man City,Liverpool,D,2.0,3.75,3.8
2017-03-19,Middlesbrough,Man United,A,6.0,3.7,1.7
2017-03-19,Tottenham,Southampton,H,1.73,3.8,5.5
2017-04-01,Burnley,Tottenham,A,5.75,3.8,1.7
2017-04-01,Chelsea,Crystal Palace,A,1.3,5.75,12.0
2017-04-01,Hull,West Ham,H,2.45,3.4,3.1
2017-04-01,Leicester,Stoke,H,2.05,3.5,4.0
2017-04-01,Liverpool,Everton,H,1.73,3.9,5.25
2017-04-01,Man United,West Brom,D,1.36,5.0,11.0
2017-04-01,Southampton,Bournemouth,D,1.65,4.0,6.0
2017-04-01,Watford,Sunderland,H,1.85,3.6,4.75
2017-04-02,Arsenal,Man City,D,3.1,3.75,2.3
2017-04-02,Swansea,Middlesbrough,D,2.0,3.4,4.33
2017-04-04,Burnley,Stoke,H,2.5,3.1,3.3
2017-04-04,Leicester,Sunderland,H,1.45,4.5,8.5
2017-04-04,Man United,Everton,D,1.57,4.2,6.5
2017-04-04,Watford,West Brom,H,2.5,3.2,3.2
2017-04-05,Arsenal,West Ham,H,1.4,5.25,8.0
2017-04-05,Chelsea,Man City,H,2.4,3.5,3.1
2017-04-05,Hull,Middlesbrough,H,2.05,3.3,4.2
2017-04-05,Liverpool,Bournemouth,D,1.36,5.25,9.5
2017-04-05,Southampton,Crystal Palace,H,1.83,3.7,4.75
2017-04-05,Swansea,Tottenham,A,5.0,4.0,1.73
2017-04-08,Bournemouth,Chelsea,A,6.5,4.0,1.6
2017-04-08,Man City,Hull,H,1.2,7.5,17.0
2017-04-08,Middlesbrough,Burnley,D,2.45,3.1,3.4
2017-04-08,Stoke,Liverpool,A,4.0,3.75,1.95
2017-04-08,Tottenham,Watford,H,1.25,6.5,15.0
2017-04-08,West Brom,Southampton,A,3.0,3.3,2.55
2017-04-08,West Ham,Swansea,H,2.1,3.6,3.7
2017-04-09,Everton,Leicester,H,1.75,3.9,5.0
2017-04-09,Sunderland,Man United,A,10.0,5.25,1.36
2017-04-10,Crystal Palace,Arsenal,H,4.5,3.9,1.83
2017-04-15,Crystal Palace,Leicester,D,1.73,3.6,4.75
2017-04-15,Everton,Burnley,H,1.4,4.5,8.0
2017-04-15,Southampton,Man City,A,4.33,4.0,1.73
2017-04-15,Stoke,Hull,H,1.95,3.3,4.0
2017-04-15,Sunderland,West Ham,D,3.3,3.25,2.2
2017-04-15,Tottenham,Bournemouth,H,1.25,6.0,10.0
2017-04-15,Watford,Swansea,H,2.4,3.3,2.9
2017-04-16,Man United,Chelsea,H,2.55,3.2,2.8
2017-04-16,West Brom,Liverpool,A,4.0,3.8,1.8
2017-04-17,Middlesbrough,Arsenal,A,7.0,4.0,1.5
2017-04-22,Bournemouth,Middlesbrough,H,1.85,3.75,4.5
2017-04-22,Hull,Watford,H,1.91,3.7,4.33
2017-04-22,Swansea,Stoke,H,2.2,3.4,3.6
2017-04-22,West Ham,Everton,D,3.3,3.6,2.25
2017-04-23,Burnley,Man United,A,5.75,4.0,1.67
2017-04-23,Liverpool,Crystal Palace,A,1.5,4.75,7.0
2017-04-25,Chelsea,Southampton,H,1.45,4.6,8.5
2017-04-26,Arsenal,Leicester,H,1.6,4.5,5.75
2017-04-26,Crystal Palace,Tottenham,A,5.5,4.2,1.65
2017-04-26,Middlesbrough,Sunderland,H,2.3,3.4,3.4
2017-04-27,Man City,Man United,D,1.91,3.75,4.2
2017-04-29,Crystal Palace,Burnley,A,1.75,3.5,4.75
2017-04-29,Southampton,Hull,D,1.6,3.75,5.75
2017-04-29,Stoke,West Ham,D,2.0,3.5,3.6
2017-04-29,Sunderland,Bournemouth,A,3.0,3.4,2.3
2017-04-29,West Brom,Leicester,A,2.4,3.5,2.75
2017-04-30,Everton,Chelsea,A,3.5,3.6,2.0
2017-04-30,Man United,Swansea,D,1.36,4.75,8.0
2017-04-30,Middlesbrough,Man City,D,13.0,5.25,1.25
2017-04-30,Tottenham,Arsenal,H,1.85,3.75,4.0
2017-05-01,Watford,Liverpool,A,5.75,4.5,1.5
2017-05-05,West Ham,Tottenham,H,8.5,5.25,1.4
2017-05-06,Bournemouth,Stoke,D,2.25,3.6,3.3
2017-05-06,Burnley,West Brom,D,2.25,3.3,3.6
2017-05-06,Hull,Sunderland,A,1.44,4.75,8.0
2017-05-06,Leicester,Watford,H,1.57,4.2,6.5
2017-05-06,Man City,Crystal Palace,H,1.29,6.5,11.0
2017-05-06,Swansea,Everton,H,2.8,3.5,2.63
2017-05-07,Arsenal,Man United,H,1.91,3.7,4.33
2017-05-07,Liverpool,Southampton,D,1.62,4.2,6.0
2017-05-08,Chelsea,Middlesbrough,H,1.17,9.0,19.0
2017-05-10,Southampton,Arsenal,A,3.6,3.8,2.05
2017-05-12,Everton,Watford,H,1.5,4.5,7.5
2017-05-12,West Brom,Chelsea,A,10.0,5.25,1.36
2017-05-13,Bournemouth,Burnley,H,1.91,3.75,4.2
2017-05-13,Man City,Leicester,H,1.25,7.0,12.0
2017-05-13,Middlesbrough,Southampton,A,4.0,3.6,2.0
2017-05-13,Stoke,Arsenal,A,4.75,4.1,1.75
2017-05-13,Sunderland,Swansea,A,4.2,3.8,1.91
2017-05-14,Crystal Palace,Hull,H,2.1,3.6,3.75
2017-05-14,Tottenham,Man United,H,1.73,3.9,5.25
2017-05-14,West Ham,Liverpool,A,5.25,4.0,1.7
2017-05-15,Chelsea,Watford,H,1.25,6.75,13.0
2017-05-16,Arsenal,Sunderland,H,1.09,13.0,29.0
2017-05-16,Man City,West Brom,H,1.14,9.0,23.0
2017-05-17,Southampton,Man United,D,2.75,3.3,2.8
2017-05-18,Leicester,Tottenham,A,4.5,3.8,1.85
2017-05-21,Arsenal,Everton,H,1.45,5.0,7.5
2017-05-21,Burnley,West Ham,A,2.45,3.5,3.0
2017-05-21,Chelsea,Sunderland,H,1.14,9.0,23.0
2017-05-21,Hull,Tottenham,A,7.0,4.75,1.5
2017-05-21,Leicester,Bournemouth,D,2.0,3.6,4.0
2017-05-21,Liverpool,Middlesbrough,H,1.14,9.0,23.0
2017-05-21,Man United,Crystal Palace,H,2.5,3.3,3.1
2017-05-21,Southampton,Stoke,A,1.8,3.8,4.75
2017-05-21,Swansea,West Brom,H,2.1,3.5,3.75
2017-05-21,Watford,Man City,A,11.0,6.0,1.3
2017-08-11,Arsenal,Leicester,H,1.53,4.5,6.5
2017-08-12,Brighton,Man City,A,11.0,5.5,1.33
2017-08-12,Chelsea,Burnley,A,1.25,6.5,15.0
2017-08-12,Crystal Palace,Huddersfield,A,1.83,3.6,5.0
2017-08-12,Everton,Stoke,H,1.7,3.8,5.75
2017-08-12,Southampton,Swansea,D,1.62,4.0,6.5
2017-08-12,Watford,Liverpool,D,6.0,4.2,1.62
2017-08-12,West Brom,Bournemouth,H,2.4,3.3,3.3
2017-08-13,Man United,West Ham,H,1.3,5.75,12.0
2017-08-13,Newcastle,Tottenham,A,5.5,4.0,1.7
2017-08-19,Bournemouth,Watford,A,2.0,3.6,4.0
2017-08-19,Burnley,West Brom,A,2.63,3.2,3.0
2017-08-19,Leicester,Brighton,H,1.73,3.8,5.5
2017-08-19,Liverpool,Crystal Palace,H,1.36,5.25,9.5
2017-08-19,Southampton,West Ham,H,1.75,3.8,5.25
2017-08-19,Stoke,Arsenal,H,4.5,3.8,1.85
2017-08-19,Swansea,Man United,A,11.0,5.0,1.36
2017-08-20,Huddersfield,Newcastle,H,2.5,3.25,3.2
2017-08-20,Tottenham,Chelsea,A,2.1,3.6,3.75
2017-08-21,Man City,Everton,D,1.33,5.75,10.0
2017-08-26,Bournemouth,Man City,A,11.0,6.0,1.3
2017-08-26,Crystal Palace,Swansea,A,1.95,3.5,4.33
2017-08-26,Huddersfield,Southampton,D,3.9,3.4,2.1
2017-08-26,Man United,Leicester,H,1.33,5.5,11.0
2017-08-26,Newcastle,West Ham,H,2.3,3.4,3.4
2017-08-26,Watford,Brighton,D,1.91,3.4,4.0
2017-08-27,Chelsea,Everton,H,1.45,4.5,8.5
2017-08-27,Liverpool,Arsenal,H,2.15,3.7,3.5
2017-08-27,Tottenham,Burnley,D,1.25,6.5,15.0
2017-08-27,West Brom,Stoke,D,2.4,3.1,3.5
2017-09-09,Arsenal,Bournemouth,H,1.36,5.5,9.0
2017-09-09,Brighton,West Brom,H,2.7,3.1,3.0
2017-09-09,Everton,Tottenham,A,3.8,3.5,2.1
2017-09-09,Leicester,Chelsea,A,4.75,3.9,1.8
2017-09-09,Man City,Liverpool,H,1.85,4.0,4.2
2017-09-09,Southampton,Watford,A,1.65,4.0,6.0
2017-09-09,Stoke,Man United,D,7.5,4.5,1.5
2017-09-10,Burnley,Crystal Palace,H,2.3,3.25,3.5
2017-09-10,Swansea,Newcastle,A,2.4,3.25,3.3
2017-09-11,West Ham,Huddersfield,H,1.95,3.5,4.5
2017-09-15,Bournemouth,Brighton,H,2.15,3.4,3.8
2017-09-16,Crystal Palace,Southampton,A,3.0,3.3,2.6
2017-09-16,Huddersfield,Leicester,D,3.5,3.4,2.25
2017-09-16,Liverpool,Burnley,D,1.29,6.0,13.0
2017-09-16,Newcastle,Stoke,H,2.38,3.25,3.4
2017-09-16,Tottenham,Swansea,D,1.22,7.0,15.0
2017-09-16,Watford,Man City,A,9.0,6.0,1.33
2017-09-16,West Brom,West Ham,D,2.38,3.25,3.4
2017-09-17,Chelsea,Arsenal,D,1.8,4.0,4.5
2017-09-17,Man United,Everton,H,1.36,5.25,10.0
2017-09-23,Burnley,Huddersfield,D,2.15,3.25,3.9
2017-09-23,Everton,Bournemouth,H,1.65,4.0,5.75
2017-09-23,Leicester,Liverpool,A,4.1,3.9,1.91
2017-09-23,Man City,Crystal Palace,H,1.14,10.0,21.0
2017-09-23,Southampton,Man United,A,5.5,3.8,1.73
2017-09-23,Stoke,Chelsea,A,6.0,4.1,1.62
2017-09-23,Swansea,Watford,A,2.4,3.3,3.25
2017-09-23,West Ham,Tottenham,A,6.0,4.33,1.6
2017-09-24,Brighton,Newcastle,H,2.8,3.1,2.9
2017-09-25,Arsenal,West Brom,H,1.33,5.5,11.0
2017-09-30,Bournemouth,Leicester,D,2.8,3.25,2.5
2017-09-30,Chelsea,Man City,A,2.75,3.3,2.5
2017-09-30,Huddersfield,Tottenham,A,8.5,4.75,1.36
2017-09-30,Man United,Crystal Palace,H,1.17,7.0,15.0
2017-09-30,Stoke,Southampton,H,2.88,3.2,2.45
2017-09-30,West Brom,Watford,D,2.15,3.2,3.5
2017-09-30,West Ham,Swansea,H,1.8,3.5,4.5
2017-10-01,Arsenal,Brighton,H,1.2,6.5,13.0
2017-10-01,Everton,Burnley,A,1.67,3.6,5.75
2017-10-01,Newcastle,Liverpool,D,5.0,3.8,1.67
2017-10-14,Burnley,West Ham,D,2.75,3.25,2.8
2017-10-14,Crystal Palace,Chelsea,H,9.0,5.0,1.4
2017-10-14,Liverpool,Man United,D,2.8,3.25,2.8
2017-10-14,Man City,Stoke,H,1.14,9.5,21.0
2017-10-14,Swansea,Huddersfield,H,2.2,3.25,3.75
2017-10-14,Tottenham,Bournemouth,H,1.2,8.0,15.0
2017-10-14,Watford,Arsenal,H,5.25,4.33,1.65
2017-10-15,Brighton,Everton,D,3.25,3.3,2.4
2017-10-15,Southampton,Newcastle,D,1.91,3.6,4.5
2017-10-16,Leicester,West Brom,D,2.05,3.4,4.2
2017-10-20,West Ham,Brighton,A,1.83,3.5,5.25
2017-10-21,Chelsea,Watford,H,1.36,5.25,10.0
2017-10-21,Huddersfield,Man United,H,11.0,5.0,1.36
2017-10-21,Man City,Burnley,H,1.11,12.0,26.0
2017-10-21,Newcastle,Crystal Palace,H,2.0,3.5,4.2
2017-10-21,Southampton,West Brom,H,1.85,3.39,5.25
2017-10-21,Stoke,Bournemouth,A,2.14,3.5,3.6
2017-10-21,Swansea,Leicester,A,2.79,3.25,2.75
2017-10-22,Everton,Arsenal,A,3.79,3.6,2.04
2017-10-22,Tottenham,Liverpool,H,2.25,3.5,3.39
2017-10-28,Arsenal,Swansea,H,1.25,7.0,12.0
2017-10-28,Bournemouth,Chelsea,A,6.0,4.2,1.61
2017-10-28,Crystal Palace,West Ham,D,2.39,3.29,3.29
2017-10-28,Liverpool,Huddersfield,H,1.25,6.75,13.0
2017-10-28,Man United,Tottenham,H,2.14,3.39,3.79
2017-10-28,Watford,Stoke,A,2.04,3.6,3.79
2017-10-28,West Brom,Man City,A,11.0,6.5,1.28
2017-10-29,Brighton,Southampton,D,3.29,3.2,2.45
2017-10-29,Leicester,Everton,H,2.14,3.39,3.75
2017-10-30,Burnley,Newcastle,H,2.89,3.2,2.7
2017-11-04,Huddersfield,West Brom,H,2.79,3.0,3.0
2017-11-04,Newcastle,Bournemouth,A,2.0,3.5,4.2
2017-11-04,Southampton,Burnley,A,1.66,3.75,6.5
2017-11-04,Stoke,Leicester,D,2.7,3.29,2.87
2017-11-04,Swansea,Brighton,A,2.39,3.2,3.39
2017-11-04,West Ham,Liverpool,A,5.25,4.33,1.66
2017-11-05,Chelsea,Man United,H,2.5,3.2,3.2
2017-11-05,Everton,Watford,H,2.2,3.39,3.6
2017-11-05,Man City,Arsenal,H,1.39,5.5,7.5
2017-11-05,Tottenham,Crystal Palace,H,1.28,6.0,12.0
2017-11-18,Arsenal,Tottenham,H,2.5,3.6,2.89
2017-11-18,Bournemouth,Huddersfield,H,1.83,3.5,5.25
2017-11-18,Burnley,Swansea,H,2.14,3.2,4.0
2017-11-18,Crystal Palace,Everton,D,2.39,3.25,3.29
2017-11-18,Leicester,Man City,A,9.5,5.75,1.33
2017-11-18,Liverpool,Southampton,H,1.39,5.0,9.0
2017-11-18,Man United,Newcastle,H,1.28,5.75,13.0
2017-11-18,West Brom,Chelsea,A,6.5,4.0,1.61
2017-11-19,Watford,West Ham,H,2.1,3.5,3.75
2017-11-20,Brighton,Stoke,D,2.39,3.2,3.39
2017-11-24,West Ham,Leicester,D,2.7,3.39,2.75
2017-11-25,Crystal Palace,Stoke,H,2.04,3.5,4.0
2017-11-25,Liverpool,Chelsea,D,2.14,3.6,3.5
2017-11-25,Man United,Brighton,H,1.19,7.0,19.0
2017-11-25,Newcastle,Watford,A,2.2,3.5,3.5
2017-11-25,Swansea,Bournemouth,D,2.79,3.25,2.79
2017-11-25,Tottenham,West Brom,D,1.25,6.0,16.0
2017-11-26,Burnley,Arsenal,A,6.5,4.5,1.53
2017-11-26,Huddersfield,Man City,A,17.0,8.0,1.18
2017-11-26,Southampton,Everton,H,1.9,3.39,4.75
2017-11-28,Brighton,Crystal Palace,D,2.7,3.1,3.0
2017-11-28,Leicester,Tottenham,H,5.0,3.89,1.75
2017-11-28,Watford,Man United,A,5.25,3.89,1.72
2017-11-28,West Brom,Newcastle,D,2.37,3.1,3.5
2017-11-29,Arsenal,Huddersfield,H,1.19,7.5,17.0
2017-11-29,Bournemouth,Burnley,A,2.0,3.39,4.33
2017-11-29,Chelsea,Swansea,H,1.18,8.0,17.0
2017-11-29,Everton,West Ham,H,2.37,3.29,3.29
2017-11-29,Man City,Southampton,H,1.19,8.0,15.0
2017-11-29,Stoke,Liverpool,A,6.5,4.5,1.55
2017-12-02,Arsenal,Man United,A,2.5,3.39,3.0
2017-12-02,Brighton,Liverpool,A,7.5,4.5,1.5
2017-12-02,Chelsea,Newcastle,H,1.25,6.5,15.0
2017-12-02,Everton,Huddersfield,H,1.72,3.79,5.5
2017-12-02,Leicester,Burnley,H,1.83,3.6,5.0
2017-12-02,Stoke,Swansea,H,1.95,3.39,4.5
2017-12-02,Watford,Tottenham,D,5.0,4.0,1.72
2017-12-02,West Brom,Crystal Palace,D,2.5,3.2,3.2
2017-12-03,Bournemouth,Southampton,D,2.89,3.25,2.39
2017-12-03,Man City,West Ham,H,1.08,11.0,21.0
2017-12-09,Burnley,Watford,H,2.6,3.25,3.0
2017-12-09,Crystal Palace,Bournemouth,D,2.04,3.5,4.0
2017-12-09,Huddersfield,Brighton,H,2.7,3.1,3.0
2017-12-09,Newcastle,Leicester,A,2.62,3.29,2.89
2017-12-09,Swansea,West Brom,H,2.7,3.1,3.0
2017-12-09,Tottenham,Stoke,H,1.28,6.5,11.0
2017-12-09,West Ham,Chelsea,H,7.5,4.5,1.5
2017-12-10,Liverpool,Everton,D,1.3,6.0,11.0
2017-12-10,Man United,Man City,A,3.39,3.5,2.25
2017-12-10,Southampton,Arsenal,D,4.0,3.75,1.95
2017-12-12,Burnley,Stoke,H,2.29,3.2,3.6
2017-12-12,Crystal Palace,Watford,H,2.29,3.5,3.25
2017-12-12,Huddersfield,Chelsea,A,9.0,4.5,1.44
2017-12-13,Liverpool,West Brom,D,1.22,7.0,15.0
2017-12-13,Man United,Bournemouth,H,1.28,6.0,12.0
2017-12-13,Newcastle,Everton,A,2.39,3.29,3.25
2017-12-13,Southampton,Leicester,A,2.1,3.39,3.89
2017-12-13,Swansea,Man City,A,15.0,6.5,1.25
2017-12-13,Tottenham,Brighton,H,1.25,6.5,15.0
2017-12-13,West Ham,Arsenal,D,5.25,4.2,1.66
2017-12-16,Arsenal,Newcastle,H,1.25,6.5,14.0
2017-12-16,Brighton,Burnley,D,2.62,3.0,3.2
2017-12-16,Chelsea,Southampton,H,1.39,5.0,9.0
2017-12-16,Leicester,Crystal Palace,A,1.89,3.6,4.5
2017-12-16,Man City,Tottenham,H,1.55,4.59,6.0
2017-12-16,Stoke,West Ham,A,2.29,3.29,3.5
2017-12-16,Watford,Huddersfield,A,1.8,3.75,5.0
2017-12-17,Bournemouth,Liverpool,A,6.5,4.5,1.53
2017-12-17,West Brom,Man United,A,6.5,4.0,1.6
2017-12-18,Everton,Swansea,H,1.72,3.75,5.5
2017-12-22,Arsenal,Liverpool,D,2.54,3.6,2.79
2017-12-23,Brighton,Watford,H,2.62,3.2,3.0
2017-12-23,Burnley,Tottenham,A,7.0,4.2,1.55
2017-12-23,Everton,Chelsea,D,6.0,3.89,1.66
2017-12-23,Leicester,Man United,D,4.5,3.6,1.9
2017-12-23,Man City,Bournemouth,H,1.12,11.0,23.0
2017-12-23,Southampton,Huddersfield,D,1.61,3.89,6.5
2017-12-23,Stoke,West Brom,H,2.29,3.25,3.5
2017-12-23,Swansea,Crystal Palace,D,3.29,3.2,2.45
2017-12-23,West Ham,Newcastle,A,2.1,3.39,3.89
2017-12-26,Bournemouth,West Ham,D,2.79,3.29,2.75
2017-12-26,Chelsea,Brighton,H,1.19,7.5,17.0
2017-12-26,Huddersfield,Stoke,D,2.5,3.2,3.2
2017-12-26,Liverpool,Swansea,H,1.16,9.0,19.0
2017-12-26,Man United,Burnley,D,1.25,6.5,15.0
2017-12-26,Tottenham,Southampton,H,1.36,5.25,10.0
2017-12-26,Watford,Leicester,H,2.54,3.5,2.87
2017-12-26,West Brom,Everton,D,2.54,3.2,3.1
2017-12-27,Newcastle,Man City,A,13.0,6.75,1.25
2017-12-28,Crystal Palace,Arsenal,A,4.5,4.0,1.8
2017-12-30,Bournemouth,Everton,H,2.37,3.29,3.29
2017-12-30,Chelsea,Stoke,H,1.16,8.5,19.0
2017-12-30,Huddersfield,Burnley,D,2.37,3.1,3.5
2017-12-30,Liverpool,Leicester,H,1.3,6.0,11.0
2017-12-30,Man United,Southampton,D,1.36,5.5,9.0
2017-12-30,Newcastle,Brighton,D,2.14,3.2,4.0
2017-12-30,Watford,Swansea,A,1.66,3.79,6.0
2017-12-31,Crystal Palace,Man City,D,11.0,6.5,1.28
2017-12-31,West Brom,Arsenal,D,5.0,4.0,1.72
2018-01-01,Brighton,Bournemouth,D,2.37,3.2,3.39
2018-01-01,Burnley,Liverpool,A,7.5,4.5,1.5
2018-01-01,Everton,Man United,A,5.5,3.5,1.8
2018-01-01,Leicester,Huddersfield,H,1.66,3.79,6.0
2018-01-01,Stoke,Newcastle,A,2.29,3.29,3.5
2018-01-02,Man City,Watford,H,1.12,8.5,19.0
2018-01-02,Southampton,Crystal Palace,A,1.9,3.39,4.0
2018-01-02,Swansea,Tottenham,A,12.0,4.75,1.3
2018-01-02,West Ham,West Brom,H,1.9,3.39,4.09
2018-01-03,Arsenal,Chelsea,D,2.6,3.39,2.6
2018-01-04,Tottenham,West Ham,D,1.25,6.0,10.0
2018-01-13,Chelsea,Leicester,D,1.3,5.75,12.0
2018-01-13,Crystal Palace,Burnley,H,2.0,3.29,4.5
2018-01-13,Huddersfield,West Ham,A,2.62,3.1,3.1
2018-01-13,Newcastle,Swansea,D,1.95,3.39,4.5
2018-01-13,Tottenham,Everton,H,1.28,6.0,13.0
2018-01-13,Watford,Southampton,D,2.5,3.39,3.0
2018-01-13,West Brom,Brighton,H,2.14,3.0,4.33
2018-01-14,Bournemouth,Arsenal,H,4.75,4.2,1.75
2018-01-14,Liverpool,Man City,H,3.1,3.75,2.29
2018-01-15,Man United,Stoke,H,1.22,7.0,15.0
2018-01-20,Arsenal,Crystal Palace,H,1.5,4.75,7.0
2018-01-20,Brighton,Chelsea,A,6.5,3.89,1.61
2018-01-20,Burnley,Man United,A,7.5,3.89,1.57
2018-01-20,Everton,West Brom,D,2.14,3.2,4.0
2018-01-20,Leicester,Watford,H,1.85,3.89,4.33
2018-01-20,Man City,Newcastle,H,1.12,10.0,26.0
2018-01-20,Stoke,Huddersfield,H,2.04,3.39,4.09
2018-01-20,West Ham,Bournemouth,D,2.0,3.6,4.0
2018-01-21,Southampton,Tottenham,D,5.75,4.09,1.64
2018-01-22,Swansea,Liverpool,H,12.0,5.75,1.3
2018-01-30,Huddersfield,Liverpool,A,12.0,5.75,1.3
2018-01-30,Swansea,Arsenal,H,7.0,4.59,1.5
2018-01-30,West Ham,Crystal Palace,D,3.1,3.25,2.54
2018-01-31,Chelsea,Bournemouth,A,1.28,6.5,11.0
2018-01-31,Everton,Leicester,H,3.0,3.2,2.62
2018-01-31,Man City,West Brom,H,1.14,10.0,21.0
2018-01-31,Newcastle,Burnley,D,2.2,3.2,3.89
2018-01-31,Southampton,Brighton,D,1.75,3.5,6.0
2018-01-31,Stoke,Watford,D,2.25,3.5,3.39
2018-01-31,Tottenham,Man United,H,2.35,3.29,3.39
2018-02-03,Arsenal,Everton,H,1.3,5.75,12.0
2018-02-03,Bournemouth,Stoke,H,1.9,3.7,4.33
2018-02-03,Brighton,West Ham,H,2.35,3.0,3.7
2018-02-03,Burnley,Man City,D,13.0,6.0,1.28
2018-02-03,Leicester,Swansea,D,1.8,3.6,5.25
2018-02-03,Man United,Huddersfield,H,1.16,8.5,19.0
2018-02-03,West Brom,Southampton,A,2.54,3.2,3.1
2018-02-04,Crystal Palace,Newcastle,D,2.04,3.39,4.2
2018-02-04,Liverpool,Tottenham,D,2.1,3.75,3.6
2018-02-05,Watford,Chelsea,H,6.25,4.0,1.61
2018-02-10,Everton,Crystal Palace,H,2.25,3.25,3.2
2018-02-10,Man City,Leicester,H,1.19,6.5,13.0
2018-02-10,Stoke,Brighton,D,2.2,3.2,3.39
2018-02-10,Swansea,Burnley,H,2.37,3.0,3.25
2018-02-10,Tottenham,Arsenal,H,2.0,3.6,3.5
2018-02-10,West Ham,Watford,H,2.5,3.29,2.79
2018-02-11,Huddersfield,Bournemouth,H,3.25,3.2,2.25
2018-02-11,Newcastle,Man United,H,5.5,3.75,1.61
2018-02-11,Southampton,Liverpool,A,4.2,3.79,1.8
2018-02-12,Chelsea,West Brom,H,1.36,4.75,8.0
2018-02-24,Bournemouth,Newcastle,D,2.1,3.5,3.79
2018-02-24,Brighton,Swansea,H,2.14,3.25,4.0
2018-02-24,Burnley,Southampton,D,2.89,3.1,2.79
2018-02-24,Leicester,Stoke,D,1.72,3.89,5.25
2018-02-24,Liverpool,West Ham,H,1.22,7.5,13.0
2018-02-24,Watford,Everton,H,2.25,3.39,3.5
2018-02-24,West Brom,Huddersfield,A,1.95,3.29,4.75
2018-02-25,Crystal Palace,Tottenham,A,7.5,4.5,1.5
2018-02-25,Man United,Chelsea,H,2.29,3.25,3.5
2018-03-01,Arsenal,Man City,A,4.5,4.0,1.72
2018-03-03,Burnley,Everton,H,2.5,3.1,3.29
2018-03-03,Leicester,Bournemouth,D,1.85,3.75,4.5
2018-03-03,Liverpool,Newcastle,H,1.22,7.0,15.0
2018-03-03,Southampton,Stoke,D,1.75,3.75,5.25
2018-03-03,Swansea,West Ham,H,2.6,3.25,3.0
2018-03-03,Tottenham,Huddersfield,H,1.19,7.5,17.0
2018-03-03,Watford,West Brom,H,2.14,3.29,3.89
2018-03-04,Brighton,Arsenal,H,4.2,3.79,1.9
2018-03-04,Man City,Chelsea,H,1.61,4.2,6.0
2018-03-05,Crystal Palace,Man United,A,7.0,4.0,1.57
2018-03-10,Chelsea,Crystal Palace,H,1.3,5.75,12.0
2018-03-10,Everton,Brighton,H,2.2,3.2,3.89
2018-03-10,Huddersfield,Swansea,D,2.54,3.1,3.2
2018-03-10,Man United,Liverpool,H,2.75,3.39,2.75
2018-03-10,Newcastle,Southampton,H,2.79,3.2,2.79
2018-03-10,West Brom,Leicester,A,3.0,3.25,2.6
2018-03-10,West Ham,Burnley,A,2.29,3.2,3.6
2018-03-11,Arsenal,Watford,H,1.44,5.0,7.5
2018-03-11,Bournemouth,Tottenham,A,6.5,4.5,1.55
2018-03-12,Stoke,Man City,A,15.0,6.5,1.25
2018-03-17,Bournemouth,West Brom,H,1.83,3.6,5.0
2018-03-17,Huddersfield,Crystal Palace,A,3.0,3.1,2.7
2018-03-17,Liverpool,Watford,H,1.19,8.0,15.0
2018-03-17,Stoke,Everton,A,2.5,3.29,3.1
2018-03-31,Brighton,Leicester,A,2.7,3.2,2.62
2018-03-31,Crystal Palace,Liverpool,A,7.0,4.33,1.44
2018-03-31,Everton,Man City,A,9.0,5.0,1.33
2018-03-31,Man United,Swansea,H,1.25,6.0,10.0
2018-03-31,Newcastle,Huddersfield,H,1.75,3.39,5.0
2018-03-31,Watford,Bournemouth,D,2.29,3.29,3.1
2018-03-31,West Brom,Burnley,A,2.5,3.0,3.1
2018-03-31,West Ham,Southampton,H,2.7,3.25,2.6
2018-04-01,Arsenal,Stoke,H,1.28,5.5,10.0
2018-04-01,Chelsea,Tottenham,A,2.29,3.29,3.1
2018-04-07,Bournemouth,Crystal Palace,D,2.5,3.39,3.0
2018-04-07,Brighton,Huddersfield,D,1.85,3.5,5.0
2018-04-07,Everton,Liverpool,D,4.2,3.75,1.9
2018-04-07,Leicester,Newcastle,A,1.95,3.6,4.2
2018-04-07,Man City,Man United,A,1.89,3.79,4.2
2018-04-07,Stoke,Tottenham,A,11.0,5.5,1.33
2018-04-07,Watford,Burnley,A,2.39,3.2,3.39
2018-04-07,West Brom,Swansea,D,2.37,3.2,3.39
2018-04-08,Arsenal,Southampton,H,1.57,4.5,6.0
2018-04-08,Chelsea,West Ham,D,1.28,6.0,12.0
2018-04-14,Burnley,Leicester,H,2.62,3.2,3.0
2018-04-14,Crystal Palace,Brighton,H,1.9,3.5,4.75
2018-04-14,Huddersfield,Watford,H,2.62,3.25,3.0
2018-04-14,Liverpool,Bournemouth,H,1.25,7.0,12.0
2018-04-14,Southampton,Chelsea,A,4.5,3.75,1.85
2018-04-14,Swansea,Everton,D,2.54,3.25,3.1
2018-04-14,Tottenham,Man City,A,2.62,3.6,2.7
2018-04-15,Man United,West Brom,A,1.18,8.0,19.0
2018-04-15,Newcastle,Arsenal,H,3.29,3.6,2.25
2018-04-16,West Ham,Stoke,D,2.0,3.6,4.0
2018-04-17,Brighton,Tottenham,D,6.5,4.33,1.55
2018-04-18,Bournemouth,Man United,A,5.0,3.89,1.75
2018-04-19,Burnley,Chelsea,A,4.0,3.39,1.9
2018-04-19,Leicester,Southampton,D,2.25,3.29,3.2
2018-04-21,Watford,Crystal Palace,D,2.89,3.39,2.54
2018-04-21,West Brom,Liverpool,D,7.5,4.5,1.5
2018-04-22,Arsenal,West Ham,H,1.55,4.59,6.0
2018-04-22,Man City,Swansea,H,1.14,9.0,23.0
2018-04-22,Stoke,Burnley,D,2.29,3.29,3.5
2018-04-23,Everton,Newcastle,H,2.29,3.39,3.39
2018-04-28,Burnley,Brighton,D,2.25,3.2,3.7
2018-04-28,Crystal Palace,Leicester,H,2.04,3.6,3.79
2018-04-28,Huddersfield,Everton,A,2.62,3.1,3.1
2018-04-28,Liverpool,Stoke,D,1.33,5.75,10.0
2018-04-28,Newcastle,West Brom,A,1.85,3.6,4.75
2018-04-28,Southampton,Bournemouth,H,1.72,4.0,5.0
2018-04-28,Swansea,Chelsea,A,7.0,4.33,1.53
2018-04-29,Man United,Arsenal,H,1.44,4.75,8.0
2018-04-29,West Ham,Man City,A,10.0,5.75,1.33
2018-04-30,Tottenham,Watford,H,1.16,8.5,21.0
2018-05-04,Brighton,Man United,H,4.75,3.6,1.85
2018-05-05,Bournemouth,Swansea,H,2.1,3.6,3.7
2018-05-05,Everton,Southampton,D,2.89,3.29,2.62
2018-05-05,Leicester,West Ham,A,2.25,3.5,3.39
2018-05-05,Stoke,Crystal Palace,A,2.7,3.39,2.79
2018-05-05,Watford,Newcastle,H,2.37,3.39,3.2
2018-05-05,West Brom,Tottenham,H,8.0,4.75,1.44
2018-05-06,Arsenal,Burnley,H,1.57,4.2,6.5
2018-05-06,Chelsea,Liverpool,H,2.25,3.6,3.29
2018-05-06,Man City,Huddersfield,D,1.08,13.0,34.0
2018-05-08,Swansea,Southampton,A,3.1,3.25,2.54
2018-05-09,Chelsea,Huddersfield,D,1.16,8.5,19.0
2018-05-09,Leicester,Arsenal,H,3.75,3.79,2.0
2018-05-09,Man City,Brighton,H,1.12,10.0,27.0
2018-05-09,Tottenham,Newcastle,H,1.18,8.5,17.0
2018-05-10,West Ham,Man United,D,4.75,3.79,1.8
2018-05-13,Burnley,Bournemouth,A,2.14,3.5,3.6
2018-05-13,Crystal Palace,West Brom,H,1.8,3.79,4.75
2018-05-13,Huddersfield,Arsenal,A,6.0,4.33,1.6
2018-05-13,Liverpool,Brighton,H,1.19,8.0,15.0
2018-05-13,Man United,Watford,H,1.39,5.25,8.5
2018-05-13,Newcastle,Chelsea,H,6.5,4.2,1.6
2018-05-13,Southampton,Man City,A,9.0,5.0,1.39
2018-05-13,Swansea,Stoke,A,1.9,3.79,4.2
2018-05-13,Tottenham,Leicester,H,1.33,6.0,9.0
2018-05-13,West Ham,Everton,H,2.45,3.5,3.0
2018-08-10,Man United,Leicester,H,1.57,3.9,7.5
2018-08-11,Bournemouth,Cardiff,H,1.9,3.6,4.5
2018-08-11,Fulham,Crystal Palace,A,2.5,3.4,3.0
2018-08-11,Huddersfield,Chelsea,A,6.5,4.0,1.61
2018-08-11,Newcastle,Tottenham,A,3.9,3.5,2.04
2018-08-11,Watford,Brighton,H,2.37,3.2,3.4
2018-08-11,Wolves,Everton,D,2.37,3.3,3.3
2018-08-12,Arsenal,Man City,A,4.0,3.8,1.95
2018-08-12,Liverpool,West Ham,H,1.25,6.5,14.0
2018-08-12,Southampton,Burnley,D,1.85,3.5,5.0
2018-08-18,Cardiff,Newcastle,D,3.25,3.1,2.54
2018-08-18,Chelsea,Arsenal,H,1.8,4.0,4.5
2018-08-18,Everton,Southampton,H,1.9,3.5,4.75
2018-08-18,Leicester,Wolves,H,2.04,3.5,3.9
2018-08-18,Tottenham,Fulham,H,1.28,6.0,12.0
2018-08-18,West Ham,Bournemouth,A,2.1,3.6,3.7
2018-08-19,Brighton,Man United,H,5.5,3.6,1.75
2018-08-19,Burnley,Watford,A,2.45,3.1,3.4
2018-08-19,Man City,Huddersfield,H,1.1,13.0,26.0
2018-08-20,Crystal Palace,Liverpool,A,7.0,5.0,1.44
2018-08-25,Arsenal,West Ham,H,1.36,5.5,9.0
2018-08-25,Bournemouth,Everton,D,2.62,3.6,2.75
2018-08-25,Huddersfield,Cardiff,D,2.37,3.0,3.7
2018-08-25,Liverpool,Brighton,H,1.16,8.5,19.0
2018-08-25,Southampton,Leicester,A,2.45,3.2,3.25
2018-08-25,Wolves,Man City,D,11.0,6.5,1.28
2018-08-26,Fulham,Burnley,H,2.0,3.4,4.33
2018-08-26,Newcastle,Chelsea,A,5.75,4.0,1.66
2018-08-26,Watford,Crystal Palace,H,2.6,3.25,3.0
2018-08-27,Man United,Tottenham,A,2.62,3.3,2.9
2018-09-01,Brighton,Fulham,D,2.3,3.4,3.4
2018-09-01,Chelsea,Bournemouth,H,1.3,6.0,11.0
2018-09-01,Crystal Palace,Southampton,A,2.0,3.5,4.2
2018-09-01,Everton,Huddersfield,D,1.53,4.2,7.5
2018-09-01,Leicester,Liverpool,A,7.5,5.0,1.44
2018-09-01,Man City,Newcastle,H,1.11,11.0,26.0
2018-09-01,West Ham,Wolves,A,2.6,3.4,2.87
2018-09-02,Burnley,Man United,A,6.0,3.75,1.7
2018-09-02,Cardiff,Arsenal,A,6.5,4.33,1.57
2018-09-02,Watford,Tottenham,H,5.5,4.2,1.64
2018-09-15,Bournemouth,Leicester,H,2.45,3.5,3.0
2018-09-15,Chelsea,Cardiff,H,1.18,8.0,19.0
2018-09-15,Huddersfield,Crystal Palace,A,3.3,3.1,2.5
2018-09-15,Man City,Fulham,H,1.12,10.0,26.0
2018-09-15,Newcastle,Arsenal,A,4.2,3.8,1.9
2018-09-15,Tottenham,Liverpool,A,3.0,3.6,2.4
2018-09-15,Watford,Man United,A,4.33,3.6,1.95
2018-09-16,Everton,West Ham,A,2.0,3.75,3.9
2018-09-16,Wolves,Burnley,H,1.75,3.6,5.75
2018-09-17,Southampton,Brighton,D,2.1,3.4,3.9
2018-09-22,Brighton,Tottenham,A,5.0,4.0,1.75
2018-09-22,Burnley,Bournemouth,H,3.0,3.4,2.5
2018-09-22,Cardiff,Man City,A,23.0,8.0,1.16
2018-09-22,Crystal Palace,Newcastle,D,2.14,3.4,3.75
2018-09-22,Fulham,Watford,D,2.54,3.5,2.9
2018-09-22,Leicester,Huddersfield,H,1.61,4.0,6.5
2018-09-22,Liverpool,Southampton,H,1.2,7.5,17.0
2018-09-22,Man United,Wolves,D,1.57,4.33,6.5
2018-09-23,Arsenal,Everton,H,1.44,5.0,7.5
2018-09-23,West Ham,Chelsea,D,6.0,4.5,1.57
2018-09-29,Arsenal,Watford,H,1.44,5.1,7.0
2018-09-29,Chelsea,Liverpool,D,2.8,3.6,2.54
2018-09-29,Everton,Fulham,H,1.75,4.2,4.75
2018-09-29,Huddersfield,Tottenham,A,8.5,4.5,1.44
2018-09-29,Man City,Brighton,H,1.1,12.0,34.0
2018-09-29,Newcastle,Leicester,A,2.6,3.3,3.0
2018-09-29,West Ham,Man United,H,4.5,3.8,1.85
2018-09-29,Wolves,Southampton,H,1.8,3.6,5.25
2018-09-30,Cardiff,Burnley,A,2.62,3.0,3.2
2018-10-01,Bournemouth,Crystal Palace,H,2.25,3.5,3.4
2018-10-05,Brighton,West Ham,H,2.7,3.3,2.87
2018-10-06,Burnley,Huddersfield,D,2.14,3.1,4.2
2018-10-06,Crystal Palace,Wolves,A,3.0,3.2,2.62
2018-10-06,Leicester,Everton,A,2.2,3.4,3.6
2018-10-06,Man United,Newcastle,H,1.44,4.5,9.0
2018-10-06,Tottenham,Cardiff,H,1.22,7.0,15.0
2018-10-06,Watford,Bournemouth,A,2.14,3.6,3.5
2018-10-07,Fulham,Arsenal,A,5.25,4.33,1.66
2018-10-07,Liverpool,Man City,D,2.54,3.6,2.8
2018-10-07,Southampton,Chelsea,A,6.0,4.1,1.61
2018-10-20,Bournemouth,Southampton,D,2.04,3.7,3.75
2018-10-20,Cardiff,Fulham,H,2.5,3.5,2.95
2018-10-20,Chelsea,Man United,D,1.75,3.8,5.25
2018-10-20,Huddersfield,Liverpool,A,11.0,5.5,1.33
2018-10-20,Man City,Burnley,H,1.08,13.0,34.0
2018-10-20,Newcastle,Brighton,A,2.2,3.25,3.8
2018-10-20,West Ham,Tottenham,A,4.1,3.9,1.9
2018-10-20,Wolves,Watford,A,1.75,3.75,5.25
2018-10-21,Everton,Crystal Palace,H,1.85,3.6,4.75
2018-10-22,Arsenal,Leicester,H,1.53,4.5,6.5
2018-10-27,Brighton,Wolves,H,3.2,3.2,2.5
2018-10-27,Fulham,Bournemouth,A,2.9,3.75,2.4
2018-10-27,Leicester,West Ham,D,2.1,3.5,3.8
2018-10-27,Liverpool,Cardiff,H,1.11,11.0,26.0
2018-10-27,Southampton,Newcastle,D,2.1,3.4,3.9
2018-10-27,Watford,Huddersfield,H,1.75,3.75,5.25
2018-10-28,Burnley,Chelsea,A,11.0,5.0,1.36
2018-10-28,Crystal Palace,Arsenal,D,4.75,4.1,1.75
2018-10-28,Man United,Everton,H,1.72,3.9,5.25
2018-10-29,Tottenham,Man City,A,4.75,4.1,1.75
2018-11-03,Arsenal,Liverpool,D,3.9,3.9,1.95
2018-11-03,Bournemouth,Man United,A,3.6,3.7,2.1
2018-11-03,Cardiff,Leicester,A,3.8,3.4,2.14
2018-11-03,Everton,Brighton,H,1.61,4.0,6.5
2018-11-03,Newcastle,Watford,H,2.75,3.25,2.8
2018-11-03,West Ham,Burnley,H,1.75,3.75,5.25
2018-11-03,Wolves,Tottenham,A,3.1,3.4,2.45
2018-11-04,Chelsea,Crystal Palace,H,1.25,6.75,13.0
2018-11-04,Man City,Southampton,H,1.11,11.0,29.0
2018-11-05,Huddersfield,Fulham,H,2.3,3.5,3.3
2018-11-10,Cardiff,Brighton,H,2.6,3.1,3.1
2018-11-10,Crystal Palace,Tottenham,A,4.5,3.75,1.85
2018-11-10,Huddersfield,West Ham,D,3.4,3.25,2.35
2018-11-10,Leicester,Burnley,D,1.5,4.33,8.0
2018-11-10,Newcastle,Bournemouth,H,2.9,3.4,2.6
2018-11-10,Southampton,Watford,D,2.5,3.3,3.1
2018-11-11,Arsenal,Wolves,D,1.66,4.2,5.25
2018-11-11,Chelsea,Everton,D,1.4,5.25,8.5
2018-11-11,Liverpool,Fulham,H,1.11,11.0,26.0
2018-11-11,Man City,Man United,H,1.4,5.25,8.5
2018-11-24,Brighton,Leicester,D,2.9,3.4,2.6
2018-11-24,Everton,Cardiff,H,1.4,5.0,9.0
2018-11-24,Fulham,Southampton,H,2.62,3.5,2.8
2018-11-24,Man United,Crystal Palace,D,1.4,5.25,8.0
2018-11-24,Tottenham,Chelsea,H,2.8,3.5,2.6
2018-11-24,Watford,Liverpool,A,6.5,4.33,1.55
2018-11-24,West Ham,Man City,A,13.0,6.5,1.25
2018-11-25,Bournemouth,Arsenal,A,3.5,3.75,1.95
2018-11-25,Wolves,Huddersfield,A,1.5,4.33,8.0
2018-11-26,Burnley,Newcastle,A,2.9,3.2,2.75
2018-11-30,Cardiff,Wolves,H,3.8,3.25,2.2
2018-12-01,Crystal Palace,Burnley,H,1.61,3.9,6.5
2018-12-01,Huddersfield,Brighton,A,2.5,3.0,3.4
2018-12-01,Leicester,Watford,H,2.25,3.3,3.6
2018-12-01,Man City,Bournemouth,H,1.11,11.0,26.0
2018-12-01,Newcastle,West Ham,A,2.5,3.3,3.1
2018-12-01,Southampton,Man United,D,4.33,3.6,1.95
2018-12-02,Arsenal,Tottenham,H,2.62,3.6,2.75
2018-12-02,Chelsea,Fulham,H,1.18,8.0,17.0
2018-12-02,Liverpool,Everton,H,1.4,5.0,9.0
2018-12-04,Bournemouth,Huddersfield,H,1.66,3.8,6.0
2018-12-04,Brighton,Crystal Palace,H,3.0,3.1,2.7
2018-12-04,Watford,Man City,A,11.0,6.0,1.3
2018-12-04,West Ham,Cardiff,H,1.66,4.0,5.75
2018-12-05,Burnley,Liverpool,A,14.0,5.75,1.28
2018-12-05,Everton,Newcastle,D,1.6,4.0,6.5
2018-12-05,Fulham,Leicester,D,3.0,3.5,2.45
2018-12-05,Man United,Arsenal,D,2.45,3.5,3.0
2018-12-05,Tottenham,Southampton,H,1.36,5.25,9.5
2018-12-05,Wolves,Chelsea,H,5.0,3.75,1.8
2018-12-08,Arsenal,Huddersfield,H,1.28,6.0,12.0
2018-12-08,Bournemouth,Liverpool,A,5.75,4.5,1.6
2018-12-08,Burnley,Brighton,H,2.9,3.2,2.75
2018-12-08,Cardiff,Southampton,H,2.9,3.25,2.7
2018-12-08,Chelsea,Man City,H,4.0,3.8,1.95
2018-12-08,Leicester,Tottenham,A,3.8,3.75,2.0
2018-12-08,Man United,Fulham,H,1.33,5.75,10.0
2018-12-08,West Ham,Crystal Palace,H,2.3,3.4,3.4
2018-12-09,Newcastle,Wolves,A,2.9,3.2,2.7
2018-12-10,Everton,Watford,D,1.8,3.75,5.0
2018-12-15,Crystal Palace,Leicester,H,2.62,3.2,3.0
2018-12-15,Fulham,West Ham,A,2.9,3.6,2.5
2018-12-15,Huddersfield,Newcastle,A,2.6,3.1,3.1
2018-12-15,Man City,Everton,H,1.22,7.5,13.0
2018-12-15,Tottenham,Burnley,H,1.18,8.0,19.0
2018-12-15,Watford,Cardiff,H,1.64,3.9,6.0
2018-12-15,Wolves,Bournemouth,H,1.95,3.6,4.33
2018-12-16,Brighton,Chelsea,A,7.5,4.5,1.5
2018-12-16,Liverpool,Man United,H,1.57,4.5,6.0
2018-12-16,Southampton,Arsenal,H,4.1,3.9,1.9
2018-12-21,Wolves,Liverpool,A,7.0,4.0,1.57
2018-12-22,Arsenal,Burnley,H,1.25,6.5,15.0
2018-12-22,Bournemouth,Brighton,H,1.9,3.7,4.33
2018-12-22,Cardiff,Man United,A,6.5,4.2,1.57
2018-12-22,Chelsea,Leicester,A,1.33,5.5,11.0
2018-12-22,Huddersfield,Southampton,A,3.1,3.1,2.6
2018-12-22,Man City,Crystal Palace,A,1.14,10.0,21.0
2018-12-22,Newcastle,Fulham,D,2.0,3.6,4.0
2018-12-22,West Ham,Watford,A,2.37,3.5,3.1
2018-12-23,Everton,Tottenham,A,3.25,3.5,2.3
2018-12-26,Brighton,Arsenal,D,5.25,3.9,1.72
2018-12-26,Burnley,Everton,A,4.33,3.5,1.95
2018-12-26,Crystal Palace,Cardiff,D,1.66,4.0,5.75
2018-12-26,Fulham,Wolves,D,3.25,3.4,2.37
2018-12-26,Leicester,Man City,H,9.5,5.25,1.36
2018-12-26,Liverpool,Newcastle,H,1.16,8.5,19.0
2018-12-26,Man United,Huddersfield,H,1.25,6.5,15.0
2018-12-26,Tottenham,Bournemouth,H,1.36,5.5,9.0
2018-12-26,Watford,Chelsea,A,5.25,3.8,1.75
2018-12-27,Southampton,West Ham,A,2.3,3.5,3.3
2018-12-29,Brighton,Everton,H,3.25,3.4,2.14
2018-12-29,Fulham,Huddersfield,H,2.0,3.4,3.75
2018-12-29,Leicester,Cardiff,A,1.55,4.0,6.0
2018-12-29,Liverpool,Arsenal,H,1.5,4.5,5.75
2018-12-29,Tottenham,Wolves,A,1.33,5.0,8.5
2018-12-29,Watford,Newcastle,D,1.85,3.6,4.0
2018-12-30,Burnley,West Ham,H,3.3,3.2,2.25
2018-12-30,Crystal Palace,Chelsea,A,4.75,4.0,1.66
2018-12-30,Man United,Bournemouth,H,1.33,4.75,10.0
2018-12-30,Southampton,Man City,A,10.0,5.25,1.3
2019-01-01,Arsenal,Fulham,H,1.33,5.75,9.5
2019-01-01,Cardiff,Tottenham,A,7.5,4.5,1.5
2019-01-01,Everton,Leicester,A,2.0,3.5,4.2
2019-01-02,Bournemouth,Watford,D,2.6,3.6,2.75
2019-01-02,Chelsea,Southampton,D,1.28,6.5,11.0
2019-01-02,Huddersfield,Burnley,A,2.14,3.1,4.2
2019-01-02,Newcastle,Man United,A,6.0,4.2,1.61
2019-01-02,West Ham,Brighton,D,1.95,3.75,4.0
2019-01-02,Wolves,Crystal Palace,A,2.0,3.4,4.33
2019-01-03,Man City,Liverpool,H,2.04,3.8,3.6
2019-01-12,Brighton,Liverpool,A,11.0,6.0,1.3
2019-01-12,Burnley,Fulham,H,2.4,3.3,3.25
2019-01-12,Cardiff,Huddersfield,D,2.25,3.25,3.6
2019-01-12,Chelsea,Newcastle,H,1.22,7.0,15.0
2019-01-12,Crystal Palace,Watford,A,2.25,3.4,3.5
2019-01-12,Leicester,Southampton,A,1.95,3.5,4.33
2019-01-12,West Ham,Arsenal,H,3.5,4.0,2.05
2019-01-13,Everton,Bournemouth,H,1.75,4.0,4.8
2019-01-13,Tottenham,Man United,A,2.05,3.7,3.75
2019-01-14,Man City,Wolves,H,1.18,8.0,17.0
2019-01-19,Arsenal,Chelsea,H,3.1,3.6,2.37
2019-01-19,Bournemouth,West Ham,H,2.37,3.7,3.0
2019-01-19,Liverpool,Crystal Palace,H,1.2,7.5,17.0
2019-01-19,Man United,Brighton,H,1.3,5.75,12.0
2019-01-19,Newcastle,Cardiff,H,1.95,3.4,4.5
2019-01-19,Southampton,Everton,H,2.75,3.4,2.7
2019-01-19,Watford,Burnley,D,1.65,4.0,5.75
2019-01-19,Wolves,Leicester,H,2.37,3.2,3.4
2019-01-20,Fulham,Tottenham,A,5.25,3.8,1.75
2019-01-20,Huddersfield,Man City,A,21.0,8.5,1.16
2019-01-29,Arsenal,Cardiff,H,1.22,7.0,15.0
2019-01-29,Fulham,Brighton,H,2.37,3.3,3.3
2019-01-29,Huddersfield,Everton,A,4.0,3.3,2.1
2019-01-29,Man United,Burnley,D,1.28,6.0,12.0
2019-01-29,Newcastle,Man City,H,19.0,8.0,1.18
2019-01-29,Wolves,West Ham,H,2.1,3.5,3.75
2019-01-30,Bournemouth,Chelsea,H,5.25,4.2,1.66
2019-01-30,Liverpool,Leicester,D,1.22,7.0,15.0
2019-01-30,Southampton,Crystal Palace,D,2.4,3.4,3.2
2019-01-30,Tottenham,Watford,H,1.66,4.0,5.75
2019-02-02,Brighton,Watford,D,2.55,3.3,3.0
2019-02-02,Burnley,Southampton,D,2.55,3.5,2.87
2019-02-02,Cardiff,Bournemouth,H,3.25,3.5,2.3
2019-02-02,Chelsea,Huddersfield,H,1.2,7.5,19.0
2019-02-02,Crystal Palace,Fulham,H,2.05,3.5,4.0
2019-02-02,Everton,Wolves,A,2.37,3.4,3.25
2019-02-02,Tottenham,Newcastle,H,1.44,4.5,9.0
2019-02-03,Leicester,Man United,A,3.6,3.5,2.15
2019-02-03,Man City,Arsenal,H,1.33,6.0,9.0
2019-02-04,West Ham,Liverpool,D,8.0,5.25,1.4
2019-02-06,Everton,Man City,A,10.0,6.25,1.3
2019-02-09,Brighton,Burnley,A,2.05,3.3,4.2
2019-02-09,Crystal Palace,West Ham,D,2.1,3.5,3.75
2019-02-09,Fulham,Man United,A,5.5,4.4,1.61
2019-02-09,Huddersfield,Arsenal,A,5.75,4.4,1.6
2019-02-09,Liverpool,Bournemouth,H,1.22,7.5,14.0
2019-02-09,Southampton,Cardiff,A,1.75,3.9,5.0
2019-02-09,Watford,Everton,H,2.35,3.5,3.2
2019-02-10,Man City,Chelsea,H,1.5,4.75,7.0
2019-02-10,Tottenham,Leicester,H,1.7,3.9,5.5
2019-02-11,Wolves,Newcastle,D,1.7,3.75,5.75
2019-02-22,Cardiff,Watford,A,3.1,3.4,2.45
2019-02-22,West Ham,Fulham,H,1.95,3.8,4.0
2019-02-23,Bournemouth,Wolves,D,2.87,3.4,2.62
2019-02-23,Burnley,Tottenham,H,5.75,3.8,1.7
2019-02-23,Leicester,Crystal Palace,A,2.25,3.4,3.5
2019-02-23,Newcastle,Huddersfield,H,1.83,3.5,5.25
2019-02-24,Arsenal,Southampton,H,1.5,4.75,7.0
2019-02-24,Man United,Liverpool,D,3.1,3.5,2.37
2019-02-26,Cardiff,Everton,A,3.75,3.4,2.15
2019-02-26,Huddersfield,Wolves,H,5.0,3.5,1.85
2019-02-26,Leicester,Brighton,H,1.9,3.5,4.6
2019-02-26,Newcastle,Burnley,H,2.15,3.3,3.9
2019-02-27,Arsenal,Bournemouth,H,1.44,5.0,7.5
2019-02-27,Chelsea,Tottenham,H,2.3,3.5,3.25
2019-02-27,Crystal Palace,Man United,A,3.25,3.5,2.3
2019-02-27,Liverpool,Watford,H,1.28,6.0,12.0
2019-02-27,Man City,West Ham,H,1.16,9.0,19.0
2019-02-27,Southampton,Fulham,H,1.9,3.7,4.33
2019-03-02,Bournemouth,Man City,A,13.0,7.5,1.22
2019-03-02,Brighton,Huddersfield,H,1.85,3.4,5.25
2019-03-02,Burnley,Crystal Palace,A,2.8,3.3,2.75
2019-03-02,Man United,Southampton,H,1.45,4.5,8.5
2019-03-02,Tottenham,Arsenal,D,2.05,3.7,3.75
2019-03-02,West Ham,Newcastle,H,2.15,3.5,3.6
2019-03-02,Wolves,Cardiff,H,1.5,4.33,8.0
2019-03-03,Everton,Liverpool,D,6.0,4.2,1.61
2019-03-03,Fulham,Chelsea,A,6.5,4.5,1.53
2019-03-03,Watford,Leicester,H,2.55,3.3,3.0
2019-03-09,Cardiff,West Ham,H,3.6,3.5,2.15
2019-03-09,Crystal Palace,Brighton,A,1.83,3.6,5.0
2019-03-09,Huddersfield,Bournemouth,A,3.4,3.3,2.35
2019-03-09,Leicester,Fulham,H,1.57,4.5,6.0
2019-03-09,Man City,Watford,H,1.16,9.0,19.0
2019-03-09,Newcastle,Everton,H,2.8,3.25,2.8
2019-03-09,Southampton,Tottenham,H,4.5,3.8,1.85
2019-03-10,Arsenal,Man United,H,2.4,3.6,3.0
2019-03-10,Chelsea,Wolves,D,1.55,4.2,7.0
2019-03-10,Liverpool,Burnley,H,1.16,8.5,21.0
2019-03-16,Bournemouth,Newcastle,D,2.05,3.6,3.8
2019-03-16,Burnley,Leicester,A,3.1,3.4,2.45
2019-03-16,West Ham,Huddersfield,H,1.55,4.2,7.0
2019-03-17,Everton,Chelsea,H,4.0,3.8,1.95
2019-03-17,Fulham,Liverpool,A,12.0,7.0,1.25
2019-03-30,Brighton,Southampton,A,2.55,3.2,3.1
2019-03-30,Burnley,Wolves,H,3.2,3.25,2.45
2019-03-30,Crystal Palace,Huddersfield,H,1.45,4.4,9.0
2019-03-30,Fulham,Man City,A,21.0,11.0,1.12
2019-03-30,Leicester,Bournemouth,H,1.85,3.8,4.5
2019-03-30,Man United,Watford,H,1.44,4.75,8.0
2019-03-30,West Ham,Everton,A,2.55,3.5,2.9
2019-03-31,Cardiff,Chelsea,A,9.0,4.5,1.44
2019-03-31,Liverpool,Tottenham,H,1.61,4.2,6.0
2019-04-01,Arsenal,Newcastle,H,1.36,5.25,9.5
2019-04-02,Watford,Fulham,H,1.72,4.0,5.0
2019-04-02,Wolves,Man United,H,4.0,3.6,2.0
2019-04-03,Chelsea,Brighton,H,1.25,6.5,15.0
2019-04-03,Man City,Cardiff,H,1.06,17.0,34.0
2019-04-03,Tottenham,Crystal Palace,H,1.45,5.0,7.5
2019-04-05,Southampton,Liverpool,A,9.0,5.0,1.4
2019-04-06,Bournemouth,Burnley,A,2.1,3.6,3.75
2019-04-06,Huddersfield,Leicester,A,5.0,4.0,1.72
2019-04-06,Newcastle,Crystal Palace,A,2.6,3.25,3.0
2019-04-07,Everton,Arsenal,H,3.0,3.75,2.35
2019-04-08,Chelsea,West Ham,H,1.33,5.75,9.5
2019-04-12,Leicester,Newcastle,A,1.66,4.0,5.75
2019-04-13,Brighton,Bournemouth,A,2.3,3.4,3.4
2019-04-13,Burnley,Cardiff,H,1.9,3.6,4.5
2019-04-13,Fulham,Everton,H,5.0,4.0,1.75
2019-04-13,Man United,West Ham,H,1.4,5.25,8.5
2019-04-13,Southampton,Wolves,H,2.6,3.25,3.0
2019-04-13,Tottenham,Huddersfield,H,1.22,7.0,15.0
2019-04-14,Crystal Palace,Man City,A,11.0,6.0,1.3
2019-04-14,Liverpool,Chelsea,H,1.66,4.2,5.25
2019-04-15,Watford,Arsenal,A,3.2,3.75,2.25
2019-04-16,Brighton,Cardiff,A,2.0,3.3,4.5
2019-04-20,Bournemouth,Fulham,A,1.65,4.4,5.25
2019-04-20,Huddersfield,Watford,A,4.4,3.9,1.85
2019-04-20,Man City,Tottenham,H,1.3,6.0,11.0
2019-04-20,Newcastle,Southampton,H,2.55,3.2,3.1
2019-04-20,West Ham,Leicester,D,3.3,3.5,2.3
2019-04-20,Wolves,Brighton,D,1.75,3.5,6.0
2019-04-21,Arsenal,Crystal Palace,A,1.53,4.6,6.5
2019-04-21,Cardiff,Liverpool,A,17.0,7.5,1.2
2019-04-21,Everton,Man United,H,3.25,3.5,2.3
2019-04-22,Chelsea,Burnley,D,1.25,6.25,15.0
2019-04-23,Tottenham,Brighton,H,1.28,6.0,13.0
2019-04-23,Watford,Southampton,D,2.25,3.5,3.4
2019-04-24,Man United,Man City,A,7.5,5.0,1.44
2019-04-24,Wolves,Arsenal,H,2.9,3.5,2.55
2019-04-26,Liverpool,Huddersfield,H,1.07,15.0,41.0
2019-04-27,Brighton,Newcastle,D,2.3,3.2,3.6
2019-04-27,Crystal Palace,Everton,D,2.62,3.5,2.8
2019-04-27,Fulham,Cardiff,H,2.4,3.6,3.0
2019-04-27,Southampton,Bournemouth,D,1.9,3.9,4.1
2019-04-27,Tottenham,West Ham,A,1.4,5.5,7.5
2019-04-27,Watford,Wolves,A,2.62,3.3,2.9
2019-04-28,Burnley,Man City,A,23.0,9.0,1.14
2019-04-28,Leicester,Arsenal,H,2.75,3.6,2.6
2019-04-28,Man United,Chelsea,D,2.7,3.5,2.7
2019-05-03,Everton,Burnley,H,1.66,4.0,5.75
2019-05-04,Bournemouth,Tottenham,H,4.0,4.0,1.9
2019-05-04,Cardiff,Crystal Palace,A,2.6,3.75,2.7
2019-05-04,Newcastle,Liverpool,A,9.5,5.25,1.36
2019-05-04,West Ham,Southampton,H,2.3,3.75,3.1
2019-05-04,Wolves,Fulham,H,1.53,4.2,7.5
2019-05-05,Arsenal,Brighton,D,1.4,5.0,9.0
2019-05-05,Chelsea,Watford,H,1.4,5.25,8.0
2019-05-05,Huddersfield,Man United,D,11.0,6.0,1.3
2019-05-06,Man City,Leicester,H,1.12,8.5,17.0
2019-05-12,Brighton,Man City,A,19.0,8.5,1.16
2019-05-12,Burnley,Arsenal,A,3.25,3.8,2.2
2019-05-12,Crystal Palace,Bournemouth,H,1.9,4.2,3.8
2019-05-12,Fulham,Newcastle,A,2.5,3.6,2.9
2019-05-12,Leicester,Chelsea,D,2.4,3.75,2.9
2019-05-12,Liverpool,Wolves,H,1.3,6.0,11.0
2019-05-12,Man United,Cardiff,A,1.28,6.5,11.0
2019-05-12,Southampton,Huddersfield,D,1.44,4.75,8.5
2019-05-12,Tottenham,Everton,D,2.2,3.5,3.5
2019-05-12,Watford,West Ham,A,2.25,3.75,3.2
2019-08-09,Liverpool,Norwich,H,1.14,8.75,19.83
2019-08-10,West Ham,Man City,A,11.84,6.28,1.25
2019-08-10,Bournemouth,Sheffield United,D,2.01,3.53,3.83
2019-08-10,Burnley,Southampton,H,2.68,3.22,2.78
2019-08-10,Crystal Palace,Everton,D,3.13,3.27,2.4
2019-08-10,Watford,Brighton,A,1.94,3.41,4.26
2019-08-10,Tottenham,Aston Villa,H,1.3,5.53,10.51
2019-08-11,Leicester,Wolves,D,2.22,3.28,3.48
2019-08-11,Newcastle,Arsenal,A,4.49,3.82,1.79
2019-08-11,Man United,Chelsea,H,2.19,3.32,3.49
2019-08-17,Arsenal,Burnley,H,1.33,5.49,9.48
2019-08-17,Aston Villa,Bournemouth,A,2.33,3.49,3.08
2019-08-17,Brighton,West Ham,D,2.52,3.33,2.9
2019-08-17,Everton,Watford,H,1.73,3.9,4.86
2019-08-17,Norwich,Newcastle,H,2.23,3.38,3.38
2019-08-17,Southampton,Liverpool,A,6.77,4.67,1.47
2019-08-17,Man City,Tottenham,D,1.36,5.32,8.46
2019-08-18,Sheffield United,Crystal Palace,H,2.57,3.19,2.95
2019-08-18,Chelsea,Leicester,D,1.73,3.77,5.07
2019-08-19,Wolves,Man United,D,3.32,3.28,2.3
2019-08-23,Aston Villa,Everton,H,3.16,3.5,2.27
2019-08-24,Norwich,Chelsea,A,4.18,3.92,1.83
2019-08-24,Brighton,Southampton,A,2.43,3.25,3.08
2019-08-24,Man United,Crystal Palace,A,1.36,5.06,9.16
2019-08-24,Sheffield United,Leicester,A,3.45,3.23,2.26
2019-08-24,Watford,West Ham,A,2.13,3.53,3.47
2019-08-24,Liverpool,Arsenal,H,1.5,4.76,6.09
2019-08-25,Bournemouth,Man City,A,14.52,7.28,1.19
2019-08-25,Tottenham,Newcastle,A,1.24,6.26,12.35
2019-08-25,Wolves,Burnley,D,1.85,3.43,4.78
2019-08-31,Southampton,Man United,D,3.75,3.38,2.1
2019-08-31,Chelsea,Sheffield United,D,1.36,4.98,9.53
2019-08-31,Crystal Palace,Aston Villa,H,2.21,3.38,3.43
2019-08-31,Leicester,Bournemouth,H,1.72,4.02,4.81
2019-08-31,Man City,Brighton,H,1.09,11.73,30.92
2019-08-31,Newcastle,Watford,D,2.63,3.24,2.86
2019-08-31,West Ham,Norwich,H,1.89,3.91,3.92
2019-08-31,Burnley,Liverpool,A,9.45,5.43,1.33
2019-09-01,Everton,Wolves,H,2.17,3.29,3.65
2019-09-01,Arsenal,Tottenham,D,2.38,3.63,2.9
2019-09-14,Liverpool,Newcastle,H,1.15,8.27,19.45
2019-09-14,Brighton,Burnley,D,2.15,3.34,3.62
2019-09-14,Man United,Leicester,H,1.94,3.55,4.12
2019-09-14,Sheffield United,Southampton,A,2.46,3.26,3.06
2019-09-14,Tottenham,Crystal Palace,H,1.39,5.0,8.24
2019-09-14,Wolves,Chelsea,A,2.97,3.36,2.46
2019-09-14,Norwich,Man City,H,17.04,9.03,1.15
2019-09-15,Bournemouth,Everton,H,3.01,3.48,2.37
2019-09-15,Watford,Arsenal,D,3.64,3.74,2.01
2019-09-16,Aston Villa,West Ham,D,2.64,3.56,2.63
2019-09-20,Southampton,Bournemouth,A,2.1,3.62,3.5
2019-09-21,Leicester,Tottenham,H,2.87,3.5,2.45
2019-09-21,Burnley,Norwich,H,1.99,3.76,3.67
2019-09-21,Everton,Sheffield United,A,1.67,3.8,5.58
2019-09-21,Man City,Watford,H,1.11,10.24,23.21
2019-09-21,Newcastle,Brighton,D,2.5,3.16,3.07
2019-09-22,Crystal Palace,Wolves,D,2.64,3.11,2.93
2019-09-22,West Ham,Man United,H,3.24,3.59,2.21
2019-09-22,Arsenal,Aston Villa,H,1.42,4.9,7.49
2019-09-22,Chelsea,Liverpool,A,3.58,3.69,2.04
2019-09-28,Sheffield United,Liverpool,A,8.9,5.17,1.36
2019-09-28,Aston Villa,Burnley,D,2.38,3.38,3.08
2019-09-28,Bournemouth,West Ham,D,2.48,3.56,2.79
2019-09-28,Chelsea,Brighton,H,1.44,4.64,7.64
2019-09-28,Crystal Palace,Norwich,H,1.94,3.75,3.88
2019-09-28,Tottenham,Southampton,H,1.44,4.67,7.61
2019-09-28,Wolves,Watford,H,1.89,3.49,4.46
2019-09-28,Everton,Man City,A,9.84,5.86,1.3
2019-09-29,Leicester,Newcastle,H,1.53,4.09,7.06
2019-09-30,Man United,Arsenal,D,2.36,3.53,2.99
2019-10-05,Brighton,Tottenham,H,3.9,3.63,1.96
2019-10-05,Burnley,Everton,H,2.93,3.3,2.52
2019-10-05,Liverpool,Leicester,H,1.46,4.66,7.0
2019-10-05,Norwich,Aston Villa,A,2.41,3.6,2.85
2019-10-05,Watford,Sheffield United,D,2.14,3.38,3.58
2019-10-05,West Ham,Crystal Palace,A,2.0,3.58,3.8
2019-10-06,Arsenal,Bournemouth,H,1.45,4.97,6.68
2019-10-06,Man City,Wolves,A,1.13,9.26,21.61
2019-10-06,Southampton,Chelsea,A,4.02,3.84,1.87
2019-10-06,Newcastle,Man United,H,4.42,3.44,1.9
2019-10-19,Everton,West Ham,H,1.97,3.71,3.81
2019-10-19,Aston Villa,Brighton,H,2.38,3.43,3.05
2019-10-19,Bournemouth,Norwich,D,1.73,4.33,4.35
2019-10-19,Chelsea,Newcastle,H,1.31,5.62,10.38
2019-10-19,Leicester,Burnley,H,1.57,4.09,6.37
2019-10-19,Tottenham,Watford,D,1.42,4.9,7.48
2019-10-19,Wolves,Southampton,D,1.85,3.58,4.52
2019-10-19,Crystal Palace,Man City,A,11.88,6.72,1.24
2019-10-20,Man United,Liverpool,D,5.03,3.96,1.7
2019-10-21,Sheffield United,Arsenal,H,3.88,3.79,1.93
2019-10-25,Southampton,Leicester,A,3.2,3.34,2.36
2019-10-26,Man City,Aston Villa,H,1.09,11.64,28.3
2019-10-26,Brighton,Everton,H,2.87,3.3,2.58
2019-10-26,Watford,Bournemouth,D,2.19,3.53,3.31
2019-10-26,West Ham,Sheffield United,D,2.11,3.46,3.6
2019-10-26,Burnley,Chelsea,A,4.53,4.02,1.75
2019-10-27,Newcastle,Wolves,D,3.02,3.09,2.59
2019-10-27,Arsenal,Crystal Palace,D,1.49,4.63,6.49
2019-10-27,Liverpool,Tottenham,H,1.54,4.45,6.11
2019-10-27,Norwich,Man United,A,4.36,3.91,1.8
2019-11-02,Bournemouth,Man United,H,3.33,3.55,2.19
2019-11-02,Arsenal,Wolves,D,1.78,3.8,4.65
2019-11-02,Aston Villa,Liverpool,A,8.4,5.37,1.36
2019-11-02,Brighton,Norwich,H,1.71,4.17,4.65
2019-11-02,Man City,Southampton,H,1.08,11.99,29.72
2019-11-02,Sheffield United,Burnley,H,2.26,3.22,3.46
2019-11-02,West Ham,Newcastle,A,1.79,3.82,4.55
2019-11-02,Watford,Chelsea,A,4.99,4.24,1.65
2019-11-03,Crystal Palace,Leicester,A,3.5,3.38,2.17
2019-11-03,Everton,Tottenham,D,2.73,3.49,2.57
2019-11-08,Norwich,Watford,A,2.68,3.57,2.6
2019-11-09,Chelsea,Crystal Palace,H,1.34,5.35,9.29
2019-11-09,Burnley,West Ham,H,2.27,3.55,3.13
2019-11-09,Newcastle,Bournemouth,H,2.64,3.21,2.84
2019-11-09,Southampton,Everton,A,2.96,3.37,2.44
2019-11-09,Tottenham,Sheffield United,D,1.58,4.14,6.02
2019-11-09,Leicester,Arsenal,H,1.99,3.78,3.62
2019-11-10,Man United,Brighton,H,1.67,3.67,5.82
2019-11-10,Wolves,Aston Villa,H,1.9,3.6,4.24
2019-11-10,Liverpool,Man City,H,2.56,3.58,2.68
2019-11-23,West Ham,Tottenham,A,4.32,4.14,1.75
2019-11-23,Arsenal,Southampton,D,1.47,4.75,6.55
2019-11-23,Bournemouth,Wolves,A,2.82,3.3,2.59
2019-11-23,Brighton,Leicester,A,3.69,3.53,2.04
2019-11-23,Crystal Palace,Liverpool,A,7.33,4.62,1.45
2019-11-23,Everton,Norwich,A,1.4,5.0,7.73
2019-11-23,Watford,Burnley,A,2.33,3.31,3.2
2019-11-23,Man City,Chelsea,H,1.45,4.96,6.64
2019-11-24,Sheffield United,Man United,D,3.55,3.28,2.18
2019-11-25,Aston Villa,Newcastle,H,2.11,3.46,3.55
2019-11-30,Newcastle,Man City,D,15.11,7.59,1.18
2019-11-30,Burnley,Crystal Palace,A,2.31,3.26,3.3
2019-11-30,Chelsea,West Ham,A,1.3,5.94,9.63
2019-11-30,Liverpool,Brighton,H,1.21,6.85,14.67
2019-11-30,Tottenham,Bournemouth,H,1.38,5.19,7.86
2019-11-30,Southampton,Watford,H,2.12,3.5,3.51
2019-12-01,Norwich,Arsenal,D,4.14,4.22,1.77
2019-12-01,Wolves,Sheffield United,D,1.92,3.43,4.35
2019-12-01,Leicester,Everton,H,1.64,4.08,5.33
2019-12-01,Man United,Aston Villa,D,1.49,4.38,7.08
2019-12-03,Crystal Palace,Bournemouth,H,2.24,3.38,3.34
2019-12-03,Burnley,Man City,A,11.59,6.41,1.25
2019-12-04,Chelsea,Aston Villa,H,1.3,5.85,9.89
2019-12-04,Leicester,Watford,H,1.36,5.13,8.81
2019-12-04,Man United,Tottenham,H,2.69,3.47,2.61
2019-12-04,Southampton,Norwich,H,1.78,3.99,4.35
2019-12-04,Wolves,West Ham,H,1.77,3.73,4.74
2019-12-04,Liverpool,Everton,H,1.39,4.99,8.28
2019-12-05,Sheffield United,Newcastle,A,1.86,3.45,4.62
2019-12-05,Arsenal,Brighton,A,1.61,4.23,5.41
2019-12-07,Everton,Chelsea,H,3.52,3.8,2.02
2019-12-07,Bournemouth,Liverpool,A,7.01,5.03,1.42
2019-12-07,Tottenham,Burnley,H,1.41,4.82,7.98
2019-12-07,Watford,Crystal Palace,D,2.37,3.34,3.12
2019-12-07,Man City,Man United,A,1.31,5.67,9.9
2019-12-08,Aston Villa,Leicester,A,4.27,3.88,1.82
2019-12-08,Newcastle,Southampton,H,2.59,3.23,2.87
2019-12-08,Norwich,Sheffield United,A,2.98,3.45,2.4
2019-12-08,Brighton,Wolves,D,2.69,3.16,2.81
2019-12-09,West Ham,Arsenal,A,3.43,4.02,1.98
2019-12-14,Liverpool,Watford,H,1.17,7.72,16.32
2019-12-14,Burnley,Newcastle,H,1.96,3.5,4.07
2019-12-14,Chelsea,Bournemouth,A,1.25,6.48,11.64
2019-12-14,Leicester,Norwich,D,1.22,6.73,13.29
2019-12-14,Sheffield United,Aston Villa,H,1.86,3.75,4.17
2019-12-14,Southampton,West Ham,A,1.92,3.86,3.83
2019-12-15,Man United,Everton,D,1.78,3.71,4.76
2019-12-15,Wolves,Tottenham,A,3.22,3.45,2.26
2019-12-15,Arsenal,Man City,A,6.03,5.33,1.45
2019-12-16,Crystal Palace,Brighton,D,2.55,3.22,2.91
2019-12-21,Everton,Arsenal,D,2.33,3.75,2.9
2019-12-21,Aston Villa,Southampton,A,2.43,3.54,2.87
2019-12-21,Bournemouth,Burnley,A,2.43,3.38,2.97
2019-12-21,Brighton,Sheffield United,A,2.21,3.27,3.52
2019-12-21,Newcastle,Crystal Palace,H,2.43,3.11,3.22
2019-12-21,Norwich,Wolves,A,3.71,3.75,1.97
2019-12-21,Man City,Leicester,H,1.37,5.41,7.72
2019-12-22,Watford,Man United,H,4.39,3.89,1.8
2019-12-22,Tottenham,Chelsea,A,2.37,3.65,2.88
2019-12-26,Tottenham,Brighton,H,1.55,4.41,5.73
2019-12-26,Aston Villa,Norwich,H,2.11,3.77,3.28
2019-12-26,Bournemouth,Arsenal,D,3.5,3.85,2.01
2019-12-26,Chelsea,Southampton,A,1.35,5.31,8.58
2019-12-26,Crystal Palace,West Ham,H,2.32,3.42,3.12
2019-12-26,Everton,Burnley,H,1.71,3.76,5.15
2019-12-26,Sheffield United,Watford,D,1.86,3.54,4.46
2019-12-26,Man United,Newcastle,H,1.35,5.19,9.18
2019-12-26,Leicester,Liverpool,A,3.38,3.72,2.08
2019-12-27,Wolves,Man City,H,7.73,4.95,1.4
2019-12-28,Brighton,Bournemouth,H,1.79,3.85,4.43
2019-12-28,Newcastle,Everton,A,3.55,3.4,2.14
2019-12-28,Southampton,Crystal Palace,D,1.98,3.57,3.91
2019-12-28,Watford,Aston Villa,H,1.99,3.77,3.65
2019-12-28,Norwich,Tottenham,D,4.93,4.07,1.69
2019-12-28,West Ham,Leicester,A,4.03,3.87,1.86
2019-12-28,Burnley,Man United,A,4.31,3.7,1.85
2019-12-29,Arsenal,Chelsea,A,2.86,3.73,2.35
2019-12-29,Liverpool,Wolves,H,1.28,5.84,10.92
2019-12-29,Man City,Sheffield United,H,1.18,7.62,14.91
2020-01-01,Brighton,Chelsea,D,3.7,3.64,2.01
2020-01-01,Burnley,Aston Villa,A,1.81,3.81,4.37
2020-01-01,Newcastle,Leicester,A,5.26,3.9,1.67
2020-01-01,Southampton,Tottenham,H,3.34,3.54,2.16
2020-01-01,Watford,Wolves,H,3.16,3.37,2.32
2020-01-01,Man City,Everton,H,1.27,6.19,10.49
2020-01-01,Norwich,Crystal Palace,D,2.53,3.46,2.77
2020-01-01,West Ham,Bournemouth,H,1.95,3.84,3.68
2020-01-01,Arsenal,Man United,H,2.58,3.64,2.61
2020-01-02,Liverpool,Sheffield United,H,1.23,6.32,13.64
2020-01-10,Sheffield United,West Ham,H,2.02,3.43,3.94
2020-01-11,Crystal Palace,Arsenal,D,4.19,3.87,1.83
2020-01-11,Chelsea,Burnley,H,1.29,5.61,11.06
2020-01-11,Everton,Brighton,H,1.9,3.63,4.16
2020-01-11,Leicester,Southampton,A,1.64,4.02,5.46
2020-01-11,Man United,Norwich,H,1.36,5.16,8.82
2020-01-11,Wolves,Newcastle,D,1.46,4.35,7.91
2020-01-11,Tottenham,Liverpool,A,4.59,4.22,1.7
2020-01-12,Bournemouth,Watford,A,2.61,3.37,2.75
2020-01-12,Aston Villa,Man City,A,14.5,8.39,1.17
2020-01-18,Watford,Tottenham,D,3.18,3.52,2.25
2020-01-18,Arsenal,Sheffield United,D,1.85,3.61,4.46
2020-01-18,Brighton,Aston Villa,D,1.65,4.29,4.94
2020-01-18,Man City,Crystal Palace,D,1.1,10.64,24.53
2020-01-18,Norwich,Bournemouth,H,2.22,3.56,3.19
2020-01-18,Southampton,Wolves,A,2.39,3.37,3.05
2020-01-18,West Ham,Everton,D,2.96,3.46,2.4
2020-01-18,Newcastle,Chelsea,H,6.02,4.53,1.52
2020-01-19,Burnley,Leicester,H,4.19,3.71,1.87
2020-01-19,Liverpool,Man United,H,1.37,5.12,8.31
2020-01-21,Aston Villa,Watford,H,2.86,3.46,2.49
2020-01-21,Bournemouth,Brighton,H,2.94,3.35,2.47
2020-01-21,Crystal Palace,Southampton,A,2.73,3.26,2.72
2020-01-21,Everton,Newcastle,D,1.6,3.99,6.06
2020-01-21,Sheffield United,Man City,A,7.41,4.82,1.43
2020-01-21,Chelsea,Arsenal,D,1.74,3.95,4.71
2020-01-22,Leicester,West Ham,H,1.53,4.49,5.97
2020-01-22,Tottenham,Norwich,H,1.42,4.89,7.5
2020-01-22,Man United,Burnley,A,1.41,4.65,8.43
2020-01-23,Wolves,Liverpool,A,5.63,3.92,1.64
2020-01-29,West Ham,Liverpool,A,8.76,5.55,1.33
2020-02-01,Leicester,Chelsea,D,2.52,3.59,2.72
2020-02-01,Bournemouth,Aston Villa,H,2.13,3.57,3.39
2020-02-01,Crystal Palace,Sheffield United,A,3.11,3.06,2.52
2020-02-01,Liverpool,Southampton,H,1.28,5.86,10.73
2020-02-01,Newcastle,Norwich,D,2.24,3.39,3.31
2020-02-01,Watford,Everton,A,2.75,3.31,2.64
2020-02-01,West Ham,Brighton,D,2.56,3.37,2.8
2020-02-01,Man United,Wolves,D,2.23,3.24,3.48
2020-02-02,Burnley,Arsenal,D,3.75,3.53,2.02
2020-02-02,Tottenham,Man City,H,5.64,4.45,1.56
2020-02-08,Everton,Crystal Palace,H,1.63,3.77,6.02
2020-02-08,Brighton,Watford,D,2.15,3.37,3.53
2020-02-09,Sheffield United,Bournemouth,H,1.72,3.54,5.58
2020-02-14,Wolves,Leicester,D,2.55,3.29,2.91
2020-02-15,Southampton,Burnley,A,1.79,3.69,4.7
2020-02-15,Norwich,Liverpool,A,10.02,6.0,1.29
2020-02-16,Aston Villa,Tottenham,A,4.01,3.78,1.89
2020-02-16,Arsenal,Newcastle,H,1.43,4.6,7.72
2020-02-17,Chelsea,Man United,A,1.86,3.6,4.35
2020-02-19,Man City,West Ham,H,1.13,9.37,18.28
2020-02-22,Chelsea,Tottenham,H,1.73,3.94,4.72
2020-02-22,Burnley,Bournemouth,H,2.15,3.28,3.65
2020-02-22,Crystal Palace,Newcastle,H,1.96,3.3,4.35
2020-02-22,Sheffield United,Brighton,D,1.96,3.34,4.31
2020-02-22,Southampton,Aston Villa,H,1.64,4.23,5.1
2020-02-22,Leicester,Man City,A,4.49,4.15,1.73
2020-02-23,Man United,Watford,H,1.6,3.97,5.98
2020-02-23,Wolves,Norwich,H,1.52,4.27,6.55
2020-02-23,Arsenal,Everton,H,2.04,3.6,3.63
2020-02-24,Liverpool,West Ham,H,1.17,7.81,16.2
2020-02-28,Norwich,Leicester,H,4.66,4.02,1.74
2020-02-29,Brighton,Crystal Palace,A,2.08,3.24,3.93
2020-02-29,Bournemouth,Chelsea,D,4.68,3.84,1.76
2020-02-29,Newcastle,Burnley,D,2.64,3.11,2.9
2020-02-29,West Ham,Southampton,H,2.71,3.54,2.55
2020-02-29,Watford,Liverpool,H,7.52,4.84,1.42
2020-03-01,Everton,Man United,D,2.54,3.33,2.85
2020-03-01,Tottenham,Wolves,A,2.44,3.17,3.13
2020-03-07,Liverpool,Bournemouth,H,1.25,6.24,11.93
2020-03-07,Arsenal,West Ham,H,1.56,4.37,5.78
2020-03-07,Crystal Palace,Watford,H,2.57,3.19,2.95
2020-03-07,Sheffield United,Norwich,H,1.66,3.78,5.71
2020-03-07,Southampton,Newcastle,A,1.67,3.95,5.27
2020-03-07,Wolves,Brighton,D,1.65,3.95,5.48
2020-03-07,Burnley,Tottenham,D,2.72,3.3,2.69
2020-03-08,Chelsea,Everton,H,1.87,3.74,4.2
2020-03-08,Man United,Man City,H,5.04,4.28,1.64
2020-03-09,Leicester,Aston Villa,H,1.38,5.12,8.05
2020-06-17,Aston Villa,Sheffield United,D,3.3,3.33,2.27
2020-06-17,Man City,Arsenal,H,1.35,5.5,8.11
2020-06-19,Norwich,Southampton,A,2.84,3.4,2.53
2020-06-19,Tottenham,Man United,D,3.03,3.4,2.43
2020-06-20,Watford,Leicester,D,3.59,3.52,2.09
2020-06-20,Brighton,Arsenal,H,3.04,3.37,2.39
2020-06-20,West Ham,Wolves,A,3.57,3.36,2.15
2020-06-20,Bournemouth,Crystal Palace,A,2.51,3.24,2.98
2020-06-21,Newcastle,Sheffield United,H,3.31,3.1,2.38
2020-06-21,Aston Villa,Chelsea,A,6.0,4.5,1.53
2020-06-21,Everton,Liverpool,D,5.66,4.23,1.59
2020-06-22,Man City,Burnley,H,1.13,8.97,19.85
2020-06-23,Leicester,Brighton,D,1.64,3.97,5.64
2020-06-23,Tottenham,West Ham,H,1.67,4.01,5.21
2020-06-24,Man United,Sheffield United,H,1.43,4.39,8.62
2020-06-24,Newcastle,Aston Villa,D,2.33,3.33,3.17
2020-06-24,Norwich,Everton,A,3.94,3.66,1.94
2020-06-24,Wolves,Bournemouth,H,1.58,4.03,6.11
2020-06-24,Liverpool,Crystal Palace,H,1.24,6.13,13.09
2020-06-25,Burnley,Watford,H,3.02,3.22,2.48
2020-06-25,Southampton,Arsenal,A,2.64,3.47,2.65
2020-06-25,Chelsea,Man City,H,4.14,4.07,1.8
2020-06-27,Aston Villa,Wolves,A,4.79,3.68,1.78
2020-06-28,Watford,Southampton,A,2.49,3.32,2.92
2020-06-29,Crystal Palace,Burnley,A,2.29,3.16,3.41
2020-06-30,Brighton,Man United,A,6.31,3.85,1.61
2020-07-01,Arsenal,Norwich,H,1.44,4.69,7.23
2020-07-01,Bournemouth,Newcastle,A,2.4,3.16,3.21
2020-07-01,Everton,Leicester,H,2.54,3.28,2.9
2020-07-01,West Ham,Chelsea,H,5.48,4.27,1.59
2020-07-02,Sheffield United,Tottenham,H,4.1,3.41,1.98
2020-07-02,Man City,Liverpool,H,2.07,3.85,3.32
2020-07-04,Norwich,Brighton,A,3.39,3.32,2.23
2020-07-04,Leicester,Crystal Palace,H,1.68,3.63,5.84
2020-07-04,Man United,Bournemouth,H,1.17,7.46,17.41
2020-07-04,Wolves,Arsenal,A,2.27,3.3,3.32
2020-07-04,Chelsea,Watford,H,1.43,4.61,7.96
2020-07-05,Burnley,Sheffield United,D,2.91,2.97,2.75
2020-07-05,Newcastle,West Ham,D,2.66,3.28,2.74
2020-07-05,Liverpool,Aston Villa,H,1.35,5.45,8.4
2020-07-05,Southampton,Man City,H,9.03,5.56,1.33
2020-07-06,Tottenham,Everton,H,2.13,3.51,3.45
2020-07-07,Crystal Palace,Chelsea,A,8.43,4.5,1.43
2020-07-07,Watford,Norwich,H,1.75,3.71,5.02
2020-07-07,Arsenal,Leicester,D,2.38,3.43,3.03
2020-07-08,Man City,Newcastle,H,1.13,9.15,22.2
2020-07-08,Sheffield United,Wolves,H,3.96,3.08,2.14
2020-07-08,West Ham,Burnley,A,2.02,3.42,3.89
2020-07-08,Brighton,Liverpool,A,5.99,4.26,1.56
2020-07-09,Bournemouth,Tottenham,D,5.03,4.0,1.68
2020-07-09,Everton,Southampton,D,2.07,3.51,3.62
2020-07-09,Aston Villa,Man United,A,9.26,5.15,1.35
2020-07-11,Norwich,West Ham,A,3.76,3.65,1.99
2020-07-11,Watford,Newcastle,H,1.82,3.58,4.65
2020-07-11,Liverpool,Burnley,D,1.25,6.27,11.44
2020-07-11,Sheffield United,Chelsea,H,6.07,3.93,1.6
2020-07-11,Brighton,Man City,A,9.95,5.62,1.31
2020-07-12,Wolves,Everton,H,2.06,3.25,4.01
2020-07-12,Aston Villa,Crystal Palace,H,2.29,3.35,3.24
2020-07-12,Tottenham,Arsenal,H,2.6,3.48,2.68
2020-07-12,Bournemouth,Leicester,H,5.14,3.82,1.7
2020-07-13,Man United,Southampton,D,1.29,5.73,10.41
2020-07-14,Chelsea,Norwich,H,1.13,9.5,20.76
2020-07-15,Burnley,Wolves,D,4.65,3.3,1.9
2020-07-15,Man City,Bournemouth,H,1.15,8.68,16.72
2020-07-15,Newcastle,Tottenham,A,4.56,3.77,1.79
2020-07-15,Arsenal,Liverpool,H,3.89,3.89,1.89
2020-07-16,Everton,Aston Villa,D,2.02,3.57,3.74
2020-07-16,Leicester,Sheffield United,H,2.02,3.34,4.01
2020-07-16,Crystal Palace,Man United,A,9.84,5.0,1.35
2020-07-16,Southampton,Brighton,D,2.18,3.31,3.53
2020-07-17,West Ham,Watford,H,2.42,3.04,3.31
2020-07-18,Norwich,Burnley,A,3.32,3.33,2.25
2020-07-19,Bournemouth,Southampton,A,2.39,3.65,2.84
2020-07-19,Tottenham,Leicester,H,2.32,3.42,3.11
2020-07-20,Brighton,Newcastle,D,1.93,3.42,4.23
2020-07-20,Sheffield United,Everton,A,2.17,3.29,3.52
2020-07-20,Wolves,Crystal Palace,H,1.5,4.03,7.72
2020-07-21,Watford,Man City,A,8.62,5.6,1.33
2020-07-21,Aston Villa,Arsenal,H,3.24,3.78,2.11
2020-07-22,Man United,West Ham,D,1.24,6.38,11.56
2020-07-22,Liverpool,Chelsea,H,2.04,3.7,3.51
2020-07-26,Arsenal,Watford,H,1.93,3.89,3.72
2020-07-26,Burnley,Brighton,A,2.32,3.44,3.09
2020-07-26,Chelsea,Wolves,H,1.84,3.76,4.23
2020-07-26,Crystal Palace,Tottenham,D,6.12,4.23,1.55
2020-07-26,Everton,Bournemouth,A,2.24,3.78,2.98
2020-07-26,Leicester,Man United,A,3.17,3.49,2.24
2020-07-26,Man City,Norwich,H,1.07,12.8,30.42
2020-07-26,Newcastle,Liverpool,A,7.6,4.99,1.4
2020-07-26,Southampton,Sheffield United,H,2.18,3.47,3.34
2020-07-26,West Ham,Aston Villa,D,3.05,3.57,2.28
2020-09-12,Fulham,Arsenal,A,5.94,4.34,1.55
2020-09-12,Crystal Palace,Southampton,H,3.18,3.22,2.39
2020-09-12,Liverpool,Leeds,H,1.3,5.96,9.68
2020-09-12,West Ham,Newcastle,A,2.15,3.48,3.42
2020-09-13,West Brom,Leicester,A,3.87,3.57,1.97
2020-09-13,Tottenham,Everton,A,1.9,3.55,4.2
2020-09-14,Sheffield United,Wolves,A,3.36,3.0,2.41
2020-09-14,Brighton,Chelsea,A,5.12,4.13,1.65
2020-09-19,Everton,West Brom,H,1.54,4.25,6.3
2020-09-19,Leeds,Fulham,H,1.64,3.97,5.5
2020-09-19,Man United,Crystal Palace,A,1.32,5.57,9.56
2020-09-19,Arsenal,West Ham,H,1.53,4.51,5.91
2020-09-20,Southampton,Tottenham,A,3.1,3.35,2.37
2020-09-20,Newcastle,Brighton,A,2.68,3.15,2.82
2020-09-20,Chelsea,Liverpool,A,3.15,3.72,2.18
2020-09-20,Leicester,Burnley,H,1.63,3.98,5.64
2020-09-21,Aston Villa,Sheffield United,H,2.71,3.19,2.75
2020-09-21,Wolves,Man City,A,6.11,4.35,1.54
2020-09-26,Brighton,Man United,A,4.83,3.75,1.75
2020-09-26,Crystal Palace,Everton,A,3.69,3.32,2.12
2020-09-26,West Brom,Chelsea,D,8.24,5.02,1.38
2020-09-26,Burnley,Southampton,A,3.3,3.25,2.31
2020-09-27,Sheffield United,Leeds,A,2.72,3.37,2.63
2020-09-27,Tottenham,Newcastle,D,1.47,4.5,6.95
2020-09-27,Man City,Leicester,A,1.29,5.93,9.68
2020-09-27,West Ham,Wolves,H,3.74,3.38,2.07
2020-09-28,Fulham,Aston Villa,A,2.92,3.26,2.52
2020-09-28,Liverpool,Arsenal,H,1.49,4.68,6.3
2020-10-03,Chelsea,Crystal Palace,H,1.43,4.77,7.39
2020-10-03,Everton,Brighton,H,1.76,3.73,4.79
2020-10-03,Leeds,Man City,D,7.45,5.34,1.38
2020-10-03,Newcastle,Burnley,H,2.47,3.15,3.08
2020-10-04,Leicester,West Ham,A,1.68,4.12,4.86
2020-10-04,Southampton,West Brom,H,1.76,3.86,4.58
2020-10-04,Arsenal,Sheffield United,H,1.56,4.09,6.25
2020-10-04,Wolves,Fulham,H,1.51,4.07,7.19
2020-10-04,Man United,Tottenham,A,1.92,3.71,3.97
2020-10-04,Aston Villa,Liverpool,H,9.35,5.41,1.33
2020-10-17,Everton,Liverpool,D,3.91,4.08,1.85
2020-10-17,Chelsea,Southampton,D,1.53,4.56,5.92
2020-10-17,Man City,Arsenal,H,1.49,4.85,6.09
2020-10-17,Newcastle,Man United,A,4.78,4.08,1.7
2020-10-18,Sheffield United,Fulham,D,2.11,3.32,3.74
2020-10-18,Crystal Palace,Brighton,D,2.68,3.25,2.76
2020-10-18,Tottenham,West Ham,D,1.62,4.19,5.34
2020-10-18,Leicester,Aston Villa,A,1.89,3.82,3.97
2020-10-19,West Brom,Burnley,D,2.49,3.3,2.97
2020-10-19,Leeds,Wolves,A,2.5,3.26,2.97
2020-10-23,Aston Villa,Leeds,A,2.11,3.75,3.33
2020-10-24,West Ham,Man City,D,7.2,5.16,1.41
2020-10-24,Fulham,Crystal Palace,A,2.74,3.14,2.77
2020-10-24,Man United,Chelsea,D,2.38,3.59,2.9
2020-10-24,Liverpool,Sheffield United,H,1.25,6.36,11.55
2020-10-25,Southampton,Everton,H,2.78,3.47,2.54
2020-10-25,Wolves,Newcastle,D,1.78,3.49,5.16
2020-10-25,Arsenal,Leicester,A,1.93,3.74,3.92
2020-10-26,Brighton,West Brom,D,1.75,3.93,4.61
2020-10-26,Burnley,Tottenham,A,5.49,4.02,1.63
2020-10-30,Wolves,Crystal Palace,H,2.05,3.13,4.27
2020-10-31,Sheffield United,Man City,A,9.43,5.76,1.31
2020-10-31,Burnley,Chelsea,A,6.05,4.37,1.54
2020-10-31,Liverpool,West Ham,H,1.39,5.26,7.43
2020-11-01,Aston Villa,Southampton,A,2.46,3.6,2.78
2020-11-01,Newcastle,Everton,H,3.71,3.47,2.06
2020-11-01,Man United,Arsenal,A,2.04,3.66,3.58
2020-11-01,Tottenham,Brighton,H,1.63,4.17,5.29
2020-11-02,Fulham,West Brom,H,2.44,3.32,3.01
2020-11-02,Leeds,Leicester,A,2.56,3.56,2.68
2020-11-06,Brighton,Burnley,D,1.9,3.48,4.42
2020-11-06,Southampton,Newcastle,H,2.04,3.58,3.7
2020-11-07,Everton,Man United,A,2.91,3.52,2.42
2020-11-07,Crystal Palace,Leeds,H,2.92,3.37,2.47
2020-11-07,Chelsea,Sheffield United,H,1.39,4.93,8.23
2020-11-07,West Ham,Fulham,H,1.83,3.82,4.23
2020-11-08,West Brom,Tottenham,A,6.38,4.38,1.52
2020-11-08,Leicester,Wolves,H,2.38,3.14,3.28
2020-11-08,Man City,Liverpool,D,1.99,4.03,3.42
2020-11-08,Arsenal,Aston Villa,A,1.7,3.97,4.92
2020-11-21,Newcastle,Chelsea,A,6.39,4.54,1.5
2020-11-21,Aston Villa,Brighton,A,2.19,3.61,3.21
2020-11-21,Tottenham,Man City,H,4.1,4.03,1.81
2020-11-21,Man United,West Brom,H,1.34,5.34,9.21
2020-11-22,Fulham,Everton,A,3.93,3.79,1.9
2020-11-22,Sheffield United,West Ham,A,3.06,3.26,2.43
2020-11-22,Leeds,Arsenal,D,3.13,3.7,2.21
2020-11-22,Liverpool,Leicester,H,1.9,3.92,3.82
2020-11-23,Burnley,Crystal Palace,H,2.79,3.06,2.8
2020-11-23,Wolves,Southampton,D,2.32,3.25,3.27
2020-11-27,Crystal Palace,Newcastle,A,2.15,3.21,3.74
2020-11-28,Brighton,Liverpool,D,5.32,4.19,1.62
2020-11-28,Man City,Burnley,H,1.17,7.84,16.81
2020-11-28,Everton,Leeds,A,2.02,3.72,3.57
2020-11-28,West Brom,Sheffield United,H,2.6,3.17,2.9
2020-11-29,Southampton,Man United,A,3.8,3.57,2.0
2020-11-29,Chelsea,Tottenham,D,2.1,3.52,3.53
2020-11-29,Arsenal,Wolves,A,2.13,3.28,3.72
2020-11-30,Leicester,Fulham,A,1.54,4.35,6.15
2020-11-30,West Ham,Aston Villa,H,2.32,3.57,3.01
2020-12-05,Burnley,Everton,D,4.02,3.5,1.97
2020-12-05,Man City,Fulham,H,1.12,9.74,21.84
2020-12-05,West Ham,Man United,A,3.62,3.57,2.05
2020-12-05,Chelsea,Leeds,H,1.54,4.5,5.82
2020-12-06,West Brom,Crystal Palace,A,2.9,3.21,2.58
2020-12-06,Sheffield United,Leicester,A,3.86,3.49,2.01
2020-12-06,Tottenham,Arsenal,H,2.01,3.54,3.79
2020-12-06,Liverpool,Wolves,H,1.52,4.25,6.59
2020-12-07,Brighton,Southampton,A,2.52,3.36,2.86
2020-12-11,Leeds,West Ham,A,2.18,3.67,3.2
2020-12-12,Wolves,Aston Villa,A,2.34,3.27,3.21
2020-12-12,Newcastle,West Brom,H,2.51,3.25,2.95
2020-12-12,Man United,Man City,D,4.39,4.16,1.74
2020-12-12,Everton,Chelsea,H,4.36,4.12,1.75
2020-12-13,Southampton,Sheffield United,H,1.72,3.83,4.95
2020-12-13,Crystal Palace,Tottenham,D,4.71,3.75,1.76
2020-12-13,Fulham,Liverpool,D,8.44,5.66,1.34
2020-12-13,Arsenal,Burnley,A,1.54,4.22,6.42
2020-12-13,Leicester,Brighton,H,2.03,3.49,3.76
2020-12-15,Wolves,Chelsea,H,5.44,3.79,1.68
2020-12-15,Man City,West Brom,D,1.12,9.96,22.77
2020-12-16,Arsenal,Southampton,D,2.25,3.47,3.19
2020-12-16,Leeds,Newcastle,H,1.76,3.89,4.49
2020-12-16,Leicester,Everton,A,2.2,3.55,3.22
2020-12-16,Fulham,Brighton,D,2.9,3.28,2.51
2020-12-16,Liverpool,Tottenham,H,1.79,3.84,4.44
2020-12-16,West Ham,Crystal Palace,D,2.1,3.4,3.64
2020-12-17,Aston Villa,Burnley,D,1.74,3.84,4.73
2020-12-17,Sheffield United,Man United,A,7.14,4.54,1.46
2020-12-19,Crystal Palace,Liverpool,A,6.2,4.45,1.52
2020-12-19,Southampton,Man City,A,6.48,4.63,1.48
2020-12-19,Everton,Arsenal,H,2.42,3.44,2.93
2020-12-19,Newcastle,Fulham,D,2.58,3.25,2.87
2020-12-20,Brighton,Sheffield United,D,1.69,3.72,5.43
2020-12-20,Tottenham,Leicester,A,2.08,3.48,3.62
2020-12-20,Man United,Leeds,H,1.71,4.23,4.49
2020-12-20,West Brom,Aston Villa,A,3.69,3.7,1.99
2020-12-21,Burnley,Wolves,H,3.61,3.13,2.23
2020-12-21,Chelsea,West Ham,H,1.49,4.63,6.29
2020-12-26,Leicester,Man United,D,3.01,3.55,2.32
2020-12-26,Aston Villa,Crystal Palace,H,1.94,3.75,3.8
2020-12-26,Fulham,Southampton,D,3.19,3.32,2.32
2020-12-26,Arsenal,Chelsea,H,4.06,3.59,1.93
2020-12-26,Man City,Newcastle,H,1.12,9.31,23.28
2020-12-26,Sheffield United,Everton,A,4.2,3.59,1.9
2020-12-27,Leeds,Burnley,H,1.75,3.98,4.5
2020-12-27,West Ham,Brighton,D,2.37,3.32,3.11
2020-12-27,Liverpool,West Brom,D,1.13,9.05,20.61
2020-12-27,Wolves,Tottenham,D,3.62,3.28,2.16
2020-12-28,Crystal Palace,Leicester,D,3.81,3.52,2.01
2020-12-28,Chelsea,Aston Villa,D,1.69,4.18,4.72
2020-12-29,Brighton,Arsenal,A,3.22,3.38,2.29
2020-12-29,Burnley,Sheffield United,H,2.41,3.15,3.22
2020-12-29,Southampton,West Ham,D,2.19,3.48,3.33
2020-12-29,West Brom,Leeds,A,3.59,3.67,2.03
2020-12-29,Man United,Wolves,H,1.55,4.21,6.1
2020-12-30,Newcastle,Liverpool,D,9.81,5.93,1.29
2021-01-01,Everton,West Ham,A,2.15,3.44,3.5
2021-01-01,Man United,Aston Villa,H,1.74,4.14,4.42
2021-01-02,Tottenham,Leeds,H,1.8,4.05,4.15
2021-01-02,Crystal Palace,Sheffield United,H,2.01,3.4,3.93
2021-01-02,Brighton,Wolves,D,2.66,3.15,2.85
2021-01-02,West Brom,Arsenal,A,5.78,4.01,1.61
2021-01-03,Newcastle,Leicester,A,5.19,3.97,1.67
2021-01-03,Chelsea,Man City,A,3.01,3.66,2.24
2021-01-04,Southampton,Liverpool,H,4.89,4.24,1.65
2021-01-12,Sheffield United,Newcastle,H,2.49,3.11,3.13
2021-01-12,Burnley,Man United,A,7.03,4.56,1.47
2021-01-12,Wolves,Everton,A,2.5,3.12,3.1
2021-01-13,Man City,Brighton,H,1.18,7.48,15.78
2021-01-13,Tottenham,Fulham,D,1.4,4.91,7.98
2021-01-14,Arsenal,Crystal Palace,D,1.55,4.1,6.37
2021-01-16,Wolves,West Brom,A,1.61,3.67,6.71
2021-01-16,Leeds,Brighton,A,2.17,3.57,3.31
2021-01-16,West Ham,Burnley,H,1.84,3.49,4.69
2021-01-16,Fulham,Chelsea,A,6.3,4.21,1.55
2021-01-16,Leicester,Southampton,H,1.8,3.72,4.58
2021-01-17,Sheffield United,Tottenham,A,5.96,3.73,1.65
2021-01-17,Liverpool,Man United,D,1.97,3.84,3.65
2021-01-17,Man City,Crystal Palace,H,1.17,7.67,17.03
2021-01-18,Arsenal,Newcastle,H,1.44,4.61,7.54
2021-01-19,West Ham,West Brom,H,1.58,4.08,6.09
2021-01-19,Leicester,Chelsea,H,2.9,3.41,2.49
2021-01-20,Man City,Aston Villa,H,1.25,6.21,11.36
2021-01-20,Fulham,Man United,A,6.05,4.31,1.55
2021-01-21,Liverpool,Burnley,A,1.2,7.05,14.89
2021-01-23,Aston Villa,Newcastle,H,1.5,4.53,6.37
2021-01-26,Crystal Palace,West Ham,A,3.16,3.27,2.39
2021-01-26,Newcastle,Leeds,A,3.83,3.83,1.93
2021-01-26,Southampton,Arsenal,A,3.49,3.6,2.09
2021-01-26,West Brom,Man City,A,15.44,7.06,1.2
2021-01-27,Burnley,Aston Villa,H,3.84,3.53,2.0
2021-01-27,Chelsea,Wolves,D,1.62,4.08,5.53
2021-01-27,Brighton,Fulham,D,2.06,3.38,3.82
2021-01-27,Everton,Leicester,D,2.83,3.25,2.61
2021-01-27,Man United,Sheffield United,A,1.28,5.94,10.6
2021-01-28,Tottenham,Liverpool,A,3.22,3.54,2.22
2021-01-30,Everton,Newcastle,A,1.59,3.95,6.27
2021-01-30,Crystal Palace,Wolves,H,2.96,3.1,2.61
2021-01-30,Man City,Sheffield United,H,1.13,8.75,21.73
2021-01-30,West Brom,Fulham,D,3.33,3.19,2.32
2021-01-30,Arsenal,Man United,D,2.86,3.4,2.51
2021-01-30,Southampton,Aston Villa,A,2.86,3.59,2.41
2021-01-31,Chelsea,Burnley,H,1.34,5.15,9.64
2021-01-31,Leicester,Leeds,A,1.82,4.02,4.11
2021-01-31,West Ham,Liverpool,A,4.39,3.99,1.77
2021-01-31,Brighton,Tottenham,H,3.12,3.36,2.35
2021-02-02,Sheffield United,West Brom,H,2.05,3.3,3.99
2021-02-02,Wolves,Arsenal,H,3.63,3.29,2.17
2021-02-02,Man United,Southampton,H,1.44,4.73,7.22
2021-02-02,Newcastle,Crystal Palace,A,2.91,3.15,2.63
2021-02-03,Burnley,Man City,A,14.33,6.54,1.22
2021-02-03,Fulham,Leicester,A,4.0,3.49,1.97
2021-02-03,Leeds,Everton,A,2.47,3.63,2.75
2021-02-03,Aston Villa,West Ham,A,2.21,3.43,3.33
2021-02-03,Liverpool,Brighton,A,1.36,5.23,8.38
2021-02-04,Tottenham,Chelsea,A,3.48,3.43,2.16
2021-02-06,Aston Villa,Arsenal,H,2.74,3.47,2.56
2021-02-06,Burnley,Brighton,D,3.58,3.17,2.22
2021-02-06,Newcastle,Southampton,H,2.99,3.27,2.47
2021-02-06,Fulham,West Ham,D,3.57,3.46,2.1
2021-02-06,Man United,Everton,D,1.56,4.26,5.99
2021-02-07,Tottenham,West Brom,H,1.46,4.51,7.23
2021-02-07,Wolves,Leicester,D,3.52,3.37,2.16
2021-02-07,Liverpool,Man City,A,3.37,3.63,2.12
2021-02-07,Sheffield United,Chelsea,A,7.18,4.38,1.48
2021-02-08,Leeds,Crystal Palace,H,1.86,3.82,4.06
2021-02-13,Leicester,Liverpool,H,3.45,3.49,2.14
2021-02-13,Crystal Palace,Burnley,A,2.42,3.11,3.22
2021-02-13,Man City,Tottenham,H,1.33,5.56,8.65
2021-02-13,Brighton,Aston Villa,D,2.77,3.4,2.56
2021-02-14,Southampton,Wolves,A,2.42,3.21,3.12
2021-02-14,West Brom,Man United,D,9.19,5.52,1.33
2021-02-14,Arsenal,Leeds,H,1.89,3.77,3.98
2021-02-14,Everton,Fulham,A,1.93,3.53,4.09
2021-02-15,West Ham,Sheffield United,H,1.73,3.74,5.04
2021-02-15,Chelsea,Newcastle,H,1.24,6.36,11.97
2021-02-17,Burnley,Fulham,D,2.77,3.15,2.72
2021-02-17,Everton,Man City,A,8.56,5.33,1.35
2021-02-19,Wolves,Leeds,H,2.38,3.36,3.08
2021-02-20,Southampton,Chelsea,D,4.93,3.76,1.74
2021-02-20,Burnley,West Brom,D,2.04,3.31,3.96
2021-02-20,Liverpool,Everton,A,1.47,4.59,6.79
2021-02-20,Fulham,Sheffield United,H,2.2,3.19,3.61
2021-02-21,West Ham,Tottenham,H,2.64,3.33,2.73
2021-02-21,Aston Villa,Leicester,A,2.87,3.5,2.44
2021-02-21,Arsenal,Man City,A,6.27,4.36,1.53
2021-02-21,Man United,Newcastle,H,1.3,5.75,10.27
2021-02-22,Brighton,Crystal Palace,A,1.74,3.53,5.36
2021-02-23,Leeds,Southampton,H,2.34,3.47,3.06
2021-02-27,Man City,West Ham,H,1.23,6.55,12.55
2021-02-27,West Brom,Brighton,H,4.14,3.44,1.96
2021-02-27,Leeds,Aston Villa,A,2.23,3.63,3.12
2021-02-27,Newcastle,Wolves,D,3.51,3.12,2.28
2021-02-28,Crystal Palace,Fulham,D,3.49,3.17,2.26
2021-02-28,Leicester,Arsenal,A,2.51,3.34,2.89
2021-02-28,Tottenham,Burnley,H,1.55,4.04,6.66
2021-02-28,Chelsea,Man United,D,2.27,3.29,3.35
2021-02-28,Sheffield United,Liverpool,A,7.56,4.94,1.41
2021-03-01,Everton,Southampton,H,2.19,3.45,3.34
2021-03-02,Man City,Wolves,H,1.22,6.41,15.26
2021-03-03,Burnley,Leicester,D,3.97,3.3,2.05
2021-03-03,Sheffield United,Aston Villa,H,3.73,3.44,2.07
2021-03-03,Crystal Palace,Man United,D,7.56,4.6,1.44
2021-03-04,Fulham,Tottenham,A,3.95,3.57,1.96
2021-03-04,West Brom,Everton,A,4.43,3.67,1.84
2021-03-04,Liverpool,Chelsea,A,2.26,3.59,3.1
2021-03-06,Burnley,Arsenal,D,5.48,3.94,1.64
2021-03-06,Sheffield United,Southampton,A,3.67,3.4,2.09
2021-03-06,Aston Villa,Wolves,D,2.42,3.2,3.14
2021-03-06,Brighton,Leicester,A,2.56,3.24,2.9
2021-03-07,West Brom,Newcastle,D,2.45,3.2,3.09
2021-03-07,Liverpool,Fulham,A,1.38,4.98,8.39
2021-03-07,Man City,Man United,A,1.5,4.35,6.74
2021-03-07,Tottenham,Crystal Palace,H,1.47,4.48,7.11
2021-03-08,Chelsea,Everton,H,1.55,4.14,6.29
2021-03-08,West Ham,Leeds,H,2.09,3.59,3.46
2021-03-10,Man City,Southampton,H,1.21,6.91,14.17
2021-03-12,Newcastle,Aston Villa,D,3.8,3.33,2.09
2021-03-13,Leeds,Chelsea,D,4.57,3.9,1.76
2021-03-13,Crystal Palace,West Brom,H,2.24,3.17,3.55
2021-03-13,Everton,Burnley,A,1.88,3.49,4.42
2021-03-13,Fulham,Man City,A,9.63,4.98,1.35
2021-03-14,Southampton,Brighton,A,2.98,3.07,2.6
2021-03-14,Leicester,Sheffield United,H,1.54,4.12,6.6
2021-03-14,Arsenal,Tottenham,H,2.56,3.34,2.82
2021-03-14,Man United,West Ham,H,1.86,3.57,4.42
2021-03-15,Wolves,Liverpool,A,4.81,3.74,1.76
2021-03-19,Fulham,Leeds,A,2.43,3.35,3.0
2021-03-20,Brighton,Newcastle,H,1.66,3.54,6.24
2021-03-21,West Ham,Arsenal,D,2.83,3.43,2.5
2021-03-21,Aston Villa,Tottenham,A,2.97,3.38,2.42
2021-04-03,Chelsea,West Brom,A,1.22,6.33,14.99
2021-04-03,Leeds,Sheffield United,H,1.52,4.4,6.36
2021-04-03,Leicester,Man City,A,6.16,4.07,1.57
2021-04-03,Arsenal,Liverpool,A,3.13,3.56,2.26
2021-04-04,Southampton,Burnley,H,2.1,3.29,3.78
2021-04-04,Newcastle,Tottenham,D,5.56,4.03,1.62
2021-04-04,Aston Villa,Fulham,H,2.28,3.29,3.32
2021-04-04,Man United,Brighton,H,1.64,3.97,5.39
2021-04-05,Everton,Crystal Palace,D,1.8,3.46,4.91
2021-04-05,Wolves,West Ham,A,2.95,3.13,2.58
2021-04-09,Fulham,Wolves,A,2.57,3.01,3.14
2021-04-10,Man City,Leeds,A,1.3,5.92,9.56
2021-04-10,Liverpool,Aston Villa,H,1.52,4.51,6.22
2021-04-10,Crystal Palace,Chelsea,A,6.95,3.98,1.54
2021-04-11,Burnley,Newcastle,A,2.34,3.12,3.39
2021-04-11,West Ham,Leicester,H,3.01,3.38,2.41
2021-04-11,Tottenham,Man United,A,2.87,3.44,2.49
2021-04-11,Sheffield United,Arsenal,A,6.15,3.97,1.59
2021-04-12,West Brom,Southampton,H,3.55,3.28,2.19
2021-04-12,Brighton,Everton,D,2.3,3.26,3.31
2021-04-16,Everton,Tottenham,D,3.42,3.47,2.17
2021-04-17,Newcastle,West Ham,H,3.65,3.45,2.08
2021-04-17,Wolves,Sheffield United,H,1.69,3.55,5.81
2021-04-18,Arsenal,Fulham,D,1.75,3.72,4.91
2021-04-18,Man United,Burnley,H,1.36,5.05,9.25
2021-04-19,Leeds,Liverpool,D,4.7,4.26,1.68
2021-04-20,Chelsea,Brighton,D,1.61,3.85,6.26
2021-04-21,Tottenham,Southampton,H,1.8,3.79,4.42
2021-04-21,Aston Villa,Man City,A,8.68,4.88,1.38
2021-04-22,Leicester,West Brom,H,1.59,4.08,5.94
2021-04-23,Arsenal,Everton,A,2.06,3.46,3.77
2021-04-24,Liverpool,Newcastle,D,1.24,6.38,12.06
2021-04-24,West Ham,Chelsea,A,4.74,3.75,1.77
2021-04-24,Sheffield United,Brighton,H,5.33,3.56,1.74
2021-04-25,Wolves,Burnley,A,2.07,3.31,3.88
2021-04-25,Leeds,Man United,D,4.05,4.05,1.82
2021-04-25,Aston Villa,West Brom,D,1.88,3.67,4.19
2021-04-26,Leicester,Crystal Palace,H,1.47,4.26,7.71
2021-04-30,Southampton,Leicester,D,3.82,3.81,1.94
2021-05-01,Crystal Palace,Man City,A,10.1,5.14,1.34
2021-05-01,Brighton,Leeds,H,2.16,3.45,3.43
2021-05-01,Chelsea,Fulham,H,1.48,4.27,7.59
2021-05-01,Everton,Aston Villa,A,2.02,3.62,3.69
2021-05-02,Newcastle,Arsenal,A,3.64,3.57,2.05
2021-05-02,Tottenham,Sheffield United,H,1.29,5.73,11.16
2021-05-03,West Brom,Wolves,D,2.91,3.19,2.58
2021-05-03,Burnley,West Ham,A,3.17,3.49,2.26
2021-05-07,Leicester,Newcastle,A,1.42,4.8,7.83
2021-05-08,Leeds,Tottenham,H,3.46,3.8,2.04
2021-05-08,Sheffield United,Crystal Palace,A,2.97,3.25,2.52
2021-05-08,Man City,Chelsea,A,1.94,3.45,4.26
2021-05-08,Liverpool,Southampton,H,1.29,5.97,10.14
2021-05-09,Wolves,Brighton,H,3.35,3.3,2.27
2021-05-09,Aston Villa,Man United,A,4.38,3.81,1.82
2021-05-09,West Ham,Everton,A,2.27,3.44,3.22
2021-05-09,Arsenal,West Brom,H,1.47,4.53,7.01
2021-05-10,Fulham,Burnley,A,2.21,3.41,3.35
2021-05-11,Man United,Leicester,A,2.54,3.37,2.88
2021-05-11,Southampton,Crystal Palace,H,2.1,3.56,3.56
2021-05-12,Chelsea,Arsenal,A,1.73,3.8,5.04
2021-05-13,Aston Villa,Everton,D,2.72,3.44,2.61
2021-05-13,Man United,Liverpool,A,3.15,3.76,2.18
2021-05-14,Newcastle,Man City,A,10.52,5.8,1.3
2021-05-15,Burnley,Leeds,A,3.14,3.64,2.23
2021-05-15,Southampton,Fulham,H,2.02,3.58,3.73
2021-05-15,Brighton,West Ham,D,2.98,3.49,2.39
2021-05-16,Crystal Palace,Aston Villa,H,3.05,3.5,2.33
2021-05-16,Tottenham,Wolves,H,1.54,4.28,6.27
2021-05-16,West Brom,Liverpool,A,12.37,6.75,1.23
2021-05-16,Everton,Sheffield United,A,1.4,4.73,8.34
2021-05-18,Man United,Fulham,D,1.32,5.71,9.38
2021-05-18,Southampton,Leeds,A,2.6,3.81,2.54
2021-05-18,Brighton,Man City,H,6.93,4.49,1.49
2021-05-18,Chelsea,Leicester,H,1.72,3.71,5.37
2021-05-19,Everton,Wolves,H,1.89,3.61,4.25
2021-05-19,Newcastle,Sheffield United,H,1.75,3.83,4.75
2021-05-19,Tottenham,Aston Villa,A,1.53,4.65,5.85
2021-05-19,Crystal Palace,Arsenal,A,6.14,4.41,1.53
2021-05-19,Burnley,Liverpool,A,10.82,6.67,1.25
2021-05-19,West Brom,West Ham,A,5.26,4.25,1.62
2021-05-23,Arsenal,Brighton,H,1.62,4.29,5.23
2021-05-23,Aston Villa,Chelsea,H,6.62,4.56,1.49
2021-05-23,Fulham,Newcastle,A,2.09,3.81,3.32
2021-05-23,Leeds,West Brom,H,1.44,5.18,6.51
2021-05-23,Leicester,Tottenham,A,2.04,4.02,3.33
2021-05-23,Liverpool,Crystal Palace,H,1.16,8.28,17.35
2021-05-23,Man City,Everton,H,1.44,4.94,6.83
2021-05-23,Sheffield United,Burnley,H,2.84,3.63,2.41
2021-05-23,West Ham,Southampton,H,1.72,4.0,4.76
2021-05-23,Wolves,Man United,A,2.53,3.63,2.69
2021-08-13,Brentford,Arsenal,H,4.02,3.43,2.02
2021-08-14,Man United,Leeds,H,1.55,4.48,5.87
2021-08-14,Burnley,Brighton,A,3.19,3.09,2.49
2021-08-14,Chelsea,Crystal Palace,H,1.26,5.92,12.8
2021-08-14,Everton,Southampton,H,1.97,3.53,4.04
2021-08-14,Leicester,Wolves,H,1.71,3.75,5.32
2021-08-14,Watford,Aston Villa,H,3.14,3.26,2.41
2021-08-14,Norwich,Liverpool,A,8.78,5.71,1.33
2021-08-15,Newcastle,West Ham,A,3.2,3.51,2.26
2021-08-15,Tottenham,Man City,H,5.49,4.1,1.64
2021-08-21,Liverpool,Burnley,H,1.21,6.97,14.41
2021-08-21,Aston Villa,Newcastle,H,1.82,3.92,4.25
2021-08-21,Crystal Palace,Brentford,D,2.61,3.18,2.9
2021-08-21,Leeds,Everton,D,2.37,3.47,3.03
2021-08-21,Man City,Norwich,H,1.11,10.58,25.64
2021-08-21,Brighton,Watford,H,1.74,3.52,5.53
2021-08-22,Southampton,Man United,D,5.36,4.26,1.61
2021-08-22,Wolves,Tottenham,A,3.2,3.15,2.43
2021-08-22,Arsenal,Chelsea,A,4.76,3.74,1.78
2021-08-23,West Ham,Leicester,H,2.58,3.44,2.75
2021-08-28,Man City,Arsenal,H,1.26,6.16,11.99
2021-08-28,Aston Villa,Brentford,D,2.0,3.57,3.84
2021-08-28,Brighton,Everton,A,2.35,3.25,3.27
2021-08-28,Newcastle,Southampton,D,2.52,3.47,2.82
2021-08-28,Norwich,Leicester,A,4.34,3.55,1.9
2021-08-28,West Ham,Crystal Palace,D,1.58,4.02,6.29
2021-08-28,Liverpool,Chelsea,D,2.5,3.33,2.95
2021-08-29,Burnley,Leeds,D,3.07,3.51,2.33
2021-08-29,Tottenham,Watford,H,1.44,4.48,8.42
2021-08-29,Wolves,Man United,A,4.91,3.48,1.82
2021-09-11,Crystal Palace,Tottenham,H,4.25,3.44,1.95
2021-09-11,Arsenal,Norwich,H,1.52,4.48,6.4
2021-09-11,Brentford,Brighton,A,2.86,3.14,2.69
2021-09-11,Leicester,Man City,A,5.7,4.22,1.6
2021-09-11,Man United,Newcastle,H,1.2,7.27,14.77
2021-09-11,Southampton,West Ham,D,2.89,3.46,2.47
2021-09-11,Watford,Wolves,A,3.36,3.19,2.33
2021-09-11,Chelsea,Aston Villa,H,1.3,5.46,11.28
2021-09-12,Leeds,Liverpool,A,4.34,4.05,1.78
2021-09-13,Everton,Burnley,H,1.75,3.71,5.01
2021-09-17,Newcastle,Leeds,D,3.01,3.62,2.33
2021-09-18,Wolves,Brentford,A,1.9,3.27,4.83
2021-09-18,Burnley,Arsenal,A,3.82,3.5,2.03
2021-09-18,Liverpool,Crystal Palace,H,1.22,6.84,14.04
2021-09-18,Man City,Southampton,D,1.15,8.46,18.55
2021-09-18,Norwich,Watford,A,2.18,3.39,3.47
2021-09-18,Aston Villa,Everton,H,2.4,3.36,3.06
2021-09-19,Brighton,Leicester,H,2.75,3.23,2.73
2021-09-19,West Ham,Man United,A,4.51,3.9,1.78
2021-09-19,Tottenham,Chelsea,A,4.89,3.83,1.74
2021-09-25,Chelsea,Man City,A,2.66,3.26,2.79
2021-09-25,Man United,Aston Villa,A,1.4,5.08,7.84
2021-09-25,Everton,Norwich,H,1.63,3.86,5.96
2021-09-25,Leeds,West Ham,A,3.04,3.67,2.29
2021-09-25,Leicester,Burnley,D,1.59,4.05,6.12
2021-09-25,Watford,Newcastle,D,2.27,3.37,3.32
2021-09-25,Brentford,Liverpool,D,6.96,4.48,1.49
2021-09-26,Southampton,Wolves,A,2.65,3.24,2.83
2021-09-26,Arsenal,Tottenham,H,2.28,3.31,3.35
2021-09-27,Crystal Palace,Brighton,D,3.04,3.15,2.54
2021-10-02,Man United,Everton,D,1.5,4.38,7.08
2021-10-02,Burnley,Norwich,D,1.88,3.61,4.33
2021-10-02,Chelsea,Southampton,H,1.38,4.9,8.92
2021-10-02,Leeds,Watford,H,1.76,3.9,4.63
2021-10-02,Wolves,Newcastle,H,1.69,4.0,5.02
2021-10-02,Brighton,Arsenal,D,3.05,3.22,2.5
2021-10-03,Crystal Palace,Leicester,D,3.11,3.41,2.36
2021-10-03,Tottenham,Aston Villa,H,2.12,3.53,3.5
2021-10-03,West Ham,Brentford,A,1.82,3.62,4.67
2021-10-03,Liverpool,Man City,D,2.9,3.53,2.43
2021-10-16,Watford,Liverpool,A,8.67,5.33,1.36
2021-10-16,Aston Villa,Wolves,A,2.25,3.28,3.42
2021-10-16,Leicester,Man United,H,3.49,3.59,2.1
2021-10-16,Man City,Burnley,H,1.12,9.47,22.12
2021-10-16,Norwich,Brighton,D,3.67,3.34,2.13
2021-10-16,Southampton,Leeds,H,2.4,3.52,2.93
2021-10-16,Brentford,Chelsea,A,6.37,3.84,1.6
2021-10-17,Everton,West Ham,A,2.52,3.35,2.89
2021-10-17,Newcastle,Tottenham,A,3.51,3.58,2.09
2021-10-18,Arsenal,Crystal Palace,D,1.65,3.87,5.65
2021-10-22,Arsenal,Aston Villa,H,1.91,3.73,4.05
2021-10-23,Chelsea,Norwich,H,1.19,7.07,17.21
2021-10-23,Crystal Palace,Newcastle,D,1.97,3.61,3.88
2021-10-23,Everton,Watford,A,1.67,3.86,5.49
2021-10-23,Leeds,Wolves,D,2.57,3.37,2.79
2021-10-23,Southampton,Burnley,D,2.0,3.54,3.87
2021-10-23,Brighton,Man City,A,7.71,4.77,1.42
2021-10-24,Brentford,Leicester,A,2.63,3.39,2.72
2021-10-24,West Ham,Tottenham,H,2.35,3.49,3.01
2021-10-24,Man United,Liverpool,A,3.06,3.66,2.27
2021-10-30,Leicester,Arsenal,A,2.47,3.47,2.87
2021-10-30,Burnley,Brentford,H,2.66,3.24,2.78
2021-10-30,Liverpool,Brighton,D,1.24,6.49,12.11
2021-10-30,Man City,Crystal Palace,A,1.16,8.13,18.61
2021-10-30,Newcastle,Chelsea,A,8.63,4.91,1.38
2021-10-30,Watford,Southampton,A,3.12,3.37,2.35
2021-10-30,Tottenham,Man United,A,2.93,3.57,2.37
2021-10-31,Norwich,Leeds,A,3.44,3.6,2.11
2021-10-31,Aston Villa,West Ham,A,2.83,3.5,2.48
2021-11-01,Wolves,Everton,H,2.24,3.28,3.39
2021-11-05,Southampton,Aston Villa,H,2.02,3.66,3.68
2021-11-06,Man United,Man City,A,4.69,4.09,1.72
2021-11-06,Brentford,Norwich,A,1.63,3.92,5.8
2021-11-06,Chelsea,Burnley,D,1.26,5.94,12.51
2021-11-06,Crystal Palace,Wolves,H,2.5,3.15,3.08
2021-11-06,Brighton,Newcastle,D,1.62,3.99,5.76
2021-11-07,Arsenal,Watford,H,1.39,4.9,8.25
2021-11-07,Everton,Tottenham,D,3.06,3.28,2.42
2021-11-07,Leeds,Leicester,D,2.76,3.56,2.5
2021-11-07,West Ham,Liverpool,H,4.59,4.11,1.72
2021-11-20,Leicester,Chelsea,A,4.74,3.72,1.78
2021-11-20,Aston Villa,Brighton,H,2.43,3.31,3.04
2021-11-20,Burnley,Crystal Palace,D,2.77,3.23,2.7
2021-11-20,Newcastle,Brentford,D,2.64,3.37,2.72
2021-11-20,Norwich,Southampton,H,3.63,3.46,2.1
2021-11-20,Watford,Man United,H,6.22,4.65,1.5
2021-11-20,Wolves,West Ham,H,3.02,3.27,2.47
2021-11-20,Liverpool,Arsenal,H,1.48,4.77,6.38
2021-11-21,Man City,Everton,H,1.18,7.56,15.95
2021-11-21,Tottenham,Leeds,H,1.73,4.07,4.56
2021-11-27,Arsenal,Newcastle,H,1.47,4.77,6.61
2021-11-27,Crystal Palace,Aston Villa,A,2.24,3.37,3.36
2021-11-27,Liverpool,Southampton,H,1.29,5.99,9.78
2021-11-27,Norwich,Wolves,D,3.54,3.35,2.17
2021-11-27,Brighton,Leeds,D,2.11,3.41,3.67
2021-11-28,Brentford,Everton,H,2.25,3.27,3.4
2021-11-28,Leicester,Watford,H,1.63,4.15,5.26
2021-11-28,Man City,West Ham,H,1.3,5.82,10.01
2021-11-28,Chelsea,Man United,D,1.61,4.12,5.67
2021-11-30,Newcastle,Norwich,D,1.99,3.63,3.82
2021-11-30,Leeds,Crystal Palace,H,2.42,3.33,3.06
2021-12-01,Southampton,Leicester,D,2.43,3.47,2.91
2021-12-01,Watford,Chelsea,A,10.3,5.43,1.31
2021-12-01,West Ham,Brighton,D,2.01,3.53,3.79
2021-12-01,Wolves,Burnley,D,1.95,3.41,4.23
2021-12-01,Aston Villa,Man City,A,8.6,5.2,1.36
2021-12-01,Everton,Liverpool,A,7.52,5.05,1.41
2021-12-02,Tottenham,Brentford,H,1.64,4.07,5.25
2021-12-02,Man United,Arsenal,H,2.02,3.66,3.66
2021-12-04,West Ham,Chelsea,H,4.7,3.6,1.82
2021-12-04,Newcastle,Burnley,H,2.33,3.35,3.19
2021-12-04,Southampton,Brighton,D,2.45,3.21,3.1
2021-12-04,Wolves,Liverpool,A,7.73,4.75,1.43
2021-12-04,Watford,Man City,A,14.65,7.19,1.2
2021-12-05,Leeds,Brentford,D,1.94,3.62,3.99
2021-12-05,Man United,Crystal Palace,H,1.57,4.19,6.09
2021-12-05,Tottenham,Norwich,H,1.41,4.75,8.11
2021-12-05,Aston Villa,Leicester,H,2.36,3.45,3.03
2021-12-06,Everton,Arsenal,H,3.38,3.52,2.16
2021-12-10,Brentford,Watford,H,2.29,3.32,3.34
2021-12-11,Man City,Wolves,H,1.16,8.11,20.35
2021-12-11,Arsenal,Southampton,H,1.67,3.99,5.32
2021-12-11,Chelsea,Leeds,H,1.28,5.95,11.46
2021-12-11,Liverpool,Aston Villa,H,1.23,6.85,11.92
2021-12-11,Norwich,Man United,A,7.25,4.73,1.45
2021-12-12,Burnley,West Ham,D,3.61,3.64,2.05
2021-12-12,Leicester,Newcastle,H,1.75,4.01,4.56
2021-12-12,Crystal Palace,Everton,H,2.29,3.21,3.42
2021-12-14,Norwich,Aston Villa,A,3.37,3.26,2.29
2021-12-14,Man City,Leeds,H,1.15,8.7,18.17
2021-12-15,Brighton,Wolves,A,2.32,3.05,3.51
2021-12-15,Crystal Palace,Southampton,D,2.14,3.38,3.59
2021-12-15,Arsenal,West Ham,H,2.2,3.58,3.26
2021-12-16,Chelsea,Everton,D,1.24,6.17,13.27
2021-12-16,Liverpool,Newcastle,H,1.12,9.52,21.43
2021-12-18,Leeds,Arsenal,A,3.89,3.78,1.91
2021-12-19,Newcastle,Man City,A,16.25,7.72,1.18
2021-12-19,Wolves,Chelsea,D,6.42,3.93,1.58
2021-12-19,Tottenham,Liverpool,D,5.18,4.5,1.59
2021-12-26,Man City,Leicester,H,1.18,7.85,14.75
2021-12-26,Norwich,Arsenal,A,7.73,4.77,1.42
2021-12-26,Tottenham,Crystal Palace,H,1.72,3.87,4.97
2021-12-26,West Ham,Southampton,A,1.85,3.8,4.18
2021-12-26,Aston Villa,Chelsea,A,5.35,3.77,1.7
2021-12-26,Brighton,Brentford,H,1.95,3.45,4.15
2021-12-27,Newcastle,Man United,D,6.66,4.58,1.48
2021-12-28,Crystal Palace,Norwich,H,1.68,3.74,5.68
2021-12-28,Southampton,Tottenham,D,3.74,3.51,2.05
2021-12-28,Watford,West Ham,A,3.28,3.58,2.2
2021-12-28,Leicester,Liverpool,H,7.72,5.72,1.36
2021-12-29,Chelsea,Brighton,D,1.43,4.5,8.18
2021-12-29,Brentford,Man City,A,17.6,7.93,1.17
2021-12-30,Man United,Burnley,H,1.38,4.99,8.54
2022-01-01,Arsenal,Man City,A,5.91,4.62,1.53
2022-01-01,Watford,Tottenham,A,5.32,4.17,1.62
2022-01-01,Crystal Palace,West Ham,A,3.09,3.46,2.33
2022-01-02,Brentford,Aston Villa,H,3.0,3.31,2.45
2022-01-02,Everton,Brighton,A,2.78,3.16,2.72
2022-01-02,Leeds,Burnley,H,2.03,3.57,3.65
2022-01-02,Chelsea,Liverpool,D,3.06,3.54,2.31
2022-01-03,Man United,Wolves,A,1.56,4.17,6.08
2022-01-11,Southampton,Brentford,H,2.11,3.37,3.73
2022-01-12,West Ham,Norwich,H,1.31,5.52,10.28
2022-01-14,Brighton,Crystal Palace,D,2.1,3.28,3.91
2022-01-15,Man City,Chelsea,H,1.72,3.87,5.0
2022-01-15,Newcastle,Watford,D,2.06,3.62,3.55
2022-01-15,Norwich,Everton,H,3.74,3.48,2.05
2022-01-15,Wolves,Southampton,H,2.32,3.16,3.4
2022-01-15,Aston Villa,Man United,D,2.92,3.49,2.42
2022-01-16,Liverpool,Brentford,H,1.3,5.68,10.64
2022-01-16,West Ham,Leeds,A,1.65,4.21,4.98
2022-01-18,Brighton,Chelsea,D,4.81,3.72,1.77
2022-01-19,Leicester,Tottenham,A,3.04,3.42,2.36
2022-01-19,Brentford,Man United,A,4.51,3.64,1.83
2022-01-21,Watford,Norwich,A,2.07,3.52,3.63
2022-01-22,Everton,Aston Villa,A,2.75,3.29,2.66
2022-01-22,Brentford,Wolves,A,3.09,3.05,2.54
2022-01-22,Leeds,Newcastle,A,2.01,3.72,3.63
2022-01-22,Man United,West Ham,H,1.91,3.8,3.88
2022-01-22,Southampton,Man City,D,10.18,6.08,1.28
2022-01-23,Arsenal,Burnley,D,1.36,4.97,9.11
2022-01-23,Crystal Palace,Liverpool,A,5.73,4.21,1.58
2022-01-23,Leicester,Brighton,D,2.55,3.37,2.8
2022-01-23,Chelsea,Tottenham,H,1.69,3.99,4.96
2022-02-05,Burnley,Watford,D,2.21,3.27,3.51
2022-02-08,Newcastle,Everton,H,2.52,3.38,2.88
2022-02-08,West Ham,Watford,H,1.55,4.3,6.28
2022-02-08,Burnley,Man United,D,5.82,4.07,1.61
2022-02-09,Man City,Brentford,H,1.11,9.98,23.47
2022-02-09,Norwich,Crystal Palace,D,3.5,3.36,2.18
2022-02-09,Tottenham,Southampton,A,1.61,4.13,5.57
2022-02-09,Aston Villa,Leeds,D,1.8,3.96,4.26
2022-02-10,Liverpool,Leicester,H,1.26,6.56,10.5
2022-02-10,Wolves,Arsenal,A,3.57,3.25,2.2
2022-02-12,Man United,Southampton,D,1.61,4.22,5.43
2022-02-12,Brentford,Crystal Palace,D,2.66,3.09,2.92
2022-02-12,Everton,Leeds,H,2.32,3.64,2.99
2022-02-12,Watford,Brighton,A,3.7,3.27,2.14
2022-02-12,Norwich,Man City,A,18.09,7.86,1.17
2022-02-13,Burnley,Liverpool,A,10.72,5.75,1.29
2022-02-13,Newcastle,Aston Villa,H,2.72,3.44,2.6
2022-02-13,Tottenham,Wolves,A,1.68,3.76,5.57
2022-02-13,Leicester,West Ham,D,2.88,3.58,2.4
2022-02-15,Man United,Brighton,H,1.78,3.78,4.74
2022-02-19,West Ham,Newcastle,D,1.7,3.91,5.11
2022-02-19,Arsenal,Brentford,H,1.46,4.46,7.68
2022-02-19,Aston Villa,Watford,A,1.67,3.93,5.41
2022-02-19,Brighton,Burnley,A,1.67,3.74,5.75
2022-02-19,Crystal Palace,Chelsea,A,5.59,3.9,1.65
2022-02-19,Liverpool,Norwich,H,1.12,9.63,24.83
2022-02-19,Southampton,Everton,H,2.08,3.56,3.58
2022-02-19,Man City,Tottenham,A,1.29,5.87,10.84
2022-02-20,Leeds,Man United,A,3.91,3.86,1.9
2022-02-20,Wolves,Leicester,H,2.29,3.28,3.33
2022-02-23,Burnley,Tottenham,H,4.72,3.73,1.79
2022-02-23,Watford,Crystal Palace,A,3.2,3.24,2.4
2022-02-23,Liverpool,Leeds,H,1.16,8.73,16.66
2022-02-24,Arsenal,Wolves,H,1.65,3.8,5.83
2022-02-25,Southampton,Norwich,H,1.54,4.37,6.22
2022-02-26,Leeds,Tottenham,A,4.03,3.96,1.86
2022-02-26,Brentford,Newcastle,A,2.52,3.17,3.04
2022-02-26,Crystal Palace,Burnley,D,1.97,3.42,4.19
2022-02-26,Man United,Watford,D,1.34,5.44,9.04
2022-02-26,Brighton,Aston Villa,A,2.27,3.28,3.41
2022-02-26,Everton,Man City,A,10.95,6.04,1.28
2022-02-27,West Ham,Wolves,H,2.11,3.24,3.89
2022-03-01,Burnley,Leicester,A,2.94,3.34,2.52
2022-03-05,Leicester,Leeds,H,1.8,4.12,4.14
2022-03-05,Aston Villa,Southampton,H,2.36,3.48,3.04
2022-03-05,Burnley,Chelsea,A,7.44,4.15,1.5
2022-03-05,Newcastle,Brighton,H,2.77,3.19,2.74
2022-03-05,Norwich,Brentford,A,2.95,3.15,2.6
2022-03-05,Wolves,Crystal Palace,A,2.37,3.1,3.4
2022-03-05,Liverpool,West Ham,H,1.3,5.86,9.95
2022-03-06,Watford,Arsenal,A,6.14,4.02,1.59
2022-03-06,Man City,Man United,H,1.41,4.91,7.86
2022-03-07,Tottenham,Everton,H,1.61,4.13,5.61
2022-03-10,Norwich,Chelsea,A,11.9,5.59,1.29
2022-03-10,Southampton,Newcastle,A,2.0,3.7,3.71
2022-03-10,Wolves,Watford,H,1.82,3.5,4.84
2022-03-10,Leeds,Aston Villa,A,2.72,3.59,2.54
2022-03-12,Brighton,Liverpool,A,6.2,4.47,1.53
2022-03-12,Brentford,Burnley,H,2.2,3.23,3.65
2022-03-12,Man United,Tottenham,H,2.18,3.56,3.33
2022-03-13,Chelsea,Newcastle,H,1.33,5.3,10.16
2022-03-13,Everton,Wolves,A,2.31,3.24,3.35
2022-03-13,Leeds,Norwich,H,1.6,4.31,5.51
2022-03-13,Southampton,Watford,A,1.61,4.17,5.59
2022-03-13,West Ham,Aston Villa,H,2.33,3.31,3.24
2022-03-13,Arsenal,Leicester,H,1.53,4.55,6.0
2022-03-14,Crystal Palace,Man City,D,9.82,5.5,1.32
2022-03-16,Brighton,Tottenham,A,3.28,3.34,2.3
2022-03-16,Arsenal,Liverpool,A,3.78,3.98,1.92
2022-03-17,Everton,Newcastle,H,2.37,3.38,3.11
2022-03-18,Wolves,Leeds,A,2.14,3.49,3.56
2022-03-19,Aston Villa,Arsenal,A,2.99,3.47,2.41
2022-03-20,Leicester,Brentford,H,2.19,3.45,3.41
2022-03-20,Tottenham,West Ham,H,1.75,3.94,4.7
2022-04-02,Liverpool,Watford,H,1.13,9.36,21.82
2022-04-02,Brighton,Norwich,D,1.5,4.12,7.51
2022-04-02,Burnley,Man City,A,13.75,6.54,1.23
2022-04-02,Chelsea,Brentford,A,1.35,4.99,10.04
2022-04-02,Leeds,Southampton,D,2.42,3.61,2.86
2022-04-02,Wolves,Aston Villa,H,3.01,3.1,2.59
2022-04-02,Man United,Leicester,D,1.52,4.6,6.1
2022-04-03,West Ham,Everton,H,1.79,3.75,4.6
2022-04-03,Tottenham,Newcastle,H,1.52,4.36,6.58
2022-04-04,Crystal Palace,Arsenal,H,4.05,3.41,1.99
2022-04-06,Burnley,Everton,H,2.57,3.16,2.98
2022-04-08,Newcastle,Wolves,H,2.31,3.11,3.51
2022-04-09,Everton,Man United,H,4.48,3.84,1.8
2022-04-09,Arsenal,Brighton,A,1.65,3.9,5.64
2022-04-09,Southampton,Chelsea,A,3.98,3.69,1.93
2022-04-09,Watford,Leeds,A,2.69,3.54,2.58
2022-04-09,Aston Villa,Tottenham,A,3.15,3.55,2.27
2022-04-10,Brentford,West Ham,H,2.69,3.31,2.73
2022-04-10,Leicester,Crystal Palace,H,2.41,3.44,2.98
2022-04-10,Norwich,Burnley,H,2.97,3.19,2.56
2022-04-10,Man City,Liverpool,D,2.06,3.71,3.5
2022-04-16,Tottenham,Brighton,A,1.54,4.25,6.35
2022-04-16,Man United,Norwich,H,1.24,6.45,12.84
2022-04-16,Southampton,Arsenal,H,3.9,3.68,1.95
2022-04-16,Watford,Brentford,A,2.86,3.28,2.59
2022-04-17,Newcastle,Leicester,H,2.25,3.38,3.32
2022-04-17,West Ham,Burnley,D,1.72,3.84,5.02
2022-04-19,Liverpool,Man United,H,1.41,5.21,7.44
2022-04-20,Chelsea,Arsenal,A,1.87,3.64,4.34
2022-04-20,Everton,Leicester,D,2.32,3.45,3.15
2022-04-20,Newcastle,Crystal Palace,H,2.34,3.26,3.25
2022-04-20,Man City,Brighton,H,1.2,6.85,17.12
2022-04-21,Burnley,Southampton,H,2.76,3.41,2.61
2022-04-23,Arsenal,Man United,H,2.11,3.58,3.5
2022-04-23,Leicester,Aston Villa,D,2.85,3.39,2.54
2022-04-23,Man City,Watford,H,1.11,9.78,25.83
2022-04-23,Norwich,Newcastle,A,3.55,3.33,2.18
2022-04-23,Brentford,Tottenham,D,4.28,3.67,1.87
2022-04-24,Brighton,Southampton,D,2.17,3.32,3.59
2022-04-24,Burnley,Wolves,H,2.71,3.11,2.86
2022-04-24,Chelsea,West Ham,H,1.53,4.37,6.4
2022-04-24,Liverpool,Everton,H,1.19,7.35,15.64
2022-04-25,Crystal Palace,Leeds,D,2.08,3.59,3.53
2022-04-28,Man United,Chelsea,D,3.17,3.57,2.25
2022-04-30,Newcastle,Liverpool,A,7.81,4.87,1.41
2022-04-30,Aston Villa,Norwich,H,1.4,4.94,8.3
2022-04-30,Southampton,Crystal Palace,A,2.41,3.37,3.05
2022-04-30,Watford,Burnley,A,2.68,3.31,2.75
2022-04-30,Wolves,Brighton,A,2.75,3.09,2.83
2022-04-30,Leeds,Man City,A,9.69,5.85,1.31
2022-05-01,Everton,Chelsea,H,4.83,3.71,1.77
2022-05-01,Tottenham,Leicester,H,1.46,4.8,6.88
2022-05-01,West Ham,Arsenal,A,4.54,3.84,1.79
2022-05-02,Man United,Brentford,H,1.76,3.95,4.51
2022-05-07,Brentford,Southampton,H,2.21,3.44,3.35
2022-05-07,Burnley,Aston Villa,A,3.0,3.33,2.46
2022-05-07,Chelsea,Wolves,D,1.36,4.95,9.62
2022-05-07,Crystal Palace,Watford,H,1.69,3.89,5.2
2022-05-07,Brighton,Man United,H,2.8,3.44,2.56
2022-05-07,Liverpool,Tottenham,D,1.46,4.89,6.68
2022-05-08,Arsenal,Leeds,H,1.46,4.81,6.77
2022-05-08,Leicester,Everton,A,2.61,3.34,2.8
2022-05-08,Norwich,West Ham,A,4.51,3.81,1.8
2022-05-08,Man City,Newcastle,H,1.18,7.63,17.16
2022-05-10,Aston Villa,Liverpool,A,7.35,4.85,1.44
2022-05-11,Leeds,Chelsea,A,4.98,4.17,1.67
2022-05-11,Leicester,Norwich,H,1.44,4.9,7.02
2022-05-11,Watford,Everton,D,4.26,3.68,1.87
2022-05-11,Wolves,Man City,A,12.83,5.88,1.26
2022-05-12,Tottenham,Arsenal,H,2.12,3.6,3.42
2022-05-15,Tottenham,Burnley,H,1.34,5.36,9.11
2022-05-15,Aston Villa,Crystal Palace,D,2.06,3.55,3.63
2022-05-15,Leeds,Brighton,D,2.67,3.52,2.61
2022-05-15,Watford,Leicester,A,3.65,3.68,2.02
2022-05-15,West Ham,Man City,D,8.01,5.2,1.38
2022-05-15,Wolves,Norwich,D,1.46,4.58,7.25
2022-05-15,Everton,Brentford,A,2.1,3.55,3.53
2022-05-16,Newcastle,Arsenal,H,4.14,3.68,1.88
2022-05-17,Southampton,Liverpool,A,8.02,5.49,1.37
2022-05-19,Everton,Crystal Palace,H,1.95,3.47,4.16
2022-05-19,Aston Villa,Burnley,D,2.05,3.56,3.7
2022-05-19,Chelsea,Leicester,D,1.38,4.91,8.66
2022-05-22,Arsenal,Everton,H,1.37,5.15,8.69
2022-05-22,Brentford,Leeds,A,2.41,3.76,2.79
2022-05-22,Brighton,West Ham,H,2.4,3.57,2.91
2022-05-22,Burnley,Newcastle,A,2.24,3.48,3.25
2022-05-22,Chelsea,Watford,H,1.17,7.89,17.63
2022-05-22,Crystal Palace,Man United,H,3.1,3.66,2.25
2022-05-22,Leicester,Southampton,H,1.88,4.03,3.86
2022-05-22,Liverpool,Wolves,H,1.16,8.12,18.95
2022-05-22,Man City,Aston Villa,H,1.16,8.18,18.24
2022-05-22,Norwich,Tottenham,A,11.19,6.45,1.26
2022-08-05,Crystal Palace,Arsenal,A,4.39,3.59,1.88
2022-08-06,Fulham,Liverpool,D,10.99,6.05,1.28
2022-08-06,Bournemouth,Aston Villa,H,3.8,3.5,2.04
2022-08-06,Leeds,Wolves,H,2.34,3.34,3.18
2022-08-06,Newcastle,Nottm Forest,H,1.67,3.8,5.57
2022-08-06,Tottenham,Southampton,H,1.36,5.27,8.64
2022-08-06,Everton,Chelsea,A,5.74,3.96,1.63
2022-08-07,Leicester,Brentford,D,2.03,3.66,3.64
2022-08-07,Man United,Brighton,A,1.62,4.01,5.68
2022-08-07,West Ham,Man City,A,8.32,5.25,1.37
2022-08-13,Aston Villa,Everton,H,1.82,3.56,4.87
2022-08-13,Arsenal,Leicester,H,1.55,4.37,6.04
2022-08-13,Brighton,Newcastle,D,2.44,3.25,3.1
2022-08-13,Man City,Bournemouth,H,1.07,12.72,37.57
2022-08-13,Southampton,Leeds,D,2.32,3.51,3.1
2022-08-13,Wolves,Fulham,D,2.4,3.28,3.15
2022-08-13,Brentford,Man United,H,3.77,3.56,2.02
2022-08-14,Nottm Forest,West Ham,H,4.21,3.64,1.9
2022-08-14,Chelsea,Tottenham,D,2.29,3.44,3.21
2022-08-15,Liverpool,Crystal Palace,D,1.2,6.85,16.33
2022-08-20,Tottenham,Wolves,H,1.41,4.88,7.96
2022-08-20,Crystal Palace,Aston Villa,H,2.52,3.2,3.0
2022-08-20,Everton,Nottm Forest,D,1.97,3.48,4.05
2022-08-20,Fulham,Brentford,H,2.46,3.42,2.92
2022-08-20,Leicester,Southampton,A,1.85,3.97,4.01
2022-08-20,Bournemouth,Arsenal,A,7.65,4.7,1.43
2022-08-21,Leeds,Chelsea,H,5.93,4.43,1.55
2022-08-21,West Ham,Brighton,A,2.32,3.41,3.14
2022-08-21,Newcastle,Man City,D,8.67,5.11,1.37
2022-08-22,Man United,Liverpool,H,5.22,4.38,1.6
2022-08-27,Southampton,Man United,A,4.27,4.06,1.8
2022-08-27,Brentford,Everton,D,2.06,3.47,3.77
2022-08-27,Brighton,Leeds,H,1.91,3.73,4.04
2022-08-27,Chelsea,Leicester,H,1.42,4.93,7.52
2022-08-27,Liverpool,Bournemouth,H,1.11,10.17,25.51
2022-08-27,Man City,Crystal Palace,H,1.19,7.56,15.25
2022-08-27,Arsenal,Fulham,H,1.32,5.77,9.44
2022-08-28,Aston Villa,West Ham,A,2.3,3.43,3.18
2022-08-28,Wolves,Newcastle,D,2.75,3.26,2.7
2022-08-28,Nottm Forest,Tottenham,A,6.98,4.59,1.47
2022-08-30,Crystal Palace,Brentford,D,2.1,3.42,3.72
2022-08-30,Fulham,Brighton,H,3.21,3.35,2.33
2022-08-30,Southampton,Chelsea,H,5.22,4.16,1.65
2022-08-30,Leeds,Everton,D,2.14,3.57,3.46
2022-08-31,Arsenal,Aston Villa,H,1.47,4.63,7.0
2022-08-31,Bournemouth,Wolves,D,3.53,3.38,2.16
2022-08-31,Man City,Nottm Forest,H,1.08,12.84,30.99
2022-08-31,West Ham,Tottenham,D,3.63,3.74,2.01
2022-08-31,Liverpool,Newcastle,H,1.31,5.81,9.58
2022-09-01,Leicester,Man United,A,3.41,3.81,2.07
2022-09-03,Everton,Liverpool,D,7.77,5.06,1.4
2022-09-03,Brentford,Leeds,H,2.17,3.59,3.33
2022-09-03,Chelsea,West Ham,H,1.55,4.38,6.03
2022-09-03,Newcastle,Crystal Palace,D,2.05,3.48,3.8
2022-09-03,Nottm Forest,Bournemouth,A,2.02,3.47,3.89
2022-09-03,Tottenham,Fulham,H,1.49,4.62,6.54
2022-09-03,Wolves,Southampton,H,2.24,3.4,3.33
2022-09-03,Aston Villa,Man City,D,8.75,5.63,1.34
2022-09-04,Brighton,Leicester,H,1.87,3.6,4.43
2022-09-04,Man United,Arsenal,H,2.61,3.55,2.67
2022-09-16,Aston Villa,Southampton,H,2.1,3.55,3.53
2022-09-16,Nottm Forest,Fulham,A,2.81,3.4,2.57
2022-09-17,Wolves,Man City,A,9.25,5.47,1.34
2022-09-17,Newcastle,Bournemouth,D,1.47,4.47,7.39
2022-09-17,Tottenham,Leicester,H,1.49,4.59,6.7
2022-09-18,Brentford,Arsenal,A,4.3,3.91,1.81
2022-09-18,Everton,West Ham,H,2.95,3.31,2.5
2022-10-01,Arsenal,Tottenham,H,2.08,3.7,3.48
2022-10-01,Bournemouth,Brentford,D,3.36,3.44,2.21
2022-10-01,Crystal Palace,Chelsea,A,4.29,3.57,1.9
2022-10-01,Fulham,Newcastle,A,3.04,3.46,2.37
2022-10-01,Liverpool,Brighton,D,1.37,5.33,8.25
2022-10-01,Southampton,Everton,A,2.19,3.41,3.44
2022-10-01,West Ham,Wolves,H,1.96,3.48,4.12
2022-10-02,Man City,Man United,H,1.35,5.7,8.0
2022-10-02,Leeds,Aston Villa,D,2.36,3.46,3.03
2022-10-03,Leicester,Nottm Forest,H,1.76,4.05,4.41
2022-10-08,Bournemouth,Leicester,H,3.53,3.63,2.09
2022-10-08,Chelsea,Wolves,H,1.4,4.82,8.5
2022-10-08,Man City,Southampton,H,1.12,10.3,21.15
2022-10-08,Newcastle,Brentford,H,1.8,3.92,4.38
2022-10-08,Brighton,Tottenham,A,2.76,3.47,2.58
2022-10-09,Crystal Palace,Leeds,H,2.07,3.62,3.57
2022-10-09,West Ham,Fulham,H,1.78,3.9,4.56
2022-10-09,Arsenal,Liverpool,H,2.58,3.72,2.62
2022-10-09,Everton,Man United,A,3.56,3.58,2.09
2022-10-10,Nottm Forest,Aston Villa,D,3.35,3.49,2.19
2022-10-14,Brentford,Brighton,H,3.21,3.44,2.3
2022-10-15,Leicester,Crystal Palace,D,2.31,3.49,3.12
2022-10-15,Fulham,Bournemouth,D,1.89,3.72,4.13
2022-10-15,Wolves,Nottm Forest,H,1.72,3.81,5.13
2022-10-15,Tottenham,Everton,H,1.49,4.56,6.81
2022-10-16,Aston Villa,Chelsea,A,4.54,3.69,1.82
2022-10-16,Leeds,Arsenal,A,5.83,4.41,1.56
2022-10-16,Man United,Newcastle,D,2.0,3.78,3.65
2022-10-16,Southampton,West Ham,D,2.96,3.42,2.44
2022-10-16,Liverpool,Man City,H,3.74,4.06,1.91
2022-10-18,Brighton,Nottm Forest,D,1.4,4.91,8.19
2022-10-18,Crystal Palace,Wolves,H,2.29,3.19,3.46
2022-10-19,Bournemouth,Southampton,A,2.72,3.33,2.69
2022-10-19,Brentford,Chelsea,D,4.79,3.92,1.74
2022-10-19,Liverpool,West Ham,H,1.44,5.01,6.96
2022-10-19,Newcastle,Everton,H,1.64,4.05,5.46
2022-10-19,Man United,Tottenham,H,2.45,3.57,2.86
2022-10-20,Fulham,Aston Villa,H,2.88,3.42,2.51
2022-10-20,Leicester,Leeds,H,2.32,3.58,3.03
2022-10-22,Nottm Forest,Liverpool,H,11.31,6.19,1.26
2022-10-22,Everton,Crystal Palace,H,2.58,3.18,2.96
2022-10-22,Man City,Brighton,H,1.21,6.94,14.36
2022-10-22,Chelsea,Man United,D,2.14,3.51,3.5
2022-10-23,Aston Villa,Brentford,H,2.14,3.5,3.49
2022-10-23,Leeds,Fulham,A,2.06,3.62,3.59
2022-10-23,Southampton,Arsenal,D,5.78,4.27,1.58
2022-10-23,Wolves,Leicester,A,2.3,3.38,3.24
2022-10-23,Tottenham,Newcastle,A,2.09,3.58,3.53
2022-10-24,West Ham,Bournemouth,H,1.55,4.16,6.2
2022-10-29,Leicester,Man City,A,9.66,6.09,1.29
2022-10-29,Bournemouth,Tottenham,A,5.1,3.91,1.69
2022-10-29,Brentford,Wolves,D,2.2,3.46,3.33
2022-10-29,Brighton,Chelsea,H,3.03,3.34,2.41
2022-10-29,Crystal Palace,Southampton,H,1.95,3.57,4.03
2022-10-29,Newcastle,Aston Villa,H,1.83,3.73,4.41
2022-10-29,Fulham,Everton,D,2.36,3.43,3.07
2022-10-29,Liverpool,Leeds,A,1.3,6.07,9.16
2022-10-30,Arsenal,Nottm Forest,H,1.2,6.96,14.82
2022-10-30,Man United,West Ham,H,1.7,4.02,4.85
2022-11-05,Leeds,Bournemouth,H,1.74,3.93,4.73
2022-11-05,Man City,Fulham,H,1.13,9.74,19.8
2022-11-05,Nottm Forest,Brentford,D,2.78,3.39,2.59
2022-11-05,Wolves,Brighton,A,3.39,3.33,2.24
2022-11-05,Everton,Leicester,A,2.43,3.33,3.03
2022-11-06,Chelsea,Arsenal,A,2.64,3.42,2.7
2022-11-06,Aston Villa,Man United,H,3.39,3.54,2.15
2022-11-06,Southampton,Newcastle,A,4.02,3.66,1.92
2022-11-06,West Ham,Crystal Palace,A,1.94,3.49,4.18
2022-11-06,Tottenham,Liverpool,A,3.28,3.67,2.16
2022-11-12,Man City,Brentford,A,1.14,8.92,19.14
2022-11-12,Bournemouth,Everton,H,2.86,3.25,2.6
2022-11-12,Liverpool,Southampton,H,1.25,6.52,11.38
2022-11-12,Nottm Forest,Crystal Palace,H,3.12,3.24,2.43
2022-11-12,Tottenham,Leeds,H,1.64,4.26,5.04
2022-11-12,West Ham,Leicester,A,2.09,3.51,3.6
2022-11-12,Newcastle,Chelsea,H,2.33,3.44,3.11
2022-11-12,Wolves,Arsenal,A,6.15,4.26,1.55
2022-11-13,Brighton,Aston Villa,A,1.86,3.71,4.21
2022-11-13,Fulham,Man United,A,3.91,3.88,1.89
2022-12-26,Brentford,Tottenham,D,3.85,3.74,1.95
2022-12-26,Crystal Palace,Fulham,A,2.07,3.55,3.58
2022-12-26,Everton,Wolves,A,2.35,3.25,3.24
2022-12-26,Leicester,Newcastle,A,3.24,3.54,2.21
2022-12-26,Southampton,Brighton,A,3.4,3.51,2.15
2022-12-26,Aston Villa,Liverpool,A,4.51,4.04,1.75
2022-12-26,Arsenal,West Ham,H,1.51,4.39,6.52
2022-12-27,Chelsea,Bournemouth,H,1.32,5.46,9.72
2022-12-27,Man United,Nottm Forest,H,1.31,5.51,10.4
2022-12-28,Leeds,Man City,A,9.46,5.99,1.3
2022-12-30,West Ham,Brentford,A,2.06,3.59,3.64
2022-12-30,Liverpool,Leicester,H,1.3,6.03,9.64
2022-12-31,Wolves,Man United,A,4.09,3.64,1.92
2022-12-31,Bournemouth,Crystal Palace,A,2.91,3.27,2.55
2022-12-31,Fulham,Southampton,H,2.02,3.57,3.77
2022-12-31,Man City,Everton,D,1.14,8.61,21.51
2022-12-31,Newcastle,Leeds,D,1.47,4.73,6.73
2022-12-31,Brighton,Arsenal,A,3.46,3.56,2.12
2023-01-01,Tottenham,Aston Villa,A,1.68,4.06,4.94
2023-01-01,Nottm Forest,Chelsea,D,5.21,3.88,1.69
2023-01-02,Brentford,Liverpool,H,5.65,4.52,1.56
2023-01-03,Arsenal,Newcastle,D,1.82,3.83,4.39
2023-01-03,Everton,Brighton,A,3.56,3.46,2.13
2023-01-03,Leicester,Fulham,A,2.23,3.63,3.16
2023-01-03,Man United,Bournemouth,H,1.29,5.94,10.56
2023-01-04,Southampton,Nottm Forest,A,2.03,3.46,3.82
2023-01-04,Leeds,West Ham,D,2.62,3.52,2.65
2023-01-04,Aston Villa,Wolves,D,1.99,3.57,3.86
2023-01-04,Crystal Palace,Tottenham,A,3.34,3.48,2.19
2023-01-05,Chelsea,Man City,A,5.17,4.03,1.66
2023-01-12,Fulham,Chelsea,H,3.36,3.54,2.18
2023-01-13,Aston Villa,Leeds,H,1.94,3.63,4.02
2023-01-14,Man United,Man City,H,4.21,3.9,1.84
2023-01-14,Brighton,Liverpool,H,3.31,3.76,2.12
2023-01-14,Everton,Southampton,A,2.25,3.39,3.32
2023-01-14,Nottm Forest,Leicester,H,2.72,3.4,2.65
2023-01-14,Wolves,West Ham,H,2.7,3.27,2.75
2023-01-14,Brentford,Bournemouth,H,1.66,4.09,5.2
2023-01-15,Chelsea,Crystal Palace,H,1.66,3.93,5.47
2023-01-15,Newcastle,Fulham,H,1.52,4.42,6.32
2023-01-15,Tottenham,Arsenal,A,3.24,3.63,2.18
2023-01-18,Crystal Palace,Man United,D,4.56,3.78,1.8
2023-01-19,Man City,Tottenham,H,1.37,5.41,8.06
2023-01-21,Liverpool,Chelsea,D,1.89,3.82,4.08
2023-01-21,Bournemouth,Nottm Forest,D,2.76,3.18,2.76
2023-01-21,Leicester,Brighton,D,3.51,3.65,2.08
2023-01-21,Southampton,Aston Villa,A,2.88,3.38,2.53
2023-01-21,West Ham,Everton,H,1.8,3.68,4.76
2023-01-21,Crystal Palace,Newcastle,D,4.4,3.58,1.88
2023-01-22,Leeds,Brentford,D,2.38,3.67,2.89
2023-01-22,Man City,Wolves,H,1.2,7.38,14.81
2023-01-22,Arsenal,Man United,H,1.86,3.86,4.08
2023-01-23,Fulham,Tottenham,A,3.25,3.75,2.13
2023-02-03,Chelsea,Fulham,D,1.64,4.05,5.55
2023-02-04,Everton,Arsenal,H,8.22,4.75,1.41
2023-02-04,Aston Villa,Leicester,A,1.99,3.64,3.83
2023-02-04,Brentford,Southampton,H,1.89,3.64,4.21
2023-02-04,Brighton,Bournemouth,H,1.35,5.22,9.18
2023-02-04,Man United,Crystal Palace,H,1.4,4.83,8.33
2023-02-04,Wolves,Liverpool,H,4.02,3.85,1.88
2023-02-04,Newcastle,West Ham,D,1.62,3.92,6.03
2023-02-05,Nottm Forest,Leeds,H,2.64,3.43,2.71
2023-02-05,Tottenham,Man City,H,4.43,4.16,1.75
2023-02-08,Man United,Leeds,D,1.47,4.83,6.54
2023-02-11,West Ham,Chelsea,D,3.4,3.29,2.27
2023-02-11,Arsenal,Brentford,D,1.45,4.72,7.52
2023-02-11,Crystal Palace,Brighton,D,3.81,3.51,2.04
2023-02-11,Fulham,Nottm Forest,H,1.93,3.56,4.22
2023-02-11,Leicester,Tottenham,H,3.39,3.64,2.13
2023-02-11,Southampton,Wolves,A,3.03,3.18,2.54
2023-02-11,Bournemouth,Newcastle,D,6.39,4.06,1.57
2023-02-12,Leeds,Man United,A,3.86,3.85,1.92
2023-02-12,Man City,Aston Villa,H,1.25,6.59,11.89
2023-02-13,Liverpool,Everton,H,1.53,4.38,6.23
2023-02-15,Arsenal,Man City,A,2.93,3.51,2.42
2023-02-18,Aston Villa,Arsenal,A,4.43,3.71,1.84
2023-02-18,Brentford,Crystal Palace,D,1.86,3.54,4.59
2023-02-18,Brighton,Fulham,A,1.67,4.06,5.15
2023-02-18,Chelsea,Southampton,A,1.38,4.76,9.42
2023-02-18,Everton,Leeds,H,2.48,3.31,2.99
2023-02-18,Nottm Forest,Man City,D,10.01,5.62,1.31
2023-02-18,Wolves,Bournemouth,A,1.68,3.81,5.53
2023-02-18,Newcastle,Liverpool,A,2.57,3.51,2.75
2023-02-19,Man United,Leicester,H,1.62,4.32,5.22
2023-02-19,Tottenham,West Ham,H,1.83,3.76,4.39
2023-02-24,Fulham,Wolves,D,2.54,3.22,3.0
2023-02-25,Everton,Aston Villa,A,2.54,3.21,2.98
2023-02-25,Leeds,Southampton,H,1.99,3.57,3.89
2023-02-25,Leicester,Arsenal,A,4.73,4.09,1.71
2023-02-25,West Ham,Nottm Forest,H,1.78,3.61,4.97
2023-02-25,Bournemouth,Man City,A,10.21,5.81,1.3
2023-02-25,Crystal Palace,Liverpool,D,4.7,3.93,1.74
2023-02-26,Tottenham,Chelsea,H,2.54,3.33,2.91
2023-03-01,Arsenal,Everton,H,1.36,5.04,9.33
2023-03-01,Liverpool,Wolves,H,1.49,4.59,6.6
2023-03-04,Man City,Newcastle,H,1.48,4.59,6.76
2023-03-04,Arsenal,Bournemouth,H,1.22,6.82,13.83
2023-03-04,Aston Villa,Crystal Palace,H,2.07,3.32,3.88
2023-03-04,Brighton,West Ham,H,1.79,3.8,4.61
2023-03-04,Chelsea,Leeds,H,1.64,4.02,5.52
2023-03-04,Wolves,Tottenham,H,3.31,3.36,2.27
2023-03-04,Southampton,Leicester,H,2.77,3.31,2.64
2023-03-05,Nottm Forest,Everton,D,2.68,3.08,2.92
2023-03-05,Liverpool,Man United,H,2.4,3.68,2.85
2023-03-06,Brentford,Fulham,H,2.0,3.65,3.71
2023-03-11,Bournemouth,Liverpool,H,7.07,4.95,1.43
2023-03-11,Everton,Brentford,H,2.71,3.2,2.76
2023-03-11,Leeds,Brighton,D,3.84,3.67,1.97
2023-03-11,Leicester,Chelsea,A,3.83,3.56,2.0
2023-03-11,Tottenham,Nottm Forest,H,1.44,4.62,7.52
2023-03-11,Crystal Palace,Man City,A,9.05,5.12,1.36
2023-03-12,Fulham,Arsenal,A,5.74,4.17,1.59
2023-03-12,Man United,Southampton,D,1.34,5.26,9.22
2023-03-12,West Ham,Aston Villa,D,2.23,3.37,3.36
2023-03-12,Newcastle,Wolves,H,1.67,3.81,5.47
2023-03-15,Brighton,Crystal Palace,H,1.46,4.44,7.58
2023-03-15,Southampton,Brentford,A,2.97,3.31,2.46
2023-03-17,Nottm Forest,Newcastle,A,5.58,3.83,1.67
2023-03-18,Aston Villa,Bournemouth,H,1.72,3.85,4.99
2023-03-18,Brentford,Leicester,D,1.95,3.7,3.85
2023-03-18,Southampton,Tottenham,D,4.56,3.68,1.82
2023-03-18,Wolves,Leeds,A,2.28,3.23,3.41
2023-03-18,Chelsea,Everton,D,1.49,4.18,7.62
2023-03-19,Arsenal,Crystal Palace,H,1.26,5.93,12.83
2023-04-01,Man City,Liverpool,H,1.64,4.2,5.19
2023-04-01,Arsenal,Leeds,H,1.29,5.84,10.48
2023-04-01,Bournemouth,Fulham,H,2.56,3.34,2.84
2023-04-01,Brighton,Brentford,D,1.67,4.08,5.05
2023-04-01,Crystal Palace,Leicester,H,2.54,3.24,2.94
2023-04-01,Nottm Forest,Wolves,D,2.96,3.13,2.61
2023-04-01,Chelsea,Aston Villa,A,1.68,3.83,5.4
2023-04-02,West Ham,Southampton,H,1.76,3.74,4.87
2023-04-02,Newcastle,Man United,H,2.41,3.45,2.96
2023-04-03,Everton,Tottenham,D,3.41,3.36,2.21
2023-04-04,Bournemouth,Brighton,A,5.94,4.29,1.57
2023-04-04,Leeds,Nottm Forest,H,1.73,3.83,5.05
2023-04-04,Leicester,Aston Villa,A,2.58,3.41,2.79
2023-04-04,Chelsea,Liverpool,D,2.25,3.46,3.28
2023-04-05,Man United,Brentford,H,1.65,4.17,5.07
2023-04-05,West Ham,Newcastle,A,3.53,3.41,2.15
2023-04-08,Man United,Everton,H,1.5,4.37,6.75
2023-04-08,Aston Villa,Nottm Forest,H,1.62,4.09,5.55
2023-04-08,Brentford,Newcastle,A,3.57,3.46,2.1
2023-04-08,Fulham,West Ham,A,2.79,3.24,2.66
2023-04-08,Leicester,Bournemouth,A,1.88,3.72,4.11
2023-04-08,Tottenham,Brighton,H,2.56,3.56,2.69
2023-04-08,Wolves,Chelsea,H,4.14,3.47,1.95
2023-04-08,Southampton,Man City,A,12.48,6.19,1.25
2023-04-09,Leeds,Crystal Palace,A,2.11,3.41,3.59
2023-04-09,Liverpool,Arsenal,D,2.79,3.69,2.41
2023-04-15,Aston Villa,Newcastle,H,3.61,3.42,2.13
2023-04-15,Chelsea,Brighton,A,2.67,3.42,2.68
2023-04-15,Everton,Fulham,A,2.07,3.39,3.78
2023-04-15,Southampton,Crystal Palace,A,2.82,3.2,2.68
2023-04-15,Tottenham,Bournemouth,A,1.47,4.6,6.83
2023-04-15,Wolves,Brentford,H,2.52,3.23,3.0
2023-04-15,Man City,Leicester,H,1.16,8.49,17.32
2023-04-16,West Ham,Arsenal,D,5.92,4.22,1.57
2023-04-16,Nottm Forest,Man United,A,5.0,3.96,1.69
2023-04-17,Leeds,Liverpool,A,4.35,4.22,1.73
2023-04-21,Arsenal,Southampton,D,1.2,7.18,14.72
2023-04-22,Fulham,Leeds,H,2.38,3.44,3.01
2023-04-22,Brentford,Aston Villa,D,2.53,3.38,2.84
2023-04-22,Crystal Palace,Everton,D,2.11,3.25,3.83
2023-04-22,Leicester,Wolves,H,2.45,3.27,3.05
2023-04-22,Liverpool,Nottm Forest,H,1.18,7.64,16.06
2023-04-23,Bournemouth,West Ham,A,2.83,3.25,2.61
2023-04-23,Newcastle,Tottenham,H,1.85,3.81,4.22
2023-04-25,Wolves,Crystal Palace,H,2.52,3.14,3.09
2023-04-25,Aston Villa,Fulham,H,1.8,3.87,4.43
2023-04-25,Leeds,Leicester,D,2.37,3.54,2.98
2023-04-26,Nottm Forest,Brighton,H,6.08,4.36,1.54
2023-04-26,Chelsea,Brentford,A,1.71,3.89,5.02
2023-04-26,West Ham,Liverpool,A,3.96,3.86,1.88
2023-04-26,Man City,Arsenal,H,1.56,4.49,5.7
2023-04-27,Everton,Newcastle,A,4.84,3.7,1.77
2023-04-27,Southampton,Bournemouth,A,2.3,3.43,3.15
2023-04-27,Tottenham,Man United,D,2.79,3.65,2.44
2023-04-29,Crystal Palace,West Ham,H,2.7,3.18,2.81
2023-04-29,Brentford,Nottm Forest,H,1.66,3.88,5.5
2023-04-29,Brighton,Wolves,H,1.51,4.37,6.69
2023-04-30,Bournemouth,Leeds,H,2.61,3.5,2.68
2023-04-30,Fulham,Man City,A,11.95,6.23,1.25
2023-04-30,Man United,Aston Villa,H,1.78,3.94,4.35
2023-04-30,Newcastle,Southampton,H,1.32,5.46,9.9
2023-04-30,Liverpool,Tottenham,H,1.54,4.69,5.68
2023-05-01,Leicester,Everton,D,2.04,3.45,3.79
2023-05-02,Arsenal,Chelsea,H,1.59,4.22,5.75
2023-05-03,Liverpool,Fulham,H,1.26,6.39,10.73
2023-05-03,Man City,West Ham,H,1.2,7.21,13.79
2023-05-04,Brighton,Man United,H,2.03,3.82,3.5
2023-05-06,Bournemouth,Chelsea,A,3.42,3.47,2.17
2023-05-06,Man City,Leeds,H,1.17,8.41,15.94
2023-05-06,Tottenham,Crystal Palace,H,1.82,3.92,4.21
2023-05-06,Wolves,Aston Villa,H,2.98,3.26,2.51
2023-05-06,Liverpool,Brentford,H,1.48,4.91,6.16
2023-05-07,Newcastle,Arsenal,A,2.49,3.73,2.71
2023-05-07,West Ham,Man United,H,3.43,3.74,2.08
2023-05-08,Fulham,Leicester,H,2.67,3.53,2.6
2023-05-08,Brighton,Everton,A,1.35,5.3,8.47
2023-05-08,Nottm Forest,Southampton,H,2.13,3.52,3.46
2023-05-13,Leeds,Newcastle,D,4.62,4.2,1.71
2023-05-13,Aston Villa,Tottenham,H,2.3,3.6,3.03
2023-05-13,Chelsea,Nottm Forest,D,1.51,4.4,6.68
2023-05-13,Crystal Palace,Bournemouth,H,1.88,3.7,4.18
2023-05-13,Man United,Wolves,H,1.38,5.1,8.37
2023-05-13,Southampton,Fulham,A,2.82,3.44,2.51
2023-05-14,Brentford,West Ham,H,2.05,3.56,3.66
2023-05-14,Everton,Man City,A,8.86,5.21,1.36
2023-05-14,Arsenal,Brighton,A,1.77,4.19,4.21
2023-05-15,Leicester,Liverpool,A,5.11,4.59,1.59
2023-05-18,Newcastle,Brighton,H,2.02,3.86,3.49
2023-05-20,Tottenham,Brentford,A,1.85,3.88,4.13
2023-05-20,Bournemouth,Man United,A,6.06,4.77,1.51
2023-05-20,Fulham,Crystal Palace,D,2.45,3.4,2.97
2023-05-20,Liverpool,Aston Villa,D,1.49,4.86,6.16
2023-05-20,Wolves,Everton,D,2.77,3.35,2.63
2023-05-20,Nottm Forest,Arsenal,H,5.37,4.45,1.59
2023-05-21,West Ham,Leeds,H,2.45,3.56,2.84
2023-05-21,Brighton,Southampton,H,1.23,6.91,12.43
2023-05-21,Man City,Chelsea,H,1.26,6.41,11.48
2023-05-22,Newcastle,Leicester,D,1.38,5.39,7.66
2023-05-24,Brighton,Man City,D,3.97,4.22,1.81
2023-05-25,Man United,Chelsea,H,1.63,4.35,5.12
2023-05-28,Arsenal,Wolves,H,1.37,5.33,7.87
2023-05-28,Aston Villa,Brighton,H,2.04,3.88,3.37
2023-05-28,Brentford,Man City,H,3.88,4.01,1.87
2023-05-28,Chelsea,Newcastle,D,2.87,3.64,2.38
2023-05-28,Crystal Palace,Nottm Forest,D,1.69,4.15,4.77
2023-05-28,Everton,Bournemouth,H,1.49,4.61,6.58
2023-05-28,Leeds,Tottenham,A,2.77,3.84,2.37
2023-05-28,Leicester,West Ham,H,1.94,3.92,3.65
2023-05-28,Man United,Fulham,H,1.53,4.59,5.76
2023-05-28,Southampton,Liverpool,D,6.74,5.2,1.42
2023-08-11,Burnley,Man City,A,9.02,5.35,1.35
2023-08-12,Arsenal,Nottm Forest,H,1.18,7.64,15.67
2023-08-12,Bournemouth,West Ham,D,2.69,3.44,2.64
2023-08-12,Brighton,Luton,H,1.33,5.52,9.61
2023-08-12,Everton,Fulham,A,2.24,3.43,3.3
2023-08-12,Sheffield United,Crystal Palace,A,3.12,3.24,2.41
2023-08-12,Newcastle,Aston Villa,H,1.76,3.88,4.61
2023-08-13,Brentford,Tottenham,D,2.73,3.63,2.5
2023-08-13,Chelsea,Liverpool,D,2.87,3.64,2.39
2023-08-14,Man United,Wolves,H,1.31,5.65,9.85
2023-08-18,Nottm Forest,Sheffield United,H,1.95,3.43,4.25
2023-08-19,Fulham,Brentford,A,2.72,3.4,2.63
2023-08-19,Liverpool,Bournemouth,H,1.23,6.86,11.82
2023-08-19,Wolves,Brighton,A,4.0,3.81,1.89
2023-08-19,Tottenham,Man United,H,2.84,3.75,2.37
2023-08-19,Man City,Newcastle,H,1.7,4.07,4.83
2023-08-20,Aston Villa,Everton,H,1.7,3.91,5.0
2023-08-20,West Ham,Chelsea,H,3.66,3.57,2.04
2023-08-21,Crystal Palace,Arsenal,A,5.79,4.06,1.6
2023-08-25,Chelsea,Luton,H,1.29,5.86,10.78
2023-08-26,Bournemouth,Tottenham,A,3.67,3.94,1.95
2023-08-26,Arsenal,Fulham,D,1.23,6.49,13.35
2023-08-26,Brentford,Crystal Palace,D,2.14,3.41,3.57
2023-08-26,Everton,Wolves,A,2.32,3.31,3.24
2023-08-26,Man United,Nottm Forest,H,1.31,5.79,9.23
2023-08-26,Brighton,West Ham,A,1.53,4.67,5.73
2023-08-27,Burnley,Aston Villa,A,3.36,3.55,2.16
2023-08-27,Sheffield United,Man City,A,16.67,7.51,1.18
2023-08-27,Newcastle,Liverpool,A,2.2,3.9,3.03
2023-09-01,Luton,West Ham,A,4.7,3.94,1.74
2023-09-02,Sheffield United,Everton,D,3.01,3.23,2.5
2023-09-02,Brentford,Bournemouth,D,1.72,4.06,4.67
2023-09-02,Burnley,Tottenham,A,3.83,3.99,1.88
2023-09-02,Chelsea,Nottm Forest,A,1.38,5.03,8.27
2023-09-02,Man City,Fulham,H,1.15,8.46,17.91
2023-09-02,Brighton,Newcastle,H,2.55,3.87,2.55
2023-09-03,Crystal Palace,Wolves,H,1.95,3.45,4.15
2023-09-03,Liverpool,Aston Villa,H,1.66,4.49,4.57
2023-09-03,Arsenal,Man United,H,1.77,4.04,4.38
2023-09-16,Wolves,Liverpool,A,6.64,4.95,1.45
2023-09-16,Aston Villa,Crystal Palace,H,1.9,3.7,4.07
2023-09-16,Fulham,Luton,H,1.68,3.96,5.18
2023-09-16,Man United,Brighton,A,2.21,3.98,2.96
2023-09-16,Tottenham,Sheffield United,H,1.28,6.1,10.52
2023-09-16,West Ham,Man City,A,6.57,4.67,1.48
2023-09-16,Newcastle,Brentford,H,1.53,4.37,6.12
2023-09-17,Bournemouth,Chelsea,D,4.34,3.96,1.79
2023-09-17,Everton,Arsenal,A,6.07,4.55,1.52
2023-09-18,Nottm Forest,Burnley,D,2.24,3.51,3.22
2023-09-23,Crystal Palace,Fulham,D,1.95,3.51,4.09
2023-09-23,Luton,Wolves,D,3.3,3.43,2.23
2023-09-23,Man City,Nottm Forest,H,1.15,8.55,18.11
2023-09-23,Brentford,Everton,A,1.8,3.78,4.49
2023-09-23,Burnley,Man United,A,4.31,4.16,1.75
2023-09-24,Arsenal,Tottenham,D,1.7,4.36,4.5
2023-09-24,Brighton,Bournemouth,H,1.38,5.31,7.58
2023-09-24,Chelsea,Aston Villa,A,1.91,3.85,3.87
2023-09-24,Liverpool,West Ham,H,1.39,5.38,7.19
2023-09-24,Sheffield United,Newcastle,A,7.01,4.78,1.45
2023-09-30,Aston Villa,Brighton,H,2.56,3.92,2.55
2023-09-30,Bournemouth,Arsenal,A,5.77,4.68,1.53
2023-09-30,Everton,Luton,A,1.61,3.94,6.06
2023-09-30,Man United,Crystal Palace,A,1.57,4.3,5.89
2023-09-30,Newcastle,Burnley,H,1.33,5.62,9.22
2023-09-30,West Ham,Sheffield United,H,1.45,4.79,7.1
2023-09-30,Wolves,Man City,H,9.2,5.65,1.33
2023-09-30,Tottenham,Liverpool,H,2.96,4.03,2.21
2023-10-01,Nottm Forest,Brentford,D,2.81,3.27,2.65
2023-10-02,Fulham,Chelsea,A,3.73,3.49,2.06
2023-10-03,Luton,Burnley,A,2.92,3.18,2.63
2023-10-07,Luton,Tottenham,A,6.46,4.79,1.48
2023-10-07,Burnley,Chelsea,A,4.63,3.92,1.76
2023-10-07,Everton,Bournemouth,H,1.97,3.7,3.81
2023-10-07,Fulham,Sheffield United,H,1.64,3.96,5.69
2023-10-07,Man United,Brentford,H,1.69,4.2,4.78
2023-10-07,Crystal Palace,Nottm Forest,D,2.24,3.25,3.49
2023-10-08,Brighton,Liverpool,D,3.05,4.01,2.17
2023-10-08,West Ham,Newcastle,D,3.32,3.72,2.13
2023-10-08,Wolves,Aston Villa,D,3.4,3.59,2.14
2023-10-08,Arsenal,Man City,H,2.92,3.49,2.44
2023-10-21,Liverpool,Everton,H,1.36,5.66,8.01
2023-10-21,Bournemouth,Wolves,A,2.41,3.48,2.95
2023-10-21,Brentford,Burnley,H,1.83,3.74,4.4
2023-10-21,Man City,Brighton,H,1.41,5.36,6.83
2023-10-21,Newcastle,Crystal Palace,H,1.46,4.53,7.44
2023-10-21,Nottm Forest,Luton,D,1.69,3.82,5.33
2023-10-21,Chelsea,Arsenal,D,3.24,3.47,2.26
2023-10-21,Sheffield United,Man United,A,7.27,5.07,1.42
2023-10-22,Aston Villa,West Ham,H,1.9,3.86,3.88
2023-10-23,Tottenham,Fulham,H,1.51,4.7,5.99
2023-10-27,Crystal Palace,Tottenham,A,4.64,3.83,1.79
2023-10-28,Chelsea,Brentford,A,1.65,4.1,5.31
2023-10-28,Arsenal,Sheffield United,H,1.13,9.61,21.6
2023-10-28,Bournemouth,Burnley,H,2.13,3.66,3.38
2023-10-28,Wolves,Newcastle,D,4.26,3.94,1.82
2023-10-29,West Ham,Everton,A,2.15,3.64,3.32
2023-10-29,Aston Villa,Luton,H,1.28,6.19,10.79
2023-10-29,Brighton,Fulham,D,1.56,4.6,5.42
2023-10-29,Liverpool,Nottm Forest,H,1.27,6.38,10.39
2023-10-29,Man United,Man City,A,4.99,4.04,1.69
2023-11-04,Fulham,Man United,A,3.24,3.61,2.2
2023-11-04,Brentford,West Ham,H,2.08,3.67,3.46
2023-11-04,Burnley,Crystal Palace,A,2.85,3.23,2.63
2023-11-04,Everton,Brighton,D,3.09,3.81,2.2
2023-11-04,Man City,Bournemouth,H,1.1,11.39,26.19
2023-11-04,Sheffield United,Wolves,H,3.83,3.64,1.98
2023-11-04,Newcastle,Arsenal,H,2.82,3.39,2.56
2023-11-05,Nottm Forest,Aston Villa,H,4.09,3.77,1.89
2023-11-05,Luton,Liverpool,D,11.46,6.8,1.24
2023-11-06,Tottenham,Chelsea,A,2.13,3.73,3.29
2023-11-11,Wolves,Tottenham,H,3.13,3.73,2.21
2023-11-11,Arsenal,Burnley,H,1.19,7.34,15.07
2023-11-11,Crystal Palace,Everton,A,2.44,3.21,3.11
2023-11-11,Man United,Luton,H,1.33,5.6,9.17
2023-11-11,Bournemouth,Newcastle,H,4.67,4.03,1.73
2023-11-12,Aston Villa,Fulham,H,1.59,4.28,5.66
2023-11-12,Brighton,Sheffield United,D,1.24,6.73,11.71
2023-11-12,Liverpool,Brentford,H,1.42,5.16,7.05
2023-11-12,West Ham,Nottm Forest,H,1.89,3.77,4.09
2023-11-12,Chelsea,Man City,D,4.93,3.83,1.74
2023-11-25,Man City,Liverpool,D,1.75,4.31,4.29
2023-11-25,Burnley,West Ham,A,3.47,3.62,2.1
2023-11-25,Luton,Crystal Palace,H,3.63,3.38,2.13
2023-11-25,Newcastle,Chelsea,H,2.62,3.5,2.68
2023-11-25,Nottm Forest,Brighton,A,3.22,3.64,2.2
2023-11-25,Sheffield United,Bournemouth,A,3.29,3.53,2.21
2023-11-25,Brentford,Arsenal,A,4.64,3.84,1.77
2023-11-26,Tottenham,Aston Villa,A,2.35,3.89,2.8
2023-11-26,Everton,Man United,A,2.74,3.52,2.56
2023-11-27,Fulham,Wolves,H,2.43,3.34,3.02
2023-12-02,Arsenal,Wolves,H,1.27,5.95,11.58
2023-12-02,Brentford,Luton,H,1.48,4.63,6.88
2023-12-02,Burnley,Sheffield United,H,1.83,3.68,4.55
2023-12-02,Nottm Forest,Everton,A,2.8,3.35,2.62
2023-12-02,Newcastle,Man United,H,1.94,3.84,3.84
2023-12-03,Bournemouth,Aston Villa,D,3.45,4.0,2.01
2023-12-03,Chelsea,Brighton,H,1.75,4.24,4.37
2023-12-03,Liverpool,Fulham,H,1.26,6.62,10.56
2023-12-03,West Ham,Crystal Palace,D,2.02,3.53,3.84
2023-12-03,Man City,Tottenham,D,1.3,6.18,9.27
2023-12-05,Wolves,Burnley,H,1.89,3.62,4.31
2023-12-05,Luton,Arsenal,A,14.98,6.73,1.21
2023-12-06,Brighton,Brentford,H,1.93,3.91,3.77
2023-12-06,Crystal Palace,Bournemouth,A,2.27,3.45,3.25
2023-12-06,Fulham,Nottm Forest,H,2.05,3.49,3.78
2023-12-06,Sheffield United,Liverpool,A,13.54,7.67,1.2
2023-12-06,Aston Villa,Man City,H,4.45,4.26,1.73
2023-12-06,Man United,Chelsea,H,2.82,3.65,2.43
2023-12-07,Everton,Newcastle,H,3.13,3.44,2.33
2023-12-07,Tottenham,West Ham,A,1.79,4.22,4.08
2023-12-09,Crystal Palace,Liverpool,A,6.12,4.54,1.52
2023-12-09,Brighton,Burnley,D,1.5,4.69,6.18
2023-12-09,Man United,Bournemouth,A,1.55,4.65,5.54
2023-12-09,Sheffield United,Brentford,H,4.48,3.82,1.8
2023-12-09,Wolves,Nottm Forest,D,1.87,3.64,4.34
2023-12-09,Aston Villa,Arsenal,H,3.41,3.66,2.11
2023-12-10,Everton,Chelsea,H,3.02,3.59,2.31
2023-12-10,Fulham,West Ham,H,2.39,3.49,2.95
2023-12-10,Luton,Man City,A,18.02,8.94,1.15
2023-12-10,Tottenham,Newcastle,H,2.2,3.84,3.05
2023-12-15,Nottm Forest,Tottenham,A,4.52,4.13,1.74
2023-12-16,Chelsea,Sheffield United,H,1.24,6.49,12.28
2023-12-16,Man City,Crystal Palace,D,1.18,7.77,16.06
2023-12-16,Newcastle,Fulham,H,1.87,3.91,4.03
2023-12-16,Burnley,Everton,A,3.55,3.45,2.14
2023-12-17,Arsenal,Brighton,H,1.48,4.73,6.5
2023-12-17,Brentford,Aston Villa,A,3.26,3.71,2.16
2023-12-17,West Ham,Wolves,H,2.16,3.55,3.4
2023-12-17,Liverpool,Man United,D,1.32,6.09,8.5
2023-12-21,Crystal Palace,Brighton,D,3.35,3.5,2.18
2023-12-22,Aston Villa,Sheffield United,D,1.24,6.67,11.7
2023-12-23,West Ham,Man United,H,2.61,3.65,2.6
2023-12-23,Fulham,Burnley,A,1.7,3.94,5.01
2023-12-23,Luton,Newcastle,H,5.0,4.23,1.65
2023-12-23,Nottm Forest,Bournemouth,A,2.76,3.49,2.54
2023-12-23,Tottenham,Everton,H,1.8,4.16,4.08
2023-12-23,Liverpool,Arsenal,D,2.43,3.63,2.83
2023-12-24,Wolves,Chelsea,H,3.73,3.73,1.98
2023-12-26,Newcastle,Nottm Forest,A,1.51,4.41,6.57
2023-12-26,Bournemouth,Fulham,H,2.22,3.62,3.2
2023-12-26,Sheffield United,Luton,A,2.41,3.32,3.07
2023-12-26,Burnley,Liverpool,A,7.67,5.3,1.39
2023-12-26,Man United,Aston Villa,H,2.63,3.63,2.61
2023-12-27,Brentford,Wolves,A,1.96,3.59,3.97
2023-12-27,Chelsea,Crystal Palace,H,1.7,3.91,5.02
2023-12-27,Everton,Man City,A,5.84,4.17,1.59
2023-12-28,Brighton,Tottenham,H,2.52,3.9,2.57
2023-12-28,Arsenal,West Ham,A,1.35,5.39,8.64
2023-12-30,Luton,Chelsea,A,6.04,4.53,1.53
2023-12-30,Aston Villa,Burnley,H,1.37,5.27,8.15
2023-12-30,Crystal Palace,Brentford,H,2.23,3.33,3.43
2023-12-30,Man City,Sheffield United,H,1.08,12.85,29.4
2023-12-30,Wolves,Everton,H,2.64,3.38,2.74
2023-12-30,Nottm Forest,Man United,H,3.27,3.68,2.16
2023-12-31,Fulham,Arsenal,H,5.74,4.29,1.57
2023-12-31,Tottenham,Bournemouth,H,1.78,4.33,4.04
2024-01-01,Liverpool,Newcastle,H,1.46,4.88,6.56
2024-01-02,West Ham,Brighton,D,2.47,3.7,2.73
2024-01-12,Burnley,Luton,D,2.03,3.58,3.74
2024-01-13,Chelsea,Fulham,H,1.64,4.24,5.19
2024-01-13,Newcastle,Man City,A,5.5,4.47,1.57
2024-01-14,Everton,Aston Villa,D,2.79,3.62,2.45
2024-01-14,Man United,Tottenham,D,2.2,3.93,3.0
2024-01-20,Arsenal,Crystal Palace,H,1.29,5.74,11.19
2024-01-20,Brentford,Nottm Forest,H,1.9,3.72,4.06
2024-01-21,Sheffield United,West Ham,D,3.43,3.43,2.18
2024-01-21,Bournemouth,Liverpool,A,4.38,4.37,1.71
2024-01-22,Brighton,Wolves,D,1.65,4.29,4.95
2024-01-30,Nottm Forest,Arsenal,A,8.12,5.09,1.39
2024-01-30,Fulham,Everton,D,2.45,3.33,3.01
2024-01-30,Luton,Brighton,H,4.34,4.09,1.78
2024-01-30,Crystal Palace,Sheffield United,H,1.64,3.87,5.92
2024-01-30,Aston Villa,Newcastle,A,1.86,4.07,3.92
2024-01-31,Man City,Burnley,H,1.1,11.19,24.13
2024-01-31,Tottenham,Brentford,H,1.67,4.34,4.75
2024-01-31,Liverpool,Chelsea,H,1.58,4.61,5.15
2024-02-01,West Ham,Bournemouth,D,2.43,3.73,2.75
2024-02-01,Wolves,Man United,A,2.7,3.58,2.54
2024-02-03,Everton,Tottenham,D,2.94,3.69,2.34
2024-02-03,Brighton,Crystal Palace,H,1.7,4.07,4.82
2024-02-03,Burnley,Fulham,D,2.94,3.45,2.43
2024-02-03,Newcastle,Luton,D,1.43,4.97,7.02
2024-02-03,Sheffield United,Aston Villa,A,5.1,4.29,1.63
2024-02-04,Bournemouth,Nottm Forest,D,1.7,4.15,4.65
2024-02-04,Chelsea,Wolves,A,1.63,4.22,5.24
2024-02-04,Man United,West Ham,H,1.66,4.23,4.93
2024-02-04,Arsenal,Liverpool,H,2.25,3.67,3.07
2024-02-05,Brentford,Man City,A,7.17,4.99,1.42
2024-02-10,Man City,Everton,H,1.2,7.36,13.47
2024-02-10,Fulham,Bournemouth,H,2.4,3.58,2.88
2024-02-10,Liverpool,Burnley,H,1.16,8.4,15.8
2024-02-10,Luton,Sheffield United,A,1.77,3.88,4.59
2024-02-10,Tottenham,Brighton,H,1.82,4.31,3.84
2024-02-10,Wolves,Brentford,A,2.12,3.66,3.38
2024-02-10,Nottm Forest,Newcastle,A,3.3,3.71,2.13
2024-02-11,West Ham,Arsenal,A,5.81,4.38,1.55
2024-02-11,Aston Villa,Man United,A,2.17,3.83,3.11
2024-02-12,Crystal Palace,Chelsea,A,4.2,3.8,1.84
2024-02-17,Brentford,Liverpool,A,5.24,4.52,1.59
2024-02-17,Burnley,Arsenal,A,9.94,5.73,1.31
2024-02-17,Fulham,Aston Villa,A,2.94,3.77,2.29
2024-02-17,Newcastle,Bournemouth,D,1.85,4.16,3.83
2024-02-17,Nottm Forest,West Ham,H,2.43,3.51,2.9
2024-02-17,Tottenham,Wolves,A,1.55,4.75,5.37
2024-02-17,Man City,Chelsea,D,1.35,5.64,8.22
2024-02-18,Sheffield United,Brighton,A,4.92,4.3,1.65
2024-02-18,Luton,Man United,A,4.07,4.09,1.81
2024-02-19,Everton,Crystal Palace,D,1.73,3.68,5.12
2024-02-20,Man City,Brentford,H,1.18,8.12,15.16
2024-02-21,Liverpool,Luton,H,1.2,7.72,13.14
2024-02-24,Aston Villa,Nottm Forest,H,1.55,4.54,5.63
2024-02-24,Brighton,Everton,D,1.84,3.93,4.1
2024-02-24,Crystal Palace,Burnley,H,2.01,3.46,3.92
2024-02-24,Man United,Fulham,A,1.58,4.47,5.33
2024-02-24,Bournemouth,Man City,A,6.96,5.16,1.42
2024-02-24,Arsenal,Newcastle,H,1.38,5.34,7.53
2024-02-25,Wolves,Sheffield United,H,1.46,4.69,6.86
2024-02-26,West Ham,Brentford,H,2.5,3.6,2.73
2024-03-02,Brentford,Chelsea,D,3.07,3.86,2.19
2024-03-02,Everton,West Ham,A,2.09,3.57,3.52
2024-03-02,Fulham,Brighton,H,2.59,3.64,2.62
2024-03-02,Newcastle,Wolves,H,1.9,3.95,3.8
2024-03-02,Nottm Forest,Liverpool,A,5.63,4.67,1.54
2024-03-02,Tottenham,Crystal Palace,H,1.49,4.66,6.26
2024-03-02,Luton,Aston Villa,A,4.29,4.3,1.74
2024-03-03,Burnley,Bournemouth,A,3.72,3.78,1.96
2024-03-03,Man City,Man United,H,1.27,6.33,10.06
2024-03-04,Sheffield United,Arsenal,A,16.28,7.82,1.17
2024-03-09,Man United,Everton,H,1.85,3.89,4.09
2024-03-09,Bournemouth,Sheffield United,D,1.34,5.51,8.58
2024-03-09,Crystal Palace,Luton,D,1.78,3.89,4.49
2024-03-09,Wolves,Fulham,H,2.54,3.45,2.79
2024-03-09,Arsenal,Brentford,H,1.23,6.84,12.02
2024-03-10,Aston Villa,Tottenham,A,2.42,4.08,2.62
2024-03-10,Brighton,Nottm Forest,H,1.78,4.04,4.25
2024-03-10,West Ham,Burnley,D,1.67,4.08,4.97
2024-03-10,Liverpool,Man City,D,2.95,3.83,2.25
2024-03-11,Chelsea,Newcastle,H,1.94,4.08,3.54
2024-03-13,Bournemouth,Luton,H,1.5,4.77,6.0
2024-03-16,Burnley,Brentford,H,3.27,3.66,2.16
2024-03-16,Luton,Nottm Forest,D,2.81,3.63,2.42
2024-03-16,Fulham,Tottenham,H,3.4,3.93,2.01
2024-03-17,West Ham,Aston Villa,D,2.65,3.73,2.51
2024-03-30,Newcastle,West Ham,H,1.84,4.16,3.87
2024-03-30,Bournemouth,Everton,H,2.2,3.61,3.23
2024-03-30,Chelsea,Burnley,D,1.3,5.96,9.44
2024-03-30,Nottm Forest,Crystal Palace,D,2.26,3.36,3.31
2024-03-30,Sheffield United,Fulham,D,4.64,4.03,1.73
2024-03-30,Tottenham,Luton,H,1.22,7.47,11.31
2024-03-30,Aston Villa,Wolves,H,1.64,4.38,4.86
2024-03-30,Brentford,Man United,D,3.06,3.83,2.2
2024-03-31,Liverpool,Brighton,H,1.37,5.63,7.37
2024-03-31,Man City,Arsenal,D,1.92,3.8,3.86
2024-04-02,Newcastle,Everton,D,2.01,3.82,3.55
2024-04-02,Nottm Forest,Fulham,H,2.71,3.49,2.62
2024-04-02,Bournemouth,Crystal Palace,H,1.99,3.76,3.69
2024-04-02,Burnley,Wolves,D,2.53,3.49,2.8
2024-04-02,West Ham,Tottenham,D,3.3,4.16,2.01
2024-04-03,Arsenal,Luton,H,1.1,11.25,22.73
2024-04-03,Brentford,Brighton,D,2.39,3.79,2.78
2024-04-03,Man City,Aston Villa,H,1.3,6.08,9.06
2024-04-04,Liverpool,Sheffield United,H,1.08,12.59,25.43
2024-04-04,Chelsea,Man United,H,2.02,4.05,3.31
2024-04-06,Crystal Palace,Man City,A,10.3,5.59,1.31
2024-04-06,Aston Villa,Brentford,D,1.7,4.2,4.68
2024-04-06,Everton,Burnley,H,1.67,4.07,5.04
2024-04-06,Fulham,Newcastle,A,2.37,3.82,2.81
2024-04-06,Luton,Bournemouth,H,3.68,4.04,1.91
2024-04-06,Wolves,West Ham,A,2.51,3.58,2.75
2024-04-06,Brighton,Arsenal,A,5.15,4.25,1.64
2024-04-07,Man United,Liverpool,D,4.69,4.65,1.63
2024-04-07,Sheffield United,Chelsea,D,6.88,5.28,1.41
2024-04-07,Tottenham,Nottm Forest,H,1.4,5.3,7.23
2024-04-13,Newcastle,Tottenham,H,2.75,4.02,2.34
2024-04-13,Brentford,Sheffield United,H,1.43,5.09,6.86
2024-04-13,Burnley,Brighton,D,3.5,3.8,2.02
2024-04-13,Man City,Luton,H,1.1,11.66,23.86
2024-04-13,Nottm Forest,Wolves,D,2.16,3.55,3.37
2024-04-13,Bournemouth,Man United,D,2.42,3.91,2.68
2024-04-14,Liverpool,Crystal Palace,A,1.21,7.37,13.35
2024-04-14,West Ham,Fulham,A,2.38,3.65,2.88
2024-04-14,Arsenal,Aston Villa,A,1.28,6.1,9.89
2024-04-15,Chelsea,Everton,H,1.71,4.2,4.53
2024-04-20,Luton,Brentford,A,3.18,3.75,2.17
2024-04-20,Sheffield United,Burnley,A,2.76,3.63,2.47
2024-04-20,Wolves,Arsenal,A,8.05,5.05,1.39
2024-04-21,Everton,Nottm Forest,H,2.07,3.52,3.63
2024-04-21,Aston Villa,Bournemouth,H,1.87,4.11,3.76
2024-04-21,Crystal Palace,West Ham,H,2.15,3.59,3.34
2024-04-21,Fulham,Liverpool,A,5.19,4.67,1.57
2024-04-23,Arsenal,Chelsea,H,1.45,4.93,6.78
2024-04-24,Wolves,Bournemouth,A,2.72,3.6,2.52
2024-04-24,Crystal Palace,Newcastle,H,2.76,3.68,2.43
2024-04-24,Everton,Liverpool,H,7.11,4.98,1.42
2024-04-24,Man United,Sheffield United,H,1.31,6.11,8.44
2024-04-25,Brighton,Man City,A,6.65,4.95,1.44
2024-04-27,West Ham,Liverpool,D,5.63,4.89,1.51
2024-04-27,Fulham,Crystal Palace,D,2.11,3.6,3.42
2024-04-27,Man United,Burnley,D,1.52,4.9,5.44
2024-04-27,Newcastle,Sheffield United,H,1.23,7.04,11.1
2024-04-27,Wolves,Luton,H,1.98,3.83,3.58
2024-04-27,Everton,Brentford,H,2.36,3.5,2.97
2024-04-27,Aston Villa,Chelsea,D,2.17,3.9,3.06
2024-04-28,Bournemouth,Brighton,H,2.26,3.8,2.94
2024-04-28,Tottenham,Arsenal,A,4.12,4.07,1.8
2024-04-28,Nottm Forest,Man City,A,9.5,5.72,1.31
2024-05-02,Chelsea,Tottenham,H,2.2,4.05,2.91
2024-05-03,Luton,Everton,D,2.66,3.58,2.62
2024-05-04,Arsenal,Bournemouth,H,1.2,7.59,12.74
2024-05-04,Brentford,Fulham,D,2.12,3.8,3.25
2024-05-04,Burnley,Newcastle,A,3.38,3.98,2.02
2024-05-04,Sheffield United,Nottm Forest,A,4.68,4.25,1.69
2024-05-04,Man City,Wolves,H,1.09,11.51,25.33
2024-05-05,Brighton,Aston Villa,H,2.72,3.77,2.43
2024-05-05,Chelsea,West Ham,H,1.65,4.55,4.58
2024-05-05,Liverpool,Tottenham,H,1.48,5.26,5.61
2024-05-06,Crystal Palace,Man United,H,2.38,3.76,2.79
2024-05-11,Fulham,Man City,A,12.3,7.05,1.22
2024-05-11,Bournemouth,Brentford,A,1.98,3.99,3.5
2024-05-11,Everton,Sheffield United,H,1.4,5.13,7.46
2024-05-11,Newcastle,Brighton,D,1.59,4.81,4.84
2024-05-11,Tottenham,Burnley,H,1.35,6.01,7.33
2024-05-11,West Ham,Luton,H,1.82,4.33,3.83
2024-05-11,Wolves,Crystal Palace,A,2.86,3.51,2.47
2024-05-11,Nottm Forest,Chelsea,A,3.39,3.94,2.03
2024-05-12,Man United,Arsenal,A,7.08,5.5,1.39
2024-05-13,Aston Villa,Liverpool,D,4.15,4.55,1.71
2024-05-14,Tottenham,Man City,A,6.94,5.91,1.38
2024-05-15,Brighton,Chelsea,A,3.37,3.99,2.02
2024-05-15,Man United,Newcastle,H,2.73,4.04,2.34
2024-05-19,Arsenal,Everton,H,1.17,8.04,15.37
2024-05-19,Brentford,Newcastle,A,2.94,3.96,2.22
2024-05-19,Brighton,Man United,A,2.17,4.11,2.95
2024-05-19,Burnley,Nottm Forest,A,2.9,3.74,2.32
2024-05-19,Chelsea,Bournemouth,H,1.45,5.32,5.99
2024-05-19,Crystal Palace,Aston Villa,H,1.87,4.28,3.67
2024-05-19,Liverpool,Wolves,H,1.16,8.71,14.55
2024-05-19,Luton,Fulham,A,2.92,3.95,2.23
2024-05-19,Man City,West Ham,H,1.1,11.72,21.81
2024-05-19,Sheffield United,Tottenham,A,7.32,6.04,1.35
2024-08-16,Man United,Fulham,H,1.62,4.36,5.15
2024-08-17,Ipswich,Liverpool,A,8.28,5.76,1.34
2024-08-17,Arsenal,Wolves,H,1.18,7.86,15.87
2024-08-17,Everton,Brighton,A,2.67,3.41,2.68
2024-08-17,Newcastle,Southampton,H,1.35,5.62,8.1
2024-08-17,Nottm Forest,Bournemouth,D,2.45,3.49,2.89
2024-08-17,West Ham,Aston Villa,A,2.44,3.69,2.79
2024-08-18,Brentford,Crystal Palace,H,2.46,3.44,2.9
2024-08-18,Chelsea,Man City,A,4.05,4.0,1.83
2024-08-19,Leicester,Tottenham,D,5.01,4.37,1.63
2024-08-24,Brighton,Man United,H,2.5,3.72,2.69
2024-08-24,Crystal Palace,West Ham,A,2.17,3.63,3.25
2024-08-24,Fulham,Leicester,H,1.83,3.73,4.38
2024-08-24,Man City,Ipswich,H,1.09,12.17,26.97
2024-08-24,Southampton,Nottm Forest,A,2.57,3.32,2.84
2024-08-24,Tottenham,Everton,H,1.44,4.95,6.75
2024-08-24,Aston Villa,Arsenal,A,4.41,3.92,1.78
2024-08-25,Bournemouth,Newcastle,D,2.99,3.8,2.25
2024-08-25,Wolves,Chelsea,A,4.37,4.0,1.77
2024-08-25,Liverpool,Brentford,H,1.25,6.78,10.37
2024-08-31,Arsenal,Brighton,D,1.35,5.66,8.11
2024-08-31,Brentford,Southampton,H,1.77,3.97,4.46
2024-08-31,Everton,Bournemouth,A,2.78,3.4,2.59
2024-08-31,Ipswich,Fulham,D,3.1,3.5,2.31
2024-08-31,Leicester,Aston Villa,A,4.62,4.02,1.74
2024-08-31,Nottm Forest,Wolves,D,2.03,3.66,3.65
2024-08-31,West Ham,Man City,A,7.57,5.49,1.38
2024-09-01,Chelsea,Crystal Palace,D,1.63,4.4,5.01
2024-09-01,Newcastle,Tottenham,H,2.51,3.97,2.56
2024-09-01,Man United,Liverpool,A,3.82,4.2,1.85
2024-09-14,Southampton,Man United,A,4.56,4.04,1.74
2024-09-14,Brighton,Ipswich,D,1.38,5.16,7.89
2024-09-14,Crystal Palace,Leicester,D,1.63,4.14,5.38
2024-09-14,Fulham,West Ham,D,2.42,3.48,2.92
2024-09-14,Liverpool,Nottm Forest,A,1.22,7.03,12.4
2024-09-14,Man City,Brentford,H,1.17,8.2,14.79
2024-09-14,Aston Villa,Everton,H,1.51,4.48,6.34
2024-09-14,Bournemouth,Chelsea,A,3.33,3.96,2.05
2024-09-15,Tottenham,Arsenal,A,2.99,3.59,2.33
2024-09-15,Wolves,Newcastle,A,3.36,3.69,2.11
2024-09-21,West Ham,Chelsea,A,3.49,3.89,2.01
2024-09-21,Aston Villa,Wolves,H,1.59,4.39,5.35
2024-09-21,Fulham,Newcastle,H,2.86,3.51,2.45
2024-09-21,Leicester,Everton,D,2.52,3.44,2.82
2024-09-21,Liverpool,Bournemouth,H,1.29,6.31,9.35
2024-09-21,Southampton,Ipswich,D,2.25,3.52,3.17
2024-09-21,Tottenham,Brentford,H,1.55,4.72,5.41
2024-09-21,Crystal Palace,Man United,D,2.85,3.72,2.36
2024-09-22,Brighton,Nottm Forest,D,1.86,3.83,4.21
2024-09-22,Man City,Arsenal,D,1.83,3.62,4.52
2024-09-28,Newcastle,Man City,D,5.09,4.47,1.61
2024-09-28,Arsenal,Leicester,H,1.18,7.82,15.12
2024-09-28,Brentford,West Ham,D,2.23,3.62,3.16
2024-09-28,Chelsea,Brighton,H,1.74,4.23,4.35
2024-09-28,Everton,Crystal Palace,H,2.73,3.39,2.63
2024-09-28,Nottm Forest,Fulham,A,2.4,3.34,3.07
2024-09-28,Wolves,Liverpool,A,8.05,5.55,1.35
2024-09-29,Ipswich,Aston Villa,D,4.15,3.77,1.87
2024-09-29,Man United,Tottenham,A,2.36,3.89,2.77
2024-09-30,Bournemouth,Southampton,H,1.65,4.29,4.91
2024-10-05,Crystal Palace,Liverpool,A,6.36,4.65,1.49
2024-10-05,Arsenal,Southampton,H,1.14,9.2,18.63
2024-10-05,Brentford,Wolves,H,2.09,3.64,3.47
2024-10-05,Leicester,Bournemouth,H,3.24,3.66,2.17
2024-10-05,Man City,Fulham,H,1.24,6.85,11.11
2024-10-05,West Ham,Ipswich,H,1.8,3.96,4.25
2024-10-05,Everton,Newcastle,D,3.15,3.62,2.23
2024-10-06,Aston Villa,Man United,D,2.21,3.82,3.06
2024-10-06,Chelsea,Nottm Forest,D,1.48,4.73,6.32
2024-10-06,Brighton,Tottenham,H,2.9,4.01,2.23
2024-10-19,Tottenham,West Ham,H,1.5,4.91,5.73
2024-10-19,Fulham,Aston Villa,A,2.44,3.5,2.89
2024-10-19,Ipswich,Everton,A,2.4,3.42,3.01
2024-10-19,Man United,Brentford,H,1.71,4.28,4.48
2024-10-19,Newcastle,Brighton,A,2.01,3.88,3.51
2024-10-19,Southampton,Leicester,A,2.33,3.54,3.03
2024-10-19,Bournemouth,Arsenal,H,4.94,4.09,1.68
2024-10-20,Wolves,Man City,A,8.88,5.85,1.31
2024-10-20,Liverpool,Chelsea,H,1.63,4.39,4.89
2024-10-21,Nottm Forest,Crystal Palace,H,2.36,3.31,3.11
2024-10-25,Leicester,Nottm Forest,A,3.09,3.32,2.41
2024-10-26,Aston Villa,Bournemouth,D,1.86,3.97,3.97
2024-10-26,Brentford,Ipswich,H,1.67,4.27,4.86
2024-10-26,Brighton,Wolves,D,1.64,4.32,4.94
2024-10-26,Man City,Southampton,H,1.11,10.94,21.04
2024-10-26,Everton,Fulham,D,2.76,3.37,2.6
2024-10-27,Chelsea,Newcastle,H,1.76,4.26,4.15
2024-10-27,Crystal Palace,Tottenham,H,3.97,3.97,1.85
2024-10-27,West Ham,Man United,H,2.89,3.71,2.33
2024-10-27,Arsenal,Liverpool,D,2.49,3.37,2.89
2024-11-02,Newcastle,Arsenal,H,3.77,3.69,1.98
2024-11-02,Bournemouth,Man City,H,5.32,4.44,1.59
2024-11-02,Ipswich,Leicester,D,2.27,3.61,3.09
2024-11-02,Liverpool,Brighton,H,1.39,5.4,7.12
2024-11-02,Nottm Forest,West Ham,H,2.15,3.52,3.43
2024-11-02,Southampton,Everton,H,2.65,3.48,2.66
2024-11-02,Wolves,Crystal Palace,D,2.53,3.4,2.85
2024-11-03,Tottenham,Aston Villa,H,1.93,4.07,3.55
2024-11-03,Man United,Chelsea,D,2.58,3.78,2.56
2024-11-04,Fulham,Brentford,H,2.03,3.73,3.52
2024-11-09,Brentford,Bournemouth,H,2.53,3.59,2.72
2024-11-09,Crystal Palace,Fulham,A,2.7,3.48,2.61
2024-11-09,West Ham,Everton,D,2.18,3.47,3.38
2024-11-09,Wolves,Southampton,H,1.96,3.84,3.67
2024-11-09,Brighton,Man City,H,4.34,4.17,1.75
2024-11-09,Liverpool,Aston Villa,H,1.42,5.26,6.7
2024-11-10,Man United,Leicester,H,1.39,5.35,7.46
2024-11-10,Nottm Forest,Newcastle,A,2.69,3.31,2.72
2024-11-10,Tottenham,Ipswich,A,1.26,6.76,9.98
2024-11-10,Chelsea,Arsenal,D,2.75,3.49,2.53
2024-11-23,Leicester,Chelsea,A,6.75,4.81,1.46
2024-11-23,Arsenal,Nottm Forest,H,1.37,4.97,8.9
2024-11-23,Aston Villa,Crystal Palace,D,1.63,4.11,5.45
2024-11-23,Bournemouth,Brighton,A,2.41,3.62,2.86
2024-11-23,Everton,Brentford,D,2.46,3.41,2.94
2024-11-23,Fulham,Wolves,A,1.65,4.09,5.23
2024-11-23,Man City,Tottenham,A,1.49,5.01,5.92
2024-11-24,Southampton,Liverpool,A,10.4,5.96,1.28
2024-11-24,Ipswich,Man United,D,5.06,4.22,1.63
2024-11-25,Newcastle,West Ham,A,1.5,4.57,6.21
2024-11-29,Brighton,Southampton,D,1.39,5.29,7.57
2024-11-30,Brentford,Leicester,H,1.66,4.24,4.87
2024-11-30,Crystal Palace,Newcastle,D,3.04,3.56,2.3
2024-11-30,Nottm Forest,Ipswich,H,1.75,3.82,4.79
2024-11-30,Wolves,Bournemouth,A,2.81,3.61,2.44
2024-11-30,West Ham,Arsenal,A,7.09,4.68,1.46
2024-12-01,Chelsea,Aston Villa,H,1.71,4.21,4.51
2024-12-01,Man United,Everton,H,1.54,4.33,6.08
2024-12-01,Tottenham,Fulham,D,1.72,4.35,4.24
2024-12-01,Liverpool,Man City,H,2.09,3.7,3.37
2024-12-03,Ipswich,Crystal Palace,A,3.09,3.37,2.38
2024-12-03,Leicester,West Ham,H,2.9,3.44,2.47
2024-12-04,Everton,Wolves,H,2.14,3.46,3.51
2024-12-04,Man City,Nottm Forest,H,1.37,5.21,8.25
2024-12-04,Newcastle,Liverpool,D,4.27,4.04,1.78
2024-12-04,Southampton,Chelsea,A,8.39,5.64,1.34
2024-12-04,Arsenal,Man United,H,1.46,4.73,6.92
2024-12-04,Aston Villa,Brentford,H,1.8,4.01,4.24
2024-12-05,Fulham,Brighton,H,2.33,3.65,2.92
2024-12-05,Bournemouth,Tottenham,H,2.65,3.92,2.42
2024-12-07,Aston Villa,Southampton,H,1.37,5.41,7.78
2024-12-07,Brentford,Newcastle,H,2.86,3.74,2.36
2024-12-07,Crystal Palace,Man City,D,5.39,4.33,1.6
2024-12-07,Man United,Nottm Forest,A,1.67,4.05,5.12
2024-12-08,Fulham,Arsenal,D,5.4,4.24,1.61
2024-12-08,Ipswich,Bournemouth,A,3.57,3.73,2.02
2024-12-08,Leicester,Brighton,D,4.48,4.02,1.75
2024-12-08,Tottenham,Chelsea,A,3.21,4.04,2.07
2024-12-09,West Ham,Wolves,H,1.91,3.85,3.81
2024-12-14,Arsenal,Everton,D,1.23,6.33,13.36
2024-12-14,Liverpool,Fulham,D,1.32,5.75,8.89
2024-12-14,Newcastle,Leicester,H,1.31,5.83,9.08
2024-12-14,Wolves,Ipswich,A,1.9,3.83,3.85
2024-12-14,Nottm Forest,Aston Villa,H,2.64,3.39,2.68
2024-12-15,Brighton,Crystal Palace,A,1.89,3.82,3.9
2024-12-15,Man City,Man United,A,1.58,4.59,5.04
2024-12-15,Chelsea,Brentford,H,1.33,5.89,8.08
2024-12-15,Southampton,Tottenham,A,4.29,4.47,1.69
2024-12-16,Bournemouth,West Ham,D,1.71,4.19,4.43
2024-12-21,Aston Villa,Man City,H,3.29,3.71,2.12
2024-12-21,Brentford,Nottm Forest,A,2.35,3.52,2.99
2024-12-21,Ipswich,Newcastle,A,4.61,3.95,1.74
2024-12-21,West Ham,Brighton,D,2.8,3.75,2.38
2024-12-21,Crystal Palace,Arsenal,A,6.08,4.11,1.57
2024-12-22,Everton,Chelsea,D,5.18,4.13,1.63
2024-12-22,Fulham,Southampton,D,1.42,4.96,7.21
2024-12-22,Leicester,Wolves,A,2.55,3.56,2.69
2024-12-22,Man United,Bournemouth,A,1.85,3.88,4.07
2024-12-22,Tottenham,Liverpool,A,4.29,4.33,1.72
2024-12-26,Man City,Everton,D,1.34,5.46,8.59
2024-12-26,Bournemouth,Crystal Palace,D,1.9,3.77,3.87
2024-12-26,Chelsea,Fulham,A,1.47,4.88,6.15
2024-12-26,Newcastle,Aston Villa,H,1.93,3.91,3.66
2024-12-26,Nott'm Forest,Tottenham,H,2.35,3.74,2.82
2024-12-26,Southampton,West Ham,A,3.24,3.56,2.18
2024-12-26,Wolves,Man United,H,3.8,3.7,1.94
2024-12-26,Liverpool,Leicester,H,1.08,12.4,25.35
2024-12-27,Brighton,Brentford,D,1.64,4.44,4.89
2024-12-27,Arsenal,Ipswich,H,1.16,8.37,17.31
2024-12-29,Leicester,Man City,A,7.92,5.62,1.34
2024-12-29,Crystal Palace,Southampton,H,1.61,4.11,5.42
2024-12-29,Everton,Nott'm Forest,A,2.64,3.16,2.83
2024-12-29,Fulham,Bournemouth,D,2.35,3.58,2.91
2024-12-29,Tottenham,Wolves,D,1.61,4.77,4.56
2024-12-29,West Ham,Liverpool,A,7.04,5.21,1.4
2024-12-30,Aston Villa,Brighton,D,1.94,3.86,3.61
2024-12-30,Ipswich,Chelsea,H,6.87,5.02,1.41
2024-12-30,Man United,Newcastle,A,2.7,3.61,2.49
2025-01-01,Brentford,Arsenal,A,6.67,4.8,1.44
2025-01-04,Tottenham,Newcastle,A,2.88,3.94,2.24
2025-01-04,Aston Villa,Leicester,H,1.32,5.51,9.16
2025-01-04,Bournemouth,Everton,H,1.75,3.82,4.71
2025-01-04,Crystal Palace,Chelsea,D,3.65,3.88,1.95
2025-01-04,Man City,West Ham,H,1.31,6.09,8.3
2025-01-04,Southampton,Brentford,A,2.78,3.54,2.48
2025-01-04,Brighton,Arsenal,D,4.36,3.83,1.8
2025-01-05,Fulham,Ipswich,D,1.56,4.34,5.68
2025-01-05,Liverpool,Man United,D,1.29,6.05,9.49
2025-01-06,Wolves,Nott'm Forest,A,3.22,3.22,2.33
2025-01-14,Brentford,Man City,D,4.76,4.47,1.64
2025-01-14,Chelsea,Bournemouth,D,1.5,4.81,5.92
2025-01-14,West Ham,Fulham,H,2.97,3.43,2.41
2025-01-14,Nott'm Forest,Liverpool,D,5.14,4.16,1.64
2025-01-15,Everton,Aston Villa,A,3.2,3.24,2.35
2025-01-15,Leicester,Crystal Palace,A,3.88,3.73,1.92
2025-01-15,Newcastle,Wolves,H,1.35,5.54,8.08
2025-01-15,Arsenal,Tottenham,H,1.4,5.29,6.86
2025-01-16,Ipswich,Brighton,A,3.8,3.73,1.94
2025-01-16,Man United,Southampton,H,1.3,5.79,9.4
2025-01-18,Newcastle,Bournemouth,A,1.64,4.3,4.93
2025-01-18,Brentford,Liverpool,A,6.43,5.15,1.43
2025-01-18,Leicester,Fulham,A,4.17,3.81,1.84
2025-01-18,West Ham,Crystal Palace,A,2.62,3.41,2.69
2025-01-18,Arsenal,Aston Villa,D,1.51,4.35,6.45
2025-01-19,Everton,Tottenham,H,2.91,3.51,2.41
2025-01-19,Man United,Brighton,A,2.09,3.71,3.36
2025-01-19,Nott'm Forest,Southampton,H,1.39,4.86,8.03
2025-01-19,Ipswich,Man City,A,7.72,5.36,1.36
2025-01-20,Chelsea,Wolves,H,1.37,5.51,7.3
2025-01-25,Bournemouth,Nott'm Forest,H,2.09,3.64,3.42
2025-01-25,Brighton,Everton,A,1.67,3.86,5.39
2025-01-25,Liverpool,Ipswich,H,1.1,11.04,20.87
2025-01-25,Southampton,Newcastle,A,6.82,5.09,1.42
2025-01-25,Wolves,Arsenal,A,6.85,4.65,1.46
2025-01-25,Man City,Chelsea,H,2.03,4.03,3.29
2025-01-26,Crystal Palace,Brentford,A,2.06,3.68,3.47
2025-01-26,Tottenham,Leicester,A,1.46,5.21,5.89
2025-01-26,Aston Villa,West Ham,D,1.55,4.39,5.81
2025-01-26,Fulham,Man United,A,2.31,3.44,3.1
2025-02-01,Nott'm Forest,Brighton,H,2.44,3.46,2.89
2025-02-01,Bournemouth,Liverpool,A,4.56,4.32,1.68
2025-02-01,Everton,Leicester,H,1.79,3.67,4.67
2025-02-01,Ipswich,Southampton,A,1.98,3.67,3.74
2025-02-01,Newcastle,Fulham,A,1.71,4.07,4.66
2025-02-01,Wolves,Aston Villa,H,3.36,3.58,2.14
2025-02-02,Brentford,Tottenham,A,2.11,3.97,3.1
2025-02-02,Man United,Crystal Palace,A,2.04,3.48,3.71
2025-02-02,Arsenal,Man City,H,1.97,3.58,3.83
2025-02-03,Chelsea,West Ham,H,1.36,5.54,7.58
2025-02-12,Everton,Liverpool,D,7.36,4.71,1.44
2025-02-14,Brighton,Chelsea,H,2.85,3.6,2.43
2025-02-15,Leicester,Arsenal,A,9.45,5.29,1.34
2025-02-15,Aston Villa,Ipswich,D,1.41,4.96,7.45
2025-02-15,Fulham,Nott'm Forest,H,2.22,3.35,3.39
2025-02-15,Man City,Newcastle,H,1.97,4.07,3.44
2025-02-15,Southampton,Bournemouth,A,5.83,4.64,1.52
2025-02-15,West Ham,Brentford,A,2.41,3.64,2.82
2025-02-15,Crystal Palace,Everton,A,1.81,3.45,4.94
2025-02-16,Liverpool,Wolves,H,1.19,7.85,12.84
2025-02-16,Tottenham,Man United,H,2.45,3.73,2.69
2025-02-19,Aston Villa,Liverpool,D,3.93,4.0,1.85
2025-02-21,Leicester,Brentford,A,3.7,3.86,1.96
2025-02-22,Everton,Man United,D,2.55,3.2,2.96
2025-02-22,Arsenal,West Ham,A,1.25,6.2,11.63
2025-02-22,Bournemouth,Wolves,A,1.56,4.45,5.5
2025-02-22,Fulham,Crystal Palace,A,2.05,3.48,3.74
2025-02-22,Ipswich,Tottenham,A,3.87,3.89,1.89
2025-02-22,Southampton,Brighton,A,5.52,4.38,1.57
2025-02-22,Aston Villa,Chelsea,H,2.62,3.7,2.56
2025-02-23,Newcastle,Nott'm Forest,H,1.81,3.96,4.11
2025-02-23,Man City,Liverpool,A,2.9,3.86,2.26
2025-02-25,Brighton,Bournemouth,H,2.06,3.81,3.43
2025-02-25,Crystal Palace,Aston Villa,H,2.55,3.38,2.83
2025-02-25,Wolves,Fulham,A,2.71,3.34,2.69
2025-02-25,Chelsea,Southampton,H,1.17,8.55,14.69
2025-02-26,Brentford,Everton,D,2.02,3.68,3.59
2025-02-26,Man United,Ipswich,H,1.52,4.55,5.83
2025-02-26,Nott'm Forest,Arsenal,D,3.94,3.48,1.98
2025-02-26,Tottenham,Man City,A,3.22,4.09,2.04
2025-02-26,Liverpool,Newcastle,H,1.52,4.77,5.64
2025-02-27,West Ham,Leicester,H,1.63,4.15,5.17
2025-03-08,Nott'm Forest,Man City,H,3.88,3.89,1.89
2025-03-08,Brighton,Fulham,H,1.99,3.62,3.77
2025-03-08,Crystal Palace,Ipswich,H,1.48,4.55,6.74
2025-03-08,Liverpool,Southampton,H,1.12,9.97,19.5
2025-03-08,Brentford,Aston Villa,A,2.26,3.8,2.95
2025-03-08,Wolves,Everton,D,2.63,3.14,2.87
2025-03-09,Chelsea,Leicester,H,1.2,7.67,12.34
2025-03-09,Tottenham,Bournemouth,D,2.71,3.88,2.4
2025-03-09,Man United,Arsenal,D,5.41,3.58,1.72
2025-03-10,West Ham,Newcastle,A,3.21,3.57,2.19
2025-03-15,Everton,West Ham,D,2.11,3.27,3.81
2025-03-15,Ipswich,Nott'm Forest,A,3.8,3.59,1.99
2025-03-15,Man City,Brighton,D,1.66,4.45,4.63
2025-03-15,Southampton,Wolves,A,3.63,3.51,2.06
2025-03-15,Bournemouth,Brentford,A,1.76,4.16,4.25
2025-03-16,Arsenal,Chelsea,H,1.81,3.74,4.44
2025-03-16,Fulham,Tottenham,H,2.01,3.84,3.48
2025-03-16,Leicester,Man United,A,4.21,3.76,1.84
2025-04-01,Arsenal,Fulham,H,1.48,4.2,7.73
2025-04-01,Wolves,West Ham,H,2.57,3.2,2.92
2025-04-01,Nott'm Forest,Man United,H,2.32,3.42,3.13
2025-04-02,Bournemouth,Ipswich,A,1.38,5.23,7.72
2025-04-02,Brighton,Aston Villa,A,2.09,3.81,3.27
2025-04-02,Man City,Leicester,H,1.2,7.61,12.4
2025-04-02,Newcastle,Brentford,H,1.73,4.31,4.21
2025-04-02,Southampton,Crystal Palace,D,5.5,4.01,1.62
2025-04-02,Liverpool,Everton,H,1.36,5.02,8.78
2025-04-03,Chelsea,Tottenham,H,1.64,4.5,4.57
2025-04-05,Everton,Arsenal,D,5.15,3.44,1.78
2025-04-05,Crystal Palace,Brighton,H,2.43,3.46,2.87
2025-04-05,Ipswich,Wolves,A,2.74,3.28,2.65
2025-04-05,West Ham,Bournemouth,D,3.04,3.47,2.34
2025-04-05,Aston Villa,Nott'm Forest,H,1.99,3.63,3.72
2025-04-06,Brentford,Chelsea,D,3.2,3.73,2.15
2025-04-06,Fulham,Liverpool,H,4.24,3.7,1.86
2025-04-06,Tottenham,Southampton,H,1.39,5.32,7.12
2025-04-06,Man United,Man City,D,3.33,3.61,2.13
2025-04-07,Leicester,Newcastle,A,6.4,4.44,1.5
2025-04-12,Man City,Crystal Palace,H,1.5,4.7,5.95
2025-04-12,Brighton,Leicester,D,1.27,5.89,10.98
2025-04-12,Nott'm Forest,Everton,A,2.11,3.33,3.67
2025-04-12,Southampton,Aston Villa,A,5.65,4.42,1.55
2025-04-12,Arsenal,Brentford,D,1.61,4.16,5.35
2025-04-13,Chelsea,Ipswich,D,1.25,6.57,9.7
2025-04-13,Liverpool,West Ham,H,1.3,5.89,9.45
2025-04-13,Wolves,Tottenham,H,2.23,3.55,3.14
2025-04-13,Newcastle,Man United,H,1.65,4.21,4.73
2025-04-14,Bournemouth,Fulham,H,2.15,3.58,3.3
2025-04-16,Newcastle,Crystal Palace,H,1.71,3.96,4.75
2025-04-19,Brentford,Brighton,H,2.5,3.61,2.7
2025-04-19,Crystal Palace,Bournemouth,D,2.54,3.54,2.69
2025-04-19,Everton,Man City,A,3.8,3.65,1.96
2025-04-19,West Ham,Southampton,D,1.49,4.49,6.44
2025-04-19,Aston Villa,Newcastle,H,2.36,3.63,2.85
2025-04-20,Fulham,Chelsea,A,2.82,3.52,2.43
2025-04-20,Ipswich,Arsenal,A,7.83,4.81,1.4
2025-04-20,Man United,Wolves,A,2.0,3.58,3.72
2025-04-20,Leicester,Liverpool,A,11.76,6.63,1.23
2025-04-21,Tottenham,Nott'm Forest,A,2.47,3.71,2.66
2025-04-22,Man City,Aston Villa,H,1.85,4.06,3.93
2025-04-23,Arsenal,Crystal Palace,D,1.41,4.66,8.13
2025-04-26,Chelsea,Everton,H,1.58,4.08,5.91
2025-04-26,Brighton,West Ham,H,1.67,4.14,4.76
2025-04-26,Newcastle,Ipswich,H,1.18,7.72,14.89
2025-04-26,Southampton,Fulham,A,5.17,4.11,1.64
2025-04-26,Wolves,Leicester,H,1.51,4.38,6.24
2025-04-27,Bournemouth,Man United,D,1.67,4.13,4.77
2025-04-27,Liverpool,Tottenham,H,1.25,6.57,9.98
2025-05-01,Nott'm Forest,Brentford,A,2.17,3.55,3.27
2025-05-02,Man City,Wolves,H,1.4,5.14,7.49
2025-05-03,Aston Villa,Fulham,H,1.79,3.88,4.32
2025-05-03,Everton,Ipswich,D,1.47,4.4,7.07
2025-05-03,Leicester,Southampton,H,2.33,3.62,2.93
2025-05-03,Arsenal,Bournemouth,A,2.08,3.6,3.47
2025-05-04,Brentford,Man United,H,1.67,4.14,4.74
2025-05-04,Brighton,Newcastle,D,2.86,3.77,2.31
2025-05-04,West Ham,Tottenham,D,2.1,3.73,3.31
2025-05-04,Chelsea,Liverpool,H,2.18,3.71,3.14
2025-05-05,Crystal Palace,Nott'm Forest,D,2.29,3.38,3.15
2025-05-10,Fulham,Everton,A,1.87,3.55,4.32
2025-05-10,Ipswich,Brentford,A,4.94,4.2,1.65
2025-05-10,Southampton,Man City,D,13.37,7.58,1.19
2025-05-10,Wolves,Brighton,A,2.73,3.47,2.54
2025-05-10,Bournemouth,Aston Villa,A,2.45,3.68,2.71
2025-05-11,Newcastle,Chelsea,H,2.13,3.76,3.18
2025-05-11,Man United,West Ham,A,1.92,3.72,3.83
2025-05-11,Nott'm Forest,Leicester,D,1.33,5.34,8.83
2025-05-11,Tottenham,Crystal Palace,A,2.65,3.68,2.5
2025-05-11,Liverpool,Arsenal,D,2.06,3.54,3.57
2025-05-16,Aston Villa,Tottenham,H,1.32,5.95,8.45
2025-05-16,Chelsea,Man United,H,1.46,4.9,6.51
2025-05-18,Everton,Southampton,H,1.4,4.79,7.93
2025-05-18,West Ham,Nott'm Forest,A,2.8,3.4,2.53
2025-05-18,Brentford,Fulham,A,1.93,3.9,3.64
2025-05-18,Leicester,Ipswich,H,2.33,3.59,2.94
2025-05-18,Arsenal,Newcastle,H,2.01,3.59,3.7
2025-05-19,Brighton,Liverpool,H,2.63,3.82,2.46
2025-05-20,Crystal Palace,Wolves,H,2.27,3.32,3.26
2025-05-20,Man City,Bournemouth,H,1.55,4.51,5.49
2025-05-25,Bournemouth,Leicester,H,1.33,5.61,8.35
2025-05-25,Fulham,Man City,A,5.15,4.28,1.61
2025-05-25,Ipswich,West Ham,A,2.99,3.85,2.21
2025-05-25,Liverpool,Crystal Palace,D,1.4,5.65,6.27
2025-05-25,Man United,Aston Villa,H,4.37,4.16,1.73
2025-05-25,Newcastle,Everton,A,1.32,5.6,8.77
2025-05-25,Nott'm Forest,Chelsea,A,3.09,3.72,2.2
2025-05-25,Southampton,Arsenal,A,9.45,5.83,1.29
2025-05-25,Tottenham,Brighton,A,4.23,4.43,1.71
2025-05-25,Wolves,Brentford,D,2.71,3.76,2.43
2025-08-15,Liverpool,Bournemouth,H,1.3,6.0,8.5
2025-08-16,Aston Villa,Newcastle,D,2.25,3.5,2.9
2025-08-16,Brighton,Fulham,D,1.91,3.6,4.0
2025-08-16,Sunderland,West Ham,H,3.25,3.4,2.25
2025-08-16,Tottenham,Burnley,H,1.38,4.75,8.5
2025-08-16,Wolves,Man City,A,6.25,4.75,1.45
2025-08-17,Chelsea,Crystal Palace,D,1.62,4.33,4.5
2025-08-17,Nott'm Forest,Brentford,H,2.2,3.3,3.5
2025-08-17,Man United,Arsenal,A,3.6,3.6,1.95
2025-08-18,Leeds,Everton,H,2.38,3.3,3.0
2025-08-22,West Ham,Chelsea,A,4.75,3.8,1.73
2025-08-23,Man City,Tottenham,A,1.48,4.5,6.25
2025-08-23,Bournemouth,Wolves,H,1.8,3.8,4.2
2025-08-23,Brentford,Aston Villa,H,3.1,3.6,2.2
2025-08-23,Burnley,Sunderland,H,2.2,3.2,3.5
2025-08-23,Arsenal,Leeds,H,1.27,6.25,9.5
2025-08-24,Crystal Palace,Nott'm Forest,D,2.35,3.3,3.1
2025-08-24,Everton,Brighton,H,3.1,3.3,2.3
2025-08-24,Fulham,Man United,D,3.25,3.5,2.15
2025-08-25,Newcastle,Liverpool,A,3.25,3.8,2.05
2025-08-30,Chelsea,Fulham,H,1.55,4.33,5.25
2025-08-30,Man United,Burnley,H,1.33,5.25,8.0
2025-08-30,Sunderland,Brentford,H,3.0,3.3,2.4
2025-08-30,Tottenham,Bournemouth,A,1.73,4.2,4.2
2025-08-30,Wolves,Everton,A,2.7,3.2,2.75
2025-08-30,Leeds,Newcastle,D,3.5,3.4,2.1
2025-08-31,Brighton,Man City,H,3.8,3.9,1.9
2025-08-31,Nott'm Forest,West Ham,A,1.67,3.75,5.25
2025-08-31,Liverpool,Arsenal,H,2.2,3.5,3.2
2025-08-31,Aston Villa,Crystal Palace,A,1.85,3.7,4.0
2025-09-13,Arsenal,Nott'm Forest,H,1.38,5.0,8.0
2025-09-13,Bournemouth,Brighton,H,2.35,3.5,2.9
2025-09-13,Crystal Palace,Sunderland,D,1.65,3.75,5.75
2025-09-13,Everton,Aston Villa,D,2.45,3.3,2.9
2025-09-13,Fulham,Leeds,H,1.91,3.5,4.0
2025-09-13,Newcastle,Wolves,H,1.42,4.75,7.0
2025-09-13,West Ham,Tottenham,A,3.4,3.6,2.1
2025-09-13,Brentford,Chelsea,D,4.5,3.9,1.73
2025-09-14,Burnley,Liverpool,A,8.0,5.5,1.33
2025-09-14,Man City,Man United,H,1.75,4.0,4.2
2025-09-20,Liverpool,Everton,H,1.45,4.75,6.5
2025-09-20,Brighton,Tottenham,D,2.25,3.7,3.0
2025-09-20,Burnley,Nott'm Forest,D,3.4,3.3,2.2
2025-09-20,West Ham,Crystal Palace,A,2.88,3.5,2.38
2025-09-20,Wolves,Leeds,A,2.7,3.2,2.75
2025-09-20,Man United,Chelsea,H,2.6,3.8,2.45
2025-09-20,Fulham,Brentford,H,2.0,3.4,3.8
2025-09-21,Bournemouth,Newcastle,D,2.5,3.5,2.7
2025-09-21,Sunderland,Aston Villa,D,3.4,3.5,2.1
2025-09-21,Arsenal,Man City,D,1.85,3.9,3.8
2025-09-27,Brentford,Man United,H,3.4,3.8,2.0
2025-09-27,Chelsea,Brighton,A,1.85,3.8,3.8
2025-09-27,Crystal Palace,Liverpool,H,3.8,3.8,1.9
2025-09-27,Leeds,Bournemouth,D,3.1,3.25,2.38
2025-09-27,Man City,Burnley,H,1.17,7.5,15.0
2025-09-27,Nott'm Forest,Sunderland,A,1.75,3.75,4.5
2025-09-27,Tottenham,Wolves,D,1.5,4.5,6.0
2025-09-28,Aston Villa,Fulham,H,2.3,3.1,3.4
2025-09-28,Newcastle,Arsenal,A,3.6,3.4,2.1
2025-09-29,Everton,West Ham,D,1.7,3.75,5.0
2025-10-03,Bournemouth,Fulham,H,1.95,3.5,3.9
2025-10-04,Leeds,Tottenham,A,2.7,3.5,2.5
2025-10-04,Arsenal,West Ham,H,1.18,6.5,17.0
2025-10-04,Man United,Sunderland,H,1.5,4.75,5.75
2025-10-04,Chelsea,Liverpool,H,2.8,3.75,2.3
2025-10-05,Aston Villa,Burnley,H,1.6,4.0,5.75
2025-10-05,Everton,Crystal Palace,H,2.45,3.25,3.0
2025-10-05,Newcastle,Nott'm Forest,H,1.57,4.2,5.5
2025-10-05,Wolves,Brighton,D,3.6,3.7,2.0
2025-10-05,Brentford,Man City,A,4.75,4.5,1.62
2025-10-18,Nott'm Forest,Chelsea,A,3.7,3.8,1.95
2025-10-18,Brighton,Newcastle,H,2.63,3.4,2.6
2025-10-18,Burnley,Leeds,H,3.25,3.25,2.25
2025-10-18,Crystal Palace,Bournemouth,D,2.2,3.4,3.25
2025-10-18,Man City,Everton,H,1.4,5.0,7.0
2025-10-18,Sunderland,Wolves,H,2.5,3.0,3.1
2025-10-18,Fulham,Arsenal,A,5.75,4.1,1.55
2025-10-19,Tottenham,Aston Villa,A,2.05,3.5,3.5
2025-10-19,Liverpool,Man United,A,1.6,4.5,5.0
2025-10-20,West Ham,Brentford,A,2.5,3.25,2.88
2025-10-24,Leeds,West Ham,H,1.8,3.5,4.75
2025-10-25,Chelsea,Sunderland,A,1.36,4.75,9.0
2025-10-25,Newcastle,Fulham,H,1.62,3.9,5.5
2025-10-25,Man United,Brighton,H,1.95,3.8,3.5
2025-10-25,Brentford,Liverpool,H,4.1,4.2,1.75
2025-10-26,Arsenal,Crystal Palace,H,1.4,4.75,7.5
2025-10-26,Aston Villa,Man City,H,4.33,3.8,1.8
2025-10-26,Bournemouth,Nott'm Forest,H,1.8,3.8,4.33
2025-10-26,Wolves,Burnley,A,1.95,3.3,4.2
2025-10-26,Everton,Tottenham,A,2.35,3.4,3.0
2025-11-01,Brighton,Leeds,H,1.85,3.75,4.0
2025-11-01,Burnley,Arsenal,A,10.0,6.0,1.27
2025-11-01,Crystal Palace,Brentford,H,1.91,3.6,3.9
2025-11-01,Fulham,Wolves,H,1.83,3.5,4.5
2025-11-01,Nott'm Forest,Man United,D,3.3,3.75,2.05
2025-11-01,Tottenham,Chelsea,A,2.7,3.5,2.5
2025-11-01,Liverpool,Aston Villa,H,1.65,4.33,4.5
2025-11-02,West Ham,Newcastle,H,5.25,4.0,1.62
2025-11-02,Man City,Bournemouth,H,1.5,4.75,5.75
2025-11-03,Sunderland,Everton,D,2.7,3.2,2.7
2025-11-08,Tottenham,Man United,D,2.63,3.6,2.5
2025-11-08,Everton,Fulham,H,2.2,3.3,3.4
2025-11-08,West Ham,Burnley,H,1.91,3.5,4.0
2025-11-08,Sunderland,Arsenal,D,7.5,5.0,1.38
2025-11-08,Chelsea,Wolves,H,1.36,4.75,8.5
2025-11-09,Aston Villa,Bournemouth,H,2.2,3.4,3.25
2025-11-09,Brentford,Newcastle,H,2.8,3.5,2.45
2025-11-09,Crystal Palace,Brighton,D,2.25,3.5,3.1
2025-11-09,Nott'm Forest,Leeds,H,2.25,3.25,3.3
2025-11-09,Man City,Liverpool,H,1.9,3.9,3.7
2025-11-22,Burnley,Chelsea,A,6.25,4.5,1.48
2025-11-22,Bournemouth,West Ham,D,1.62,4.2,4.75
2025-11-22,Brighton,Brentford,H,1.91,3.6,4.0
2025-11-22,Fulham,Sunderland,H,2.1,3.25,3.75
2025-11-22,Liverpool,Nott'm Forest,A,1.44,5.0,6.25
2025-11-22,Wolves,Crystal Palace,A,3.8,3.6,1.95
2025-11-22,Newcastle,Man City,H,3.6,3.8,1.95
2025-11-23,Leeds,Aston Villa,A,3.0,3.3,2.4
2025-11-23,Arsenal,Tottenham,H,1.42,4.75,7.5
2025-11-24,Man United,Everton,A,1.75,4.0,4.33
2025-11-29,Brentford,Burnley,H,1.45,4.5,7.0
2025-11-29,Man City,Leeds,H,1.22,6.5,12.0
2025-11-29,Sunderland,Bournemouth,H,3.2,3.3,2.3
2025-11-29,Everton,Newcastle,A,2.8,3.25,2.63
2025-11-29,Tottenham,Fulham,A,2.2,3.3,3.3
2025-11-30,Crystal Palace,Man United,A,2.3,3.4,3.1
2025-11-30,Aston Villa,Wolves,H,1.5,4.33,6.5
2025-11-30,Nott'm Forest,Brighton,A,2.75,3.3,2.63
2025-11-30,West Ham,Liverpool,A,4.33,4.33,1.67
2025-11-30,Chelsea,Arsenal,D,3.4,3.3,2.2
2025-12-02,Bournemouth,Everton,A,2.2,3.25,3.3
2025-12-02,Fulham,Man City,A,4.33,4.1,1.73
2025-12-02,Newcastle,Tottenham,D,1.83,3.8,4.1
2025-12-03,Arsenal,Brentford,H,1.36,5.0,8.5
2025-12-03,Brighton,Aston Villa,A,2.15,3.5,3.4
2025-12-03,Burnley,Crystal Palace,A,4.5,3.8,1.75
2025-12-03,Wolves,Nott'm Forest,A,3.25,3.4,2.25
2025-12-03,Leeds,Chelsea,H,4.1,4.1,1.8
2025-12-03,Liverpool,Sunderland,D,1.36,5.25,7.0
2025-12-04,Man United,West Ham,D,1.45,5.0,6.0
2025-12-06,Aston Villa,Arsenal,H,4.2,3.5,1.9
2025-12-06,Bournemouth,Chelsea,D,3.1,3.75,2.15
2025-12-06,Everton,Nott'm Forest,H,2.2,3.2,3.5
2025-12-06,Man City,Sunderland,H,1.25,6.5,10.0
2025-12-06,Newcastle,Burnley,H,1.27,6.0,9.5
2025-12-06,Tottenham,Brentford,H,2.3,3.5,3.0
2025-12-06,Leeds,Liverpool,D,3.8,4.0,1.85
2025-12-07,Brighton,West Ham,D,1.55,4.33,5.75
2025-12-07,Fulham,Crystal Palace,A,2.55,3.3,2.8
2025-12-08,Wolves,Man United,A,4.2,4.0,1.75
2025-12-13,Chelsea,Everton,H,1.67,3.8,5.25
2025-12-13,Liverpool,Brighton,H,1.67,4.0,4.75
2025-12-13,Burnley,Fulham,A,4.0,3.5,1.91
2025-12-13,Arsenal,Wolves,H,1.13,8.5,21.0
2025-12-14,Crystal Palace,Man City,A,3.9,3.9,1.85
2025-12-14,Nott'm Forest,Tottenham,H,2.55,3.3,2.8
2025-12-14,Sunderland,Newcastle,H,3.3,3.3,2.25
2025-12-14,West Ham,Aston Villa,A,3.75,3.5,2.0
2025-12-14,Brentford,Leeds,D,1.91,3.6,4.0
2025-12-15,Man United,Bournemouth,D,1.83,4.0,3.8
2025-12-20,Newcastle,Chelsea,D,2.75,3.6,2.45
2025-12-20,Bournemouth,Burnley,D,1.48,4.33,6.5
2025-12-20,Brighton,Sunderland,D,1.67,4.0,5.25
2025-12-20,Man City,West Ham,H,1.22,8.0,10.0
2025-12-20,Wolves,Brentford,A,3.5,3.6,2.05
2025-12-20,Tottenham,Liverpool,A,3.5,3.75,2.0
2025-12-20,Everton,Arsenal,A,5.75,4.1,1.57
2025-12-20,Leeds,Crystal Palace,H,2.6,3.3,2.75
2025-12-21,Aston Villa,Man United,H,2.1,3.6,3.3
2025-12-22,Fulham,Nott'm Forest,H,2.4,3.25,3.0
2025-12-26,Man United,Newcastle,H,2.55,3.6,2.6
2025-12-27,Nott'm Forest,Man City,A,5.0,4.33,1.6
2025-12-27,Arsenal,Brighton,H,1.42,4.75,7.0
2025-12-27,Brentford,Bournemouth,H,2.25,3.6,3.0
2025-12-27,Burnley,Everton,D,4.1,3.4,1.95
2025-12-27,Liverpool,Wolves,H,1.25,6.5,10.0
2025-12-27,West Ham,Fulham,A,2.63,3.4,2.6
2025-12-27,Chelsea,Aston Villa,A,1.83,3.9,4.0
2025-12-28,Sunderland,Leeds,D,2.5,3.1,2.88
2025-12-28,Crystal Palace,Tottenham,A,2.25,3.25,3.2
2025-12-30,Burnley,Newcastle,A,5.25,4.2,1.6
2025-12-30,Chelsea,Bournemouth,D,1.5,4.75,5.75
2025-12-30,Nott'm Forest,Everton,A,2.1,3.25,3.7
2025-12-30,West Ham,Brighton,D,3.4,3.75,2.0
2025-12-30,Arsenal,Aston Villa,H,1.42,4.75,7.0
2025-12-30,Man United,Wolves,D,1.36,5.25,8.0
2026-01-01,Crystal Palace,Fulham,D,2.15,3.3,3.4
2026-01-01,Liverpool,Leeds,D,1.55,4.5,5.5
2026-01-01,Brentford,Tottenham,D,2.1,3.6,3.2
2026-01-01,Sunderland,Man City,D,7.5,4.75,1.38
2026-01-03,Aston Villa,Nott'm Forest,H,1.75,3.9,4.5
2026-01-03,Brighton,Burnley,H,1.48,4.33,7.0
2026-01-03,Wolves,West Ham,H,2.5,3.3,2.88
2026-01-03,Bournemouth,Arsenal,A,6.5,4.75,1.44
2026-01-04,Leeds,Man United,D,2.7,3.3,2.63
2026-01-04,Everton,Brentford,A,2.35,3.25,3.1
2026-01-04,Newcastle,Crystal Palace,H,1.7,3.9,4.75
2026-01-04,Tottenham,Sunderland,D,1.8,3.6,4.5
2026-01-04,Fulham,Liverpool,D,3.8,3.75,1.91
2026-01-04,Man City,Chelsea,D,1.6,4.75,4.5
2026-01-06,West Ham,Nott'm Forest,A,2.88,3.25,2.2
2026-01-07,Bournemouth,Tottenham,H,2.1,3.6,3.3
2026-01-07,Brentford,Sunderland,H,1.85,3.5,4.33
2026-01-07,Crystal Palace,Aston Villa,D,3.1,3.3,2.3
2026-01-07,Everton,Wolves,D,1.75,3.5,5.0
2026-01-07,Fulham,Chelsea,H,3.4,3.6,2.05
2026-01-07,Man City,Brighton,D,1.4,5.25,6.5
2026-01-07,Burnley,Man United,D,4.75,4.0,1.7
2026-01-07,Newcastle,Leeds,H,1.67,3.8,5.0
2026-01-08,Arsenal,Liverpool,D,1.6,4.1,5.0
2026-01-17,Man United,Man City,H,3.7,3.8,1.91
2026-01-17,Chelsea,Brentford,H,1.73,4.0,4.75
2026-01-17,Leeds,Fulham,H,2.15,3.3,3.5
2026-01-17,Liverpool,Burnley,D,1.22,6.5,11.0
2026-01-17,Sunderland,Crystal Palace,H,2.75,3.1,2.75
2026-01-17,Tottenham,West Ham,A,1.73,4.0,4.5
2026-01-17,Nott'm Forest,Arsenal,D,6.0,4.33,1.53
2026-01-18,Wolves,Newcastle,D,4.75,4.0,1.7
2026-01-18,Aston Villa,Everton,A,1.67,3.9,5.25
2026-01-19,Brighton,Bournemouth,D,1.85,3.9,3.8
2026-01-24,West Ham,Sunderland,H,2.5,3.2,2.88
2026-01-24,Burnley,Tottenham,D,3.7,3.5,2.05
2026-01-24,Fulham,Brighton,H,2.6,3.4,2.7
2026-01-24,Man City,Wolves,H,1.2,7.0,11.0
2026-01-24,Bournemouth,Liverpool,H,3.75,3.8,1.9
2026-01-25,Brentford,Nott'm Forest,A,1.91,3.5,4.1
2026-01-25,Crystal Palace,Chelsea,A,3.5,3.8,2.0
2026-01-25,Newcastle,Aston Villa,A,1.95,3.7,3.7
2026-01-25,Arsenal,Man United,A,1.55,4.2,6.0
2026-01-26,Everton,Leeds,D,2.5,3.25,2.9
2026-01-31,Brighton,Everton,D,1.85,3.6,4.1
2026-01-31,Leeds,Arsenal,A,5.75,4.2,1.55
2026-01-31,Wolves,Bournemouth,A,2.9,3.5,2.3
2026-01-31,Chelsea,West Ham,H,1.5,4.5,6.0
2026-01-31,Liverpool,Newcastle,H,1.8,3.9,4.1
2026-02-01,Aston Villa,Brentford,A,2.1,3.5,3.4
2026-02-01,Man United,Fulham,H,1.57,4.5,5.0
2026-02-01,Nott'm Forest,Crystal Palace,D,1.95,3.5,3.9
2026-02-01,Tottenham,Man City,D,4.5,4.1,1.73
2026-02-02,Sunderland,Burnley,H,1.8,3.5,4.75
2026-02-06,Leeds,Nott'm Forest,H,2.2,3.3,3.4
2026-02-07,Man United,Tottenham,H,1.57,4.5,5.0
2026-02-07,Arsenal,Sunderland,H,1.22,6.25,12.0
2026-02-07,Bournemouth,Aston Villa,D,2.7,3.5,2.5
2026-02-07,Burnley,West Ham,A,3.3,3.5,2.15
2026-02-07,Fulham,Everton,A,2.1,3.25,3.75
2026-02-07,Wolves,Chelsea,A,5.0,4.0,1.67
2026-02-07,Newcastle,Brentford,A,2.1,3.5,3.5
2026-02-08,Brighton,Crystal Palace,A,1.95,3.5,3.9
2026-02-08,Liverpool,Man City,A,2.38,3.7,2.75
2026-02-10,Chelsea,Leeds,D,1.55,4.33,5.5
2026-02-10,Everton,Bournemouth,A,2.38,3.4,3.0
2026-02-10,Tottenham,Newcastle,A,3.2,3.6,2.2
2026-02-10,West Ham,Man United,D,4.5,4.2,1.7
2026-02-11,Aston Villa,Brighton,H,1.91,3.7,3.8
2026-02-11,Crystal Palace,Burnley,A,1.57,4.0,6.25
2026-02-11,Man City,Fulham,H,1.36,5.5,7.0
2026-02-11,Nott'm Forest,Wolves,D,1.7,3.8,5.0
2026-02-11,Sunderland,Liverpool,A,4.75,3.8,1.73
2026-02-12,Brentford,Arsenal,D,4.75,3.9,1.7
2026-02-18,Wolves,Arsenal,D,11.0,5.25,1.29
2026-02-21,Aston Villa,Leeds,D,1.85,3.6,4.33
2026-02-21,Brentford,Brighton,A,2.0,3.7,3.5
2026-02-21,Chelsea,Burnley,D,1.22,6.5,12.0
2026-02-21,West Ham,Bournemouth,D,2.5,3.7,2.63
2026-02-21,Man City,Newcastle,H,1.45,5.0,5.5
2026-02-22,Crystal Palace,Wolves,H,1.65,4.0,5.0
2026-02-22,Nott'm Forest,Liverpool,A,4.1,3.9,1.8
2026-02-22,Sunderland,Fulham,A,2.7,3.25,2.7
2026-02-22,Tottenham,Arsenal,A,6.0,4.0,1.57
2026-02-23,Everton,Man United,A,3.7,3.75,1.91
2026-02-27,Wolves,Aston Villa,H,4.1,3.7,1.85
2026-02-28,Bournemouth,Sunderland,D,1.8,3.75,4.33
2026-02-28,Burnley,Brentford,A,4.5,3.9,1.73
2026-02-28,Liverpool,West Ham,H,1.42,4.75,6.5
2026-02-28,Newcastle,Everton,A,1.7,4.0,4.75
2026-02-28,Leeds,Man City,A,4.75,4.33,1.62
2026-03-01,Brighton,Nott'm Forest,H,2.0,3.6,3.5
2026-03-01,Fulham,Tottenham,H,2.1,3.6,3.3
2026-03-01,Man United,Crystal Palace,H,1.53,4.5,5.5
2026-03-01,Arsenal,Chelsea,H,1.6,3.8,5.5
2026-03-03,Bournemouth,Brentford,D,2.5,3.6,2.63
2026-03-03,Everton,Burnley,H,1.57,4.0,6.0
2026-03-03,Leeds,Sunderland,A,1.85,3.4,4.33
2026-03-03,Wolves,Liverpool,H,5.5,4.5,1.5
2026-03-04,Aston Villa,Chelsea,A,2.7,3.4,2.55
2026-03-04,Brighton,Arsenal,A,4.75,4.1,1.65
2026-03-04,Fulham,West Ham,A,2.0,3.5,3.7
2026-03-04,Man City,Nott'm Forest,D,1.38,5.0,7.5
2026-03-04,Newcastle,Man United,H,2.63,3.5,2.6
2026-03-05,Tottenham,Crystal Palace,A,2.35,3.25,3.1
2026-03-14,Burnley,Bournemouth,D,4.1,3.8,1.83
2026-03-14,Sunderland,Brighton,A,3.3,3.3,2.25
2026-03-14,Arsenal,Everton,H,1.38,4.75,8.5
2026-03-14,Chelsea,Newcastle,A,1.8,4.2,3.8
2026-03-14,West Ham,Man City,D,4.33,4.33,1.7
2026-03-15,Crystal Palace,Leeds,D,2.55,3.3,2.88
2026-03-15,Man United,Aston Villa,H,1.73,4.0,4.5
2026-03-15,Nott'm Forest,Fulham,D,2.2,3.4,3.3
2026-03-15,Liverpool,Tottenham,D,1.3,6.25,8.0
2026-03-16,Brentford,Wolves,D,1.55,4.2,5.75
2026-03-20,Bournemouth,Man United,D,3.2,3.8,2.1
2026-03-21,Brighton,Liverpool,H,3.1,3.5,2.2
2026-03-21,Fulham,Burnley,H,1.53,4.1,6.25
2026-03-21,Everton,Chelsea,H,3.5,3.4,2.1
2026-03-21,Leeds,Brentford,D,2.45,3.5,2.88
2026-03-22,Newcastle,Sunderland,A,1.67,4.0,5.0
2026-03-22,Aston Villa,West Ham,H,1.95,3.6,3.8
2026-03-22,Tottenham,Nott'm Forest,A,2.25,3.4,3.2
2026-04-10,West Ham,Wolves,H,1.8,3.8,4.33
2026-04-11,Arsenal,Bournemouth,A,1.44,4.5,7.5
2026-04-11,Brentford,Everton,D,2.15,3.3,3.5
2026-04-11,Burnley,Brighton,A,4.5,4.0,1.73
2026-04-11,Liverpool,Fulham,H,1.65,4.2,4.75
2026-04-12,Crystal Palace,Newcastle,H,3.0,3.6,2.2
2026-04-12,Nott'm Forest,Aston Villa,D,2.63,3.3,2.7
2026-04-12,Sunderland,Tottenham,H,2.7,3.2,2.7
2026-04-12,Chelsea,Man City,A,3.1,3.8,2.15
2026-04-13,Man United,Leeds,A,1.62,4.1,5.0
2026-04-18,Brentford,Fulham,D,2.1,3.75,3.25
2026-04-18,Leeds,Wolves,H,1.62,3.9,5.75
2026-04-18,Newcastle,Bournemouth,A,2.0,3.75,3.5
2026-04-18,Tottenham,Brighton,D,2.7,3.75,2.4
2026-04-18,Chelsea,Man United,A,2.2,3.5,3.2
2026-04-19,Aston Villa,Sunderland,H,1.67,3.75,5.5
2026-04-19,Everton,Liverpool,A,3.1,3.4,2.3
2026-04-19,Nott'm Forest,Burnley,H,1.5,4.2,7.0
2026-04-19,Man City,Arsenal,H,1.83,3.7,4.2
2026-04-20,Crystal Palace,West Ham,D,2.38,3.2,3.1
2026-04-21,Brighton,Chelsea,H,2.5,3.5,2.7
2026-04-22,Bournemouth,Leeds,D,2.0,3.5,3.6
2026-04-22,Burnley,Man City,A,19.0,9.0,1.13
2026-04-24,Sunderland,Nott'm Forest,A,2.7,3.2,2.7
2026-04-25,Fulham,Aston Villa,H,2.75,3.6,2.45
2026-04-25,Liverpool,Crystal Palace,H,1.44,5.0,6.25
2026-04-25,West Ham,Everton,H,2.4,3.4,2.9
2026-04-25,Wolves,Tottenham,A,4.5,4.33,1.67
2026-04-25,Arsenal,Newcastle,H,1.45,4.75,6.25
2026-04-27,Man United,Brentford,H,1.85,3.8,4.0
2026-05-01,Leeds,Burnley,H,1.33,5.0,9.5
2026-05-02,Brentford,West Ham,H,1.91,3.75,3.75
2026-05-02,Newcastle,Brighton,H,2.5,3.75,2.6
2026-05-02,Wolves,Sunderland,D,3.1,3.2,2.1
2026-05-02,Arsenal,Fulham,H,1.44,4.33,7.0
2026-05-03,Bournemouth,Crystal Palace,H,1.57,4.33,5.25
2026-05-03,Man United,Liverpool,H,2.3,3.8,2.75
2026-05-03,Aston Villa,Tottenham,A,2.15,3.6,3.2
2026-05-04,Chelsea,Nott'm Forest,A,1.7,4.0,4.75
2026-05-04,Everton,Man City,D,6.5,4.75,1.44
2026-05-09,Liverpool,Chelsea,D,1.83,4.0,3.9
2026-05-09,Brighton,Wolves,H,1.27,6.25,9.5
2026-05-09,Fulham,Bournemouth,A,2.75,3.6,2.4
2026-05-09,Sunderland,Man United,D,3.9,3.75,1.85
2026-05-09,Man City,Brentford,H,1.36,5.75,7.0
2026-05-10,Burnley,Aston Villa,D,5.0,4.33,1.6
2026-05-10,Crystal Palace,Everton,D,2.7,3.3,2.63
2026-05-10,Nott'm Forest,Newcastle,D,2.6,3.6,2.6
2026-05-10,West Ham,Arsenal,A,5.5,4.2,1.57
2026-05-11,Tottenham,Leeds,D,1.83,4.1,3.75
2026-05-13,Man City,Crystal Palace,H,1.2,7.5,12.0
2026-05-15,Aston Villa,Liverpool,H,2.75,3.5,2.4
2026-05-17,Man United,Nott'm Forest,H,1.6,4.2,5.25
2026-05-17,Brentford,Crystal Palace,D,1.73,4.2,4.33
2026-05-17,Everton,Sunderland,A,1.8,3.75,4.33
2026-05-17,Leeds,Brighton,H,3.2,3.6,2.15
2026-05-17,Wolves,Fulham,D,3.8,3.8,1.9
2026-05-17,Newcastle,West Ham,H,2.1,3.8,3.2
2026-05-18,Arsenal,Burnley,H,1.09,11.0,23.0
2026-05-19,Bournemouth,Man City,D,4.5,4.33,1.67
2026-05-19,Chelsea,Tottenham,H,1.91,3.7,3.9
2026-05-24,Brighton,Man United,A,1.85,4.2,3.6
2026-05-24,Burnley,Wolves,D,2.35,3.5,2.9
2026-05-24,Crystal Palace,Arsenal,A,4.2,4.0,1.75
2026-05-24,Fulham,Newcastle,H,2.88,3.8,2.25
2026-05-24,Liverpool,Brentford,D,1.8,4.2,3.8
2026-05-24,Man City,Aston Villa,A,1.29,6.0,9.0
2026-05-24,Nott'm Forest,Bournemouth,D,3.3,3.75,2.05
2026-05-24,Sunderland,Chelsea,H,3.6,3.6,2.0
2026-05-24,Tottenham,Everton,H,1.91,3.75,3.8
2026-05-24,West Ham,Leeds,H,1.85,4.0,3.75
2026-08-21,Arsenal,Coventry,H,1.2,7.0,13.0
2026-08-22,Hull,Man United,H,8.5,5.0,1.36
2026-08-22,Everton,Crystal Palace,H,2.15,3.5,3.3
2026-08-22,Ipswich,Sunderland,H,2.7,3.3,2.63
2026-08-22,Nott'm Forest,Leeds,A,2.3,3.4,3.1
2026-08-22,Brentford,Tottenham,H,2.4,3.7,2.75
2026-08-23,Brighton,Aston Villa,H,2.15,3.6,3.0
2026-08-23,Man City,Bournemouth,H,1.48,4.5,6.25
2026-08-23,Newcastle,Liverpool,D,4.0,3.8,1.9
2026-08-24,Fulham,Chelsea,A,3.6,3.8,1.9
2026-08-28,Crystal Palace,Man City,A,5.0,3.9,1.67
2026-08-29,Liverpool,Nott'm Forest,D,1.5,4.5,5.75
2026-08-29,Bournemouth,Everton,D,2.05,3.5,3.6
2026-08-29,Coventry,Hull,A,1.9,3.5,4.2
2026-08-29,Tottenham,Newcastle,A,2.25,3.75,2.9
2026-08-30,Chelsea,Brighton,H,1.83,4.0,4.0
2026-08-30,Leeds,Brentford,D,2.6,3.3,2.7
2026-08-30,Sunderland,Fulham,H,2.4,3.2,3.1
2026-08-30,Man United,Ipswich,H,1.42,5.0,7.0
2026-08-31,Aston Villa,Arsenal,A,6.0,4.1,1.53
